variant,scene_id,selective_probe,optimistic_attempt,optimistic_success,selective_heard,early_optical,optical_actions,optical_candidate_cells,optical_actions_within_early_threshold,failed_clear,measures,clears
baseline,mixed_endpoint_30000,0,0,0,0,0,0,0,0,7,178,23
J,mixed_endpoint_30000,0,0,0,0,0,0,0,0,10,175,26
previous_best,mixed_endpoint_30000,0,0,0,0,0,0,0,0,10,174,26
JS,mixed_endpoint_30000,24,0,0,21,0,0,0,0,5,130,21
insert80,mixed_endpoint_30000,0,0,0,0,0,0,0,0,2,199,18
S,mixed_endpoint_30000,31,0,0,30,0,0,0,0,13,180,29
O,mixed_endpoint_30000,0,8,2,0,0,0,0,0,6,180,22
JSO,mixed_endpoint_30000,22,10,4,18,0,0,0,0,6,122,22
JO,mixed_endpoint_30000,0,10,1,0,0,0,0,0,9,175,25
SO,mixed_endpoint_30000,23,13,5,23,0,0,0,0,8,169,24
insert200,mixed_endpoint_30000,0,0,0,0,0,0,0,0,2,200,18
insert400,mixed_endpoint_30000,0,0,0,0,0,0,0,0,4,202,20
aligned,mixed_endpoint_30000,0,0,0,0,0,0,0,0,6,203,22
JSO_p50,mixed_endpoint_30000,24,12,4,19,0,0,0,0,8,141,24
bracket,mixed_endpoint_30000,0,0,0,0,0,0,0,0,7,178,23
optical4,mixed_endpoint_30000,0,0,0,0,3,3,12,3,8,175,24
optical2,mixed_endpoint_30000,0,0,0,0,0,0,0,0,7,178,23
JSO_r120,mixed_endpoint_30000,22,11,4,18,0,0,0,0,7,121,23
short_clear,mixed_endpoint_30000,0,0,0,0,0,0,0,0,7,178,23
JSO_p85,mixed_endpoint_30000,15,8,3,14,0,0,0,0,5,123,21
JSO_r160,mixed_endpoint_30000,22,11,4,18,0,0,0,0,7,121,23
JSO_compact,mixed_endpoint_30000,22,10,4,18,0,0,0,0,6,122,22
doptimal,mixed_endpoint_30000,0,0,0,0,0,0,0,0,7,208,23
JSO_outer1980,mixed_endpoint_30000,22,10,4,18,0,0,0,0,6,122,22
J,mixed_endpoint_30001,0,0,0,0,0,0,0,0,3,235,18
S_doptimal,mixed_endpoint_30000,17,0,0,16,0,0,0,0,3,170,19
baseline,mixed_endpoint_30001,0,0,0,0,0,0,0,0,2,273,17
previous_best,mixed_endpoint_30001,0,0,0,0,0,0,0,0,7,237,22
S_dopt_short,mixed_endpoint_30000,16,0,0,15,0,0,0,0,3,193,19
S,mixed_endpoint_30001,21,0,0,21,0,0,0,0,3,263,18
JS,mixed_endpoint_30001,19,0,0,18,0,0,0,0,6,246,21
SO_doptimal,mixed_endpoint_30000,13,8,2,12,0,0,0,0,6,186,22
JO,mixed_endpoint_30001,0,3,3,0,0,0,0,0,0,234,15
JSO,mixed_endpoint_30001,18,9,2,17,0,0,0,0,7,248,22
O,mixed_endpoint_30001,0,4,1,0,0,0,0,0,3,248,18
SO,mixed_endpoint_30001,17,6,2,17,0,0,0,0,4,260,19
JSO_compact_dopt,mixed_endpoint_30000,21,12,2,17,0,0,0,0,10,137,26
insert80,mixed_endpoint_30001,0,0,0,0,0,0,0,0,4,217,19
bracket,mixed_endpoint_30001,0,0,0,0,0,0,0,0,4,266,19
insert200,mixed_endpoint_30001,0,0,0,0,0,0,0,0,4,223,19
aligned,mixed_endpoint_30001,0,0,0,0,0,0,0,0,7,288,22
insert400,mixed_endpoint_30001,0,0,0,0,0,0,0,0,3,223,18
optical2,mixed_endpoint_30001,0,0,0,0,0,0,0,0,2,273,17
optical4,mixed_endpoint_30001,0,0,0,0,1,1,4,1,4,272,19
JSO_p85,mixed_endpoint_30001,13,8,0,12,0,0,0,0,8,247,23
JSO_p50,mixed_endpoint_30001,21,9,2,18,0,0,0,0,7,250,22
short_clear,mixed_endpoint_30001,0,0,0,0,0,0,0,0,5,239,20
JSO_r120,mixed_endpoint_30001,18,11,2,17,0,0,0,0,9,249,24
JSO_r160,mixed_endpoint_30001,17,12,2,16,0,0,0,0,10,248,25
doptimal,mixed_endpoint_30001,0,0,0,0,0,0,0,0,1,261,16
JSO_compact,mixed_endpoint_30001,19,10,2,18,0,0,0,0,8,250,23
JSO_outer1980,mixed_endpoint_30001,18,9,2,17,0,0,0,0,7,249,22
JSO_compact_dopt,mixed_endpoint_30001,16,8,2,15,0,0,0,0,6,218,21
baseline,mixed_endpoint_30002,0,0,0,0,0,0,0,0,5,245,20
J,mixed_endpoint_30002,0,0,0,0,0,0,0,0,9,225,24
S_doptimal,mixed_endpoint_30001,15,0,0,13,0,0,0,0,5,268,20
previous_best,mixed_endpoint_30002,0,0,0,0,0,0,0,0,10,226,25
SO_doptimal,mixed_endpoint_30001,14,9,4,12,0,0,0,0,5,267,20
S,mixed_endpoint_30002,18,0,0,18,0,0,0,0,5,241,20
JS,mixed_endpoint_30002,24,0,0,21,0,0,0,0,6,224,21
O,mixed_endpoint_30002,0,8,2,0,0,0,0,0,6,255,21
S_dopt_short,mixed_endpoint_30001,17,0,0,16,0,0,0,0,4,293,19
JO,mixed_endpoint_30002,0,10,3,0,0,0,0,0,7,223,22
SO,mixed_endpoint_30002,15,7,4,15,0,0,0,0,3,237,18
JSO,mixed_endpoint_30002,20,11,4,17,0,0,0,0,7,228,22
insert80,mixed_endpoint_30002,0,0,0,0,0,0,0,0,9,251,24
insert400,mixed_endpoint_30002,0,0,0,0,0,0,0,0,4,210,19
insert200,mixed_endpoint_30002,0,0,0,0,0,0,0,0,8,236,23
aligned,mixed_endpoint_30002,0,0,0,0,0,0,0,0,7,258,22
bracket,mixed_endpoint_30002,0,0,0,0,0,0,0,0,5,245,20
optical4,mixed_endpoint_30002,0,0,0,0,2,2,8,2,7,243,22
optical2,mixed_endpoint_30002,0,0,0,0,0,0,0,0,5,245,20
short_clear,mixed_endpoint_30002,0,0,0,0,0,0,0,0,7,216,22
JSO_p50,mixed_endpoint_30002,23,11,3,20,0,0,0,0,8,220,23
JSO_r120,mixed_endpoint_30002,19,10,5,16,0,0,0,0,5,222,20
JSO_p85,mixed_endpoint_30002,16,11,4,15,0,0,0,0,7,225,22
JSO_r160,mixed_endpoint_30002,19,11,2,17,0,0,0,0,9,222,24
doptimal,mixed_endpoint_30002,0,0,0,0,0,0,0,0,4,274,19
JSO_outer1980,mixed_endpoint_30002,17,11,1,15,0,0,0,0,10,230,25
JSO_compact,mixed_endpoint_30002,20,13,5,17,0,0,0,0,8,230,23
J,mixed_endpoint_30003,0,0,0,0,0,0,0,0,2,312,12
baseline,mixed_endpoint_30003,0,0,0,0,0,0,0,0,7,335,17
previous_best,mixed_endpoint_30003,0,0,0,0,0,0,0,0,6,332,16
S,mixed_endpoint_30003,11,0,0,11,0,0,0,0,4,349,14
JS,mixed_endpoint_30003,13,0,0,13,0,0,0,0,7,317,17
S_doptimal,mixed_endpoint_30002,25,0,0,24,0,0,0,0,5,235,20
O,mixed_endpoint_30003,0,5,1,0,0,0,0,0,4,335,14
JSO_compact_dopt,mixed_endpoint_30002,21,8,3,18,0,0,0,0,5,222,20
SO_doptimal,mixed_endpoint_30002,16,12,5,14,0,0,0,0,7,235,22
S_dopt_short,mixed_endpoint_30002,25,0,0,24,0,0,0,0,5,235,20
JO,mixed_endpoint_30003,0,1,0,0,0,0,0,0,1,312,11
JSO,mixed_endpoint_30003,13,8,1,11,0,0,0,0,7,318,17
insert200,mixed_endpoint_30003,0,0,0,0,0,0,0,0,3,309,13
insert80,mixed_endpoint_30003,0,0,0,0,0,0,0,0,3,310,13
SO,mixed_endpoint_30003,13,3,0,13,0,0,0,0,3,348,13
aligned,mixed_endpoint_30003,0,0,0,0,0,0,0,0,8,307,18
insert400,mixed_endpoint_30003,0,0,0,0,0,0,0,0,7,310,17
bracket,mixed_endpoint_30003,0,0,0,0,0,0,0,0,8,336,18
optical2,mixed_endpoint_30003,0,0,0,0,0,0,0,0,7,335,17
optical4,mixed_endpoint_30003,0,0,0,0,2,2,8,2,10,333,20
short_clear,mixed_endpoint_30003,0,0,0,0,0,0,0,0,7,335,17
doptimal,mixed_endpoint_30003,0,0,0,0,0,0,0,0,6,327,16
JSO_r120,mixed_endpoint_30003,13,8,1,11,0,0,0,0,7,318,17
JSO_p85,mixed_endpoint_30003,13,7,1,11,0,0,0,0,6,317,16
JSO_p50,mixed_endpoint_30003,14,8,1,11,0,0,0,0,7,319,17
JSO_compact,mixed_endpoint_30003,13,8,1,11,0,0,0,0,7,318,17
JSO_r160,mixed_endpoint_30003,13,8,1,11,0,0,0,0,7,318,17
S_doptimal,mixed_endpoint_30003,12,0,0,12,0,0,0,0,2,328,12
SO_doptimal,mixed_endpoint_30003,11,4,1,11,0,0,0,0,3,329,13
JSO_outer1980,mixed_endpoint_30003,13,8,1,11,0,0,0,0,7,319,17
S_dopt_short,mixed_endpoint_30003,12,0,0,12,0,0,0,0,2,328,12
JSO_compact_dopt,mixed_endpoint_30003,14,7,0,13,0,0,0,0,7,334,17
J,mixed_endpoint_30004,0,0,0,0,0,0,0,0,6,319,17
baseline,mixed_endpoint_30004,0,0,0,0,0,0,0,0,3,307,14
previous_best,mixed_endpoint_30004,0,0,0,0,0,0,0,0,6,316,17
S,mixed_endpoint_30004,14,0,0,11,0,1,23,0,13,318,24
O,mixed_endpoint_30004,0,2,0,0,0,1,8,0,8,312,19
JO,mixed_endpoint_30004,0,6,1,0,0,0,0,0,5,319,16
JSO,mixed_endpoint_30004,13,7,3,10,0,0,0,0,4,341,15
JS,mixed_endpoint_30004,13,0,0,10,0,0,0,0,4,340,15
insert80,mixed_endpoint_30004,0,0,0,0,0,0,0,0,4,341,15
insert200,mixed_endpoint_30004,0,0,0,0,0,0,0,0,4,341,15
SO,mixed_endpoint_30004,14,5,1,11,0,1,23,0,14,318,25
aligned,mixed_endpoint_30004,0,0,0,0,0,0,0,0,2,326,13
insert400,mixed_endpoint_30004,0,0,0,0,0,0,0,0,4,341,15
bracket,mixed_endpoint_30004,0,0,0,0,0,0,0,0,3,307,14
optical4,mixed_endpoint_30004,0,0,0,0,1,1,4,1,3,330,14
short_clear,mixed_endpoint_30004,0,0,0,0,0,0,0,0,3,307,14
optical2,mixed_endpoint_30004,0,0,0,0,0,0,0,0,3,307,14
doptimal,mixed_endpoint_30004,0,0,0,0,0,0,0,0,4,307,15
JSO_p50,mixed_endpoint_30004,14,8,3,10,0,0,0,0,5,341,16
JSO_r120,mixed_endpoint_30004,12,9,3,10,0,0,0,0,6,338,17
JSO_r160,mixed_endpoint_30004,12,9,2,10,0,0,0,0,7,338,18
JSO_p85,mixed_endpoint_30004,10,8,2,9,0,0,0,0,6,343,17
JSO_compact,mixed_endpoint_30004,12,7,3,10,0,0,0,0,4,339,15
JSO_outer1980,mixed_endpoint_30004,13,7,2,10,0,0,0,0,5,341,16
baseline,mixed_endpoint_30005,0,0,0,0,0,0,0,0,4,307,17
previous_best,mixed_endpoint_30005,0,0,0,0,0,0,0,0,5,316,18
SO_doptimal,mixed_endpoint_30004,11,6,1,11,0,0,0,0,5,298,16
S_dopt_short,mixed_endpoint_30004,11,0,0,11,0,0,0,0,5,304,16
S_doptimal,mixed_endpoint_30004,9,0,0,9,0,0,0,0,3,346,14
J,mixed_endpoint_30005,0,0,0,0,0,0,0,0,3,317,16
S,mixed_endpoint_30005,13,0,0,10,0,0,0,0,4,303,17
JSO_compact_dopt,mixed_endpoint_30004,12,6,2,10,0,0,0,0,4,329,15
JS,mixed_endpoint_30005,17,0,0,15,0,0,0,0,5,324,18
O,mixed_endpoint_30005,0,4,1,0,0,0,0,0,3,308,16
JSO,mixed_endpoint_30005,14,9,5,11,0,0,0,0,4,318,17
insert80,mixed_endpoint_30005,0,0,0,0,0,0,0,0,3,297,16
JO,mixed_endpoint_30005,0,4,2,0,0,0,0,0,2,316,15
SO,mixed_endpoint_30005,11,5,2,9,0,0,0,0,3,303,16
insert200,mixed_endpoint_30005,0,0,0,0,0,0,0,0,5,302,18
insert400,mixed_endpoint_30005,0,0,0,0,0,0,0,0,4,298,17
aligned,mixed_endpoint_30005,0,0,0,0,0,0,0,0,3,314,16
doptimal,mixed_endpoint_30005,0,0,0,0,0,0,0,0,3,322,16
bracket,mixed_endpoint_30005,0,0,0,0,0,0,0,0,4,306,17
optical2,mixed_endpoint_30005,0,0,0,0,0,0,0,0,4,307,17
optical4,mixed_endpoint_30005,0,0,0,0,2,2,8,2,5,305,18
short_clear,mixed_endpoint_30005,0,0,0,0,0,0,0,0,4,307,17
JSO_p50,mixed_endpoint_30005,21,11,5,16,0,0,0,0,6,327,19
JSO_p85,mixed_endpoint_30005,9,10,4,7,0,0,0,0,6,317,19
JSO_compact,mixed_endpoint_30005,14,9,5,11,0,0,0,0,4,318,17
JSO_r160,mixed_endpoint_30005,14,11,4,11,0,0,0,0,7,319,20
JSO_r120,mixed_endpoint_30005,14,9,4,11,0,0,0,0,5,319,18
JSO_outer1980,mixed_endpoint_30005,14,9,5,11,0,0,0,0,4,318,17
previous_best,mixed_endpoint_30006,0,0,0,0,0,0,0,0,4,382,14
S_doptimal,mixed_endpoint_30005,9,0,0,9,0,0,0,0,6,329,19
SO_doptimal,mixed_endpoint_30005,6,3,0,6,0,0,0,0,3,327,16
baseline,mixed_endpoint_30006,0,0,0,0,0,0,0,0,5,328,15
S,mixed_endpoint_30006,6,0,0,4,0,0,0,0,5,332,15
J,mixed_endpoint_30006,0,0,0,0,0,0,0,0,5,383,15
JS,mixed_endpoint_30006,13,0,0,10,0,0,0,0,2,346,12
O,mixed_endpoint_30006,0,5,0,0,0,0,0,0,5,328,15
JSO_compact_dopt,mixed_endpoint_30005,15,10,4,14,0,0,0,0,6,324,19
S_dopt_short,mixed_endpoint_30005,11,0,0,10,0,0,0,0,4,329,17
JSO,mixed_endpoint_30006,13,5,2,10,0,0,0,0,3,348,13
JO,mixed_endpoint_30006,0,6,2,0,0,0,0,0,4,384,14
insert80,mixed_endpoint_30006,0,0,0,0,0,0,0,0,3,356,13
SO,mixed_endpoint_30006,6,4,0,4,0,0,0,0,4,332,14
insert400,mixed_endpoint_30006,0,0,0,0,0,0,0,0,5,361,15
insert200,mixed_endpoint_30006,0,0,0,0,0,0,0,0,4,359,14
aligned,mixed_endpoint_30006,0,0,0,0,0,0,0,0,3,326,13
bracket,mixed_endpoint_30006,0,0,0,0,0,0,0,0,5,328,15
JSO_p50,mixed_endpoint_30006,13,5,2,9,0,0,0,0,3,349,13
optical2,mixed_endpoint_30006,0,0,0,0,0,0,0,0,5,328,15
JSO_r120,mixed_endpoint_30006,13,5,2,10,0,0,0,0,3,348,13
optical4,mixed_endpoint_30006,0,0,0,0,1,1,4,1,7,327,17
short_clear,mixed_endpoint_30006,0,0,0,0,0,0,0,0,3,329,13
JSO_r160,mixed_endpoint_30006,12,6,1,9,0,0,0,0,5,348,15
JSO_p85,mixed_endpoint_30006,7,8,1,6,0,0,0,0,7,382,17
doptimal,mixed_endpoint_30006,0,0,0,0,0,0,0,0,4,372,14
JSO_compact,mixed_endpoint_30006,13,5,2,10,0,0,0,0,3,348,13
JSO_outer1980,mixed_endpoint_30006,12,5,2,10,0,0,0,0,3,346,13
S_doptimal,mixed_endpoint_30006,9,0,0,9,0,0,0,0,2,368,12
S_dopt_short,mixed_endpoint_30006,9,0,0,9,0,0,0,0,2,367,12
SO_doptimal,mixed_endpoint_30006,6,6,2,5,0,0,0,0,4,370,14
baseline,mixed_endpoint_30007,0,0,0,0,0,0,0,0,7,187,23
J,mixed_endpoint_30007,0,0,0,0,0,0,0,0,3,175,19
JSO_compact_dopt,mixed_endpoint_30006,9,7,0,7,0,0,0,0,7,384,17
S,mixed_endpoint_30007,23,0,0,21,0,0,0,0,6,209,22
previous_best,mixed_endpoint_30007,0,0,0,0,0,0,0,0,5,174,21
O,mixed_endpoint_30007,0,8,2,0,0,0,0,0,6,187,22
JS,mixed_endpoint_30007,21,0,0,19,0,0,0,0,5,180,21
JO,mixed_endpoint_30007,0,7,5,0,0,0,0,0,2,175,18
insert400,mixed_endpoint_30007,0,0,0,0,0,0,0,0,4,181,20
insert80,mixed_endpoint_30007,0,0,0,0,0,0,0,0,5,212,21
JSO,mixed_endpoint_30007,18,9,5,16,0,0,0,0,4,176,20
SO,mixed_endpoint_30007,20,9,4,18,0,0,0,0,5,207,21
insert200,mixed_endpoint_30007,0,0,0,0,0,0,0,0,6,217,22
aligned,mixed_endpoint_30007,0,0,0,0,0,0,0,0,9,171,25
bracket,mixed_endpoint_30007,0,0,0,0,0,0,0,0,7,187,23
optical2,mixed_endpoint_30007,0,0,0,0,0,0,0,0,7,187,23
doptimal,mixed_endpoint_30007,0,0,0,0,0,1,8,0,5,185,21
optical4,mixed_endpoint_30007,0,0,0,0,2,2,8,2,13,185,29
short_clear,mixed_endpoint_30007,0,0,0,0,0,0,0,0,7,187,23
JSO_r120,mixed_endpoint_30007,16,10,6,14,0,0,0,0,4,172,20
JSO_p50,mixed_endpoint_30007,23,11,7,18,0,0,0,0,4,173,20
JSO_r160,mixed_endpoint_30007,16,11,5,14,0,0,0,0,6,173,22
JSO_p85,mixed_endpoint_30007,12,9,3,11,0,0,0,0,6,180,22
JSO_compact,mixed_endpoint_30007,18,9,5,16,0,0,0,0,4,176,20
JSO_outer1980,mixed_endpoint_30007,18,9,5,16,0,0,0,0,4,176,20
J,mixed_endpoint_30008,0,0,0,0,0,0,0,0,6,235,19
previous_best,mixed_endpoint_30008,0,0,0,0,0,0,0,0,5,234,18
baseline,mixed_endpoint_30008,0,0,0,0,0,0,0,0,4,267,17
S_doptimal,mixed_endpoint_30007,25,0,0,23,0,0,0,0,3,201,19
JS,mixed_endpoint_30008,21,0,0,21,0,0,0,0,8,241,21
S,mixed_endpoint_30008,20,0,0,19,0,0,0,0,4,255,17
SO_doptimal,mixed_endpoint_30007,17,6,3,16,0,0,0,0,3,192,19
O,mixed_endpoint_30008,0,5,1,0,0,0,0,0,4,263,17
S_dopt_short,mixed_endpoint_30007,24,0,0,22,0,0,0,0,4,204,20
JO,mixed_endpoint_30008,0,8,3,0,0,0,0,0,5,233,18
JSO_compact_dopt,mixed_endpoint_30007,18,11,5,16,0,0,0,0,6,176,22
insert80,mixed_endpoint_30008,0,0,0,0,0,0,0,0,4,258,17
JSO,mixed_endpoint_30008,17,12,4,17,0,0,0,0,8,236,21
insert200,mixed_endpoint_30008,0,0,0,0,0,0,0,0,7,263,20
SO,mixed_endpoint_30008,16,8,2,15,0,0,0,0,6,267,19
insert400,mixed_endpoint_30008,0,0,0,0,0,0,0,0,7,272,20
aligned,mixed_endpoint_30008,0,0,0,0,0,0,0,0,4,263,17
bracket,mixed_endpoint_30008,0,0,0,0,0,0,0,0,6,267,19
optical4,mixed_endpoint_30008,0,0,0,0,3,3,12,3,4,264,17
optical2,mixed_endpoint_30008,0,0,0,0,0,0,0,0,4,267,17
JSO_p50,mixed_endpoint_30008,17,12,4,17,0,0,0,0,8,236,21
short_clear,mixed_endpoint_30008,0,0,0,0,0,0,0,0,1,264,14
JSO_p85,mixed_endpoint_30008,15,12,4,15,0,0,0,0,8,235,21
doptimal,mixed_endpoint_30008,0,0,0,0,0,0,0,0,4,249,17
JSO_r160,mixed_endpoint_30008,16,12,4,16,0,0,0,0,8,235,21
JSO_r120,mixed_endpoint_30008,17,12,4,17,0,0,0,0,8,236,21
JSO_compact,mixed_endpoint_30008,17,12,4,17,0,0,0,0,8,236,21
JSO_outer1980,mixed_endpoint_30008,17,12,4,17,0,0,0,0,8,237,21
previous_best,mixed_endpoint_30009,0,0,0,0,0,0,0,0,3,297,16
J,mixed_endpoint_30009,0,0,0,0,0,0,0,0,2,298,15
S_doptimal,mixed_endpoint_30008,21,0,0,21,0,0,0,0,3,281,16
baseline,mixed_endpoint_30009,0,0,0,0,0,0,0,0,6,282,19
SO_doptimal,mixed_endpoint_30008,16,6,2,16,0,0,0,0,4,276,17
S_dopt_short,mixed_endpoint_30008,16,0,0,16,0,0,0,0,2,244,15
S,mixed_endpoint_30009,12,0,0,10,0,0,0,0,9,284,22
JSO_compact_dopt,mixed_endpoint_30008,13,8,3,12,0,0,0,0,5,262,18
O,mixed_endpoint_30009,0,4,0,0,0,0,0,0,4,290,17
JS,mixed_endpoint_30009,12,0,0,9,0,0,0,0,7,243,20
JO,mixed_endpoint_30009,0,6,4,0,0,0,0,0,2,298,15
insert80,mixed_endpoint_30009,0,0,0,0,0,0,0,0,4,253,17
SO,mixed_endpoint_30009,14,8,0,14,0,0,0,0,8,297,21
aligned,mixed_endpoint_30009,0,0,0,0,0,0,0,0,2,271,15
JSO,mixed_endpoint_30009,11,6,2,8,0,0,0,0,4,239,17
insert400,mixed_endpoint_30009,0,0,0,0,0,0,0,0,6,274,19
insert200,mixed_endpoint_30009,0,0,0,0,0,0,0,0,5,274,18
doptimal,mixed_endpoint_30009,0,0,0,0,0,0,0,0,2,270,15
optical2,mixed_endpoint_30009,0,0,0,0,0,0,0,0,6,282,19
short_clear,mixed_endpoint_30009,0,0,0,0,0,0,0,0,6,282,19
JSO_p85,mixed_endpoint_30009,9,6,4,8,0,0,0,0,2,233,15
optical4,mixed_endpoint_30009,0,0,0,0,1,1,4,1,7,281,20
bracket,mixed_endpoint_30009,0,0,0,0,0,0,0,0,8,293,21
JSO_r120,mixed_endpoint_30009,11,6,2,8,0,0,0,0,4,239,17
JSO_p50,mixed_endpoint_30009,13,8,1,11,0,0,0,0,7,242,20
JSO_r160,mixed_endpoint_30009,11,6,2,8,0,0,0,0,4,239,17
JSO_compact,mixed_endpoint_30009,12,7,4,9,0,0,0,0,3,237,16
JSO_outer1980,mixed_endpoint_30009,12,6,3,9,0,0,0,0,3,237,16
previous_best,mixed_endpoint_30010,0,0,0,0,0,0,0,0,5,299,16
S_doptimal,mixed_endpoint_30009,15,0,0,14,0,0,0,0,3,275,16
J,mixed_endpoint_30010,0,0,0,0,0,0,0,0,6,294,17
S_dopt_short,mixed_endpoint_30009,15,0,0,14,0,0,0,0,3,276,16
baseline,mixed_endpoint_30010,0,0,0,0,0,1,23,0,24,329,35
SO_doptimal,mixed_endpoint_30009,13,9,2,12,0,0,0,0,7,279,20
O,mixed_endpoint_30010,0,3,1,0,0,1,23,0,23,329,34
S,mixed_endpoint_30010,16,0,0,14,0,0,0,0,5,318,16
JO,mixed_endpoint_30010,0,6,1,0,0,0,0,0,5,294,16
JS,mixed_endpoint_30010,16,0,0,14,0,0,0,0,5,297,16
SO,mixed_endpoint_30010,13,7,2,10,0,0,0,0,5,316,16
JSO,mixed_endpoint_30010,16,7,1,14,0,0,0,0,6,298,17
insert80,mixed_endpoint_30010,0,0,0,0,0,0,0,0,5,307,16
insert200,mixed_endpoint_30010,0,0,0,0,0,0,0,0,6,309,17
insert400,mixed_endpoint_30010,0,0,0,0,0,0,0,0,5,311,16
JSO_compact_dopt,mixed_endpoint_30009,13,7,4,10,0,0,0,0,3,236,16
aligned,mixed_endpoint_30010,0,0,0,0,0,0,0,0,4,296,15
doptimal,mixed_endpoint_30010,0,0,0,0,0,0,0,0,3,327,14
bracket,mixed_endpoint_30010,0,0,0,0,0,0,0,0,3,324,14
short_clear,mixed_endpoint_30010,0,0,0,0,0,0,0,0,2,325,13
optical2,mixed_endpoint_30010,0,0,0,0,0,1,23,0,24,329,35
optical4,mixed_endpoint_30010,0,0,0,0,0,1,23,0,24,329,35
JSO_p50,mixed_endpoint_30010,18,7,0,15,0,0,0,0,7,295,18
JSO_p85,mixed_endpoint_30010,15,7,1,14,0,0,0,0,6,298,17
JSO_r160,mixed_endpoint_30010,13,8,2,10,0,0,0,0,6,298,17
JSO_r120,mixed_endpoint_30010,15,8,1,13,0,0,0,0,7,298,18
JSO_compact,mixed_endpoint_30010,16,7,1,14,0,0,0,0,6,298,17
JSO_outer1980,mixed_endpoint_30010,16,7,1,14,0,0,0,0,6,298,17
J,mixed_endpoint_30011,0,0,0,0,0,0,0,0,2,318,12
previous_best,mixed_endpoint_30011,0,0,0,0,0,0,0,0,4,319,14
S_doptimal,mixed_endpoint_30010,12,0,0,11,0,0,0,0,1,328,12
S_dopt_short,mixed_endpoint_30010,12,0,0,11,0,0,0,0,1,333,12
SO_doptimal,mixed_endpoint_30010,9,5,2,8,0,0,0,0,3,328,14
baseline,mixed_endpoint_30011,0,0,0,0,0,0,0,0,3,340,13
S,mixed_endpoint_30011,11,0,0,10,0,0,0,0,3,333,13
JSO_compact_dopt,mixed_endpoint_30010,15,7,1,13,0,0,0,0,6,298,17
O,mixed_endpoint_30011,0,1,0,0,0,0,0,0,1,338,11
JS,mixed_endpoint_30011,12,0,0,10,0,0,0,0,3,321,13
JO,mixed_endpoint_30011,0,3,0,0,0,0,0,0,3,319,13
insert200,mixed_endpoint_30011,0,0,0,0,0,0,0,0,4,316,14
insert80,mixed_endpoint_30011,0,0,0,0,0,0,0,0,3,315,13
JSO,mixed_endpoint_30011,12,6,0,9,0,0,0,0,6,326,16
SO,mixed_endpoint_30011,10,3,1,9,0,0,0,0,2,332,12
insert400,mixed_endpoint_30011,0,0,0,0,0,0,0,0,3,322,13
aligned,mixed_endpoint_30011,0,0,0,0,0,0,0,0,4,333,14
bracket,mixed_endpoint_30011,0,0,0,0,0,0,0,0,1,336,11
JSO_p85,mixed_endpoint_30011,9,5,0,7,0,0,0,0,5,324,15
optical4,mixed_endpoint_30011,0,0,0,0,0,0,0,0,3,340,13
JSO_p50,mixed_endpoint_30011,14,6,0,9,0,0,0,0,6,329,16
JSO_r120,mixed_endpoint_30011,12,7,1,9,0,0,0,0,6,325,16
optical2,mixed_endpoint_30011,0,0,0,0,0,0,0,0,3,340,13
JSO_r160,mixed_endpoint_30011,12,7,1,9,0,0,0,0,6,325,16
short_clear,mixed_endpoint_30011,0,0,0,0,0,0,0,0,3,340,13
JSO_compact,mixed_endpoint_30011,12,7,0,9,0,0,0,0,7,327,17
doptimal,mixed_endpoint_30011,0,0,0,0,0,0,0,0,0,331,10
JSO_outer1980,mixed_endpoint_30011,12,6,0,9,0,0,0,0,6,326,16
previous_best,mixed_endpoint_30012,0,0,0,0,0,0,0,0,7,291,19
J,mixed_endpoint_30012,0,0,0,0,0,0,0,0,8,305,20
baseline,mixed_endpoint_30012,0,0,0,0,0,0,0,0,3,297,15
O,mixed_endpoint_30012,0,4,2,0,0,0,0,0,2,293,14
S,mixed_endpoint_30012,16,0,0,16,0,0,0,0,6,315,18
S_doptimal,mixed_endpoint_30011,16,0,0,15,0,0,0,0,1,330,11
JSO_compact_dopt,mixed_endpoint_30011,14,7,0,12,0,0,0,0,7,342,17
JS,mixed_endpoint_30012,23,0,0,23,0,0,0,0,6,309,18
S_dopt_short,mixed_endpoint_30011,16,0,0,15,0,0,0,0,1,330,11
SO_doptimal,mixed_endpoint_30011,13,4,0,11,0,0,0,0,4,332,14
JO,mixed_endpoint_30012,0,8,1,0,0,0,0,0,7,305,19
SO,mixed_endpoint_30012,13,6,0,13,0,0,0,0,6,312,18
JSO,mixed_endpoint_30012,21,8,0,21,0,0,0,0,8,307,20
insert200,mixed_endpoint_30012,0,0,0,0,0,0,0,0,3,295,15
aligned,mixed_endpoint_30012,0,0,0,0,0,0,0,0,2,300,14
insert80,mixed_endpoint_30012,0,0,0,0,0,0,0,0,3,310,15
insert400,mixed_endpoint_30012,0,0,0,0,0,0,0,0,6,299,18
bracket,mixed_endpoint_30012,0,0,0,0,0,0,0,0,3,297,15
optical2,mixed_endpoint_30012,0,0,0,0,0,0,0,0,3,297,15
optical4,mixed_endpoint_30012,0,0,0,0,0,0,0,0,3,297,15
short_clear,mixed_endpoint_30012,0,0,0,0,0,0,0,0,3,297,15
JSO_p50,mixed_endpoint_30012,21,8,0,21,0,0,0,0,8,307,20
doptimal,mixed_endpoint_30012,0,0,0,0,0,0,0,0,3,283,15
JSO_p85,mixed_endpoint_30012,13,8,1,13,0,0,0,0,7,290,19
JSO_r120,mixed_endpoint_30012,21,8,0,21,0,0,0,0,8,306,20
JSO_r160,mixed_endpoint_30012,20,9,1,20,0,0,0,0,8,304,20
JSO_compact,mixed_endpoint_30012,21,7,0,21,0,0,0,0,7,306,19
JSO_outer1980,mixed_endpoint_30012,21,8,0,21,0,0,0,0,8,307,20
S_doptimal,mixed_endpoint_30012,10,0,0,9,0,0,0,0,3,301,15
SO_doptimal,mixed_endpoint_30012,9,5,3,8,0,0,0,0,2,299,14
JSO_compact_dopt,mixed_endpoint_30012,14,9,3,13,0,0,0,0,6,280,18
previous_best,mixed_endpoint_30013,0,0,0,0,0,0,0,0,5,236,21
S_dopt_short,mixed_endpoint_30012,9,0,0,8,0,0,0,0,3,304,15
baseline,mixed_endpoint_30013,0,0,0,0,0,0,0,0,7,201,23
S,mixed_endpoint_30013,18,0,0,18,0,0,0,0,8,250,24
J,mixed_endpoint_30013,0,0,0,0,0,0,0,0,5,237,21
JS,mixed_endpoint_30013,22,0,0,20,0,0,0,0,10,206,26
JSO,mixed_endpoint_30013,20,10,3,18,0,0,0,0,7,202,23
O,mixed_endpoint_30013,0,6,0,0,0,0,0,0,6,216,22
SO,mixed_endpoint_30013,15,9,3,15,0,0,0,0,6,251,22
JO,mixed_endpoint_30013,0,10,5,0,0,0,0,0,5,237,21
insert80,mixed_endpoint_30013,0,0,0,0,0,0,0,0,9,198,25
insert400,mixed_endpoint_30013,0,0,0,0,0,0,0,0,9,197,25
aligned,mixed_endpoint_30013,0,0,0,0,0,0,0,0,5,257,21
bracket,mixed_endpoint_30013,0,0,0,0,0,0,0,0,7,202,23
insert200,mixed_endpoint_30013,0,0,0,0,0,0,0,0,9,200,25
JSO_p50,mixed_endpoint_30013,21,12,6,16,0,0,0,0,6,213,22
short_clear,mixed_endpoint_30013,0,0,0,0,0,0,0,0,7,201,23
optical4,mixed_endpoint_30013,0,0,0,0,3,3,12,3,7,198,23
optical2,mixed_endpoint_30013,0,0,0,0,0,0,0,0,7,201,23
JSO_r120,mixed_endpoint_30013,18,11,3,16,0,0,0,0,8,201,24
JSO_r160,mixed_endpoint_30013,18,11,3,16,0,0,0,0,8,201,24
JSO_compact,mixed_endpoint_30013,20,10,5,18,0,0,0,0,5,199,21
doptimal,mixed_endpoint_30013,0,0,0,0,0,0,0,0,4,207,20
JSO_p85,mixed_endpoint_30013,15,10,1,13,0,0,0,0,9,239,25
JSO_outer1980,mixed_endpoint_30013,21,10,3,19,0,0,0,0,7,203,23
JSO_compact_dopt,mixed_endpoint_30013,19,10,6,17,0,0,0,0,4,230,20
S_doptimal,mixed_endpoint_30013,17,0,0,17,0,0,0,0,6,210,22
baseline,mixed_endpoint_30014,0,0,0,0,0,0,0,0,5,266,20
previous_best,mixed_endpoint_30014,0,0,0,0,0,0,0,0,7,241,22
S,mixed_endpoint_30014,21,0,0,20,0,0,0,0,5,238,20
J,mixed_endpoint_30014,0,0,0,0,0,0,0,0,7,246,22
S_dopt_short,mixed_endpoint_30013,17,0,0,17,0,0,0,0,5,209,21
SO_doptimal,mixed_endpoint_30013,15,8,2,15,0,0,0,0,6,211,22
O,mixed_endpoint_30014,0,6,3,0,0,0,0,0,3,266,18
JS,mixed_endpoint_30014,25,0,0,21,0,0,0,0,10,264,25
JO,mixed_endpoint_30014,0,9,3,0,0,0,0,0,6,244,21
aligned,mixed_endpoint_30014,0,0,0,0,0,0,0,0,3,238,18
insert200,mixed_endpoint_30014,0,0,0,0,0,0,0,0,2,307,17
insert80,mixed_endpoint_30014,0,0,0,0,0,0,0,0,3,305,18
JSO,mixed_endpoint_30014,18,11,2,14,0,0,0,0,9,258,24
insert400,mixed_endpoint_30014,0,0,0,0,0,0,0,0,3,312,18
SO,mixed_endpoint_30014,19,8,1,18,0,0,0,0,7,239,22
bracket,mixed_endpoint_30014,0,0,0,0,0,0,0,0,5,266,20
doptimal,mixed_endpoint_30014,0,0,0,0,0,0,0,0,3,239,18
optical2,mixed_endpoint_30014,0,0,0,0,0,0,0,0,5,266,20
optical4,mixed_endpoint_30014,0,0,0,0,2,2,8,2,7,264,22
short_clear,mixed_endpoint_30014,0,0,0,0,0,0,0,0,4,264,19
JSO_r120,mixed_endpoint_30014,16,11,2,14,0,0,0,0,9,240,24
JSO_p50,mixed_endpoint_30014,18,10,2,13,0,0,0,0,8,246,23
JSO_p85,mixed_endpoint_30014,15,8,2,13,0,0,0,0,6,250,21
JSO_r160,mixed_endpoint_30014,16,11,2,14,0,0,0,0,9,240,24
JSO_compact,mixed_endpoint_30014,18,10,2,14,0,0,0,0,8,257,23
JSO_outer1980,mixed_endpoint_30014,19,11,3,15,0,0,0,0,8,257,23
previous_best,mixed_endpoint_30015,0,0,0,0,0,0,0,0,7,269,20
J,mixed_endpoint_30015,0,0,0,0,0,0,0,0,6,279,19
S,mixed_endpoint_30015,12,0,0,12,0,0,0,0,3,268,16
baseline,mixed_endpoint_30015,0,0,0,0,0,0,0,0,5,301,18
JS,mixed_endpoint_30015,17,0,0,17,0,0,0,0,5,277,18
SO_doptimal,mixed_endpoint_30014,15,9,0,15,0,0,0,0,9,259,24
S_doptimal,mixed_endpoint_30014,18,0,0,17,0,0,0,0,6,275,21
O,mixed_endpoint_30015,0,6,2,0,0,0,0,0,4,301,17
JSO_compact_dopt,mixed_endpoint_30014,17,12,3,15,0,0,0,0,9,240,24
S_dopt_short,mixed_endpoint_30014,18,0,0,18,0,0,0,0,6,277,21
JO,mixed_endpoint_30015,0,7,2,0,0,0,0,0,5,279,18
SO,mixed_endpoint_30015,11,6,2,11,0,0,0,0,4,268,17
JSO,mixed_endpoint_30015,17,8,1,17,0,0,0,0,7,280,20
insert200,mixed_endpoint_30015,0,0,0,0,0,0,0,0,6,283,19
insert80,mixed_endpoint_30015,0,0,0,0,0,0,0,0,10,276,23
insert400,mixed_endpoint_30015,0,0,0,0,0,0,0,0,6,266,19
aligned,mixed_endpoint_30015,0,0,0,0,0,0,0,0,5,292,18
JSO_p85,mixed_endpoint_30015,11,4,1,11,0,0,0,0,3,276,16
optical4,mixed_endpoint_30015,0,0,0,0,2,2,8,2,5,276,18
optical2,mixed_endpoint_30015,0,0,0,0,0,0,0,0,5,301,18
JSO_r120,mixed_endpoint_30015,13,10,1,13,0,0,0,0,9,281,22
JSO_p50,mixed_endpoint_30015,17,8,1,17,0,0,0,0,7,280,20
bracket,mixed_endpoint_30015,0,0,0,0,0,0,0,0,7,310,20
short_clear,mixed_endpoint_30015,0,0,0,0,0,0,0,0,5,301,18
JSO_r160,mixed_endpoint_30015,13,10,1,13,0,0,0,0,9,281,22
JSO_compact,mixed_endpoint_30015,17,8,1,17,0,0,0,0,7,279,20
doptimal,mixed_endpoint_30015,0,0,0,0,0,0,0,0,3,275,16
JSO_outer1980,mixed_endpoint_30015,17,8,1,17,0,0,0,0,7,280,20
previous_best,mixed_endpoint_30016,0,0,0,0,0,0,0,0,6,220,22
J,mixed_endpoint_30016,0,0,0,0,0,0,0,0,4,212,20
S,mixed_endpoint_30016,22,0,0,20,0,0,0,0,7,201,23
S_doptimal,mixed_endpoint_30015,18,0,0,17,0,0,0,0,3,291,16
JSO_compact_dopt,mixed_endpoint_30015,17,9,2,17,0,0,0,0,7,276,20
baseline,mixed_endpoint_30016,0,0,0,0,0,1,11,0,11,224,27
SO_doptimal,mixed_endpoint_30015,14,7,3,13,0,0,0,0,4,289,17
O,mixed_endpoint_30016,0,7,3,0,0,0,0,0,4,182,20
S_dopt_short,mixed_endpoint_30015,17,0,0,15,0,0,0,0,6,281,19
JS,mixed_endpoint_30016,22,0,0,22,0,0,0,0,6,231,22
JO,mixed_endpoint_30016,0,8,6,0,0,0,0,0,2,211,18
SO,mixed_endpoint_30016,22,9,3,22,0,0,0,0,6,163,22
insert200,mixed_endpoint_30016,0,0,0,0,0,0,0,0,4,197,20
aligned,mixed_endpoint_30016,0,0,0,0,0,1,28,0,8,199,24
insert400,mixed_endpoint_30016,0,0,0,0,0,0,0,0,6,182,22
insert80,mixed_endpoint_30016,0,0,0,0,0,0,0,0,5,197,21
JSO,mixed_endpoint_30016,21,13,4,20,0,0,0,0,9,237,25
bracket,mixed_endpoint_30016,0,0,0,0,0,0,0,0,8,250,24
optical2,mixed_endpoint_30016,0,0,0,0,0,1,11,0,11,224,27
optical4,mixed_endpoint_30016,0,0,0,0,3,4,23,3,11,221,27
JSO_r160,mixed_endpoint_30016,17,14,7,16,0,0,0,0,7,224,23
JSO_r120,mixed_endpoint_30016,18,14,6,17,0,0,0,0,8,227,24
short_clear,mixed_endpoint_30016,0,0,0,0,0,1,11,0,11,224,27
JSO_p85,mixed_endpoint_30016,19,11,4,18,0,0,0,0,7,221,23
doptimal,mixed_endpoint_30016,0,0,0,0,0,0,0,0,4,263,20
JSO_p50,mixed_endpoint_30016,24,13,4,20,0,0,0,0,9,238,25
JSO_outer1980,mixed_endpoint_30016,21,13,4,20,0,0,0,0,9,237,25
JSO_compact,mixed_endpoint_30016,21,13,4,20,0,0,0,0,9,237,25
baseline,mixed_endpoint_30017,0,0,0,0,0,0,0,0,3,306,15
S_doptimal,mixed_endpoint_30016,21,0,0,19,0,0,0,0,3,257,19
J,mixed_endpoint_30017,0,0,0,0,0,0,0,0,10,281,22
S,mixed_endpoint_30017,14,0,0,13,0,0,0,0,4,324,16
O,mixed_endpoint_30017,0,1,0,0,0,0,0,0,1,306,13
S_dopt_short,mixed_endpoint_30016,15,0,0,13,0,0,0,0,2,268,18
previous_best,mixed_endpoint_30017,0,0,0,0,0,0,0,0,10,281,22
SO_doptimal,mixed_endpoint_30016,17,10,3,17,0,0,0,0,7,191,23
JS,mixed_endpoint_30017,20,0,0,18,0,0,0,0,9,287,21
JSO_compact_dopt,mixed_endpoint_30016,21,9,4,19,0,0,0,0,5,228,21
SO,mixed_endpoint_30017,12,4,0,11,0,0,0,0,4,323,16
insert400,mixed_endpoint_30017,0,0,0,0,0,0,0,0,4,317,16
insert80,mixed_endpoint_30017,0,0,0,0,0,0,0,0,4,305,16
JO,mixed_endpoint_30017,0,7,0,0,0,0,0,0,7,280,19
insert200,mixed_endpoint_30017,0,0,0,0,0,0,0,0,5,306,17
JSO,mixed_endpoint_30017,16,9,1,15,0,0,0,0,8,279,20
aligned,mixed_endpoint_30017,0,0,0,0,0,0,0,0,4,313,16
bracket,mixed_endpoint_30017,0,0,0,0,0,0,0,0,4,307,16
doptimal,mixed_endpoint_30017,0,0,0,0,0,0,0,0,4,313,16
optical2,mixed_endpoint_30017,0,0,0,0,0,0,0,0,3,306,15
JSO_p50,mixed_endpoint_30017,17,9,2,14,0,0,0,0,7,281,19
short_clear,mixed_endpoint_30017,0,0,0,0,0,0,0,0,3,306,15
JSO_r120,mixed_endpoint_30017,15,9,1,14,0,0,0,0,8,277,20
optical4,mixed_endpoint_30017,0,0,0,0,1,1,4,1,3,305,15
JSO_r160,mixed_endpoint_30017,15,9,1,14,0,0,0,0,8,277,20
JSO_p85,mixed_endpoint_30017,13,8,1,11,0,0,0,0,7,292,19
JSO_compact,mixed_endpoint_30017,13,10,1,12,0,0,0,0,9,282,21
JSO_outer1980,mixed_endpoint_30017,15,7,0,13,0,0,0,0,7,289,19
baseline,mixed_endpoint_30018,0,0,0,0,0,0,0,0,3,165,19
S_doptimal,mixed_endpoint_30017,8,0,0,7,0,0,0,0,4,296,16
previous_best,mixed_endpoint_30018,0,0,0,0,0,0,0,0,10,162,26
J,mixed_endpoint_30018,0,0,0,0,0,0,0,0,11,168,27
SO_doptimal,mixed_endpoint_30017,8,3,0,7,0,0,0,0,3,296,15
JSO_compact_dopt,mixed_endpoint_30017,10,9,1,9,0,0,0,0,8,277,20
S_dopt_short,mixed_endpoint_30017,8,0,0,7,0,0,0,0,4,296,16
O,mixed_endpoint_30018,0,3,2,0,0,0,0,0,1,161,17
S,mixed_endpoint_30018,21,0,0,18,0,0,0,0,4,210,20
JS,mixed_endpoint_30018,25,0,0,22,0,0,0,0,10,177,26
JO,mixed_endpoint_30018,0,10,0,0,0,0,0,0,10,169,26
insert80,mixed_endpoint_30018,0,0,0,0,0,0,0,0,10,170,26
JSO,mixed_endpoint_30018,22,12,2,19,0,0,0,0,10,175,26
insert400,mixed_endpoint_30018,0,0,0,0,0,0,0,0,9,191,25
SO,mixed_endpoint_30018,20,6,1,17,0,0,0,0,5,210,21
aligned,mixed_endpoint_30018,0,0,0,0,0,0,0,0,8,166,24
insert200,mixed_endpoint_30018,0,0,0,0,0,0,0,0,9,172,25
bracket,mixed_endpoint_30018,0,0,0,0,0,0,0,0,6,158,22
optical2,mixed_endpoint_30018,0,0,0,0,0,0,0,0,3,165,19
optical4,mixed_endpoint_30018,0,0,0,0,0,0,0,0,3,165,19
JSO_p50,mixed_endpoint_30018,26,13,2,22,0,0,0,0,11,174,27
doptimal,mixed_endpoint_30018,0,0,0,0,0,0,0,0,4,209,20
JSO_r160,mixed_endpoint_30018,21,15,2,18,0,0,0,0,13,174,29
JSO_r120,mixed_endpoint_30018,22,14,2,19,0,0,0,0,12,176,28
short_clear,mixed_endpoint_30018,0,0,0,0,0,0,0,0,2,169,18
JSO_p85,mixed_endpoint_30018,20,12,2,18,0,0,0,0,10,174,26
JSO_compact,mixed_endpoint_30018,23,10,1,20,0,0,0,0,9,175,25
JSO_outer1980,mixed_endpoint_30018,22,12,2,19,0,0,0,0,10,175,26
baseline,mixed_endpoint_30019,0,0,0,0,0,0,0,0,5,293,17
J,mixed_endpoint_30019,0,0,0,0,0,0,0,0,7,303,19
previous_best,mixed_endpoint_30019,0,0,0,0,0,0,0,0,8,305,20
S,mixed_endpoint_30019,14,0,0,12,0,0,0,0,6,276,18
JS,mixed_endpoint_30019,19,0,0,17,0,0,0,0,6,308,18
O,mixed_endpoint_30019,0,5,0,0,0,0,0,0,5,295,17
S_doptimal,mixed_endpoint_30018,22,0,0,21,0,0,0,0,4,225,20
JSO_compact_dopt,mixed_endpoint_30018,22,9,1,20,0,0,0,0,8,154,24
SO,mixed_endpoint_30019,10,8,4,8,0,0,0,0,4,270,16
S_dopt_short,mixed_endpoint_30018,22,0,0,21,0,0,0,0,3,224,19
JO,mixed_endpoint_30019,0,7,1,0,0,0,0,0,6,304,18
JSO,mixed_endpoint_30019,18,7,0,15,0,0,0,0,7,309,19
insert80,mixed_endpoint_30019,0,0,0,0,0,0,0,0,6,290,18
insert200,mixed_endpoint_30019,0,0,0,0,0,0,0,0,4,293,16
aligned,mixed_endpoint_30019,0,0,0,0,0,0,0,0,3,305,15
insert400,mixed_endpoint_30019,0,0,0,0,0,0,0,0,5,293,17
SO_doptimal,mixed_endpoint_30018,22,9,3,18,0,0,0,0,6,237,22
optical4,mixed_endpoint_30019,0,0,0,0,3,3,12,3,7,290,19
bracket,mixed_endpoint_30019,0,0,0,0,0,0,0,0,5,290,17
JSO_p85,mixed_endpoint_30019,14,7,0,14,0,0,0,0,7,306,19
optical2,mixed_endpoint_30019,0,0,0,0,0,0,0,0,5,293,17
short_clear,mixed_endpoint_30019,0,0,0,0,0,0,0,0,5,293,17
doptimal,mixed_endpoint_30019,0,0,0,0,0,0,0,0,4,310,16
JSO_p50,mixed_endpoint_30019,21,6,0,18,0,0,0,0,6,308,18
JSO_r160,mixed_endpoint_30019,18,8,0,15,0,0,0,0,8,310,20
JSO_r120,mixed_endpoint_30019,18,7,0,15,0,0,0,0,7,309,19
JSO_compact,mixed_endpoint_30019,19,8,0,16,0,0,0,0,8,311,20
JSO_outer1980,mixed_endpoint_30019,18,8,0,15,0,0,0,0,8,310,20
JSO_compact_dopt,mixed_endpoint_30019,16,4,1,14,0,0,0,0,3,305,15
baseline,mixed_endpoint_30020,0,0,0,0,0,0,0,0,7,224,22
J,mixed_endpoint_30020,0,0,0,0,0,0,0,0,5,203,20
previous_best,mixed_endpoint_30020,0,0,0,0,0,0,0,0,5,202,20
S_dopt_short,mixed_endpoint_30019,9,0,0,8,0,0,0,0,4,301,16
S,mixed_endpoint_30020,15,0,0,15,0,0,0,0,6,246,21
SO_doptimal,mixed_endpoint_30019,8,8,3,8,0,0,0,0,5,300,17
JS,mixed_endpoint_30020,21,0,0,18,0,0,0,0,5,223,20
S_doptimal,mixed_endpoint_30019,15,0,0,14,0,0,0,0,6,305,18
O,mixed_endpoint_30020,0,6,1,0,0,0,0,0,5,225,20
insert200,mixed_endpoint_30020,0,0,0,0,0,0,0,0,6,268,21
JSO,mixed_endpoint_30020,20,8,2,16,0,0,0,0,6,229,21
insert400,mixed_endpoint_30020,0,0,0,0,0,0,0,0,5,266,20
insert80,mixed_endpoint_30020,0,0,0,0,0,0,0,0,4,267,19
JO,mixed_endpoint_30020,0,7,4,0,0,0,0,0,3,203,18
SO,mixed_endpoint_30020,15,7,0,14,0,0,0,0,7,251,22
bracket,mixed_endpoint_30020,0,0,0,0,0,0,0,0,7,224,22
optical2,mixed_endpoint_30020,0,0,0,0,0,0,0,0,7,224,22
aligned,mixed_endpoint_30020,0,0,0,0,0,0,0,0,4,199,19
optical4,mixed_endpoint_30020,0,0,0,0,3,3,12,3,7,221,22
JSO_r160,mixed_endpoint_30020,20,9,2,16,0,0,0,0,7,230,22
JSO_p85,mixed_endpoint_30020,20,9,1,17,0,0,0,0,8,228,23
JSO_r120,mixed_endpoint_30020,20,9,2,16,0,0,0,0,7,230,22
JSO_p50,mixed_endpoint_30020,21,9,2,17,0,0,0,0,7,232,22
short_clear,mixed_endpoint_30020,0,0,0,0,0,0,0,0,7,224,22
JSO_compact,mixed_endpoint_30020,19,8,2,15,0,0,0,0,6,230,21
JSO_outer1980,mixed_endpoint_30020,19,8,3,15,0,0,0,0,5,227,20
doptimal,mixed_endpoint_30020,0,0,0,0,0,0,0,0,3,262,18
J,mixed_endpoint_30021,0,0,0,0,0,0,0,0,6,186,22
previous_best,mixed_endpoint_30021,0,0,0,0,0,0,0,0,8,183,24
S_doptimal,mixed_endpoint_30020,14,0,0,14,0,0,0,0,6,259,21
JSO_compact_dopt,mixed_endpoint_30020,19,7,3,18,0,0,0,0,4,243,19
JS,mixed_endpoint_30021,23,0,0,21,0,0,0,0,9,184,25
SO_doptimal,mixed_endpoint_30020,12,7,1,11,0,0,0,0,6,259,21
O,mixed_endpoint_30021,0,8,1,0,0,2,16,0,19,260,35
S_dopt_short,mixed_endpoint_30020,17,0,0,17,0,0,0,0,6,274,21
baseline,mixed_endpoint_30021,0,0,0,0,0,2,16,0,23,263,39
S,mixed_endpoint_30021,25,0,0,23,0,0,0,0,4,255,20
JO,mixed_endpoint_30021,0,8,4,0,0,0,0,0,4,186,20
insert200,mixed_endpoint_30021,0,0,0,0,0,0,0,0,8,195,24
insert80,mixed_endpoint_30021,0,0,0,0,0,0,0,0,8,193,24
JSO,mixed_endpoint_30021,21,13,5,19,0,0,0,0,8,185,24
insert400,mixed_endpoint_30021,0,0,0,0,0,0,0,0,7,230,23
SO,mixed_endpoint_30021,23,7,1,21,0,0,0,0,6,256,22
aligned,mixed_endpoint_30021,0,0,0,0,0,0,0,0,6,196,22
bracket,mixed_endpoint_30021,0,0,0,0,0,2,11,0,14,263,30
doptimal,mixed_endpoint_30021,0,0,0,0,0,0,0,0,4,244,20
optical2,mixed_endpoint_30021,0,0,0,0,0,2,16,0,23,263,39
JSO_p85,mixed_endpoint_30021,17,11,4,16,0,0,0,0,7,188,23
optical4,mixed_endpoint_30021,0,0,0,0,5,3,20,2,24,259,40
JSO_p50,mixed_endpoint_30021,24,11,4,20,0,0,0,0,7,184,23
JSO_r120,mixed_endpoint_30021,19,15,4,17,0,0,0,0,11,182,27
JSO_r160,mixed_endpoint_30021,18,16,4,16,0,0,0,0,12,182,28
JSO_compact,mixed_endpoint_30021,21,13,5,19,0,0,0,0,8,185,24
short_clear,mixed_endpoint_30021,0,0,0,0,0,2,16,0,23,263,39
JSO_outer1980,mixed_endpoint_30021,21,13,5,19,0,0,0,0,8,185,24
baseline,mixed_endpoint_30022,0,0,0,0,0,0,0,0,1,328,12
S,mixed_endpoint_30022,8,0,0,7,0,0,0,0,1,332,12
J,mixed_endpoint_30022,0,0,0,0,0,0,0,0,2,308,13
previous_best,mixed_endpoint_30022,0,0,0,0,0,0,0,0,4,311,15
O,mixed_endpoint_30022,0,5,0,0,0,0,0,0,5,353,16
JS,mixed_endpoint_30022,13,0,0,11,0,0,0,0,5,305,16
JO,mixed_endpoint_30022,0,2,0,0,0,0,0,0,2,308,13
S_doptimal,mixed_endpoint_30021,24,0,0,23,0,0,0,0,4,249,20
insert80,mixed_endpoint_30022,0,0,0,0,0,0,0,0,7,322,18
S_dopt_short,mixed_endpoint_30021,24,0,0,23,0,0,0,0,4,249,20
JSO,mixed_endpoint_30022,13,5,0,11,0,0,0,0,5,305,16
JSO_compact_dopt,mixed_endpoint_30021,17,8,4,15,0,0,0,0,4,172,20
SO,mixed_endpoint_30022,9,6,1,9,0,0,0,0,5,353,16
aligned,mixed_endpoint_30022,0,0,0,0,0,0,0,0,2,337,13
insert400,mixed_endpoint_30022,0,0,0,0,0,0,0,0,1,314,12
optical4,mixed_endpoint_30022,0,0,0,0,1,1,4,1,1,327,12
optical2,mixed_endpoint_30022,0,0,0,0,0,0,0,0,1,328,12
insert200,mixed_endpoint_30022,0,0,0,0,0,0,0,0,3,329,14
bracket,mixed_endpoint_30022,0,0,0,0,0,0,0,0,1,331,12
SO_doptimal,mixed_endpoint_30021,26,9,3,24,0,0,0,0,6,192,22
short_clear,mixed_endpoint_30022,0,0,0,0,0,0,0,0,0,324,11
doptimal,mixed_endpoint_30022,0,0,0,0,0,0,0,0,3,329,14
JSO_p50,mixed_endpoint_30022,15,4,0,11,0,0,0,0,4,301,15
JSO_p85,mixed_endpoint_30022,8,3,0,6,0,0,0,0,3,305,14
JSO_r120,mixed_endpoint_30022,13,6,0,10,0,0,0,0,6,304,17
JSO_r160,mixed_endpoint_30022,13,6,0,10,0,0,0,0,6,304,17
JSO_outer1980,mixed_endpoint_30022,13,5,0,11,0,0,0,0,5,305,16
JSO_compact,mixed_endpoint_30022,13,5,0,11,0,0,0,0,5,305,16
S_doptimal,mixed_endpoint_30022,6,0,0,6,0,0,0,0,3,355,14
SO_doptimal,mixed_endpoint_30022,5,4,0,5,0,0,0,0,4,353,15
baseline,mixed_endpoint_30023,0,0,0,0,0,0,0,0,4,265,17
previous_best,mixed_endpoint_30023,0,0,0,0,0,0,0,0,6,250,19
S_dopt_short,mixed_endpoint_30022,6,0,0,6,0,0,0,0,3,354,14
JSO_compact_dopt,mixed_endpoint_30022,12,6,2,7,0,0,0,0,4,313,15
J,mixed_endpoint_30023,0,0,0,0,0,0,0,0,5,256,18
S,mixed_endpoint_30023,13,0,0,13,0,0,0,0,3,266,16
O,mixed_endpoint_30023,0,3,1,0,0,0,0,0,2,265,15
JS,mixed_endpoint_30023,22,0,0,22,0,0,0,0,8,269,21
JO,mixed_endpoint_30023,0,8,3,0,0,0,0,0,5,255,18
JSO,mixed_endpoint_30023,19,9,1,19,0,0,0,0,8,268,21
SO,mixed_endpoint_30023,10,7,3,10,0,0,0,0,4,264,17
insert80,mixed_endpoint_30023,0,0,0,0,0,0,0,0,9,260,22
insert200,mixed_endpoint_30023,0,0,0,0,0,0,0,0,4,260,17
aligned,mixed_endpoint_30023,0,0,0,0,0,0,0,0,3,257,16
insert400,mixed_endpoint_30023,0,0,0,0,0,0,0,0,3,267,16
optical4,mixed_endpoint_30023,0,0,0,0,1,1,4,1,5,264,18
doptimal,mixed_endpoint_30023,0,0,0,0,0,0,0,0,4,273,17
bracket,mixed_endpoint_30023,0,0,0,0,0,0,0,0,4,257,17
optical2,mixed_endpoint_30023,0,0,0,0,0,0,0,0,4,265,17
short_clear,mixed_endpoint_30023,0,0,0,0,0,0,0,0,4,265,17
JSO_p50,mixed_endpoint_30023,21,9,1,20,0,0,0,0,8,270,21
JSO_r120,mixed_endpoint_30023,20,12,1,19,0,0,0,0,11,268,24
JSO_p85,mixed_endpoint_30023,12,10,4,12,0,0,0,0,6,257,19
JSO_compact,mixed_endpoint_30023,19,9,1,19,0,0,0,0,8,268,21
JSO_r160,mixed_endpoint_30023,18,13,1,17,0,0,0,0,12,267,25
JSO_outer1980,mixed_endpoint_30023,19,9,1,19,0,0,0,0,8,268,21
J,mixed_endpoint_30024,0,0,0,0,0,0,0,0,2,326,12
baseline,mixed_endpoint_30024,0,0,0,0,0,0,0,0,1,310,11
previous_best,mixed_endpoint_30024,0,0,0,0,0,0,0,0,5,329,15
S,mixed_endpoint_30024,11,0,0,11,0,0,0,0,2,307,12
O,mixed_endpoint_30024,0,2,0,0,0,0,0,0,2,311,12
S_doptimal,mixed_endpoint_30023,18,0,0,18,0,0,0,0,4,277,17
JSO_compact_dopt,mixed_endpoint_30023,17,9,2,16,0,0,0,0,7,267,20
S_dopt_short,mixed_endpoint_30023,17,0,0,17,0,0,0,0,6,279,19
JO,mixed_endpoint_30024,0,5,3,0,0,0,0,0,2,326,12
JS,mixed_endpoint_30024,15,0,0,14,0,0,0,0,4,329,14
SO_doptimal,mixed_endpoint_30023,11,9,2,10,0,0,0,0,7,270,20
SO,mixed_endpoint_30024,10,4,1,10,0,0,0,0,3,308,13
insert80,mixed_endpoint_30024,0,0,0,0,0,0,0,0,5,324,15
JSO,mixed_endpoint_30024,15,8,3,13,0,0,0,0,5,331,15
insert200,mixed_endpoint_30024,0,0,0,0,0,0,0,0,6,331,16
insert400,mixed_endpoint_30024,0,0,0,0,0,0,0,0,6,331,16
aligned,mixed_endpoint_30024,0,0,0,0,0,0,0,0,2,342,12
optical2,mixed_endpoint_30024,0,0,0,0,0,0,0,0,1,310,11
bracket,mixed_endpoint_30024,0,0,0,0,0,0,0,0,2,313,12
short_clear,mixed_endpoint_30024,0,0,0,0,0,0,0,0,1,310,11
optical4,mixed_endpoint_30024,0,0,0,0,0,0,0,0,1,310,11
JSO_p50,mixed_endpoint_30024,14,8,3,12,0,0,0,0,5,331,15
doptimal,mixed_endpoint_30024,0,0,0,0,0,0,0,0,1,345,11
JSO_p85,mixed_endpoint_30024,11,7,2,11,0,0,0,0,5,329,15
JSO_r160,mixed_endpoint_30024,14,9,3,12,0,0,0,0,6,329,16
JSO_compact,mixed_endpoint_30024,16,8,2,14,0,0,0,0,6,333,16
JSO_r120,mixed_endpoint_30024,15,8,3,13,0,0,0,0,5,331,15
JSO_outer1980,mixed_endpoint_30024,15,8,3,13,0,0,0,0,5,331,15
S_dopt_short,mixed_endpoint_30024,11,0,0,11,0,0,0,0,3,329,13
S_doptimal,mixed_endpoint_30024,12,0,0,12,0,0,0,0,2,349,12
SO_doptimal,mixed_endpoint_30024,11,5,1,11,0,0,0,0,4,350,14
J,mixed_endpoint_30025,0,0,0,0,0,0,0,0,6,244,22
JSO_compact_dopt,mixed_endpoint_30024,17,8,1,17,0,0,0,0,7,338,17
baseline,mixed_endpoint_30025,0,0,0,0,0,0,0,0,5,196,21
JS,mixed_endpoint_30025,25,0,0,24,0,0,0,0,6,247,22
O,mixed_endpoint_30025,0,5,1,0,0,0,0,0,4,196,20
S,mixed_endpoint_30025,18,0,0,17,0,0,0,0,4,218,20
previous_best,mixed_endpoint_30025,0,0,0,0,0,0,0,0,15,218,31
JO,mixed_endpoint_30025,0,7,1,0,0,0,0,0,6,244,22
insert80,mixed_endpoint_30025,0,0,0,0,0,0,0,0,7,198,23
insert200,mixed_endpoint_30025,0,0,0,0,0,0,0,0,5,246,21
SO,mixed_endpoint_30025,15,6,3,14,0,0,0,0,3,226,19
JSO,mixed_endpoint_30025,24,10,1,23,0,0,0,0,9,249,25
bracket,mixed_endpoint_30025,0,0,0,0,0,0,0,0,5,182,21
insert400,mixed_endpoint_30025,0,0,0,0,0,0,0,0,7,201,23
optical2,mixed_endpoint_30025,0,0,0,0,0,0,0,0,5,196,21
doptimal,mixed_endpoint_30025,0,0,0,0,0,0,0,0,4,249,20
aligned,mixed_endpoint_30025,0,0,0,0,0,0,0,0,7,222,23
optical4,mixed_endpoint_30025,0,0,0,0,0,0,0,0,5,196,21
short_clear,mixed_endpoint_30025,0,0,0,0,0,0,0,0,7,199,23
JSO_p50,mixed_endpoint_30025,24,10,1,23,0,0,0,0,9,249,25
JSO_p85,mixed_endpoint_30025,16,10,1,16,0,0,0,0,9,253,25
JSO_r120,mixed_endpoint_30025,24,12,2,23,0,0,0,0,10,248,26
JSO_r160,mixed_endpoint_30025,23,12,2,22,0,0,0,0,10,247,26
JSO_compact,mixed_endpoint_30025,25,11,2,24,0,0,0,0,9,248,25
JSO_outer1980,mixed_endpoint_30025,23,11,1,22,0,0,0,0,10,250,26
baseline,mixed_endpoint_30026,0,0,0,0,0,0,0,0,7,110,23
SO_doptimal,mixed_endpoint_30025,19,11,3,18,0,0,0,0,8,237,24
S_dopt_short,mixed_endpoint_30025,19,0,0,18,0,0,0,0,9,240,25
S_doptimal,mixed_endpoint_30025,21,0,0,20,0,0,0,0,9,244,25
JSO_compact_dopt,mixed_endpoint_30025,19,9,2,17,0,0,0,0,7,205,23
previous_best,mixed_endpoint_30026,0,0,0,0,0,0,0,0,11,176,27
J,mixed_endpoint_30026,0,0,0,0,0,0,0,0,9,179,25
S,mixed_endpoint_30026,25,0,0,22,0,0,0,0,7,120,23
O,mixed_endpoint_30026,0,9,3,0,0,0,0,0,6,246,22
JS,mixed_endpoint_30026,34,0,0,30,0,0,0,0,9,168,25
SO,mixed_endpoint_30026,25,8,3,22,0,0,0,0,5,223,21
JO,mixed_endpoint_30026,0,10,3,0,0,0,0,0,7,181,23
insert80,mixed_endpoint_30026,0,0,0,0,0,0,0,0,12,194,28
JSO,mixed_endpoint_30026,25,13,4,22,0,0,0,0,9,153,25
insert400,mixed_endpoint_30026,0,0,0,0,0,0,0,0,11,196,27
insert200,mixed_endpoint_30026,0,0,0,0,0,0,0,0,11,200,27
aligned,mixed_endpoint_30026,0,0,0,0,0,0,0,0,5,250,21
bracket,mixed_endpoint_30026,0,0,0,0,0,0,0,0,8,111,24
optical2,mixed_endpoint_30026,0,0,0,0,0,0,0,0,7,110,23
optical4,mixed_endpoint_30026,0,0,0,0,3,3,12,3,10,106,26
short_clear,mixed_endpoint_30026,0,0,0,0,0,0,0,0,7,110,23
doptimal,mixed_endpoint_30026,0,0,0,0,0,0,0,0,8,102,24
JSO_r160,mixed_endpoint_30026,20,12,1,19,0,0,0,0,11,227,27
JSO_p50,mixed_endpoint_30026,25,12,5,22,0,0,0,0,7,153,23
JSO_compact,mixed_endpoint_30026,24,14,5,21,0,0,0,0,9,152,25
JSO_r120,mixed_endpoint_30026,20,12,2,19,0,0,0,0,10,228,26
JSO_p85,mixed_endpoint_30026,24,12,3,23,0,0,0,0,9,162,25
JSO_outer1980,mixed_endpoint_30026,24,12,4,21,0,0,0,0,8,152,24
baseline,mixed_endpoint_30027,0,0,0,0,0,0,0,0,5,327,16
J,mixed_endpoint_30027,0,0,0,0,0,0,0,0,6,276,17
JS,mixed_endpoint_30027,14,0,0,12,0,0,0,0,4,299,15
S,mixed_endpoint_30027,16,0,0,14,0,0,0,0,3,333,14
previous_best,mixed_endpoint_30027,0,0,0,0,0,0,0,0,6,276,17
S_doptimal,mixed_endpoint_30026,25,0,0,22,0,0,0,0,7,111,23
O,mixed_endpoint_30027,0,6,1,0,0,0,0,0,5,327,16
S_dopt_short,mixed_endpoint_30026,23,0,0,20,0,0,0,0,8,109,24
insert200,mixed_endpoint_30027,0,0,0,0,0,0,0,0,4,282,15
JO,mixed_endpoint_30027,0,6,0,0,0,0,0,0,6,276,17
JSO_compact_dopt,mixed_endpoint_30026,15,8,4,13,0,0,0,0,4,195,20
insert400,mixed_endpoint_30027,0,0,0,0,0,0,0,0,7,275,18
insert80,mixed_endpoint_30027,0,0,0,0,0,0,0,0,4,282,15
JSO,mixed_endpoint_30027,13,6,2,11,0,0,0,0,4,298,15
SO_doptimal,mixed_endpoint_30026,15,10,4,14,0,0,0,0,6,167,22
SO,mixed_endpoint_30027,15,9,1,14,0,0,0,0,8,335,19
aligned,mixed_endpoint_30027,0,0,0,0,0,0,0,0,4,302,15
JSO_p50,mixed_endpoint_30027,17,6,2,13,0,0,0,0,4,300,15
JSO_p85,mixed_endpoint_30027,10,4,1,9,0,0,0,0,3,294,14
bracket,mixed_endpoint_30027,0,0,0,0,0,0,0,0,5,327,16
optical2,mixed_endpoint_30027,0,0,0,0,0,0,0,0,5,327,16
optical4,mixed_endpoint_30027,0,0,0,0,0,0,0,0,5,327,16
JSO_r120,mixed_endpoint_30027,13,9,3,11,0,0,0,0,6,299,17
short_clear,mixed_endpoint_30027,0,0,0,0,0,0,0,0,5,327,16
JSO_r160,mixed_endpoint_30027,12,10,4,11,0,0,0,0,6,296,17
JSO_compact,mixed_endpoint_30027,13,6,1,11,0,0,0,0,5,300,16
JSO_outer1980,mixed_endpoint_30027,13,6,2,11,0,0,0,0,4,298,15
doptimal,mixed_endpoint_30027,0,0,0,0,0,1,7,0,2,322,13
baseline,mixed_endpoint_30028,0,0,0,0,0,0,0,0,3,335,13
JSO_compact_dopt,mixed_endpoint_30027,12,5,1,10,0,0,0,0,4,269,15
previous_best,mixed_endpoint_30028,0,0,0,0,0,0,0,0,6,318,16
SO_doptimal,mixed_endpoint_30027,14,6,1,14,0,0,0,0,5,312,16
J,mixed_endpoint_30028,0,0,0,0,0,0,0,0,7,322,17
S_dopt_short,mixed_endpoint_30027,20,0,0,19,0,0,0,0,3,318,14
S_doptimal,mixed_endpoint_30027,20,0,0,19,0,0,0,0,3,318,14
JS,mixed_endpoint_30028,17,0,0,16,0,0,0,0,4,315,14
S,mixed_endpoint_30028,15,0,0,14,0,0,0,0,7,345,17
O,mixed_endpoint_30028,0,5,1,0,0,0,0,0,4,337,14
JSO,mixed_endpoint_30028,16,6,2,15,0,0,0,0,4,313,14
insert200,mixed_endpoint_30028,0,0,0,0,0,0,0,0,4,322,14
JO,mixed_endpoint_30028,0,8,2,0,0,0,0,0,6,322,16
insert80,mixed_endpoint_30028,0,0,0,0,0,0,0,0,5,320,15
insert400,mixed_endpoint_30028,0,0,0,0,0,0,0,0,4,324,14
SO,mixed_endpoint_30028,11,6,2,11,0,1,6,0,7,339,17
bracket,mixed_endpoint_30028,0,0,0,0,0,0,0,0,3,335,13
aligned,mixed_endpoint_30028,0,0,0,0,0,0,0,0,3,339,13
optical4,mixed_endpoint_30028,0,0,0,0,0,0,0,0,3,335,13
JSO_p85,mixed_endpoint_30028,11,8,4,11,0,0,0,0,4,326,14
optical2,mixed_endpoint_30028,0,0,0,0,0,0,0,0,3,335,13
JSO_p50,mixed_endpoint_30028,17,8,2,16,0,0,0,0,6,316,16
short_clear,mixed_endpoint_30028,0,0,0,0,0,0,0,0,3,335,13
JSO_outer1980,mixed_endpoint_30028,16,6,2,15,0,0,0,0,4,313,14
JSO_r120,mixed_endpoint_30028,15,9,1,14,0,0,0,0,8,317,18
JSO_r160,mixed_endpoint_30028,15,10,1,14,0,0,0,0,9,318,19
JSO_compact,mixed_endpoint_30028,16,6,1,15,0,0,0,0,5,316,15
doptimal,mixed_endpoint_30028,0,0,0,0,0,0,0,0,5,341,15
JSO_compact_dopt,mixed_endpoint_30028,14,7,2,13,0,0,0,0,5,313,15
baseline,mixed_endpoint_30029,0,0,0,0,0,0,0,0,5,280,17
J,mixed_endpoint_30029,0,0,0,0,0,0,0,0,4,282,16
previous_best,mixed_endpoint_30029,0,0,0,0,0,0,0,0,5,283,17
S,mixed_endpoint_30029,12,0,0,11,0,0,0,0,4,276,16
JS,mixed_endpoint_30029,14,0,0,10,0,0,0,0,1,268,13
SO_doptimal,mixed_endpoint_30028,7,8,4,6,0,0,0,0,4,341,14
O,mixed_endpoint_30029,0,7,4,0,0,0,0,0,3,279,15
S_dopt_short,mixed_endpoint_30028,12,0,0,11,0,0,0,0,5,348,15
JO,mixed_endpoint_30029,0,4,1,0,0,0,0,0,3,282,15
S_doptimal,mixed_endpoint_30028,12,0,0,11,0,0,0,0,5,348,15
JSO,mixed_endpoint_30029,15,5,2,10,0,0,0,0,3,271,15
insert80,mixed_endpoint_30029,0,0,0,0,0,0,0,0,4,278,16
insert200,mixed_endpoint_30029,0,0,0,0,0,0,0,0,3,275,15
SO,mixed_endpoint_30029,9,7,3,8,0,0,0,0,4,273,16
aligned,mixed_endpoint_30029,0,0,0,0,0,0,0,0,2,261,14
insert400,mixed_endpoint_30029,0,0,0,0,0,0,0,0,4,275,16
JSO_p85,mixed_endpoint_30029,10,5,2,9,0,0,0,0,3,265,15
optical4,mixed_endpoint_30029,0,0,0,0,2,2,8,2,5,278,17
doptimal,mixed_endpoint_30029,0,0,0,0,0,0,0,0,4,284,16
optical2,mixed_endpoint_30029,0,0,0,0,0,0,0,0,5,280,17
JSO_p50,mixed_endpoint_30029,16,5,2,10,0,0,0,0,3,271,15
bracket,mixed_endpoint_30029,0,0,0,0,0,0,0,0,6,283,18
JSO_r120,mixed_endpoint_30029,11,7,3,9,0,0,0,0,4,259,16
short_clear,mixed_endpoint_30029,0,0,0,0,0,0,0,0,5,280,17
JSO_compact,mixed_endpoint_30029,13,4,2,11,0,0,0,0,2,261,14
JSO_r160,mixed_endpoint_30029,11,7,3,9,0,0,0,0,4,259,16
JSO_outer1980,mixed_endpoint_30029,15,5,2,10,0,0,0,0,3,271,15
previous_best,mixed_endpoint_30030,0,0,0,0,0,0,0,0,3,333,14
J,mixed_endpoint_30030,0,0,0,0,0,0,0,0,3,330,14
baseline,mixed_endpoint_30030,0,0,0,0,0,0,0,0,3,354,14
O,mixed_endpoint_30030,0,4,2,0,0,0,0,0,2,353,13
JSO_compact_dopt,mixed_endpoint_30029,12,4,1,10,0,0,0,0,3,254,15
S_dopt_short,mixed_endpoint_30029,14,0,0,14,0,0,0,0,5,284,17
S,mixed_endpoint_30030,10,0,0,10,0,0,0,0,4,345,15
JO,mixed_endpoint_30030,0,5,2,0,0,0,0,0,3,330,14
S_doptimal,mixed_endpoint_30029,15,0,0,14,0,0,0,0,6,287,18
JS,mixed_endpoint_30030,13,0,0,13,0,0,0,0,5,335,16
SO_doptimal,mixed_endpoint_30029,11,6,2,10,0,0,0,0,4,282,16
JSO,mixed_endpoint_30030,12,7,2,12,0,0,0,0,5,334,16
insert80,mixed_endpoint_30030,0,0,0,0,0,0,0,0,2,309,13
SO,mixed_endpoint_30030,8,5,2,8,0,0,0,0,3,343,14
aligned,mixed_endpoint_30030,0,0,0,0,0,0,0,0,4,337,15
insert200,mixed_endpoint_30030,0,0,0,0,0,0,0,0,2,354,13
insert400,mixed_endpoint_30030,0,0,0,0,0,0,0,0,3,333,14
bracket,mixed_endpoint_30030,0,0,0,0,0,0,0,0,3,353,14
optical2,mixed_endpoint_30030,0,0,0,0,0,0,0,0,3,354,14
doptimal,mixed_endpoint_30030,0,0,0,0,0,0,0,0,5,341,16
optical4,mixed_endpoint_30030,0,0,0,0,1,1,4,1,5,353,16
JSO_p50,mixed_endpoint_30030,13,7,2,13,0,0,0,0,5,335,16
JSO_r120,mixed_endpoint_30030,12,6,3,12,0,0,0,0,3,331,14
short_clear,mixed_endpoint_30030,0,0,0,0,0,0,0,0,3,354,14
JSO_p85,mixed_endpoint_30030,11,7,4,11,0,0,0,0,3,332,14
JSO_r160,mixed_endpoint_30030,12,6,3,12,0,0,0,0,3,331,14
JSO_compact,mixed_endpoint_30030,12,6,1,12,0,0,0,0,5,334,16
JSO_outer1980,mixed_endpoint_30030,13,7,1,12,0,0,0,0,6,336,17
JSO_compact_dopt,mixed_endpoint_30030,10,4,1,10,0,0,0,0,3,324,14
S_doptimal,mixed_endpoint_30030,12,0,0,12,0,0,0,0,5,346,16
SO_doptimal,mixed_endpoint_30030,7,8,2,7,0,0,0,0,6,343,17
J,mixed_endpoint_30031,0,0,0,0,0,0,0,0,7,295,18
baseline,mixed_endpoint_30031,0,0,0,0,0,0,0,0,6,291,17
previous_best,mixed_endpoint_30031,0,0,0,0,0,0,0,0,8,292,19
S_dopt_short,mixed_endpoint_30030,12,0,0,12,0,0,0,0,5,346,16
S,mixed_endpoint_30031,12,0,0,12,0,0,0,0,5,312,16
O,mixed_endpoint_30031,0,5,1,0,0,0,0,0,4,291,15
JS,mixed_endpoint_30031,15,0,0,13,0,0,0,0,5,294,16
JO,mixed_endpoint_30031,0,4,0,0,0,0,0,0,4,295,15
JSO,mixed_endpoint_30031,15,4,0,13,0,0,0,0,4,293,15
SO,mixed_endpoint_30031,10,8,1,10,0,0,0,0,7,312,18
insert80,mixed_endpoint_30031,0,0,0,0,0,0,0,0,6,308,17
aligned,mixed_endpoint_30031,0,0,0,0,0,0,0,0,2,298,13
insert200,mixed_endpoint_30031,0,0,0,0,0,0,0,0,6,310,17
insert400,mixed_endpoint_30031,0,0,0,0,0,0,0,0,6,311,17
optical2,mixed_endpoint_30031,0,0,0,0,0,0,0,0,6,291,17
optical4,mixed_endpoint_30031,0,0,0,0,3,3,12,3,6,286,17
JSO_p50,mixed_endpoint_30031,16,4,0,13,0,0,0,0,4,294,15
bracket,mixed_endpoint_30031,0,0,0,0,0,0,0,0,6,293,17
JSO_r160,mixed_endpoint_30031,12,8,1,10,0,0,0,0,7,291,18
short_clear,mixed_endpoint_30031,0,0,0,0,0,0,0,0,6,291,17
JSO_p85,mixed_endpoint_30031,14,5,1,12,0,0,0,0,4,295,15
JSO_compact,mixed_endpoint_30031,15,4,0,13,0,0,0,0,4,293,15
JSO_r120,mixed_endpoint_30031,12,8,1,10,0,0,0,0,7,291,18
doptimal,mixed_endpoint_30031,0,0,0,0,0,0,0,0,5,311,16
JSO_outer1980,mixed_endpoint_30031,15,4,0,13,0,0,0,0,4,293,15
S_doptimal,mixed_endpoint_30031,12,0,0,11,0,0,0,0,2,310,13
JSO_compact_dopt,mixed_endpoint_30031,14,7,1,13,0,0,0,0,6,299,17
S_dopt_short,mixed_endpoint_30031,12,0,0,11,0,0,0,0,2,310,13
SO_doptimal,mixed_endpoint_30031,14,6,0,14,0,0,0,0,6,319,17
baseline,mixed_endpoint_30032,0,0,0,0,0,0,0,0,2,292,13
O,mixed_endpoint_30032,0,4,3,0,0,0,0,0,1,292,12
previous_best,mixed_endpoint_30032,0,0,0,0,0,1,4,0,5,297,16
J,mixed_endpoint_30032,0,0,0,0,0,1,4,0,5,298,16
S,mixed_endpoint_30032,21,0,0,20,0,0,0,0,8,363,19
JS,mixed_endpoint_30032,14,0,0,12,0,1,4,0,6,299,17
JO,mixed_endpoint_30032,0,8,4,0,0,1,4,0,4,298,15
insert80,mixed_endpoint_30032,0,0,0,0,0,0,0,0,7,285,18
insert200,mixed_endpoint_30032,0,0,0,0,0,0,0,0,5,289,16
SO,mixed_endpoint_30032,17,8,2,16,0,0,0,0,6,354,17
aligned,mixed_endpoint_30032,0,0,0,0,0,0,0,0,4,313,15
insert400,mixed_endpoint_30032,0,0,0,0,0,0,0,0,4,296,15
bracket,mixed_endpoint_30032,0,0,0,0,0,0,0,0,2,292,13
JSO,mixed_endpoint_30032,14,9,4,12,0,1,4,0,5,300,16
optical2,mixed_endpoint_30032,0,0,0,0,0,0,0,0,2,292,13
short_clear,mixed_endpoint_30032,0,0,0,0,0,0,0,0,2,292,13
doptimal,mixed_endpoint_30032,0,0,0,0,0,0,0,0,3,321,14
optical4,mixed_endpoint_30032,0,0,0,0,0,0,0,0,2,292,13
JSO_outer1980,mixed_endpoint_30032,15,7,5,13,0,0,0,0,2,293,13
JSO_p50,mixed_endpoint_30032,16,9,5,12,0,1,4,0,4,300,15
JSO_r120,mixed_endpoint_30032,11,11,5,9,0,1,4,0,6,295,17
JSO_p85,mixed_endpoint_30032,11,9,5,11,0,1,4,0,4,295,15
JSO_r160,mixed_endpoint_30032,11,11,4,9,0,1,4,0,7,295,18
JSO_compact,mixed_endpoint_30032,14,9,5,12,0,1,4,0,4,299,15
previous_best,mixed_endpoint_30033,0,0,0,0,0,0,0,0,6,232,21
baseline,mixed_endpoint_30033,0,0,0,0,0,0,0,0,5,225,20
S,mixed_endpoint_30033,17,0,0,15,0,1,104,0,105,237,120
J,mixed_endpoint_30033,0,0,0,0,0,0,0,0,8,235,23
S_doptimal,mixed_endpoint_30032,12,0,0,12,0,0,0,0,7,291,18
JSO_compact_dopt,mixed_endpoint_30032,11,5,3,10,0,0,0,0,2,296,13
O,mixed_endpoint_30033,0,6,2,0,0,0,0,0,4,227,19
SO_doptimal,mixed_endpoint_30032,10,6,1,10,0,0,0,0,5,287,16
S_dopt_short,mixed_endpoint_30032,12,0,0,12,0,0,0,0,7,291,18
JS,mixed_endpoint_30033,28,0,0,24,0,0,0,0,9,251,24
JO,mixed_endpoint_30033,0,13,5,0,0,0,0,0,8,235,23
SO,mixed_endpoint_30033,14,8,6,12,0,1,104,0,104,232,119
JSO,mixed_endpoint_30033,23,14,5,20,0,0,0,0,9,247,24
insert80,mixed_endpoint_30033,0,0,0,0,0,0,0,0,5,246,20
aligned,mixed_endpoint_30033,0,0,0,0,0,0,0,0,2,239,17
insert200,mixed_endpoint_30033,0,0,0,0,0,1,104,0,106,259,121
insert400,mixed_endpoint_30033,0,0,0,0,0,1,104,0,105,265,120
optical2,mixed_endpoint_30033,0,0,0,0,0,0,0,0,5,225,20
bracket,mixed_endpoint_30033,0,0,0,0,0,1,104,0,107,224,122
optical4,mixed_endpoint_30033,0,0,0,0,2,2,8,2,7,223,22
short_clear,mixed_endpoint_30033,0,0,0,0,0,1,104,0,107,217,122
JSO_p50,mixed_endpoint_30033,22,11,2,18,0,0,0,0,9,249,24
doptimal,mixed_endpoint_30033,0,0,0,0,0,0,0,0,6,248,21
JSO_p85,mixed_endpoint_30033,17,11,4,16,0,0,0,0,7,245,22
JSO_compact,mixed_endpoint_30033,21,12,5,18,0,0,0,0,7,238,22
JSO_r120,mixed_endpoint_30033,22,14,5,19,0,0,0,0,9,246,24
JSO_r160,mixed_endpoint_30033,21,15,5,17,0,0,0,0,10,245,25
JSO_outer1980,mixed_endpoint_30033,19,12,5,15,0,0,0,0,7,239,22
baseline,mixed_endpoint_30034,0,0,0,0,0,0,0,0,1,329,12
previous_best,mixed_endpoint_30034,0,0,0,0,0,0,0,0,4,312,15
J,mixed_endpoint_30034,0,0,0,0,0,0,0,0,5,315,16
S,mixed_endpoint_30034,9,0,0,8,0,0,0,0,1,336,12
O,mixed_endpoint_30034,0,3,1,0,0,0,0,0,2,334,13
S_doptimal,mixed_endpoint_30033,11,0,0,10,0,0,0,0,4,237,19
SO_doptimal,mixed_endpoint_30033,8,7,2,6,0,0,0,0,5,236,20
JS,mixed_endpoint_30034,15,0,0,12,0,0,0,0,7,319,18
JO,mixed_endpoint_30034,0,6,1,0,0,0,0,0,5,315,16
SO,mixed_endpoint_30034,9,2,1,8,0,0,0,0,1,337,12
S_dopt_short,mixed_endpoint_30033,12,0,0,10,0,0,0,0,2,237,17
JSO_compact_dopt,mixed_endpoint_30033,19,9,4,17,0,0,0,0,5,237,20
insert80,mixed_endpoint_30034,0,0,0,0,0,0,0,0,3,323,14
JSO,mixed_endpoint_30034,14,8,2,11,0,0,0,0,6,318,17
insert400,mixed_endpoint_30034,0,0,0,0,0,0,0,0,3,322,14
insert200,mixed_endpoint_30034,0,0,0,0,0,0,0,0,3,326,14
aligned,mixed_endpoint_30034,0,0,0,0,0,0,0,0,2,340,13
bracket,mixed_endpoint_30034,0,0,0,0,0,0,0,0,1,326,12
optical4,mixed_endpoint_30034,0,0,0,0,0,0,0,0,1,329,12
optical2,mixed_endpoint_30034,0,0,0,0,0,0,0,0,1,329,12
JSO_p50,mixed_endpoint_30034,16,7,2,12,0,0,0,0,5,318,16
short_clear,mixed_endpoint_30034,0,0,0,0,0,0,0,0,1,339,12
JSO_p85,mixed_endpoint_30034,7,8,4,4,0,0,0,0,4,331,15
JSO_r120,mixed_endpoint_30034,13,9,2,10,0,0,0,0,7,316,18
doptimal,mixed_endpoint_30034,0,0,0,0,0,0,0,0,5,340,16
JSO_compact,mixed_endpoint_30034,13,8,5,10,0,0,0,0,3,314,14
JSO_r160,mixed_endpoint_30034,12,10,2,9,0,0,0,0,8,316,19
JSO_outer1980,mixed_endpoint_30034,13,8,2,10,0,0,0,0,6,318,17
S_doptimal,mixed_endpoint_30034,6,0,0,6,0,0,0,0,6,335,17
baseline,mixed_endpoint_30035,0,0,0,0,0,0,0,0,7,215,23
S_dopt_short,mixed_endpoint_30034,6,0,0,6,0,0,0,0,6,335,17
SO_doptimal,mixed_endpoint_30034,5,8,3,5,0,0,0,0,5,334,16
JSO_compact_dopt,mixed_endpoint_30034,12,8,1,8,0,0,0,0,7,316,18
J,mixed_endpoint_30035,0,0,0,0,0,1,14,0,15,189,31
previous_best,mixed_endpoint_30035,0,0,0,0,0,0,0,0,9,184,25
S,mixed_endpoint_30035,25,0,0,19,0,0,0,0,5,155,21
O,mixed_endpoint_30035,0,8,2,0,0,0,0,0,6,215,22
JS,mixed_endpoint_30035,19,0,0,16,0,0,0,0,6,201,22
JO,mixed_endpoint_30035,0,8,1,0,0,1,14,0,14,189,30
SO,mixed_endpoint_30035,21,8,2,17,0,0,0,0,6,239,22
JSO,mixed_endpoint_30035,19,12,4,15,0,0,0,0,8,207,24
insert200,mixed_endpoint_30035,0,0,0,0,0,0,0,0,8,160,24
insert80,mixed_endpoint_30035,0,0,0,0,0,0,0,0,10,185,26
optical2,mixed_endpoint_30035,0,0,0,0,0,0,0,0,7,215,23
aligned,mixed_endpoint_30035,0,0,0,0,0,1,14,0,11,173,27
insert400,mixed_endpoint_30035,0,0,0,0,0,0,0,0,8,160,24
bracket,mixed_endpoint_30035,0,0,0,0,0,0,0,0,8,215,24
JSO_r120,mixed_endpoint_30035,18,12,4,14,0,0,0,0,8,205,24
optical4,mixed_endpoint_30035,0,0,0,0,1,1,4,1,7,214,23
JSO_p85,mixed_endpoint_30035,19,8,3,15,0,0,0,0,5,198,21
short_clear,mixed_endpoint_30035,0,0,0,0,0,0,0,0,7,215,23
JSO_p50,mixed_endpoint_30035,25,11,4,19,0,0,0,0,7,209,23
doptimal,mixed_endpoint_30035,0,0,0,0,0,0,0,0,2,203,18
JSO_r160,mixed_endpoint_30035,14,12,6,10,0,0,0,0,6,199,22
JSO_compact,mixed_endpoint_30035,19,12,4,16,0,0,0,0,8,161,24
JSO_outer1980,mixed_endpoint_30035,19,12,4,15,0,0,0,0,8,207,24
S_doptimal,mixed_endpoint_30035,22,0,0,20,0,0,0,0,6,184,22
JS,mixed_endpoint_30036,19,0,0,17,0,0,0,0,4,253,19
baseline,mixed_endpoint_30036,0,0,0,0,0,0,0,0,5,249,20
J,mixed_endpoint_30036,0,0,0,0,0,0,0,0,7,209,22
SO_doptimal,mixed_endpoint_30035,13,11,5,11,0,0,0,0,6,170,22
JSO_compact_dopt,mixed_endpoint_30035,20,10,5,17,0,0,0,0,5,177,21
S,mixed_endpoint_30036,18,0,0,16,0,0,0,0,4,261,19
O,mixed_endpoint_30036,0,6,1,0,0,0,0,0,5,247,20
previous_best,mixed_endpoint_30036,0,0,0,0,0,0,0,0,8,217,23
S_dopt_short,mixed_endpoint_30035,20,0,0,19,0,1,34,0,37,200,53
JSO,mixed_endpoint_30036,17,10,4,15,0,0,0,0,6,260,21
SO,mixed_endpoint_30036,15,6,3,12,0,0,0,0,3,258,18
JO,mixed_endpoint_30036,0,12,6,0,0,0,0,0,6,209,21
insert80,mixed_endpoint_30036,0,0,0,0,0,0,0,0,4,223,19
insert200,mixed_endpoint_30036,0,0,0,0,0,0,0,0,4,240,19
bracket,mixed_endpoint_30036,0,0,0,0,0,0,0,0,3,251,18
aligned,mixed_endpoint_30036,0,0,0,0,0,0,0,0,6,256,21
insert400,mixed_endpoint_30036,0,0,0,0,0,0,0,0,5,240,20
optical2,mixed_endpoint_30036,0,0,0,0,0,0,0,0,5,249,20
JSO_p50,mixed_endpoint_30036,18,10,3,16,0,0,0,0,7,262,22
optical4,mixed_endpoint_30036,0,0,0,0,0,0,0,0,5,249,20
short_clear,mixed_endpoint_30036,0,0,0,0,0,0,0,0,5,249,20
doptimal,mixed_endpoint_30036,0,0,0,0,0,0,0,0,6,264,21
JSO_r120,mixed_endpoint_30036,17,10,4,15,0,0,0,0,6,255,21
JSO_compact,mixed_endpoint_30036,17,10,4,15,0,0,0,0,6,260,21
JSO_p85,mixed_endpoint_30036,17,10,1,15,0,0,0,0,9,250,24
JSO_r160,mixed_endpoint_30036,17,10,4,15,0,0,0,0,6,255,21
JSO_outer1980,mixed_endpoint_30036,20,6,1,17,0,0,0,0,5,256,20
baseline,mixed_endpoint_30037,0,0,0,0,0,0,0,0,2,297,15
S_doptimal,mixed_endpoint_30036,18,0,0,17,0,0,0,0,4,265,19
S,mixed_endpoint_30037,9,0,0,9,0,0,0,0,3,299,16
previous_best,mixed_endpoint_30037,0,0,0,0,0,0,0,0,7,291,20
J,mixed_endpoint_30037,0,0,0,0,0,0,0,0,8,268,21
SO_doptimal,mixed_endpoint_30036,12,6,2,11,0,0,0,0,4,228,19
O,mixed_endpoint_30037,0,6,4,0,0,0,0,0,2,297,15
JS,mixed_endpoint_30037,13,0,0,12,0,0,0,0,7,266,20
JSO_compact_dopt,mixed_endpoint_30036,17,8,2,15,0,0,0,0,6,260,21
S_dopt_short,mixed_endpoint_30036,20,0,0,20,0,0,0,0,5,268,20
SO,mixed_endpoint_30037,8,9,4,7,0,0,0,0,5,303,18
insert200,mixed_endpoint_30037,0,0,0,0,0,0,0,0,5,321,18
insert80,mixed_endpoint_30037,0,0,0,0,0,0,0,0,4,316,17
JSO,mixed_endpoint_30037,13,8,0,12,0,0,0,0,8,268,21
JO,mixed_endpoint_30037,0,10,0,0,0,0,0,0,10,270,23
insert400,mixed_endpoint_30037,0,0,0,0,0,0,0,0,4,325,17
aligned,mixed_endpoint_30037,0,0,0,0,0,0,0,0,3,297,16
bracket,mixed_endpoint_30037,0,0,0,0,0,0,0,0,2,298,15
doptimal,mixed_endpoint_30037,0,0,0,0,0,0,0,0,4,303,17
optical2,mixed_endpoint_30037,0,0,0,0,0,0,0,0,2,297,15
optical4,mixed_endpoint_30037,0,0,0,0,1,1,4,1,3,295,16
short_clear,mixed_endpoint_30037,0,0,0,0,0,0,0,0,2,297,15
JSO_r120,mixed_endpoint_30037,14,9,0,13,0,0,0,0,9,268,22
JSO_compact,mixed_endpoint_30037,14,8,3,13,0,0,0,0,5,285,18
JSO_p50,mixed_endpoint_30037,14,8,3,12,0,0,0,0,5,287,18
JSO_p85,mixed_endpoint_30037,8,9,1,8,0,0,0,0,8,269,21
JSO_r160,mixed_endpoint_30037,15,9,0,13,0,0,0,0,9,268,22
JSO_outer1980,mixed_endpoint_30037,11,8,1,10,0,0,0,0,7,266,20
S_doptimal,mixed_endpoint_30037,10,0,0,10,0,0,0,0,2,298,15
baseline,mixed_endpoint_30038,0,0,0,0,0,0,0,0,0,277,12
J,mixed_endpoint_30038,0,0,0,0,0,0,0,0,4,283,16
JSO_compact_dopt,mixed_endpoint_30037,12,6,3,8,0,0,0,0,3,312,16
previous_best,mixed_endpoint_30038,0,0,0,0,0,0,0,0,4,284,16
S,mixed_endpoint_30038,14,0,0,13,0,0,0,0,3,284,15
SO_doptimal,mixed_endpoint_30037,9,8,4,9,0,0,0,0,4,300,17
JS,mixed_endpoint_30038,16,0,0,16,0,0,0,0,4,282,16
O,mixed_endpoint_30038,0,3,3,0,0,0,0,0,0,277,12
S_dopt_short,mixed_endpoint_30037,10,0,0,10,0,0,0,0,2,298,15
JO,mixed_endpoint_30038,0,6,2,0,0,0,0,0,4,283,16
JSO,mixed_endpoint_30038,15,6,2,15,0,0,0,0,4,282,16
insert200,mixed_endpoint_30038,0,0,0,0,0,0,0,0,4,280,16
insert400,mixed_endpoint_30038,0,0,0,0,0,0,0,0,2,278,14
SO,mixed_endpoint_30038,11,6,2,9,0,1,7,0,8,288,20
optical2,mixed_endpoint_30038,0,0,0,0,0,0,0,0,0,277,12
bracket,mixed_endpoint_30038,0,0,0,0,0,0,0,0,0,277,12
aligned,mixed_endpoint_30038,0,0,0,0,0,0,0,0,3,288,15
insert80,mixed_endpoint_30038,0,0,0,0,0,0,0,0,6,286,18
optical4,mixed_endpoint_30038,0,0,0,0,0,0,0,0,0,277,12
JSO_p50,mixed_endpoint_30038,17,6,2,16,0,0,0,0,4,284,16
short_clear,mixed_endpoint_30038,0,0,0,0,0,0,0,0,0,277,12
JSO_p85,mixed_endpoint_30038,13,6,2,13,0,0,0,0,4,281,16
JSO_r120,mixed_endpoint_30038,15,7,2,15,0,0,0,0,5,283,17
JSO_outer1980,mixed_endpoint_30038,15,6,2,15,0,0,0,0,4,282,16
JSO_r160,mixed_endpoint_30038,14,7,3,14,0,0,0,0,4,281,16
JSO_compact,mixed_endpoint_30038,14,6,2,14,0,0,0,0,4,282,16
doptimal,mixed_endpoint_30038,0,0,0,0,0,0,0,0,2,295,14
S_doptimal,mixed_endpoint_30038,15,0,0,11,0,0,0,0,2,285,14
baseline,mixed_endpoint_30039,0,0,0,0,0,0,0,0,3,290,15
SO_doptimal,mixed_endpoint_30038,8,5,4,4,0,0,0,0,1,277,13
S,mixed_endpoint_30039,16,0,0,15,0,0,0,0,8,300,20
S_dopt_short,mixed_endpoint_30038,14,0,0,10,0,0,0,0,2,284,14
J,mixed_endpoint_30039,0,0,0,0,0,0,0,0,8,283,20
O,mixed_endpoint_30039,0,5,2,0,0,0,0,0,3,290,15
previous_best,mixed_endpoint_30039,0,0,0,0,0,0,0,0,7,279,19
JS,mixed_endpoint_30039,15,0,0,13,0,0,0,0,10,286,22
JSO_compact_dopt,mixed_endpoint_30038,16,10,3,16,0,0,0,0,7,286,19
SO,mixed_endpoint_30039,16,6,2,15,0,0,0,0,4,298,16
insert80,mixed_endpoint_30039,0,0,0,0,0,0,0,0,6,287,18
JO,mixed_endpoint_30039,0,8,1,0,0,0,0,0,7,283,19
insert200,mixed_endpoint_30039,0,0,0,0,0,0,0,0,9,292,21
JSO,mixed_endpoint_30039,14,8,2,12,0,0,0,0,6,285,18
insert400,mixed_endpoint_30039,0,0,0,0,0,0,0,0,6,300,18
aligned,mixed_endpoint_30039,0,0,0,0,0,0,0,0,3,305,15
bracket,mixed_endpoint_30039,0,0,0,0,0,0,0,0,4,296,16
optical2,mixed_endpoint_30039,0,0,0,0,0,0,0,0,3,290,15
doptimal,mixed_endpoint_30039,0,0,0,0,0,0,0,0,3,305,15
optical4,mixed_endpoint_30039,0,0,0,0,1,1,4,1,2,292,14
short_clear,mixed_endpoint_30039,0,0,0,0,0,0,0,0,3,283,15
JSO_p85,mixed_endpoint_30039,11,8,1,10,0,0,0,0,7,285,19
JSO_r160,mixed_endpoint_30039,13,9,3,11,0,0,0,0,6,281,18
JSO_r120,mixed_endpoint_30039,14,8,2,12,0,0,0,0,6,283,18
JSO_p50,mixed_endpoint_30039,17,8,0,14,0,0,0,0,8,291,20
JSO_compact,mixed_endpoint_30039,14,9,3,12,0,0,0,0,6,284,18
JSO_outer1980,mixed_endpoint_30039,14,9,2,12,0,0,0,0,7,286,19
S_doptimal,mixed_endpoint_30039,15,0,0,15,0,0,0,0,5,290,17
S_dopt_short,mixed_endpoint_30039,15,0,0,15,0,0,0,0,5,289,17
SO_doptimal,mixed_endpoint_30039,15,8,1,14,0,0,0,0,7,289,19
J,mixed_endpoint_30040,0,0,0,0,0,0,0,0,8,264,23
previous_best,mixed_endpoint_30040,0,0,0,0,0,0,0,0,11,264,26
baseline,mixed_endpoint_30040,0,0,0,0,0,0,0,0,2,248,17
JS,mixed_endpoint_30040,22,0,0,21,0,0,0,0,7,228,22
S,mixed_endpoint_30040,24,0,0,24,0,0,0,0,4,235,19
O,mixed_endpoint_30040,0,5,1,0,0,0,0,0,4,273,19
JO,mixed_endpoint_30040,0,9,3,0,0,0,0,0,6,263,21
JSO_compact_dopt,mixed_endpoint_30039,11,9,4,10,0,0,0,0,5,274,17
insert80,mixed_endpoint_30040,0,0,0,0,0,0,0,0,8,263,23
aligned,mixed_endpoint_30040,0,0,0,0,0,0,0,0,4,246,19
SO,mixed_endpoint_30040,19,10,4,18,0,0,0,0,6,231,21
insert200,mixed_endpoint_30040,0,0,0,0,0,0,0,0,5,261,20
JSO,mixed_endpoint_30040,22,9,3,21,0,0,0,0,6,228,21
insert400,mixed_endpoint_30040,0,0,0,0,0,0,0,0,6,253,21
bracket,mixed_endpoint_30040,0,0,0,0,0,0,0,0,2,248,17
optical4,mixed_endpoint_30040,0,0,0,0,0,0,0,0,2,248,17
optical2,mixed_endpoint_30040,0,0,0,0,0,0,0,0,2,248,17
doptimal,mixed_endpoint_30040,0,0,0,0,0,0,0,0,4,251,19
JSO_p85,mixed_endpoint_30040,14,9,4,13,0,0,0,0,5,260,20
JSO_r160,mixed_endpoint_30040,19,10,4,17,0,0,0,0,6,220,21
JSO_p50,mixed_endpoint_30040,31,8,2,25,0,0,0,0,6,257,21
short_clear,mixed_endpoint_30040,0,0,0,0,0,0,0,0,2,248,17
JSO_compact,mixed_endpoint_30040,23,8,2,21,0,0,0,0,6,255,21
JSO_r120,mixed_endpoint_30040,20,12,5,18,0,0,0,0,7,227,22
JSO_outer1980,mixed_endpoint_30040,22,9,3,21,0,0,0,0,6,227,21
SO_doptimal,mixed_endpoint_30040,12,7,3,12,0,0,0,0,4,245,19
J,mixed_endpoint_30041,0,0,0,0,0,0,0,0,4,302,17
baseline,mixed_endpoint_30041,0,0,0,0,0,0,0,0,7,305,20
O,mixed_endpoint_30041,0,6,0,0,0,0,0,0,6,305,19
S_doptimal,mixed_endpoint_30040,15,0,0,15,0,0,0,0,5,260,20
S,mixed_endpoint_30041,21,0,0,20,0,0,0,0,7,303,20
previous_best,mixed_endpoint_30041,0,0,0,0,0,0,0,0,8,311,21
S_dopt_short,mixed_endpoint_30040,15,0,0,15,0,0,0,0,6,262,21
JSO_compact_dopt,mixed_endpoint_30040,17,9,4,16,0,0,0,0,5,217,20
JS,mixed_endpoint_30041,21,0,0,19,0,0,0,0,6,302,19
JO,mixed_endpoint_30041,0,5,1,0,0,0,0,0,4,302,17
insert80,mixed_endpoint_30041,0,0,0,0,0,0,0,0,2,296,15
SO,mixed_endpoint_30041,16,4,1,15,0,0,0,0,3,301,16
JSO,mixed_endpoint_30041,19,9,2,17,0,0,0,0,7,301,20
aligned,mixed_endpoint_30041,0,0,0,0,0,0,0,0,5,281,18
insert400,mixed_endpoint_30041,0,0,0,0,0,0,0,0,3,301,16
insert200,mixed_endpoint_30041,0,0,0,0,0,0,0,0,3,293,16
bracket,mixed_endpoint_30041,0,0,0,0,0,0,0,0,7,304,20
doptimal,mixed_endpoint_30041,0,0,0,0,0,0,0,0,5,268,18
optical2,mixed_endpoint_30041,0,0,0,0,0,0,0,0,7,305,20
JSO_p50,mixed_endpoint_30041,22,9,2,18,0,0,0,0,7,304,20
optical4,mixed_endpoint_30041,0,0,0,0,3,3,12,3,11,302,24
short_clear,mixed_endpoint_30041,0,0,0,0,0,0,0,0,5,304,18
JSO_p85,mixed_endpoint_30041,13,9,1,13,0,0,0,0,8,292,21
JSO_r120,mixed_endpoint_30041,18,11,2,16,0,0,0,0,9,304,22
JSO_compact,mixed_endpoint_30041,15,8,2,15,0,0,0,0,6,259,19
JSO_r160,mixed_endpoint_30041,17,13,3,15,0,0,0,0,10,304,23
JSO_outer1980,mixed_endpoint_30041,19,9,2,17,0,0,0,0,7,301,20
S_doptimal,mixed_endpoint_30041,15,0,0,14,0,0,0,0,4,300,17
J,mixed_endpoint_30042,0,0,0,0,0,0,0,0,2,306,15
previous_best,mixed_endpoint_30042,0,0,0,0,0,0,0,0,3,293,16
S_dopt_short,mixed_endpoint_30041,18,0,0,17,0,0,0,0,3,299,16
baseline,mixed_endpoint_30042,0,0,0,0,0,0,0,0,3,313,16
JSO_compact_dopt,mixed_endpoint_30041,16,9,3,15,0,0,0,0,6,280,19
S,mixed_endpoint_30042,17,0,0,16,0,0,0,0,5,320,18
SO_doptimal,mixed_endpoint_30041,8,7,4,8,0,0,0,0,3,267,16
JS,mixed_endpoint_30042,16,0,0,13,0,0,0,0,3,306,16
O,mixed_endpoint_30042,0,4,3,0,0,0,0,0,1,313,14
JO,mixed_endpoint_30042,0,4,2,0,0,0,0,0,2,306,15
JSO,mixed_endpoint_30042,16,7,3,13,0,0,0,0,4,306,17
SO,mixed_endpoint_30042,13,8,2,12,0,0,0,0,6,273,19
insert80,mixed_endpoint_30042,0,0,0,0,0,0,0,0,4,312,17
insert200,mixed_endpoint_30042,0,0,0,0,0,0,0,0,3,311,16
aligned,mixed_endpoint_30042,0,0,0,0,0,0,0,0,1,310,14
bracket,mixed_endpoint_30042,0,0,0,0,0,0,0,0,2,309,15
insert400,mixed_endpoint_30042,0,0,0,0,0,0,0,0,4,315,17
JSO_p50,mixed_endpoint_30042,17,7,3,14,0,0,0,0,4,308,17
optical2,mixed_endpoint_30042,0,0,0,0,0,0,0,0,3,313,16
optical4,mixed_endpoint_30042,0,0,0,0,1,1,4,1,5,312,18
JSO_p85,mixed_endpoint_30042,12,5,1,10,0,0,0,0,4,305,17
JSO_r120,mixed_endpoint_30042,13,8,2,11,0,0,0,0,6,306,19
JSO_r160,mixed_endpoint_30042,13,8,2,11,0,0,0,0,6,306,19
short_clear,mixed_endpoint_30042,0,0,0,0,0,0,0,0,3,313,16
doptimal,mixed_endpoint_30042,0,0,0,0,0,0,0,0,4,273,17
JSO_outer1980,mixed_endpoint_30042,16,7,3,13,0,0,0,0,4,306,17
JSO_compact,mixed_endpoint_30042,14,9,3,13,0,0,0,0,6,280,19
J,mixed_endpoint_30043,0,0,0,0,0,0,0,0,2,295,12
previous_best,mixed_endpoint_30043,0,0,0,0,0,0,0,0,3,295,13
baseline,mixed_endpoint_30043,0,0,0,0,0,0,0,0,2,295,12
O,mixed_endpoint_30043,0,6,4,0,0,0,0,0,2,295,12
SO_doptimal,mixed_endpoint_30042,13,6,3,13,0,0,0,0,3,302,16
JS,mixed_endpoint_30043,19,0,0,18,0,0,0,0,3,305,13
JO,mixed_endpoint_30043,0,6,4,0,0,0,0,0,2,295,12
S,mixed_endpoint_30043,16,0,0,16,0,0,0,0,5,312,15
S_doptimal,mixed_endpoint_30042,17,0,0,17,0,0,0,0,5,309,18
JSO,mixed_endpoint_30043,17,7,2,16,0,0,0,0,5,303,15
JSO_compact_dopt,mixed_endpoint_30042,14,7,3,13,0,0,0,0,4,306,17
SO,mixed_endpoint_30043,14,4,2,13,0,0,0,0,2,300,12
S_dopt_short,mixed_endpoint_30042,15,0,0,15,0,0,0,0,6,312,19
insert80,mixed_endpoint_30043,0,0,0,0,0,0,0,0,2,297,12
insert200,mixed_endpoint_30043,0,0,0,0,0,0,0,0,5,296,15
insert400,mixed_endpoint_30043,0,0,0,0,0,0,0,0,5,294,15
aligned,mixed_endpoint_30043,0,0,0,0,0,0,0,0,5,306,15
bracket,mixed_endpoint_30043,0,0,0,0,0,0,0,0,2,295,12
optical4,mixed_endpoint_30043,0,0,0,0,1,1,4,1,3,294,13
optical2,mixed_endpoint_30043,0,0,0,0,0,0,0,0,2,295,12
short_clear,mixed_endpoint_30043,0,0,0,0,0,0,0,0,2,295,12
JSO_p50,mixed_endpoint_30043,15,7,2,14,0,0,0,0,5,322,15
doptimal,mixed_endpoint_30043,0,0,0,0,0,0,0,0,2,293,12
JSO_r120,mixed_endpoint_30043,15,8,2,14,0,0,0,0,6,301,16
JSO_p85,mixed_endpoint_30043,17,6,1,16,0,0,0,0,5,306,15
JSO_r160,mixed_endpoint_30043,14,8,1,13,0,0,0,0,7,300,17
JSO_compact,mixed_endpoint_30043,17,7,2,16,0,0,0,0,5,303,15
JSO_outer1980,mixed_endpoint_30043,15,6,2,14,0,0,0,0,4,301,14
previous_best,mixed_endpoint_30044,0,0,0,0,0,0,0,0,9,250,24
J,mixed_endpoint_30044,0,0,0,0,0,0,0,0,8,251,23
JSO_compact_dopt,mixed_endpoint_30043,15,7,4,14,0,0,0,0,3,299,13
S_doptimal,mixed_endpoint_30043,23,0,0,22,0,0,0,0,7,315,17
S_dopt_short,mixed_endpoint_30043,23,0,0,22,0,0,0,0,6,314,16
SO_doptimal,mixed_endpoint_30043,17,8,1,15,0,0,0,0,7,310,17
JS,mixed_endpoint_30044,24,0,0,24,0,0,0,0,9,256,24
baseline,mixed_endpoint_30044,0,0,0,0,0,0,0,0,5,215,20
S,mixed_endpoint_30044,17,0,0,17,0,0,0,0,5,279,20
O,mixed_endpoint_30044,0,2,1,0,0,0,0,0,1,214,16
JO,mixed_endpoint_30044,0,9,3,0,0,0,0,0,6,251,21
JSO,mixed_endpoint_30044,21,9,1,21,0,0,0,0,8,254,23
insert200,mixed_endpoint_30044,0,0,0,0,0,0,0,0,4,244,19
insert80,mixed_endpoint_30044,0,0,0,0,0,0,0,0,6,246,21
SO,mixed_endpoint_30044,17,8,1,17,0,0,0,0,7,269,22
insert400,mixed_endpoint_30044,0,0,0,0,0,0,0,0,4,245,19
aligned,mixed_endpoint_30044,0,0,0,0,0,0,0,0,4,250,19
bracket,mixed_endpoint_30044,0,0,0,0,0,0,0,0,7,244,22
optical2,mixed_endpoint_30044,0,0,0,0,0,0,0,0,5,215,20
JSO_p50,mixed_endpoint_30044,22,9,1,21,0,0,0,0,8,255,23
short_clear,mixed_endpoint_30044,0,0,0,0,0,0,0,0,4,249,19
optical4,mixed_endpoint_30044,0,0,0,0,2,2,8,2,8,213,23
JSO_p85,mixed_endpoint_30044,22,11,1,22,0,0,0,0,10,256,25
JSO_r120,mixed_endpoint_30044,19,12,2,18,0,0,0,0,10,256,25
doptimal,mixed_endpoint_30044,0,0,0,0,0,0,0,0,5,256,20
JSO_compact,mixed_endpoint_30044,21,9,2,21,0,0,0,0,7,253,22
JSO_r160,mixed_endpoint_30044,18,12,2,17,0,0,0,0,10,254,25
JSO_outer1980,mixed_endpoint_30044,21,9,2,21,0,0,0,0,7,253,22
previous_best,mixed_endpoint_30045,0,0,0,0,0,0,0,0,7,75,23
baseline,mixed_endpoint_30045,0,0,0,0,0,0,0,0,5,145,21
S_doptimal,mixed_endpoint_30044,16,0,0,16,0,0,0,0,4,259,19
SO_doptimal,mixed_endpoint_30044,13,8,3,13,0,0,0,0,5,255,20
S_dopt_short,mixed_endpoint_30044,16,0,0,16,0,0,0,0,4,259,19
J,mixed_endpoint_30045,0,0,0,0,0,0,0,0,5,74,21
JSO_compact_dopt,mixed_endpoint_30044,22,12,4,22,0,0,0,0,8,262,23
S,mixed_endpoint_30045,20,0,0,18,0,0,0,0,9,163,25
O,mixed_endpoint_30045,0,9,6,0,0,0,0,0,3,143,19
JS,mixed_endpoint_30045,19,0,0,18,0,0,0,0,11,120,27
JO,mixed_endpoint_30045,0,8,3,0,0,0,0,0,5,76,21
JSO,mixed_endpoint_30045,19,11,1,17,0,0,0,0,10,122,26
insert200,mixed_endpoint_30045,0,0,0,0,0,0,0,0,5,125,21
insert80,mixed_endpoint_30045,0,0,0,0,0,0,0,0,5,124,21
insert400,mixed_endpoint_30045,0,0,0,0,0,0,0,0,5,125,21
SO,mixed_endpoint_30045,17,10,2,15,0,0,0,0,8,161,24
aligned,mixed_endpoint_30045,0,0,0,0,0,0,0,0,4,86,20
bracket,mixed_endpoint_30045,0,0,0,0,0,0,0,0,5,145,21
optical2,mixed_endpoint_30045,0,0,0,0,0,0,0,0,5,145,21
optical4,mixed_endpoint_30045,0,0,0,0,1,1,4,1,7,144,23
short_clear,mixed_endpoint_30045,0,0,0,0,0,0,0,0,5,145,21
JSO_p50,mixed_endpoint_30045,21,14,4,20,0,0,0,0,10,123,26
JSO_compact,mixed_endpoint_30045,19,12,2,17,0,0,0,0,10,126,26
JSO_p85,mixed_endpoint_30045,15,12,2,13,0,0,0,0,10,129,26
JSO_r120,mixed_endpoint_30045,19,11,1,17,0,0,0,0,10,122,26
JSO_r160,mixed_endpoint_30045,19,12,1,17,0,0,0,0,11,123,27
doptimal,mixed_endpoint_30045,0,0,0,0,0,0,0,0,5,108,21
JSO_outer1980,mixed_endpoint_30045,19,11,1,17,0,0,0,0,10,122,26
J,mixed_endpoint_30046,0,0,0,0,0,0,0,0,3,274,17
previous_best,mixed_endpoint_30046,0,0,0,0,0,0,0,0,8,278,22
baseline,mixed_endpoint_30046,0,0,0,0,0,0,0,0,6,257,20
S_doptimal,mixed_endpoint_30045,24,0,0,20,0,0,0,0,5,166,21
JS,mixed_endpoint_30046,18,0,0,17,0,0,0,0,7,287,21
S,mixed_endpoint_30046,16,0,0,14,0,0,0,0,3,236,17
JSO_compact_dopt,mixed_endpoint_30045,19,14,5,17,0,0,0,0,9,125,25
O,mixed_endpoint_30046,0,6,1,0,0,0,0,0,5,257,19
JO,mixed_endpoint_30046,0,6,3,0,0,0,0,0,3,274,17
SO_doptimal,mixed_endpoint_30045,18,9,4,14,0,0,0,0,5,116,21
S_dopt_short,mixed_endpoint_30045,29,0,0,24,0,0,0,0,8,140,24
JSO,mixed_endpoint_30046,17,11,2,15,0,0,0,0,9,287,23
insert80,mixed_endpoint_30046,0,0,0,0,0,0,0,0,8,265,22
SO,mixed_endpoint_30046,14,8,5,12,0,0,0,0,3,232,17
insert400,mixed_endpoint_30046,0,0,0,0,0,0,0,0,7,226,21
insert200,mixed_endpoint_30046,0,0,0,0,0,0,0,0,10,270,24
bracket,mixed_endpoint_30046,0,0,0,0,0,0,0,0,6,257,20
optical2,mixed_endpoint_30046,0,0,0,0,0,0,0,0,6,257,20
optical4,mixed_endpoint_30046,0,0,0,0,3,3,12,3,7,252,21
short_clear,mixed_endpoint_30046,0,0,0,0,0,0,0,0,6,257,20
aligned,mixed_endpoint_30046,0,0,0,0,0,0,0,0,10,302,24
JSO_r120,mixed_endpoint_30046,17,11,2,15,0,0,0,0,9,287,23
JSO_p50,mixed_endpoint_30046,17,11,1,15,0,0,0,0,10,289,24
JSO_p85,mixed_endpoint_30046,14,10,1,13,0,0,0,0,9,290,23
JSO_r160,mixed_endpoint_30046,17,11,2,15,0,0,0,0,9,287,23
doptimal,mixed_endpoint_30046,0,0,0,0,0,0,0,0,5,277,19
JSO_outer1980,mixed_endpoint_30046,17,11,2,15,0,0,0,0,9,287,23
JSO_compact,mixed_endpoint_30046,16,12,3,14,0,0,0,0,9,277,23
baseline,mixed_endpoint_30047,0,0,0,0,0,0,0,0,3,317,13
J,mixed_endpoint_30047,0,0,0,0,0,0,0,0,7,307,17
previous_best,mixed_endpoint_30047,0,0,0,0,0,0,0,0,9,308,19
S,mixed_endpoint_30047,7,0,0,7,0,0,0,0,3,328,13
O,mixed_endpoint_30047,0,3,0,0,0,0,0,0,3,320,13
JS,mixed_endpoint_30047,10,0,0,10,0,0,0,0,7,308,17
SO_doptimal,mixed_endpoint_30046,9,10,3,9,0,0,0,0,7,289,21
insert80,mixed_endpoint_30047,0,0,0,0,0,0,0,0,3,304,13
S_doptimal,mixed_endpoint_30046,15,0,0,15,0,0,0,0,5,302,19
JSO_compact_dopt,mixed_endpoint_30046,17,10,4,15,0,0,0,0,6,278,20
JO,mixed_endpoint_30047,0,6,1,0,0,0,0,0,5,308,15
S_dopt_short,mixed_endpoint_30046,17,0,0,16,0,0,0,0,3,300,17
SO,mixed_endpoint_30047,7,3,1,7,0,0,0,0,2,328,12
JSO,mixed_endpoint_30047,9,9,1,9,0,0,0,0,8,310,18
insert200,mixed_endpoint_30047,0,0,0,0,0,0,0,0,3,306,13
insert400,mixed_endpoint_30047,0,0,0,0,0,0,0,0,4,310,14
bracket,mixed_endpoint_30047,0,0,0,0,0,0,0,0,3,317,13
optical4,mixed_endpoint_30047,0,0,0,0,3,3,12,3,7,314,17
aligned,mixed_endpoint_30047,0,0,0,0,0,0,0,0,3,319,13
optical2,mixed_endpoint_30047,0,0,0,0,0,0,0,0,3,317,13
short_clear,mixed_endpoint_30047,0,0,0,0,0,0,0,0,3,317,13
JSO_p50,mixed_endpoint_30047,10,9,1,9,0,0,0,0,8,311,18
JSO_p85,mixed_endpoint_30047,8,7,1,8,0,0,0,0,6,308,16
JSO_r160,mixed_endpoint_30047,9,10,2,9,0,0,0,0,8,309,18
JSO_r120,mixed_endpoint_30047,9,9,1,9,0,0,0,0,8,310,18
doptimal,mixed_endpoint_30047,0,0,0,0,0,0,0,0,5,315,15
JSO_outer1980,mixed_endpoint_30047,9,9,1,9,0,0,0,0,8,310,18
JSO_compact,mixed_endpoint_30047,9,7,1,9,0,0,0,0,6,308,16
S_doptimal,mixed_endpoint_30047,12,0,0,12,0,1,38,0,14,323,24
SO_doptimal,mixed_endpoint_30047,9,3,0,8,0,0,0,0,3,314,13
S_dopt_short,mixed_endpoint_30047,10,0,0,10,0,0,0,0,3,319,13
previous_best,mixed_endpoint_30048,0,0,0,0,0,0,0,0,6,231,19
JSO_compact_dopt,mixed_endpoint_30047,9,6,1,9,0,0,0,0,5,305,15
JS,mixed_endpoint_30048,19,0,0,19,0,0,0,0,3,235,16
J,mixed_endpoint_30048,0,0,0,0,0,0,0,0,5,233,18
baseline,mixed_endpoint_30048,0,0,0,0,0,0,0,0,5,274,18
O,mixed_endpoint_30048,0,5,3,0,0,0,0,0,2,273,15
S,mixed_endpoint_30048,24,0,0,22,0,0,0,0,5,260,18
JO,mixed_endpoint_30048,0,5,1,0,0,0,0,0,4,232,17
JSO,mixed_endpoint_30048,17,8,3,16,0,0,0,0,5,234,18
insert80,mixed_endpoint_30048,0,0,0,0,0,0,0,0,3,239,16
SO,mixed_endpoint_30048,17,9,1,15,0,0,0,0,8,256,21
insert200,mixed_endpoint_30048,0,0,0,0,0,0,0,0,7,238,20
aligned,mixed_endpoint_30048,0,0,0,0,0,0,0,0,4,246,17
insert400,mixed_endpoint_30048,0,0,0,0,0,0,0,0,6,245,19
bracket,mixed_endpoint_30048,0,0,0,0,0,0,0,0,5,274,18
optical2,mixed_endpoint_30048,0,0,0,0,0,0,0,0,5,274,18
doptimal,mixed_endpoint_30048,0,0,0,0,0,0,0,0,6,254,19
optical4,mixed_endpoint_30048,0,0,0,0,2,2,8,2,8,272,21
JSO_p50,mixed_endpoint_30048,18,6,1,17,0,0,0,0,5,235,18
short_clear,mixed_endpoint_30048,0,0,0,0,0,0,0,0,5,274,18
JSO_p85,mixed_endpoint_30048,16,7,3,16,0,0,0,0,4,236,17
JSO_r120,mixed_endpoint_30048,16,10,2,15,0,0,0,0,8,233,21
JSO_compact,mixed_endpoint_30048,17,8,3,16,0,0,0,0,5,234,18
JSO_r160,mixed_endpoint_30048,16,10,2,15,0,0,0,0,8,233,21
JSO_outer1980,mixed_endpoint_30048,17,8,3,16,0,0,0,0,5,234,18
J,mixed_endpoint_30049,0,0,0,0,0,0,0,0,3,361,14
previous_best,mixed_endpoint_30049,0,0,0,0,0,0,0,0,3,360,14
baseline,mixed_endpoint_30049,0,0,0,0,0,0,0,0,2,362,13
O,mixed_endpoint_30049,0,2,0,0,0,0,0,0,2,362,13
S,mixed_endpoint_30049,4,0,0,4,0,0,0,0,2,363,13
JS,mixed_endpoint_30049,9,0,0,9,0,0,0,0,2,362,13
S_doptimal,mixed_endpoint_30048,17,0,0,17,0,0,0,0,3,257,16
JSO_compact_dopt,mixed_endpoint_30048,16,7,4,15,0,0,0,0,3,234,16
SO_doptimal,mixed_endpoint_30048,13,8,2,12,0,0,0,0,6,279,19
JO,mixed_endpoint_30049,0,6,2,0,0,0,0,0,4,362,15
S_dopt_short,mixed_endpoint_30048,17,0,0,17,0,0,0,0,5,254,18
SO,mixed_endpoint_30049,4,1,0,4,0,0,0,0,1,363,12
JSO,mixed_endpoint_30049,9,6,2,9,0,0,0,0,4,365,15
insert200,mixed_endpoint_30049,0,0,0,0,0,0,0,0,2,362,13
insert400,mixed_endpoint_30049,0,0,0,0,0,0,0,0,5,354,16
insert80,mixed_endpoint_30049,0,0,0,0,0,0,0,0,3,327,14
bracket,mixed_endpoint_30049,0,0,0,0,0,0,0,0,2,365,13
optical2,mixed_endpoint_30049,0,0,0,0,0,0,0,0,2,362,13
JSO_p50,mixed_endpoint_30049,10,6,2,9,0,0,0,0,4,366,15
JSO_p85,mixed_endpoint_30049,8,6,3,8,0,0,0,0,3,362,14
optical4,mixed_endpoint_30049,0,0,0,0,0,0,0,0,2,362,13
short_clear,mixed_endpoint_30049,0,0,0,0,0,0,0,0,1,362,12
aligned,mixed_endpoint_30049,0,0,0,0,0,0,0,0,2,370,13
doptimal,mixed_endpoint_30049,0,0,0,0,0,0,0,0,1,370,12
JSO_r120,mixed_endpoint_30049,9,7,2,9,0,0,0,0,5,365,16
JSO_r160,mixed_endpoint_30049,9,7,2,9,0,0,0,0,5,365,16
JSO_compact,mixed_endpoint_30049,8,7,2,8,0,0,0,0,5,366,16
JSO_outer1980,mixed_endpoint_30049,11,5,2,9,0,0,0,0,3,368,14
S_dopt_short,mixed_endpoint_30049,7,0,0,6,0,0,0,0,3,371,14
JSO_compact_dopt,mixed_endpoint_30049,11,7,4,9,0,0,0,0,3,359,14
S_doptimal,mixed_endpoint_30049,7,0,0,6,0,0,0,0,3,371,14
J,mixed_endpoint_30050,0,0,0,0,0,0,0,0,6,271,21
previous_best,mixed_endpoint_30050,0,0,0,0,0,0,0,0,6,275,21
S,mixed_endpoint_30050,27,0,0,26,0,0,0,0,4,225,19
SO_doptimal,mixed_endpoint_30049,9,5,1,9,0,0,0,0,4,374,15
baseline,mixed_endpoint_30050,0,0,0,0,0,0,0,0,8,219,23
JS,mixed_endpoint_30050,27,0,0,25,0,0,0,0,2,274,17
O,mixed_endpoint_30050,0,7,1,0,0,0,0,0,6,219,21
JO,mixed_endpoint_30050,0,8,2,0,0,0,0,0,6,272,21
JSO,mixed_endpoint_30050,26,6,1,23,0,0,0,0,5,277,20
SO,mixed_endpoint_30050,26,7,2,25,0,0,0,0,5,224,20
insert80,mixed_endpoint_30050,0,0,0,0,0,0,0,0,3,273,18
insert400,mixed_endpoint_30050,0,0,0,0,0,0,0,0,10,272,25
aligned,mixed_endpoint_30050,0,0,0,0,0,0,0,0,6,252,21
insert200,mixed_endpoint_30050,0,0,0,0,0,0,0,0,7,288,22
bracket,mixed_endpoint_30050,0,0,0,0,0,0,0,0,3,211,18
JSO_p85,mixed_endpoint_30050,21,8,2,20,0,0,0,0,6,274,21
optical4,mixed_endpoint_30050,0,0,0,0,4,4,16,4,12,214,27
optical2,mixed_endpoint_30050,0,0,0,0,0,0,0,0,8,219,23
JSO_p50,mixed_endpoint_30050,30,7,1,26,0,0,0,0,6,284,21
JSO_r120,mixed_endpoint_30050,23,10,3,21,0,0,0,0,7,275,22
JSO_r160,mixed_endpoint_30050,23,10,3,21,0,0,0,0,7,275,22
short_clear,mixed_endpoint_30050,0,0,0,0,0,0,0,0,8,219,23
JSO_compact,mixed_endpoint_30050,25,9,3,23,0,0,0,0,6,278,21
doptimal,mixed_endpoint_30050,0,0,0,0,0,0,0,0,6,238,21
JSO_outer1980,mixed_endpoint_30050,21,9,4,20,0,0,0,0,5,268,20
previous_best,mixed_endpoint_30051,0,0,0,0,0,0,0,0,3,368,13
baseline,mixed_endpoint_30051,0,0,0,0,0,0,0,0,3,367,13
J,mixed_endpoint_30051,0,0,0,0,0,0,0,0,5,373,15
O,mixed_endpoint_30051,0,4,1,0,0,0,0,0,3,367,13
JS,mixed_endpoint_30051,12,0,0,11,0,0,0,0,5,375,15
S,mixed_endpoint_30051,12,0,0,11,0,0,0,0,2,372,12
JO,mixed_endpoint_30051,0,6,2,0,0,0,0,0,4,373,14
JSO_compact_dopt,mixed_endpoint_30050,23,6,1,20,0,0,0,0,5,275,20
S_doptimal,mixed_endpoint_30050,26,0,0,25,0,0,0,0,6,259,21
S_dopt_short,mixed_endpoint_30050,25,0,0,25,0,0,0,0,6,258,21
SO,mixed_endpoint_30051,8,5,1,7,0,0,0,0,4,372,14
insert200,mixed_endpoint_30051,0,0,0,0,0,0,0,0,3,389,13
JSO,mixed_endpoint_30051,13,6,2,11,0,0,0,0,4,377,14
insert80,mixed_endpoint_30051,0,0,0,0,0,1,40,0,37,349,47
insert400,mixed_endpoint_30051,0,0,0,0,0,0,0,0,2,317,12
SO_doptimal,mixed_endpoint_30050,27,7,0,26,0,0,0,0,7,267,22
aligned,mixed_endpoint_30051,0,0,0,0,0,0,0,0,4,338,14
optical2,mixed_endpoint_30051,0,0,0,0,0,0,0,0,3,367,13
bracket,mixed_endpoint_30051,0,0,0,0,0,0,0,0,3,355,13
optical4,mixed_endpoint_30051,0,0,0,0,1,1,4,1,3,366,13
doptimal,mixed_endpoint_30051,0,0,0,0,0,0,0,0,3,326,13
JSO_p85,mixed_endpoint_30051,7,4,1,7,0,0,0,0,3,373,13
JSO_p50,mixed_endpoint_30051,15,6,2,11,0,0,0,0,4,378,14
short_clear,mixed_endpoint_30051,0,0,0,0,0,0,0,0,3,367,13
JSO_r120,mixed_endpoint_30051,11,7,2,9,0,0,0,0,5,376,15
JSO_r160,mixed_endpoint_30051,11,7,2,9,0,0,0,0,5,376,15
JSO_compact,mixed_endpoint_30051,14,6,2,11,0,0,0,0,4,378,14
JSO_outer1980,mixed_endpoint_30051,13,6,2,11,0,0,0,0,4,377,14
S_doptimal,mixed_endpoint_30051,6,0,0,6,0,0,0,0,4,328,14
SO_doptimal,mixed_endpoint_30051,9,4,1,8,0,0,0,0,3,383,13
JSO_compact_dopt,mixed_endpoint_30051,8,8,3,7,0,0,0,0,5,311,15
S_dopt_short,mixed_endpoint_30051,6,0,0,6,0,0,0,0,4,328,14
previous_best,mixed_endpoint_30052,0,0,0,0,0,0,0,0,6,226,22
J,mixed_endpoint_30052,0,0,0,0,0,0,0,0,6,227,22
baseline,mixed_endpoint_30052,0,0,0,0,0,0,0,0,9,206,25
S,mixed_endpoint_30052,22,0,0,20,0,0,0,0,7,219,23
O,mixed_endpoint_30052,0,11,3,0,0,0,0,0,8,207,24
JS,mixed_endpoint_30052,21,0,0,19,0,0,0,0,7,231,23
JO,mixed_endpoint_30052,0,8,3,0,0,0,0,0,5,226,21
SO,mixed_endpoint_30052,19,12,4,19,0,0,0,0,8,217,24
insert80,mixed_endpoint_30052,0,0,0,0,0,0,0,0,4,202,20
JSO,mixed_endpoint_30052,18,9,1,16,0,0,0,0,8,230,24
aligned,mixed_endpoint_30052,0,0,0,0,0,0,0,0,4,181,20
insert200,mixed_endpoint_30052,0,0,0,0,0,0,0,0,4,202,20
insert400,mixed_endpoint_30052,0,0,0,0,0,0,0,0,6,203,22
bracket,mixed_endpoint_30052,0,0,0,0,0,0,0,0,10,209,26
JSO_p85,mixed_endpoint_30052,11,8,3,10,0,0,0,0,5,161,21
optical2,mixed_endpoint_30052,0,0,0,0,0,0,0,0,9,206,25
JSO_p50,mixed_endpoint_30052,18,9,1,16,0,0,0,0,8,230,24
optical4,mixed_endpoint_30052,0,0,0,0,2,2,8,2,9,198,25
JSO_r120,mixed_endpoint_30052,17,9,2,15,0,0,0,0,7,228,23
short_clear,mixed_endpoint_30052,0,0,0,0,0,0,0,0,9,206,25
JSO_compact,mixed_endpoint_30052,19,9,1,17,0,0,0,0,8,231,24
JSO_r160,mixed_endpoint_30052,17,9,2,15,0,0,0,0,7,228,23
doptimal,mixed_endpoint_30052,0,0,0,0,0,0,0,0,3,191,19
JSO_outer1980,mixed_endpoint_30052,19,9,2,17,0,0,0,0,7,230,23
previous_best,mixed_endpoint_30053,0,0,0,0,0,0,0,0,6,235,22
J,mixed_endpoint_30053,0,0,0,0,0,0,0,0,6,231,22
baseline,mixed_endpoint_30053,0,0,0,0,0,0,0,0,6,200,22
S,mixed_endpoint_30053,18,0,0,15,0,0,0,0,4,221,20
S_doptimal,mixed_endpoint_30052,19,0,0,19,0,0,0,0,7,209,23
O,mixed_endpoint_30053,0,7,2,0,0,0,0,0,5,223,21
S_dopt_short,mixed_endpoint_30052,29,0,0,28,0,0,0,0,6,217,22
JS,mixed_endpoint_30053,24,0,0,22,0,0,0,0,10,230,26
JSO_compact_dopt,mixed_endpoint_30052,19,10,1,17,0,0,0,0,9,232,25
SO_doptimal,mixed_endpoint_30052,19,11,4,17,0,0,0,0,7,201,23
JO,mixed_endpoint_30053,0,7,3,0,0,0,0,0,4,231,20
JSO,mixed_endpoint_30053,23,10,3,21,0,0,0,0,7,229,23
insert80,mixed_endpoint_30053,0,0,0,0,0,0,0,0,5,232,21
aligned,mixed_endpoint_30053,0,0,0,0,0,0,0,0,4,213,20
insert200,mixed_endpoint_30053,0,0,0,0,0,0,0,0,6,200,22
insert400,mixed_endpoint_30053,0,0,0,0,0,0,0,0,7,200,23
SO,mixed_endpoint_30053,17,8,1,14,0,0,0,0,7,230,23
bracket,mixed_endpoint_30053,0,0,0,0,0,0,0,0,5,184,21
optical2,mixed_endpoint_30053,0,0,0,0,0,0,0,0,6,200,22
optical4,mixed_endpoint_30053,0,0,0,0,2,2,8,2,5,195,21
JSO_p50,mixed_endpoint_30053,23,10,4,21,0,0,0,0,6,228,22
short_clear,mixed_endpoint_30053,0,0,0,0,0,0,0,0,6,200,22
JSO_r160,mixed_endpoint_30053,17,10,4,17,0,0,0,0,6,200,22
doptimal,mixed_endpoint_30053,0,0,0,0,0,0,0,0,4,247,20
JSO_r120,mixed_endpoint_30053,23,10,3,21,0,0,0,0,7,229,23
JSO_p85,mixed_endpoint_30053,12,10,2,12,0,0,0,0,8,237,24
JSO_compact,mixed_endpoint_30053,18,9,2,18,0,0,0,0,7,219,23
JSO_outer1980,mixed_endpoint_30053,17,10,3,16,0,0,0,0,7,232,23
baseline,mixed_endpoint_30054,0,0,0,0,0,0,0,0,2,189,18
S,mixed_endpoint_30054,16,0,0,15,0,0,0,0,3,213,19
J,mixed_endpoint_30054,0,0,0,0,0,0,0,0,11,184,27
O,mixed_endpoint_30054,0,7,4,0,0,0,0,0,3,190,19
previous_best,mixed_endpoint_30054,0,0,0,0,0,0,0,0,13,189,29
S_doptimal,mixed_endpoint_30053,13,0,0,13,0,0,0,0,9,253,25
JSO_compact_dopt,mixed_endpoint_30053,21,10,3,20,0,0,0,0,7,213,23
JS,mixed_endpoint_30054,26,0,0,24,0,0,0,0,9,190,25
SO_doptimal,mixed_endpoint_30053,10,12,5,10,0,0,0,0,7,215,23
JO,mixed_endpoint_30054,0,10,2,0,0,0,0,0,8,188,24
S_dopt_short,mixed_endpoint_30053,13,0,0,13,0,0,0,0,7,219,23
SO,mixed_endpoint_30054,19,9,0,19,0,0,0,0,9,170,25
insert80,mixed_endpoint_30054,0,0,0,0,0,0,0,0,7,194,23
insert400,mixed_endpoint_30054,0,0,0,0,0,0,0,0,7,199,23
insert200,mixed_endpoint_30054,0,0,0,0,0,0,0,0,7,177,23
JSO,mixed_endpoint_30054,22,11,2,20,0,0,0,0,9,188,25
bracket,mixed_endpoint_30054,0,0,0,0,0,0,0,0,2,189,18
aligned,mixed_endpoint_30054,0,0,0,0,0,0,0,0,7,217,23
optical2,mixed_endpoint_30054,0,0,0,0,0,0,0,0,2,189,18
optical4,mixed_endpoint_30054,0,0,0,0,0,0,0,0,2,189,18
short_clear,mixed_endpoint_30054,0,0,0,0,0,0,0,0,2,189,18
doptimal,mixed_endpoint_30054,0,0,0,0,0,0,0,0,6,217,22
JSO_r120,mixed_endpoint_30054,20,12,4,17,0,0,0,0,8,189,24
JSO_r160,mixed_endpoint_30054,20,12,4,17,0,0,0,0,8,189,24
JSO_p50,mixed_endpoint_30054,23,11,2,21,0,0,0,0,9,189,25
JSO_p85,mixed_endpoint_30054,20,12,2,19,0,0,0,0,10,188,26
JSO_compact,mixed_endpoint_30054,22,11,2,20,0,0,0,0,9,188,25
JSO_outer1980,mixed_endpoint_30054,18,10,1,17,0,0,0,0,9,182,25
previous_best,mixed_endpoint_30055,0,0,0,0,0,0,0,0,3,235,17
baseline,mixed_endpoint_30055,0,0,0,0,0,0,0,0,8,251,22
J,mixed_endpoint_30055,0,0,0,0,0,0,0,0,6,243,20
S,mixed_endpoint_30055,27,0,0,26,0,0,0,0,7,261,21
JS,mixed_endpoint_30055,22,0,0,21,0,0,0,0,2,250,16
JSO_compact_dopt,mixed_endpoint_30054,20,10,4,18,0,0,0,0,6,182,22
S_dopt_short,mixed_endpoint_30054,15,0,0,15,0,0,0,0,8,156,24
O,mixed_endpoint_30055,0,9,2,0,0,0,0,0,7,251,21
S_doptimal,mixed_endpoint_30054,15,0,0,15,0,0,0,0,8,156,24
SO_doptimal,mixed_endpoint_30054,14,8,0,14,0,0,0,0,8,156,24
JO,mixed_endpoint_30055,0,8,1,0,0,0,0,0,7,244,21
JSO,mixed_endpoint_30055,21,6,2,20,0,0,0,0,4,251,18
SO,mixed_endpoint_30055,22,8,1,19,0,0,0,0,7,263,21
insert80,mixed_endpoint_30055,0,0,0,0,0,0,0,0,4,237,18
insert200,mixed_endpoint_30055,0,0,0,0,0,0,0,0,3,236,17
insert400,mixed_endpoint_30055,0,0,0,0,0,0,0,0,3,242,17
aligned,mixed_endpoint_30055,0,0,0,0,0,0,0,0,7,247,21
bracket,mixed_endpoint_30055,0,0,0,0,0,0,0,0,10,253,24
short_clear,mixed_endpoint_30055,0,0,0,0,0,0,0,0,6,246,20
optical4,mixed_endpoint_30055,0,0,0,0,2,2,8,2,9,248,23
optical2,mixed_endpoint_30055,0,0,0,0,0,0,0,0,8,251,22
JSO_p50,mixed_endpoint_30055,20,7,3,17,0,0,0,0,4,244,18
JSO_p85,mixed_endpoint_30055,12,9,2,11,0,0,0,0,7,233,21
doptimal,mixed_endpoint_30055,0,0,0,0,0,0,0,0,3,256,17
JSO_r120,mixed_endpoint_30055,19,9,2,16,0,0,0,0,7,245,21
JSO_r160,mixed_endpoint_30055,19,10,2,16,0,0,0,0,8,244,22
JSO_outer1980,mixed_endpoint_30055,21,6,2,20,0,0,0,0,4,251,18
JSO_compact,mixed_endpoint_30055,21,6,0,17,0,0,0,0,6,253,20
SO_doptimal,mixed_endpoint_30055,12,5,1,10,0,0,0,0,4,254,18
baseline,mixed_endpoint_30056,0,0,0,0,0,0,0,0,7,257,22
J,mixed_endpoint_30056,0,0,0,0,0,0,0,0,7,249,22
S_doptimal,mixed_endpoint_30055,21,0,0,21,0,0,0,0,4,267,18
previous_best,mixed_endpoint_30056,0,0,0,0,0,0,0,0,6,252,21
JS,mixed_endpoint_30056,17,0,0,17,0,0,0,0,9,250,24
O,mixed_endpoint_30056,0,7,4,0,0,0,0,0,3,253,18
JSO_compact_dopt,mixed_endpoint_30055,22,8,1,18,0,0,0,0,7,256,21
S,mixed_endpoint_30056,20,0,0,19,0,0,0,0,7,295,22
S_dopt_short,mixed_endpoint_30055,20,0,0,20,0,0,0,0,3,270,17
JO,mixed_endpoint_30056,0,10,5,0,0,0,0,0,5,248,20
JSO,mixed_endpoint_30056,15,14,6,15,0,0,0,0,8,250,23
insert80,mixed_endpoint_30056,0,0,0,0,0,0,0,0,6,243,21
insert200,mixed_endpoint_30056,0,0,0,0,0,0,0,0,6,276,21
insert400,mixed_endpoint_30056,0,0,0,0,0,0,0,0,5,251,20
SO,mixed_endpoint_30056,18,10,2,16,0,0,0,0,8,297,23
optical2,mixed_endpoint_30056,0,0,0,0,0,0,0,0,7,257,22
aligned,mixed_endpoint_30056,0,0,0,0,0,0,0,0,5,264,20
bracket,mixed_endpoint_30056,0,0,0,0,0,0,0,0,7,257,22
short_clear,mixed_endpoint_30056,0,0,0,0,0,0,0,0,6,265,21
optical4,mixed_endpoint_30056,0,0,0,0,4,4,16,4,9,253,24
JSO_p50,mixed_endpoint_30056,18,15,6,18,0,0,0,0,9,254,24
JSO_r120,mixed_endpoint_30056,15,14,6,15,0,0,0,0,8,250,23
JSO_r160,mixed_endpoint_30056,16,14,5,16,0,0,0,0,9,250,24
JSO_p85,mixed_endpoint_30056,12,12,5,12,0,0,0,0,7,249,22
doptimal,mixed_endpoint_30056,0,0,0,0,0,0,0,0,5,298,20
JSO_compact,mixed_endpoint_30056,15,10,5,15,0,0,0,0,5,248,20
JSO_outer1980,mixed_endpoint_30056,14,14,6,14,0,0,0,0,8,251,23
S_doptimal,mixed_endpoint_30056,11,0,0,11,0,0,0,0,7,284,22
previous_best,mixed_endpoint_30057,0,0,0,0,0,0,0,0,8,243,24
J,mixed_endpoint_30057,0,0,0,0,0,0,0,0,10,223,26
S,mixed_endpoint_30057,15,0,0,14,0,0,0,0,5,178,21
JSO_compact_dopt,mixed_endpoint_30056,16,6,3,15,0,0,0,0,3,257,18
baseline,mixed_endpoint_30057,0,0,0,0,0,0,0,0,11,233,27
JS,mixed_endpoint_30057,26,0,0,24,0,0,0,0,6,232,22
SO_doptimal,mixed_endpoint_30056,10,10,3,10,0,0,0,0,7,284,22
S_dopt_short,mixed_endpoint_30056,11,0,0,11,0,0,0,0,7,284,22
O,mixed_endpoint_30057,0,13,4,0,0,0,0,0,9,233,25
JO,mixed_endpoint_30057,0,12,2,0,0,0,0,0,10,223,26
SO,mixed_endpoint_30057,15,13,3,14,0,0,0,0,10,182,26
JSO,mixed_endpoint_30057,23,11,3,20,0,0,0,0,8,235,24
insert400,mixed_endpoint_30057,0,0,0,0,0,0,0,0,7,266,23
insert80,mixed_endpoint_30057,0,0,0,0,0,0,0,0,6,287,22
aligned,mixed_endpoint_30057,0,0,0,0,0,1,8,0,13,225,29
insert200,mixed_endpoint_30057,0,0,0,0,0,0,0,0,6,286,22
bracket,mixed_endpoint_30057,0,0,0,0,0,0,0,0,11,233,27
doptimal,mixed_endpoint_30057,0,0,0,0,0,1,8,0,11,222,27
optical4,mixed_endpoint_30057,0,0,0,0,5,5,20,5,16,228,32
JSO_p50,mixed_endpoint_30057,23,12,3,21,0,0,0,0,9,215,25
optical2,mixed_endpoint_30057,0,0,0,0,0,0,0,0,11,233,27
JSO_r160,mixed_endpoint_30057,23,12,4,20,0,0,0,0,8,225,24
JSO_p85,mixed_endpoint_30057,20,13,3,17,0,0,0,0,10,218,26
short_clear,mixed_endpoint_30057,0,0,0,0,0,0,0,0,11,233,27
JSO_r120,mixed_endpoint_30057,23,11,4,20,0,0,0,0,7,225,23
JSO_outer1980,mixed_endpoint_30057,22,11,5,20,0,0,0,0,6,221,22
JSO_compact,mixed_endpoint_30057,23,11,5,22,0,0,0,0,6,227,22
J,mixed_endpoint_30058,0,0,0,0,0,0,0,0,3,332,13
baseline,mixed_endpoint_30058,0,0,0,0,0,0,0,0,3,335,13
previous_best,mixed_endpoint_30058,0,0,0,0,0,0,0,0,5,341,15
O,mixed_endpoint_30058,0,3,1,0,0,0,0,0,2,335,12
JS,mixed_endpoint_30058,12,0,0,12,0,0,0,0,3,336,13
S,mixed_endpoint_30058,12,0,0,11,0,0,0,0,2,300,12
S_doptimal,mixed_endpoint_30057,17,0,0,16,0,0,0,0,6,227,22
JO,mixed_endpoint_30058,0,3,1,0,0,0,0,0,2,332,12
S_dopt_short,mixed_endpoint_30057,20,0,0,19,0,0,0,0,7,238,23
SO_doptimal,mixed_endpoint_30057,12,7,2,12,0,0,0,0,5,231,21
JSO,mixed_endpoint_30058,11,4,1,11,0,0,0,0,3,334,13
JSO_compact_dopt,mixed_endpoint_30057,20,9,4,19,0,0,0,0,5,212,21
insert80,mixed_endpoint_30058,0,0,0,0,0,0,0,0,1,309,11
SO,mixed_endpoint_30058,12,3,0,11,0,0,0,0,3,301,13
insert400,mixed_endpoint_30058,0,0,0,0,0,0,0,0,1,312,11
insert200,mixed_endpoint_30058,0,0,0,0,0,0,0,0,1,311,11
aligned,mixed_endpoint_30058,0,0,0,0,0,0,0,0,3,301,13
doptimal,mixed_endpoint_30058,0,0,0,0,0,0,0,0,1,327,11
optical2,mixed_endpoint_30058,0,0,0,0,0,0,0,0,3,335,13
bracket,mixed_endpoint_30058,0,0,0,0,0,0,0,0,3,335,13
JSO_p85,mixed_endpoint_30058,11,3,0,11,0,0,0,0,3,335,13
optical4,mixed_endpoint_30058,0,0,0,0,0,0,0,0,3,335,13
JSO_p50,mixed_endpoint_30058,15,5,2,14,0,0,0,0,3,335,13
short_clear,mixed_endpoint_30058,0,0,0,0,0,0,0,0,3,335,13
JSO_r120,mixed_endpoint_30058,11,4,1,11,0,0,0,0,3,334,13
JSO_r160,mixed_endpoint_30058,11,5,1,11,0,0,0,0,4,333,14
JSO_compact,mixed_endpoint_30058,14,4,0,12,0,0,0,0,4,342,14
JSO_outer1980,mixed_endpoint_30058,11,4,1,11,0,0,0,0,3,334,13
S_doptimal,mixed_endpoint_30058,8,0,0,8,0,0,0,0,2,318,12
SO_doptimal,mixed_endpoint_30058,8,2,0,8,0,0,0,0,2,319,12
JSO_compact_dopt,mixed_endpoint_30058,15,5,0,13,0,0,0,0,5,342,15
J,mixed_endpoint_30059,0,0,0,0,0,0,0,0,1,227,15
S_dopt_short,mixed_endpoint_30058,8,0,0,8,0,0,0,0,2,318,12
previous_best,mixed_endpoint_30059,0,0,0,0,0,0,0,0,4,227,18
baseline,mixed_endpoint_30059,0,0,0,0,0,0,0,0,8,286,22
JS,mixed_endpoint_30059,18,0,0,14,0,0,0,0,3,255,17
S,mixed_endpoint_30059,14,0,0,13,0,0,0,0,7,289,21
O,mixed_endpoint_30059,0,8,1,0,0,0,0,0,7,286,21
JO,mixed_endpoint_30059,0,3,2,0,0,0,0,0,1,227,15
JSO,mixed_endpoint_30059,16,5,2,12,0,0,0,0,3,254,17
insert80,mixed_endpoint_30059,0,0,0,0,0,0,0,0,3,293,17
aligned,mixed_endpoint_30059,0,0,0,0,0,0,0,0,4,245,18
insert200,mixed_endpoint_30059,0,0,0,0,0,0,0,0,3,298,17
insert400,mixed_endpoint_30059,0,0,0,0,0,0,0,0,2,301,16
SO,mixed_endpoint_30059,15,10,3,13,0,0,0,0,7,253,21
bracket,mixed_endpoint_30059,0,0,0,0,0,1,4,0,8,281,22
optical2,mixed_endpoint_30059,0,0,0,0,0,0,0,0,8,286,22
doptimal,mixed_endpoint_30059,0,0,0,0,0,0,0,0,0,243,14
JSO_p50,mixed_endpoint_30059,16,5,2,12,0,0,0,0,3,254,17
optical4,mixed_endpoint_30059,0,0,0,0,2,2,8,2,11,284,25
JSO_r120,mixed_endpoint_30059,15,6,2,11,0,0,0,0,4,256,18
short_clear,mixed_endpoint_30059,0,0,0,0,0,0,0,0,8,286,22
JSO_r160,mixed_endpoint_30059,15,6,2,11,0,0,0,0,4,256,18
JSO_p85,mixed_endpoint_30059,11,8,2,9,0,0,0,0,6,245,20
JSO_compact,mixed_endpoint_30059,16,5,2,12,0,0,0,0,3,254,17
JSO_outer1980,mixed_endpoint_30059,16,5,2,12,0,0,0,0,3,254,17
baseline,mixed_endpoint_30060,0,0,0,0,0,0,0,0,4,231,17
J,mixed_endpoint_30060,0,0,0,0,0,0,0,0,6,234,19
O,mixed_endpoint_30060,0,4,0,0,0,0,0,0,4,254,17
previous_best,mixed_endpoint_30060,0,0,0,0,0,0,0,0,6,242,19
S,mixed_endpoint_30060,27,0,0,27,0,0,0,0,9,245,22
JSO_compact_dopt,mixed_endpoint_30059,13,6,3,10,0,0,0,0,3,254,17
JS,mixed_endpoint_30060,32,0,0,30,0,0,0,0,8,258,21
SO_doptimal,mixed_endpoint_30059,15,11,3,15,0,1,10,0,17,254,31
S_doptimal,mixed_endpoint_30059,18,0,0,17,0,0,0,0,7,257,21
S_dopt_short,mixed_endpoint_30059,18,0,0,17,0,0,0,0,7,257,21
JO,mixed_endpoint_30060,0,7,2,0,0,0,0,0,5,234,18
SO,mixed_endpoint_30060,20,10,3,20,0,0,0,0,7,241,20
JSO,mixed_endpoint_30060,22,10,2,20,0,0,0,0,8,240,21
insert400,mixed_endpoint_30060,0,0,0,0,0,0,0,0,5,229,18
insert80,mixed_endpoint_30060,0,0,0,0,0,0,0,0,6,246,19
aligned,mixed_endpoint_30060,0,0,0,0,0,0,0,0,3,243,16
insert200,mixed_endpoint_30060,0,0,0,0,0,0,0,0,5,245,18
bracket,mixed_endpoint_30060,0,0,0,0,0,0,0,0,4,245,17
optical2,mixed_endpoint_30060,0,0,0,0,0,0,0,0,4,231,17
optical4,mixed_endpoint_30060,0,0,0,0,1,1,4,1,4,228,17
short_clear,mixed_endpoint_30060,0,0,0,0,0,0,0,0,4,231,17
JSO_r160,mixed_endpoint_30060,19,11,1,17,0,0,0,0,10,237,23
JSO_p50,mixed_endpoint_30060,26,10,2,20,0,0,0,0,8,244,21
JSO_p85,mixed_endpoint_30060,20,10,1,18,0,0,0,0,9,234,22
JSO_r120,mixed_endpoint_30060,19,9,1,17,0,0,0,0,8,237,21
doptimal,mixed_endpoint_30060,0,0,0,0,0,0,0,0,2,238,15
JSO_outer1980,mixed_endpoint_30060,22,10,2,20,0,0,0,0,8,240,21
JSO_compact,mixed_endpoint_30060,22,11,2,20,0,0,0,0,9,241,22
S_doptimal,mixed_endpoint_30060,21,0,0,19,0,0,0,0,2,236,15
previous_best,mixed_endpoint_30061,0,0,0,0,0,0,0,0,9,168,25
SO_doptimal,mixed_endpoint_30060,12,6,4,11,0,0,0,0,2,232,15
J,mixed_endpoint_30061,0,0,0,0,0,0,0,0,10,172,26
JS,mixed_endpoint_30061,20,0,0,20,0,0,0,0,10,174,26
baseline,mixed_endpoint_30061,0,0,0,0,0,0,0,0,6,197,22
S_dopt_short,mixed_endpoint_30060,21,0,0,19,0,0,0,0,4,244,17
O,mixed_endpoint_30061,0,5,0,0,0,0,0,0,5,198,21
JSO_compact_dopt,mixed_endpoint_30060,17,12,1,15,0,0,0,0,11,236,24
S,mixed_endpoint_30061,28,0,0,23,0,0,0,0,10,266,26
JO,mixed_endpoint_30061,0,10,1,0,0,0,0,0,9,171,25
JSO,mixed_endpoint_30061,16,12,0,16,0,0,0,0,12,177,28
insert80,mixed_endpoint_30061,0,0,0,0,0,0,0,0,7,171,23
aligned,mixed_endpoint_30061,0,0,0,0,0,0,0,0,6,190,22
SO,mixed_endpoint_30061,22,8,2,19,0,1,4,0,9,263,25
insert400,mixed_endpoint_30061,0,0,0,0,0,0,0,0,5,177,21
insert200,mixed_endpoint_30061,0,0,0,0,0,0,0,0,8,167,24
optical2,mixed_endpoint_30061,0,0,0,0,0,0,0,0,6,197,22
bracket,mixed_endpoint_30061,0,0,0,0,0,0,0,0,11,239,27
doptimal,mixed_endpoint_30061,0,0,0,0,0,0,0,0,9,177,25
optical4,mixed_endpoint_30061,0,0,0,0,0,0,0,0,6,197,22
JSO_p50,mixed_endpoint_30061,21,13,1,19,0,0,0,0,12,180,28
short_clear,mixed_endpoint_30061,0,0,0,0,0,0,0,0,4,198,20
JSO_r120,mixed_endpoint_30061,16,12,0,16,0,0,0,0,12,177,28
JSO_r160,mixed_endpoint_30061,16,12,0,16,0,0,0,0,12,177,28
JSO_p85,mixed_endpoint_30061,13,12,0,13,0,0,0,0,12,179,28
JSO_compact,mixed_endpoint_30061,16,12,1,16,0,0,0,0,11,175,27
JSO_outer1980,mixed_endpoint_30061,16,12,2,16,0,0,0,0,10,175,26
S,mixed_endpoint_30062,17,0,0,15,0,0,0,0,2,295,14
baseline,mixed_endpoint_30062,0,0,0,0,0,0,0,0,5,300,17
J,mixed_endpoint_30062,0,0,0,0,0,0,0,0,6,287,18
previous_best,mixed_endpoint_30062,0,0,0,0,0,0,0,0,8,292,20
S_doptimal,mixed_endpoint_30061,15,0,0,14,0,0,0,0,9,171,25
O,mixed_endpoint_30062,0,2,1,0,0,0,0,0,1,346,13
JS,mixed_endpoint_30062,23,0,0,20,0,0,0,0,6,293,18
S_dopt_short,mixed_endpoint_30061,15,0,0,14,0,0,0,0,9,171,25
JSO_compact_dopt,mixed_endpoint_30061,15,10,2,15,0,0,0,0,8,168,24
insert80,mixed_endpoint_30062,0,0,0,0,0,0,0,0,3,284,15
JO,mixed_endpoint_30062,0,5,1,0,0,0,0,0,4,287,16
SO,mixed_endpoint_30062,10,3,1,8,0,0,0,0,2,347,14
insert400,mixed_endpoint_30062,0,0,0,0,0,0,0,0,4,289,16
insert200,mixed_endpoint_30062,0,0,0,0,0,0,0,0,4,289,16
JSO,mixed_endpoint_30062,16,9,0,12,0,0,0,0,9,291,21
SO_doptimal,mixed_endpoint_30061,17,9,3,14,0,0,0,0,6,117,22
bracket,mixed_endpoint_30062,0,0,0,0,0,0,0,0,5,303,17
aligned,mixed_endpoint_30062,0,0,0,0,0,1,26,0,6,307,18
optical2,mixed_endpoint_30062,0,0,0,0,0,0,0,0,5,300,17
JSO_p50,mixed_endpoint_30062,17,7,0,13,0,0,0,0,7,286,19
optical4,mixed_endpoint_30062,0,0,0,0,0,0,0,0,5,300,17
short_clear,mixed_endpoint_30062,0,0,0,0,0,0,0,0,5,300,17
JSO_r120,mixed_endpoint_30062,16,9,0,12,0,0,0,0,9,291,21
JSO_p85,mixed_endpoint_30062,12,9,0,11,0,0,0,0,9,291,21
doptimal,mixed_endpoint_30062,0,0,0,0,0,0,0,0,3,361,15
JSO_outer1980,mixed_endpoint_30062,15,8,1,10,0,0,0,0,7,278,19
JSO_r160,mixed_endpoint_30062,14,10,2,9,0,0,0,0,8,288,20
JSO_compact,mixed_endpoint_30062,16,8,2,11,0,0,0,0,6,293,18
baseline,mixed_endpoint_30063,0,0,0,0,0,0,0,0,3,359,14
O,mixed_endpoint_30063,0,3,0,0,0,0,0,0,3,355,14
J,mixed_endpoint_30063,0,0,0,0,0,0,0,0,2,305,13
previous_best,mixed_endpoint_30063,0,0,0,0,0,0,0,0,1,305,12
S,mixed_endpoint_30063,10,0,0,8,0,0,0,0,4,358,15
JS,mixed_endpoint_30063,12,0,0,10,0,0,0,0,2,308,13
S_doptimal,mixed_endpoint_30062,11,0,0,10,0,0,0,0,3,355,15
JSO_compact_dopt,mixed_endpoint_30062,15,8,1,11,0,0,0,0,7,286,19
S_dopt_short,mixed_endpoint_30062,12,0,0,10,0,1,26,0,28,318,40
SO_doptimal,mixed_endpoint_30062,13,5,0,12,0,0,0,0,5,364,17
insert80,mixed_endpoint_30063,0,0,0,0,0,0,0,0,5,332,16
SO,mixed_endpoint_30063,10,5,1,8,0,0,0,0,4,358,15
JO,mixed_endpoint_30063,0,4,2,0,0,0,0,0,2,305,13
JSO,mixed_endpoint_30063,12,3,1,10,0,0,0,0,2,308,13
insert200,mixed_endpoint_30063,0,0,0,0,0,0,0,0,6,315,17
insert400,mixed_endpoint_30063,0,0,0,0,0,0,0,0,6,314,17
bracket,mixed_endpoint_30063,0,0,0,0,0,0,0,0,2,357,13
optical2,mixed_endpoint_30063,0,0,0,0,0,0,0,0,3,359,14
aligned,mixed_endpoint_30063,0,0,0,0,0,0,0,0,5,330,16
optical4,mixed_endpoint_30063,0,0,0,0,1,1,4,1,5,358,16
short_clear,mixed_endpoint_30063,0,0,0,0,0,0,0,0,3,359,14
doptimal,mixed_endpoint_30063,0,0,0,0,0,0,0,0,2,333,13
JSO_p50,mixed_endpoint_30063,13,4,2,10,0,0,0,0,2,309,13
JSO_outer1980,mixed_endpoint_30063,7,6,3,7,0,0,0,0,3,330,14
JSO_p85,mixed_endpoint_30063,8,3,1,8,0,0,0,0,2,306,13
JSO_r120,mixed_endpoint_30063,12,4,1,10,0,0,0,0,3,309,14
JSO_r160,mixed_endpoint_30063,12,4,1,10,0,0,0,0,3,309,14
JSO_compact,mixed_endpoint_30063,13,3,1,11,0,0,0,0,2,309,13
S_doptimal,mixed_endpoint_30063,9,0,0,9,0,0,0,0,6,319,17
SO_doptimal,mixed_endpoint_30063,7,7,3,7,0,0,0,0,4,315,15
baseline,mixed_endpoint_30064,0,0,0,0,0,0,0,0,6,325,16
J,mixed_endpoint_30064,0,0,0,0,0,0,0,0,7,313,17
S,mixed_endpoint_30064,11,0,0,10,0,0,0,0,6,338,16
S_dopt_short,mixed_endpoint_30063,9,0,0,8,0,0,0,0,2,339,13
previous_best,mixed_endpoint_30064,0,0,0,0,0,0,0,0,6,331,16
JS,mixed_endpoint_30064,13,0,0,12,0,0,0,0,5,317,15
O,mixed_endpoint_30064,0,6,2,0,0,0,0,0,4,323,14
JSO_compact_dopt,mixed_endpoint_30063,13,3,2,11,0,0,0,0,1,308,12
JO,mixed_endpoint_30064,0,7,0,0,0,0,0,0,7,313,17
SO,mixed_endpoint_30064,11,5,1,10,0,0,0,0,4,336,14
JSO,mixed_endpoint_30064,13,6,1,12,0,0,0,0,5,317,15
insert80,mixed_endpoint_30064,0,0,0,0,0,0,0,0,8,317,18
insert400,mixed_endpoint_30064,0,0,0,0,0,0,0,0,9,360,19
insert200,mixed_endpoint_30064,0,0,0,0,0,0,0,0,9,360,19
aligned,mixed_endpoint_30064,0,0,0,0,0,0,0,0,8,332,18
bracket,mixed_endpoint_30064,0,0,0,0,0,0,0,0,5,325,15
optical2,mixed_endpoint_30064,0,0,0,0,0,0,0,0,6,325,16
doptimal,mixed_endpoint_30064,0,0,0,0,0,0,0,0,5,322,15
short_clear,mixed_endpoint_30064,0,0,0,0,0,0,0,0,6,325,16
JSO_p50,mixed_endpoint_30064,13,6,1,12,0,0,0,0,5,317,15
optical4,mixed_endpoint_30064,0,0,0,0,1,1,4,1,7,324,17
JSO_p85,mixed_endpoint_30064,11,6,1,11,0,0,0,0,5,319,15
JSO_compact,mixed_endpoint_30064,11,6,3,10,0,0,0,0,3,312,13
JSO_r120,mixed_endpoint_30064,14,8,1,13,0,0,0,0,7,319,17
JSO_r160,mixed_endpoint_30064,14,8,1,13,0,0,0,0,7,319,17
JSO_outer1980,mixed_endpoint_30064,13,6,1,12,0,0,0,0,5,318,15
SO_doptimal,mixed_endpoint_30064,8,5,1,8,0,0,0,0,4,323,14
S_doptimal,mixed_endpoint_30064,9,0,0,8,0,0,0,0,3,324,13
baseline,mixed_endpoint_30065,0,0,0,0,0,0,0,0,4,283,18
JSO_compact_dopt,mixed_endpoint_30064,11,6,3,10,0,0,0,0,3,318,13
previous_best,mixed_endpoint_30065,0,0,0,0,0,0,0,0,7,301,21
O,mixed_endpoint_30065,0,6,1,0,0,0,0,0,5,284,19
S,mixed_endpoint_30065,13,0,0,12,0,0,0,0,5,287,19
S_dopt_short,mixed_endpoint_30064,7,0,0,7,0,0,0,0,4,341,14
J,mixed_endpoint_30065,0,0,0,0,0,0,0,0,6,295,20
JS,mixed_endpoint_30065,16,0,0,16,0,0,0,0,7,277,21
SO,mixed_endpoint_30065,12,7,1,12,0,0,0,0,6,288,20
JO,mixed_endpoint_30065,0,9,3,0,0,0,0,0,6,296,20
JSO,mixed_endpoint_30065,16,11,2,16,0,0,0,0,9,275,23
insert400,mixed_endpoint_30065,0,0,0,0,0,0,0,0,6,272,20
insert80,mixed_endpoint_30065,0,0,0,0,0,0,0,0,4,293,18
insert200,mixed_endpoint_30065,0,0,0,0,0,0,0,0,5,298,19
aligned,mixed_endpoint_30065,0,0,0,0,0,0,0,0,4,278,18
bracket,mixed_endpoint_30065,0,0,0,0,0,0,0,0,4,283,18
optical2,mixed_endpoint_30065,0,0,0,0,0,0,0,0,4,283,18
doptimal,mixed_endpoint_30065,0,0,0,0,0,0,0,0,5,247,19
optical4,mixed_endpoint_30065,0,0,0,0,1,1,4,1,5,282,19
JSO_r120,mixed_endpoint_30065,12,10,3,12,0,0,0,0,7,270,21
short_clear,mixed_endpoint_30065,0,0,0,0,0,0,0,0,2,275,16
JSO_r160,mixed_endpoint_30065,11,11,3,11,0,0,0,0,8,271,22
JSO_p85,mixed_endpoint_30065,13,10,2,13,0,0,0,0,8,272,22
JSO_p50,mixed_endpoint_30065,20,11,1,17,0,0,0,0,10,291,24
JSO_compact,mixed_endpoint_30065,18,11,2,18,0,0,0,0,9,276,23
JSO_outer1980,mixed_endpoint_30065,15,11,1,14,0,0,0,0,10,296,24
J,mixed_endpoint_30066,0,0,0,0,0,0,0,0,6,299,16
previous_best,mixed_endpoint_30066,0,0,0,0,0,0,0,0,6,298,16
baseline,mixed_endpoint_30066,0,0,0,0,0,0,0,0,4,324,14
S,mixed_endpoint_30066,21,0,0,21,0,0,0,0,4,308,14
O,mixed_endpoint_30066,0,4,1,0,0,0,0,0,3,324,13
S_doptimal,mixed_endpoint_30065,6,0,0,6,0,0,0,0,7,318,21
JS,mixed_endpoint_30066,19,0,0,19,0,0,0,0,6,300,16
S_dopt_short,mixed_endpoint_30065,13,0,0,13,0,0,0,0,6,288,20
JSO_compact_dopt,mixed_endpoint_30065,14,11,3,12,0,0,0,0,8,296,22
JO,mixed_endpoint_30066,0,5,1,0,0,0,0,0,4,298,14
SO,mixed_endpoint_30066,13,6,4,13,0,0,0,0,2,326,12
SO_doptimal,mixed_endpoint_30065,11,10,1,11,0,0,0,0,9,323,23
JSO,mixed_endpoint_30066,18,8,0,16,0,0,0,0,8,301,18
insert200,mixed_endpoint_30066,0,0,0,0,0,0,0,0,1,326,11
insert80,mixed_endpoint_30066,0,0,0,0,0,0,0,0,1,326,11
insert400,mixed_endpoint_30066,0,0,0,0,0,0,0,0,1,326,11
aligned,mixed_endpoint_30066,0,0,0,0,0,0,0,0,1,320,11
bracket,mixed_endpoint_30066,0,0,0,0,0,0,0,0,3,330,13
optical2,mixed_endpoint_30066,0,0,0,0,0,0,0,0,4,324,14
optical4,mixed_endpoint_30066,0,0,0,0,0,0,0,0,4,324,14
JSO_p50,mixed_endpoint_30066,18,8,0,16,0,0,0,0,8,301,18
short_clear,mixed_endpoint_30066,0,0,0,0,0,0,0,0,4,324,14
JSO_p85,mixed_endpoint_30066,15,8,1,14,0,0,0,0,7,300,17
JSO_r160,mixed_endpoint_30066,16,9,0,14,0,0,0,0,9,300,19
JSO_r120,mixed_endpoint_30066,18,9,0,16,0,0,0,0,9,302,19
JSO_compact,mixed_endpoint_30066,18,8,0,16,0,0,0,0,8,301,18
doptimal,mixed_endpoint_30066,0,0,0,0,0,0,0,0,4,299,14
JSO_outer1980,mixed_endpoint_30066,17,8,0,15,0,0,0,0,8,301,18
baseline,mixed_endpoint_30067,0,0,0,0,0,0,0,0,5,273,18
J,mixed_endpoint_30067,0,0,0,0,0,0,0,0,7,277,20
previous_best,mixed_endpoint_30067,0,0,0,0,0,0,0,0,6,276,19
JSO_compact_dopt,mixed_endpoint_30066,16,7,0,13,0,0,0,0,7,311,17
SO_doptimal,mixed_endpoint_30066,10,5,2,10,0,0,0,0,3,300,13
S_doptimal,mixed_endpoint_30066,13,0,0,13,0,0,0,0,3,305,13
S_dopt_short,mixed_endpoint_30066,13,0,0,13,0,0,0,0,5,307,15
O,mixed_endpoint_30067,0,5,1,0,0,0,0,0,4,272,17
S,mixed_endpoint_30067,12,0,0,11,0,0,0,0,3,284,16
JS,mixed_endpoint_30067,17,0,0,16,0,0,0,0,3,278,16
insert80,mixed_endpoint_30067,0,0,0,0,0,0,0,0,6,267,19
JO,mixed_endpoint_30067,0,9,2,0,0,0,0,0,7,278,20
JSO,mixed_endpoint_30067,15,8,1,14,0,0,0,0,7,280,20
SO,mixed_endpoint_30067,11,4,1,9,0,0,0,0,3,284,16
bracket,mixed_endpoint_30067,0,0,0,0,0,0,0,0,5,273,18
insert200,mixed_endpoint_30067,0,0,0,0,0,0,0,0,6,272,19
aligned,mixed_endpoint_30067,0,0,0,0,0,0,0,0,5,269,18
insert400,mixed_endpoint_30067,0,0,0,0,0,0,0,0,7,273,20
optical2,mixed_endpoint_30067,0,0,0,0,0,0,0,0,5,273,18
optical4,mixed_endpoint_30067,0,0,0,0,2,2,8,2,5,271,18
short_clear,mixed_endpoint_30067,0,0,0,0,0,0,0,0,5,273,18
JSO_p50,mixed_endpoint_30067,16,8,1,14,0,0,0,0,7,281,20
JSO_compact,mixed_endpoint_30067,15,8,3,14,0,0,0,0,5,277,18
JSO_p85,mixed_endpoint_30067,13,7,1,13,0,0,0,0,6,279,19
JSO_r120,mixed_endpoint_30067,15,9,1,14,0,0,0,0,8,281,21
JSO_r160,mixed_endpoint_30067,15,10,1,15,0,0,0,0,9,281,22
doptimal,mixed_endpoint_30067,0,0,0,0,0,0,0,0,3,254,16
JSO_outer1980,mixed_endpoint_30067,20,7,2,17,0,0,0,0,5,274,18
S_doptimal,mixed_endpoint_30067,10,0,0,9,0,0,0,0,2,271,15
baseline,mixed_endpoint_30068,0,0,0,0,0,0,0,0,2,258,16
S,mixed_endpoint_30068,15,0,0,14,0,0,0,0,3,272,17
O,mixed_endpoint_30068,0,2,0,0,0,0,0,0,2,258,16
previous_best,mixed_endpoint_30068,0,0,0,0,0,0,0,0,8,274,22
J,mixed_endpoint_30068,0,0,0,0,0,0,0,0,8,275,22
JSO_compact_dopt,mixed_endpoint_30067,15,8,3,14,0,0,0,0,5,278,18
JS,mixed_endpoint_30068,13,0,0,11,0,0,0,0,7,277,21
S_dopt_short,mixed_endpoint_30067,11,0,0,10,0,0,0,0,7,278,20
SO_doptimal,mixed_endpoint_30067,7,5,1,6,0,0,0,0,4,269,17
JO,mixed_endpoint_30068,0,10,2,0,0,0,0,0,8,275,22
SO,mixed_endpoint_30068,11,4,0,9,0,0,0,0,4,272,18
insert80,mixed_endpoint_30068,0,0,0,0,0,0,0,0,5,247,19
insert400,mixed_endpoint_30068,0,0,0,0,0,0,0,0,5,263,19
insert200,mixed_endpoint_30068,0,0,0,0,0,0,0,0,4,260,18
JSO,mixed_endpoint_30068,13,8,3,10,0,0,0,0,5,276,19
aligned,mixed_endpoint_30068,0,0,0,0,0,0,0,0,2,306,16
optical2,mixed_endpoint_30068,0,0,0,0,0,0,0,0,2,258,16
bracket,mixed_endpoint_30068,0,0,0,0,0,0,0,0,2,299,16
optical4,mixed_endpoint_30068,0,0,0,0,0,0,0,0,2,258,16
doptimal,mixed_endpoint_30068,0,0,0,0,0,0,0,0,4,268,18
JSO_p50,mixed_endpoint_30068,17,9,3,12,0,0,0,0,6,281,20
JSO_r160,mixed_endpoint_30068,13,11,3,11,0,0,0,0,8,277,22
short_clear,mixed_endpoint_30068,0,0,0,0,0,0,0,0,2,258,16
JSO_p85,mixed_endpoint_30068,11,10,4,9,0,0,0,0,6,282,20
JSO_r120,mixed_endpoint_30068,13,10,3,10,0,0,0,0,7,277,21
JSO_compact,mixed_endpoint_30068,13,9,4,11,0,0,0,0,5,274,19
JSO_outer1980,mixed_endpoint_30068,12,9,3,10,0,0,0,0,6,281,20
S_doptimal,mixed_endpoint_30068,12,0,0,11,0,0,0,0,1,254,15
SO_doptimal,mixed_endpoint_30068,12,4,2,12,0,0,0,0,2,255,16
previous_best,mixed_endpoint_30069,0,0,0,0,0,0,0,0,8,285,22
S_dopt_short,mixed_endpoint_30068,12,0,0,11,0,0,0,0,1,254,15
J,mixed_endpoint_30069,0,0,0,0,0,0,0,0,7,287,21
baseline,mixed_endpoint_30069,0,0,0,0,0,0,0,0,5,291,19
S,mixed_endpoint_30069,15,0,0,12,0,0,0,0,5,294,19
JS,mixed_endpoint_30069,19,0,0,16,0,0,0,0,3,289,17
O,mixed_endpoint_30069,0,6,2,0,0,0,0,0,4,290,18
JSO_compact_dopt,mixed_endpoint_30068,14,10,4,12,0,0,0,0,6,273,20
JO,mixed_endpoint_30069,0,9,3,0,0,0,0,0,6,287,20
JSO,mixed_endpoint_30069,16,5,2,14,0,0,0,0,3,286,17
insert80,mixed_endpoint_30069,0,0,0,0,0,0,0,0,4,261,18
insert200,mixed_endpoint_30069,0,0,0,0,0,0,0,0,6,269,20
SO,mixed_endpoint_30069,10,9,2,8,0,0,0,0,7,290,21
insert400,mixed_endpoint_30069,0,0,0,0,0,0,0,0,8,292,22
bracket,mixed_endpoint_30069,0,0,0,0,0,0,0,0,6,324,20
aligned,mixed_endpoint_30069,0,0,0,0,0,0,0,0,7,284,21
doptimal,mixed_endpoint_30069,0,0,0,0,0,0,0,0,2,275,16
JSO_p85,mixed_endpoint_30069,10,6,2,9,0,0,0,0,4,282,18
JSO_p50,mixed_endpoint_30069,16,5,2,14,0,0,0,0,3,286,17
optical2,mixed_endpoint_30069,0,0,0,0,0,0,0,0,5,291,19
optical4,mixed_endpoint_30069,0,0,0,0,2,2,8,2,5,288,19
short_clear,mixed_endpoint_30069,0,0,0,0,0,0,0,0,5,291,19
JSO_r120,mixed_endpoint_30069,15,6,2,14,0,0,0,0,4,286,18
JSO_r160,mixed_endpoint_30069,17,9,2,16,0,0,0,0,7,289,21
JSO_outer1980,mixed_endpoint_30069,16,5,2,14,0,0,0,0,3,286,17
JSO_compact,mixed_endpoint_30069,16,5,2,14,0,0,0,0,3,286,17
baseline,mixed_endpoint_30070,0,0,0,0,0,0,0,0,2,299,13
J,mixed_endpoint_30070,0,0,0,0,0,0,0,0,2,308,13
previous_best,mixed_endpoint_30070,0,0,0,0,0,0,0,0,4,308,15
S_doptimal,mixed_endpoint_30069,18,0,0,12,0,0,0,0,6,282,20
JSO_compact_dopt,mixed_endpoint_30069,19,5,2,16,0,0,0,0,3,288,17
S,mixed_endpoint_30070,13,0,0,13,0,0,0,0,4,312,15
SO_doptimal,mixed_endpoint_30069,13,9,3,11,0,0,0,0,6,278,20
S_dopt_short,mixed_endpoint_30069,18,0,0,13,0,0,0,0,6,282,20
JS,mixed_endpoint_30070,11,0,0,10,0,0,0,0,2,301,13
O,mixed_endpoint_30070,0,5,2,0,0,0,0,0,3,303,14
JO,mixed_endpoint_30070,0,3,2,0,0,0,0,0,1,308,12
SO,mixed_endpoint_30070,12,5,1,12,0,0,0,0,4,311,15
JSO,mixed_endpoint_30070,10,5,1,9,0,0,0,0,4,301,15
insert400,mixed_endpoint_30070,0,0,0,0,0,0,0,0,3,306,14
aligned,mixed_endpoint_30070,0,0,0,0,0,0,0,0,4,312,15
insert80,mixed_endpoint_30070,0,0,0,0,0,0,0,0,5,311,16
insert200,mixed_endpoint_30070,0,0,0,0,0,0,0,0,4,309,15
bracket,mixed_endpoint_30070,0,0,0,0,0,0,0,0,2,301,13
optical2,mixed_endpoint_30070,0,0,0,0,0,0,0,0,2,299,13
optical4,mixed_endpoint_30070,0,0,0,0,1,1,4,1,3,298,14
short_clear,mixed_endpoint_30070,0,0,0,0,0,0,0,0,2,305,13
JSO_p50,mixed_endpoint_30070,10,5,1,9,0,0,0,0,4,301,15
JSO_p85,mixed_endpoint_30070,9,7,2,9,0,1,4,0,5,305,16
doptimal,mixed_endpoint_30070,0,0,0,0,0,0,0,0,3,308,14
JSO_compact,mixed_endpoint_30070,10,5,1,9,0,0,0,0,4,301,15
JSO_r120,mixed_endpoint_30070,10,5,1,9,0,0,0,0,4,301,15
JSO_r160,mixed_endpoint_30070,10,7,1,9,0,0,0,0,6,306,17
JSO_outer1980,mixed_endpoint_30070,9,5,1,9,0,0,0,0,4,301,15
S_doptimal,mixed_endpoint_30070,13,0,0,13,0,0,0,0,4,311,15
baseline,mixed_endpoint_30071,0,0,0,0,0,0,0,0,3,300,14
SO_doptimal,mixed_endpoint_30070,14,5,1,14,0,0,0,0,4,312,15
S_dopt_short,mixed_endpoint_30070,13,0,0,13,0,0,0,0,4,311,15
previous_best,mixed_endpoint_30071,0,0,0,0,0,0,0,0,3,303,14
J,mixed_endpoint_30071,0,0,0,0,0,0,0,0,4,305,15
JSO_compact_dopt,mixed_endpoint_30070,13,4,0,12,0,0,0,0,4,308,15
S,mixed_endpoint_30071,14,0,0,12,0,0,0,0,5,356,16
JS,mixed_endpoint_30071,14,0,0,10,0,0,0,0,1,292,12
O,mixed_endpoint_30071,0,4,1,0,0,0,0,0,3,300,14
JO,mixed_endpoint_30071,0,8,4,0,0,0,0,0,4,305,15
JSO,mixed_endpoint_30071,12,8,5,8,0,0,0,0,3,293,14
SO,mixed_endpoint_30071,9,10,3,9,0,0,0,0,7,314,18
insert200,mixed_endpoint_30071,0,0,0,0,0,0,0,0,3,294,14
insert80,mixed_endpoint_30071,0,0,0,0,0,0,0,0,3,290,14
insert400,mixed_endpoint_30071,0,0,0,0,0,0,0,0,5,346,16
aligned,mixed_endpoint_30071,0,0,0,0,0,0,0,0,5,360,16
bracket,mixed_endpoint_30071,0,0,0,0,0,0,0,0,3,300,14
optical2,mixed_endpoint_30071,0,0,0,0,0,0,0,0,3,300,14
optical4,mixed_endpoint_30071,0,0,0,0,1,1,4,1,4,299,15
JSO_p50,mixed_endpoint_30071,13,8,6,8,0,0,0,0,2,293,13
doptimal,mixed_endpoint_30071,0,0,0,0,0,0,0,0,3,360,14
JSO_p85,mixed_endpoint_30071,9,7,5,8,0,0,0,0,2,291,13
JSO_r120,mixed_endpoint_30071,12,8,5,8,0,0,0,0,3,293,14
short_clear,mixed_endpoint_30071,0,0,0,0,0,0,0,0,3,300,14
JSO_r160,mixed_endpoint_30071,12,8,5,8,0,0,0,0,3,293,14
JSO_compact,mixed_endpoint_30071,12,7,4,8,0,0,0,0,3,295,14
JSO_outer1980,mixed_endpoint_30071,12,8,5,8,0,0,0,0,3,293,14
J,mixed_endpoint_30072,0,0,0,0,0,0,0,0,4,225,18
previous_best,mixed_endpoint_30072,0,0,0,0,0,0,0,0,4,228,18
baseline,mixed_endpoint_30072,0,0,0,0,0,0,0,0,8,268,22
O,mixed_endpoint_30072,0,8,3,0,0,0,0,0,5,264,19
JS,mixed_endpoint_30072,27,0,0,23,0,0,0,0,7,251,21
S_doptimal,mixed_endpoint_30071,14,0,0,14,0,0,0,0,6,352,17
JSO_compact_dopt,mixed_endpoint_30071,12,7,3,8,0,0,0,0,4,295,15
S,mixed_endpoint_30072,20,0,0,19,0,0,0,0,7,245,21
S_dopt_short,mixed_endpoint_30071,14,0,0,14,0,0,0,0,6,352,17
SO_doptimal,mixed_endpoint_30071,10,7,1,10,0,0,0,0,6,350,17
JO,mixed_endpoint_30072,0,5,1,0,0,0,0,0,4,225,18
JSO,mixed_endpoint_30072,22,11,2,16,0,0,0,0,9,247,23
SO,mixed_endpoint_30072,18,9,0,17,0,0,0,0,9,251,23
insert80,mixed_endpoint_30072,0,0,0,0,0,0,0,0,9,233,23
insert400,mixed_endpoint_30072,0,0,0,0,0,0,0,0,6,228,20
insert200,mixed_endpoint_30072,0,0,0,0,0,0,0,0,7,229,21
aligned,mixed_endpoint_30072,0,0,0,0,0,0,0,0,6,247,20
bracket,mixed_endpoint_30072,0,0,0,0,0,0,0,0,9,268,23
optical2,mixed_endpoint_30072,0,0,0,0,0,0,0,0,8,268,22
optical4,mixed_endpoint_30072,0,0,0,0,3,3,12,3,10,247,24
short_clear,mixed_endpoint_30072,0,0,0,0,0,0,0,0,8,268,22
JSO_p50,mixed_endpoint_30072,25,10,2,18,0,0,0,0,8,246,22
JSO_r160,mixed_endpoint_30072,22,12,2,15,0,0,0,0,10,249,24
JSO_r120,mixed_endpoint_30072,22,12,2,15,0,0,0,0,10,249,24
JSO_p85,mixed_endpoint_30072,15,10,2,13,0,0,0,0,8,234,22
doptimal,mixed_endpoint_30072,0,0,0,0,0,0,0,0,8,249,22
JSO_compact,mixed_endpoint_30072,22,11,2,16,0,0,0,0,9,247,23
JSO_outer1980,mixed_endpoint_30072,22,11,2,16,0,0,0,0,9,247,23
baseline,mixed_endpoint_30073,0,0,0,0,0,0,0,0,3,314,16
J,mixed_endpoint_30073,0,0,0,0,0,0,0,0,4,242,17
S_doptimal,mixed_endpoint_30072,24,0,0,23,0,0,0,0,4,246,18
JSO_compact_dopt,mixed_endpoint_30072,22,11,3,16,0,0,0,0,8,248,22
previous_best,mixed_endpoint_30073,0,0,0,0,0,0,0,0,4,241,17
SO_doptimal,mixed_endpoint_30072,18,8,2,16,0,0,0,0,6,251,20
S,mixed_endpoint_30073,15,0,0,15,0,0,0,0,3,246,16
O,mixed_endpoint_30073,0,2,1,0,0,0,0,0,1,314,14
JS,mixed_endpoint_30073,12,0,0,12,0,0,0,0,5,247,18
S_dopt_short,mixed_endpoint_30072,22,0,0,21,0,0,0,0,3,254,17
JO,mixed_endpoint_30073,0,7,4,0,0,0,0,0,3,242,16
JSO,mixed_endpoint_30073,10,9,4,10,0,0,0,0,5,243,18
insert80,mixed_endpoint_30073,0,0,0,0,0,0,0,0,0,289,13
insert200,mixed_endpoint_30073,0,0,0,0,0,0,0,0,2,320,15
aligned,mixed_endpoint_30073,0,0,0,0,0,0,0,0,3,311,16
bracket,mixed_endpoint_30073,0,0,0,0,0,0,0,0,3,314,16
optical2,mixed_endpoint_30073,0,0,0,0,0,0,0,0,3,314,16
SO,mixed_endpoint_30073,11,6,5,11,0,0,0,0,1,244,14
insert400,mixed_endpoint_30073,0,0,0,0,0,0,0,0,4,306,17
optical4,mixed_endpoint_30073,0,0,0,0,2,2,8,2,5,310,18
JSO_p85,mixed_endpoint_30073,9,6,4,9,0,0,0,0,2,243,15
short_clear,mixed_endpoint_30073,0,0,0,0,0,0,0,0,3,316,16
JSO_r160,mixed_endpoint_30073,10,9,4,10,0,0,0,0,5,242,18
JSO_r120,mixed_endpoint_30073,10,9,4,10,0,0,0,0,5,242,18
doptimal,mixed_endpoint_30073,0,0,0,0,0,0,0,0,2,316,15
JSO_outer1980,mixed_endpoint_30073,10,9,4,10,0,0,0,0,5,243,18
JSO_p50,mixed_endpoint_30073,11,11,6,11,0,0,0,0,5,243,18
JSO_compact,mixed_endpoint_30073,10,9,4,10,0,0,0,0,5,243,18
S_doptimal,mixed_endpoint_30073,16,0,0,16,0,0,0,0,3,283,16
baseline,mixed_endpoint_30074,0,0,0,0,0,0,0,0,7,342,17
previous_best,mixed_endpoint_30074,0,0,0,0,0,0,0,0,4,374,14
J,mixed_endpoint_30074,0,0,0,0,0,0,0,0,4,373,14
SO_doptimal,mixed_endpoint_30073,15,8,1,15,0,0,0,0,7,251,20
S,mixed_endpoint_30074,8,0,0,8,0,0,0,0,6,344,16
O,mixed_endpoint_30074,0,6,1,0,0,0,0,0,5,343,15
JS,mixed_endpoint_30074,13,0,0,10,0,0,0,0,6,367,16
S_dopt_short,mixed_endpoint_30073,18,0,0,18,0,0,0,0,3,284,16
JSO_compact_dopt,mixed_endpoint_30073,10,8,4,10,0,0,0,0,4,241,17
insert200,mixed_endpoint_30074,0,0,0,0,0,0,0,0,1,358,11
insert80,mixed_endpoint_30074,0,0,0,0,0,0,0,0,4,362,14
JO,mixed_endpoint_30074,0,8,3,0,0,0,0,0,5,375,15
SO,mixed_endpoint_30074,8,6,2,8,0,0,0,0,4,346,14
aligned,mixed_endpoint_30074,0,0,0,0,0,0,0,0,2,358,12
JSO,mixed_endpoint_30074,14,8,1,11,0,0,0,0,7,371,17
insert400,mixed_endpoint_30074,0,0,0,0,0,0,0,0,2,366,12
optical2,mixed_endpoint_30074,0,0,0,0,0,0,0,0,7,342,17
bracket,mixed_endpoint_30074,0,0,0,0,0,0,0,0,4,358,14
doptimal,mixed_endpoint_30074,0,0,0,0,0,0,0,0,3,360,13
optical4,mixed_endpoint_30074,0,0,0,0,1,1,4,1,9,341,19
short_clear,mixed_endpoint_30074,0,0,0,0,0,0,0,0,7,342,17
JSO_p50,mixed_endpoint_30074,16,8,2,12,0,0,0,0,6,370,16
JSO_r160,mixed_endpoint_30074,15,7,1,12,0,0,0,0,6,369,16
JSO_p85,mixed_endpoint_30074,8,8,1,8,0,0,0,0,7,366,17
JSO_r120,mixed_endpoint_30074,14,8,1,11,0,0,0,0,7,371,17
JSO_compact,mixed_endpoint_30074,16,8,1,12,0,0,0,0,7,371,17
JSO_outer1980,mixed_endpoint_30074,14,8,1,11,0,0,0,0,7,371,17
S_doptimal,mixed_endpoint_30074,6,0,0,6,0,0,0,0,3,360,13
S_dopt_short,mixed_endpoint_30074,6,0,0,6,0,0,0,0,3,360,13
SO_doptimal,mixed_endpoint_30074,4,3,0,4,0,0,0,0,3,393,13
JSO_compact_dopt,mixed_endpoint_30074,15,9,2,11,0,0,0,0,7,368,17
baseline,mixed_endpoint_30075,0,0,0,0,0,0,0,0,4,246,19
previous_best,mixed_endpoint_30075,0,0,0,0,0,1,101,0,104,216,119
J,mixed_endpoint_30075,0,0,0,0,0,1,101,0,103,216,118
S,mixed_endpoint_30075,16,0,0,15,0,0,0,0,6,245,21
JS,mixed_endpoint_30075,19,0,0,16,0,0,0,0,3,227,18
O,mixed_endpoint_30075,0,6,2,0,0,0,0,0,4,243,19
JO,mixed_endpoint_30075,0,6,0,0,0,1,101,0,102,215,117
insert80,mixed_endpoint_30075,0,0,0,0,0,0,0,0,3,242,18
JSO,mixed_endpoint_30075,17,6,3,14,0,0,0,0,3,225,18
insert200,mixed_endpoint_30075,0,0,0,0,0,0,0,0,4,242,19
SO,mixed_endpoint_30075,13,7,3,12,0,0,0,0,4,241,19
insert400,mixed_endpoint_30075,0,0,0,0,0,0,0,0,6,253,21
aligned,mixed_endpoint_30075,0,0,0,0,0,0,0,0,4,239,19
doptimal,mixed_endpoint_30075,0,0,0,0,0,0,0,0,4,219,19
bracket,mixed_endpoint_30075,0,0,0,0,0,0,0,0,4,245,19
optical2,mixed_endpoint_30075,0,0,0,0,0,0,0,0,4,246,19
JSO_p50,mixed_endpoint_30075,17,6,3,14,0,0,0,0,3,225,18
JSO_p85,mixed_endpoint_30075,14,6,2,13,0,0,0,0,4,209,19
short_clear,mixed_endpoint_30075,0,0,0,0,0,0,0,0,3,257,18
JSO_r120,mixed_endpoint_30075,16,7,4,13,0,0,0,0,3,222,18
optical4,mixed_endpoint_30075,0,0,0,0,1,1,4,1,6,245,21
JSO_r160,mixed_endpoint_30075,15,8,2,11,0,0,0,0,6,216,21
JSO_outer1980,mixed_endpoint_30075,17,6,3,14,0,0,0,0,3,224,18
JSO_compact,mixed_endpoint_30075,16,5,2,14,0,0,0,0,3,231,18
previous_best,mixed_endpoint_30076,0,0,0,0,0,0,0,0,4,303,14
J,mixed_endpoint_30076,0,0,0,0,0,0,0,0,3,304,13
baseline,mixed_endpoint_30076,0,0,0,0,0,0,0,0,6,343,16
S_doptimal,mixed_endpoint_30075,14,0,0,14,0,0,0,0,5,233,20
JSO_compact_dopt,mixed_endpoint_30075,16,4,2,15,0,0,0,0,2,223,17
S_dopt_short,mixed_endpoint_30075,12,0,0,11,0,0,0,0,4,245,19
JO,mixed_endpoint_30076,0,6,3,0,0,0,0,0,3,304,13
S,mixed_endpoint_30076,14,0,0,13,0,0,0,0,5,345,15
SO_doptimal,mixed_endpoint_30075,13,8,2,13,0,0,0,0,6,232,21
JS,mixed_endpoint_30076,10,0,0,9,0,0,0,0,8,315,18
O,mixed_endpoint_30076,0,7,2,0,0,0,0,0,5,342,15
insert200,mixed_endpoint_30076,0,0,0,0,0,0,0,0,3,325,13
insert80,mixed_endpoint_30076,0,0,0,0,0,0,0,0,2,325,12
insert400,mixed_endpoint_30076,0,0,0,0,0,0,0,0,3,363,13
JSO,mixed_endpoint_30076,9,7,0,9,0,0,0,0,7,314,17
SO,mixed_endpoint_30076,11,6,2,8,0,0,0,0,4,344,14
aligned,mixed_endpoint_30076,0,0,0,0,0,0,0,0,3,368,13
doptimal,mixed_endpoint_30076,0,0,0,0,0,0,0,0,2,349,12
bracket,mixed_endpoint_30076,0,0,0,0,0,0,0,0,5,315,15
JSO_p50,mixed_endpoint_30076,11,7,2,10,0,0,0,0,5,312,15
optical2,mixed_endpoint_30076,0,0,0,0,0,0,0,0,6,343,16
JSO_p85,mixed_endpoint_30076,7,5,1,7,0,0,0,0,4,311,14
JSO_r120,mixed_endpoint_30076,9,7,1,9,0,0,0,0,6,313,16
short_clear,mixed_endpoint_30076,0,0,0,0,0,0,0,0,5,343,15
optical4,mixed_endpoint_30076,0,0,0,0,1,1,4,1,9,340,19
JSO_r160,mixed_endpoint_30076,9,7,1,9,0,0,0,0,6,313,16
JSO_compact,mixed_endpoint_30076,9,8,0,9,0,0,0,0,8,316,18
JSO_outer1980,mixed_endpoint_30076,9,8,1,9,0,0,0,0,7,314,17
baseline,mixed_endpoint_30077,0,0,0,0,0,0,0,0,3,321,13
J,mixed_endpoint_30077,0,0,0,0,0,0,0,0,8,303,18
previous_best,mixed_endpoint_30077,0,0,0,0,0,0,0,0,8,302,18
S_doptimal,mixed_endpoint_30076,7,0,0,7,0,0,0,0,2,344,12
S_dopt_short,mixed_endpoint_30076,7,0,0,7,0,0,0,0,2,344,12
SO_doptimal,mixed_endpoint_30076,5,5,2,4,0,0,0,0,3,346,13
JSO_compact_dopt,mixed_endpoint_30076,9,7,2,9,0,0,0,0,5,310,15
S,mixed_endpoint_30077,15,0,0,15,0,0,0,0,4,360,14
O,mixed_endpoint_30077,0,0,0,0,0,0,0,0,0,319,10
JS,mixed_endpoint_30077,14,0,0,12,0,0,0,0,8,304,18
JSO,mixed_endpoint_30077,11,6,1,10,0,0,0,0,5,300,15
JO,mixed_endpoint_30077,0,5,1,0,0,0,0,0,4,300,14
insert200,mixed_endpoint_30077,0,0,0,0,0,0,0,0,4,332,14
insert80,mixed_endpoint_30077,0,0,0,0,0,0,0,0,6,336,16
SO,mixed_endpoint_30077,12,3,0,12,0,0,0,0,3,354,13
aligned,mixed_endpoint_30077,0,0,0,0,0,0,0,0,1,317,11
bracket,mixed_endpoint_30077,0,0,0,0,0,0,0,0,4,321,14
insert400,mixed_endpoint_30077,0,0,0,0,0,1,4,0,10,344,20
optical2,mixed_endpoint_30077,0,0,0,0,0,0,0,0,3,321,13
doptimal,mixed_endpoint_30077,0,0,0,0,0,0,0,0,3,316,13
optical4,mixed_endpoint_30077,0,0,0,0,0,0,0,0,3,321,13
JSO_p50,mixed_endpoint_30077,12,6,1,10,0,0,0,0,5,301,15
short_clear,mixed_endpoint_30077,0,0,0,0,0,0,0,0,3,321,13
JSO_r120,mixed_endpoint_30077,10,7,2,9,0,0,0,0,5,299,15
JSO_p85,mixed_endpoint_30077,10,8,1,10,0,0,0,0,7,315,17
JSO_r160,mixed_endpoint_30077,10,7,2,9,0,0,0,0,5,299,15
JSO_compact,mixed_endpoint_30077,12,6,1,11,0,0,0,0,5,301,15
JSO_outer1980,mixed_endpoint_30077,11,6,1,10,0,0,0,0,5,300,15
S_doptimal,mixed_endpoint_30077,13,0,0,13,0,0,0,0,3,350,13
SO_doptimal,mixed_endpoint_30077,12,4,2,12,0,0,0,0,2,354,12
S_dopt_short,mixed_endpoint_30077,13,0,0,13,0,0,0,0,3,350,13
JSO_compact_dopt,mixed_endpoint_30077,13,6,1,11,0,0,0,0,5,302,15
baseline,mixed_endpoint_30078,0,0,0,0,0,0,0,0,7,229,23
J,mixed_endpoint_30078,0,0,0,0,0,0,0,0,11,200,27
S,mixed_endpoint_30078,19,0,0,17,0,0,0,0,4,228,20
previous_best,mixed_endpoint_30078,0,0,0,0,0,0,0,0,11,198,27
JS,mixed_endpoint_30078,21,0,0,18,0,0,0,0,8,165,24
O,mixed_endpoint_30078,0,8,1,0,0,0,0,0,7,229,23
SO,mixed_endpoint_30078,15,8,4,14,0,0,0,0,4,228,20
JO,mixed_endpoint_30078,0,12,1,0,0,0,0,0,11,200,27
JSO,mixed_endpoint_30078,19,10,4,17,0,0,0,0,6,163,22
insert80,mixed_endpoint_30078,0,0,0,0,0,0,0,0,6,222,22
insert400,mixed_endpoint_30078,0,0,0,0,0,0,0,0,3,216,19
insert200,mixed_endpoint_30078,0,0,0,0,0,0,0,0,6,249,22
bracket,mixed_endpoint_30078,0,0,0,0,0,0,0,0,6,225,22
optical2,mixed_endpoint_30078,0,0,0,0,0,0,0,0,7,229,23
aligned,mixed_endpoint_30078,0,0,0,0,0,0,0,0,5,224,21
JSO_p50,mixed_endpoint_30078,24,11,1,20,0,0,0,0,10,179,26
JSO_p85,mixed_endpoint_30078,15,12,7,13,0,0,0,0,5,126,21
short_clear,mixed_endpoint_30078,0,0,0,0,0,0,0,0,7,232,23
optical4,mixed_endpoint_30078,0,0,0,0,3,3,12,3,10,226,26
JSO_r120,mixed_endpoint_30078,18,12,4,16,0,0,0,0,8,164,24
JSO_r160,mixed_endpoint_30078,17,12,4,15,0,0,0,0,8,163,24
doptimal,mixed_endpoint_30078,0,0,0,0,0,0,0,0,5,205,21
JSO_compact,mixed_endpoint_30078,18,11,3,16,0,0,0,0,8,171,24
JSO_outer1980,mixed_endpoint_30078,19,12,4,18,0,0,0,0,8,161,24
previous_best,mixed_endpoint_30079,0,0,0,0,0,0,0,0,7,307,20
baseline,mixed_endpoint_30079,0,0,0,0,0,0,0,0,5,293,18
S_doptimal,mixed_endpoint_30078,25,0,0,23,0,0,0,0,2,175,18
SO_doptimal,mixed_endpoint_30078,14,7,2,11,0,0,0,0,5,183,21
J,mixed_endpoint_30079,0,0,0,0,0,0,0,0,6,308,19
S,mixed_endpoint_30079,12,0,0,11,0,0,0,0,6,300,19
O,mixed_endpoint_30079,0,4,1,0,0,0,0,0,3,291,16
JS,mixed_endpoint_30079,13,0,0,10,0,0,0,0,5,308,18
S_dopt_short,mixed_endpoint_30078,25,0,0,23,0,0,0,0,2,175,18
JO,mixed_endpoint_30079,0,6,2,0,0,0,0,0,4,303,17
JSO,mixed_endpoint_30079,13,6,3,11,0,0,0,0,3,305,16
SO,mixed_endpoint_30079,7,6,3,7,0,0,0,0,3,292,16
JSO_compact_dopt,mixed_endpoint_30078,20,11,3,17,0,0,0,0,8,216,24
insert80,mixed_endpoint_30079,0,0,0,0,0,0,0,0,6,289,19
aligned,mixed_endpoint_30079,0,0,0,0,0,0,0,0,3,292,16
insert400,mixed_endpoint_30079,0,0,0,0,0,0,0,0,5,283,18
insert200,mixed_endpoint_30079,0,0,0,0,0,0,0,0,4,274,17
bracket,mixed_endpoint_30079,0,0,0,0,0,0,0,0,5,292,18
optical2,mixed_endpoint_30079,0,0,0,0,0,0,0,0,5,293,18
short_clear,mixed_endpoint_30079,0,0,0,0,0,0,0,0,5,291,18
JSO_r160,mixed_endpoint_30079,10,8,4,9,0,0,0,0,4,300,17
JSO_p85,mixed_endpoint_30079,7,6,3,7,0,0,0,0,3,302,16
JSO_r120,mixed_endpoint_30079,10,8,4,9,0,0,0,0,4,300,17
optical4,mixed_endpoint_30079,0,0,0,0,1,1,4,1,7,292,20
JSO_p50,mixed_endpoint_30079,15,6,3,11,0,0,0,0,3,307,16
doptimal,mixed_endpoint_30079,0,0,0,0,0,0,0,0,4,326,17
JSO_compact,mixed_endpoint_30079,12,5,3,10,0,0,0,0,2,305,15
JSO_outer1980,mixed_endpoint_30079,13,6,3,11,0,0,0,0,3,305,16
S_doptimal,mixed_endpoint_30079,6,0,0,6,0,0,0,0,1,307,14
SO_doptimal,mixed_endpoint_30079,6,1,0,6,0,0,0,0,1,308,14
S_dopt_short,mixed_endpoint_30079,6,0,0,6,0,0,0,0,1,294,14
J,mixed_endpoint_30080,0,0,0,0,0,0,0,0,7,244,23
baseline,mixed_endpoint_30080,0,0,0,0,0,0,0,0,8,217,24
S,mixed_endpoint_30080,23,0,0,21,0,0,0,0,7,203,23
previous_best,mixed_endpoint_30080,0,0,0,0,0,0,0,0,11,255,27
JSO_compact_dopt,mixed_endpoint_30079,12,6,3,11,0,0,0,0,3,303,16
JS,mixed_endpoint_30080,22,0,0,18,0,0,0,0,4,247,20
O,mixed_endpoint_30080,0,6,0,0,0,0,0,0,6,217,22
JO,mixed_endpoint_30080,0,9,3,0,0,0,0,0,6,244,22
SO,mixed_endpoint_30080,19,9,3,17,0,0,0,0,6,184,22
JSO,mixed_endpoint_30080,21,10,4,18,0,0,0,0,6,228,22
insert80,mixed_endpoint_30080,0,0,0,0,0,0,0,0,7,215,23
aligned,mixed_endpoint_30080,0,0,0,0,0,0,0,0,9,186,25
insert200,mixed_endpoint_30080,0,0,0,0,0,0,0,0,6,217,22
bracket,mixed_endpoint_30080,0,0,0,0,0,0,0,0,8,217,24
optical2,mixed_endpoint_30080,0,0,0,0,0,0,0,0,8,217,24
optical4,mixed_endpoint_30080,0,0,0,0,4,4,16,4,8,210,24
insert400,mixed_endpoint_30080,0,0,0,0,0,1,4,0,11,263,27
JSO_p50,mixed_endpoint_30080,24,11,4,19,0,0,0,0,7,231,23
JSO_p85,mixed_endpoint_30080,22,10,3,20,0,0,0,0,7,255,23
doptimal,mixed_endpoint_30080,0,0,0,0,0,0,0,0,9,224,25
short_clear,mixed_endpoint_30080,0,0,0,0,0,0,0,0,8,217,24
JSO_r120,mixed_endpoint_30080,21,12,5,18,0,0,0,0,7,228,23
JSO_r160,mixed_endpoint_30080,21,12,5,18,0,0,0,0,7,228,23
JSO_compact,mixed_endpoint_30080,23,10,4,19,0,0,0,0,6,239,22
JSO_outer1980,mixed_endpoint_30080,21,10,4,18,0,0,0,0,6,228,22
baseline,mixed_endpoint_30081,0,0,0,0,0,0,0,0,9,272,22
J,mixed_endpoint_30081,0,0,0,0,0,0,0,0,9,267,22
previous_best,mixed_endpoint_30081,0,0,0,0,0,0,0,0,8,263,21
S_doptimal,mixed_endpoint_30080,18,0,0,16,0,0,0,0,5,222,21
O,mixed_endpoint_30081,0,7,0,0,0,0,0,0,7,262,20
S,mixed_endpoint_30081,14,0,0,13,0,0,0,0,7,280,20
JS,mixed_endpoint_30081,14,0,0,13,0,0,0,0,5,264,18
SO_doptimal,mixed_endpoint_30080,12,8,2,11,0,0,0,0,6,203,22
S_dopt_short,mixed_endpoint_30080,20,0,0,18,0,0,0,0,6,205,22
JSO_compact_dopt,mixed_endpoint_30080,23,14,7,20,0,0,0,0,7,245,23
JO,mixed_endpoint_30081,0,10,3,0,0,0,0,0,7,267,20
JSO,mixed_endpoint_30081,13,10,5,12,0,0,0,0,5,265,18
SO,mixed_endpoint_30081,11,9,1,10,0,0,0,0,8,280,21
insert80,mixed_endpoint_30081,0,0,0,0,0,0,0,0,7,266,20
aligned,mixed_endpoint_30081,0,0,0,0,0,0,0,0,5,250,18
insert200,mixed_endpoint_30081,0,0,0,0,0,0,0,0,6,288,19
bracket,mixed_endpoint_30081,0,0,0,0,0,0,0,0,9,272,22
insert400,mixed_endpoint_30081,0,0,0,0,0,0,0,0,7,291,20
optical4,mixed_endpoint_30081,0,0,0,0,4,4,16,4,14,268,27
optical2,mixed_endpoint_30081,0,0,0,0,0,0,0,0,9,272,22
doptimal,mixed_endpoint_30081,0,0,0,0,0,0,0,0,7,261,20
short_clear,mixed_endpoint_30081,0,0,0,0,0,0,0,0,9,273,22
JSO_p85,mixed_endpoint_30081,12,9,4,11,0,0,0,0,5,265,18
JSO_p50,mixed_endpoint_30081,14,10,4,13,0,0,0,0,6,267,19
JSO_r160,mixed_endpoint_30081,13,10,5,12,0,0,0,0,5,264,18
JSO_r120,mixed_endpoint_30081,13,10,5,12,0,0,0,0,5,264,18
JSO_compact,mixed_endpoint_30081,14,8,3,13,0,0,0,0,5,263,18
JSO_outer1980,mixed_endpoint_30081,13,10,5,12,0,0,0,0,5,265,18
baseline,mixed_endpoint_30082,0,0,0,0,0,0,0,0,4,276,16
J,mixed_endpoint_30082,0,0,0,0,0,0,0,0,5,261,17
previous_best,mixed_endpoint_30082,0,0,0,0,0,0,0,0,4,318,16
O,mixed_endpoint_30082,0,8,3,0,0,0,0,0,5,276,17
S,mixed_endpoint_30082,16,0,0,15,0,0,0,0,4,338,16
JS,mixed_endpoint_30082,14,0,0,10,0,0,0,0,4,297,16
S_doptimal,mixed_endpoint_30081,14,0,0,13,0,0,0,0,3,299,16
SO_doptimal,mixed_endpoint_30081,12,6,2,11,0,0,0,0,4,298,17
S_dopt_short,mixed_endpoint_30081,14,0,0,13,0,0,0,0,2,298,15
JSO_compact_dopt,mixed_endpoint_30081,13,9,2,11,0,0,0,0,7,267,20
JSO,mixed_endpoint_30082,13,10,4,11,0,0,0,0,6,300,18
JO,mixed_endpoint_30082,0,8,3,0,0,0,0,0,5,261,17
insert80,mixed_endpoint_30082,0,0,0,0,0,0,0,0,2,324,14
SO,mixed_endpoint_30082,11,10,4,9,0,0,0,0,6,327,18
insert200,mixed_endpoint_30082,0,0,0,0,0,0,0,0,2,325,14
aligned,mixed_endpoint_30082,0,0,0,0,0,0,0,0,4,326,16
insert400,mixed_endpoint_30082,0,0,0,0,0,0,0,0,3,326,15
optical2,mixed_endpoint_30082,0,0,0,0,0,0,0,0,4,276,16
bracket,mixed_endpoint_30082,0,0,0,0,0,0,0,0,5,278,17
doptimal,mixed_endpoint_30082,0,0,0,0,0,0,0,0,4,326,16
optical4,mixed_endpoint_30082,0,0,0,0,1,1,4,1,6,274,18
JSO_p50,mixed_endpoint_30082,16,10,4,12,0,0,0,0,6,301,18
JSO_r160,mixed_endpoint_30082,12,10,6,11,0,0,0,0,4,293,16
short_clear,mixed_endpoint_30082,0,0,0,0,0,0,0,0,4,276,16
JSO_compact,mixed_endpoint_30082,13,10,4,11,0,0,0,0,6,300,18
JSO_p85,mixed_endpoint_30082,12,9,1,10,0,0,0,0,8,305,20
JSO_r120,mixed_endpoint_30082,13,10,4,11,0,0,0,0,6,300,18
JSO_outer1980,mixed_endpoint_30082,13,10,4,11,0,0,0,0,6,301,18
S_doptimal,mixed_endpoint_30082,12,0,0,11,0,0,0,0,2,334,14
SO_doptimal,mixed_endpoint_30082,9,5,2,9,0,0,0,0,3,329,15
baseline,mixed_endpoint_30083,0,0,0,0,0,0,0,0,1,362,11
previous_best,mixed_endpoint_30083,0,0,0,0,0,0,0,0,7,361,17
S,mixed_endpoint_30083,13,0,0,13,0,0,0,0,1,360,11
O,mixed_endpoint_30083,0,3,2,0,0,0,0,0,1,362,11
J,mixed_endpoint_30083,0,0,0,0,0,0,0,0,7,364,17
S_dopt_short,mixed_endpoint_30082,12,0,0,11,0,0,0,0,2,334,14
JS,mixed_endpoint_30083,16,0,0,15,0,0,0,0,7,363,17
JSO_compact_dopt,mixed_endpoint_30082,11,9,4,10,0,0,0,0,5,315,17
SO,mixed_endpoint_30083,12,3,2,11,0,0,0,0,1,361,11
JO,mixed_endpoint_30083,0,6,1,0,0,0,0,0,5,364,15
JSO,mixed_endpoint_30083,14,8,2,12,0,0,0,0,6,368,16
insert80,mixed_endpoint_30083,0,0,0,0,0,0,0,0,3,299,13
insert200,mixed_endpoint_30083,0,0,0,0,0,0,0,0,3,313,13
insert400,mixed_endpoint_30083,0,0,0,0,0,0,0,0,5,311,15
aligned,mixed_endpoint_30083,0,0,0,0,0,0,0,0,4,360,14
bracket,mixed_endpoint_30083,0,0,0,0,0,0,0,0,1,362,11
optical2,mixed_endpoint_30083,0,0,0,0,0,0,0,0,1,362,11
optical4,mixed_endpoint_30083,0,0,0,0,1,1,4,1,1,360,11
short_clear,mixed_endpoint_30083,0,0,0,0,0,0,0,0,1,362,11
doptimal,mixed_endpoint_30083,0,0,0,0,0,0,0,0,4,363,14
JSO_p85,mixed_endpoint_30083,9,7,1,8,0,0,0,0,6,360,16
JSO_p50,mixed_endpoint_30083,15,8,2,12,0,0,0,0,6,368,16
JSO_r120,mixed_endpoint_30083,14,8,2,12,0,0,0,0,6,368,16
JSO_compact,mixed_endpoint_30083,14,8,2,12,0,0,0,0,6,368,16
JSO_r160,mixed_endpoint_30083,14,9,2,11,0,0,0,0,7,372,17
JSO_outer1980,mixed_endpoint_30083,14,8,2,12,0,0,0,0,6,368,16
JSO_compact_dopt,mixed_endpoint_30083,14,8,2,12,0,0,0,0,6,366,16
SO_doptimal,mixed_endpoint_30083,11,7,2,9,0,0,0,0,5,366,15
S_doptimal,mixed_endpoint_30083,14,0,0,13,0,0,0,0,6,380,16
baseline,mixed_endpoint_30084,0,0,0,0,0,0,0,0,5,283,21
S_dopt_short,mixed_endpoint_30083,14,0,0,13,0,0,0,0,6,380,16
previous_best,mixed_endpoint_30084,0,0,0,0,0,0,0,0,11,214,27
J,mixed_endpoint_30084,0,0,0,0,0,0,0,0,9,234,25
O,mixed_endpoint_30084,0,6,1,0,0,0,0,0,5,283,21
S,mixed_endpoint_30084,25,0,0,25,0,0,0,0,1,247,17
JO,mixed_endpoint_30084,0,10,2,0,0,0,0,0,8,233,24
JS,mixed_endpoint_30084,25,0,0,22,0,0,0,0,8,274,24
insert200,mixed_endpoint_30084,0,0,0,0,0,0,0,0,9,181,25
JSO,mixed_endpoint_30084,21,12,3,18,0,0,0,0,9,273,25
SO,mixed_endpoint_30084,17,8,1,16,0,0,0,0,7,292,23
insert80,mixed_endpoint_30084,0,0,0,0,0,0,0,0,6,187,22
insert400,mixed_endpoint_30084,0,0,0,0,0,0,0,0,8,185,24
bracket,mixed_endpoint_30084,0,0,0,0,0,0,0,0,5,283,21
aligned,mixed_endpoint_30084,0,0,0,0,0,0,0,0,10,185,26
optical2,mixed_endpoint_30084,0,0,0,0,0,0,0,0,5,283,21
doptimal,mixed_endpoint_30084,0,0,0,0,0,0,0,0,5,264,21
optical4,mixed_endpoint_30084,0,0,0,0,0,0,0,0,5,283,21
JSO_p50,mixed_endpoint_30084,24,11,2,23,0,0,0,0,9,278,25
JSO_p85,mixed_endpoint_30084,15,11,3,15,0,0,0,0,8,154,24
JSO_r160,mixed_endpoint_30084,21,14,3,18,0,0,0,0,11,221,27
JSO_r120,mixed_endpoint_30084,24,14,3,22,0,0,0,0,11,273,27
short_clear,mixed_endpoint_30084,0,0,0,0,0,0,0,0,5,283,21
previous_best,mixed_endpoint_30085,0,0,0,0,0,0,0,0,3,329,14
JSO_compact,mixed_endpoint_30084,20,12,4,17,0,0,0,0,8,271,24
baseline,mixed_endpoint_30085,0,0,0,0,0,0,0,0,5,329,16
J,mixed_endpoint_30085,0,0,0,0,0,0,0,0,3,330,14
JSO_outer1980,mixed_endpoint_30084,21,12,3,18,0,0,0,0,9,273,25
S,mixed_endpoint_30085,12,0,0,11,0,0,0,0,5,298,16
S_doptimal,mixed_endpoint_30084,17,0,0,17,0,0,0,0,1,271,17
JO,mixed_endpoint_30085,0,4,1,0,0,0,0,0,3,330,14
JS,mixed_endpoint_30085,14,0,0,11,0,0,0,0,4,333,15
S_dopt_short,mixed_endpoint_30084,17,0,0,17,0,0,0,0,1,271,17
SO_doptimal,mixed_endpoint_30084,14,11,2,13,0,0,0,0,9,235,25
O,mixed_endpoint_30085,0,4,0,0,0,0,0,0,4,329,15
SO,mixed_endpoint_30085,11,7,1,11,0,0,0,0,6,297,17
JSO,mixed_endpoint_30085,13,6,3,10,0,0,0,0,3,332,14
insert80,mixed_endpoint_30085,0,0,0,0,0,0,0,0,4,323,15
JSO_compact_dopt,mixed_endpoint_30084,19,6,2,19,0,0,0,0,4,200,20
insert200,mixed_endpoint_30085,0,0,0,0,0,0,0,0,2,329,13
insert400,mixed_endpoint_30085,0,0,0,0,0,0,0,0,1,355,12
aligned,mixed_endpoint_30085,0,0,0,0,0,0,0,0,3,333,14
bracket,mixed_endpoint_30085,0,0,0,0,0,0,0,0,5,328,16
optical2,mixed_endpoint_30085,0,0,0,0,0,0,0,0,5,329,16
optical4,mixed_endpoint_30085,0,0,0,0,1,1,4,1,7,328,18
JSO_p50,mixed_endpoint_30085,14,7,3,9,0,0,0,0,4,334,15
doptimal,mixed_endpoint_30085,0,0,0,0,0,0,0,0,3,329,14
short_clear,mixed_endpoint_30085,0,0,0,0,0,0,0,0,3,343,14
JSO_p85,mixed_endpoint_30085,10,4,1,8,0,0,0,0,3,334,14
JSO_r120,mixed_endpoint_30085,12,9,3,8,0,0,0,0,6,336,17
JSO_r160,mixed_endpoint_30085,12,9,3,8,0,0,0,0,6,336,17
JSO_outer1980,mixed_endpoint_30085,12,6,4,9,0,0,0,0,2,330,13
JSO_compact,mixed_endpoint_30085,13,6,3,10,0,0,0,0,3,331,14
baseline,mixed_endpoint_30086,0,0,0,0,0,0,0,0,3,320,13
S_doptimal,mixed_endpoint_30085,11,0,0,11,0,0,0,0,2,325,13
S_dopt_short,mixed_endpoint_30085,10,0,0,10,0,0,0,0,2,325,13
JSO_compact_dopt,mixed_endpoint_30085,11,5,1,9,0,0,0,0,4,303,15
previous_best,mixed_endpoint_30086,0,0,0,0,0,0,0,0,5,345,15
SO_doptimal,mixed_endpoint_30085,9,4,2,9,0,0,0,0,2,305,13
O,mixed_endpoint_30086,0,5,2,0,0,0,0,0,3,320,13
J,mixed_endpoint_30086,0,0,0,0,0,0,0,0,7,342,17
S,mixed_endpoint_30086,7,0,0,5,0,1,9,0,12,339,22
JS,mixed_endpoint_30086,10,0,0,8,0,0,0,0,7,344,17
insert200,mixed_endpoint_30086,0,0,0,0,0,0,0,0,3,328,13
SO,mixed_endpoint_30086,7,5,0,5,0,0,0,0,5,339,15
JO,mixed_endpoint_30086,0,7,1,0,0,0,0,0,6,342,16
insert80,mixed_endpoint_30086,0,0,0,0,0,0,0,0,5,325,15
JSO,mixed_endpoint_30086,10,7,1,8,0,0,0,0,6,344,16
insert400,mixed_endpoint_30086,0,0,0,0,0,0,0,0,2,320,12
bracket,mixed_endpoint_30086,0,0,0,0,0,0,0,0,3,320,13
optical2,mixed_endpoint_30086,0,0,0,0,0,0,0,0,3,320,13
optical4,mixed_endpoint_30086,0,0,0,0,1,1,4,1,4,319,14
aligned,mixed_endpoint_30086,0,0,0,0,0,0,0,0,3,326,13
doptimal,mixed_endpoint_30086,0,0,0,0,0,0,0,0,5,335,15
short_clear,mixed_endpoint_30086,0,0,0,0,0,0,0,0,3,320,13
JSO_p50,mixed_endpoint_30086,10,6,0,6,0,0,0,0,6,349,16
JSO_p85,mixed_endpoint_30086,9,6,0,7,0,0,0,0,6,345,16
JSO_r120,mixed_endpoint_30086,9,7,2,8,0,0,0,0,5,341,15
JSO_r160,mixed_endpoint_30086,9,8,3,8,0,0,0,0,5,339,15
JSO_compact,mixed_endpoint_30086,10,8,1,6,0,0,0,0,7,351,17
JSO_outer1980,mixed_endpoint_30086,10,7,1,8,0,0,0,0,6,345,16
baseline,mixed_endpoint_30087,0,0,0,0,0,0,0,0,3,274,15
S_doptimal,mixed_endpoint_30086,6,0,0,5,0,0,0,0,5,333,15
SO_doptimal,mixed_endpoint_30086,6,2,0,5,0,0,0,0,2,332,12
previous_best,mixed_endpoint_30087,0,0,0,0,0,0,0,0,3,312,15
S_dopt_short,mixed_endpoint_30086,6,0,0,5,0,0,0,0,5,333,15
J,mixed_endpoint_30087,0,0,0,0,0,0,0,0,5,321,17
S,mixed_endpoint_30087,6,0,0,5,0,0,0,0,3,304,15
JSO_compact_dopt,mixed_endpoint_30086,12,6,1,8,0,0,0,0,5,348,15
JS,mixed_endpoint_30087,10,0,0,9,0,0,0,0,4,322,16
O,mixed_endpoint_30087,0,4,4,0,0,0,0,0,0,273,12
SO,mixed_endpoint_30087,3,7,6,3,0,0,0,0,1,301,13
JO,mixed_endpoint_30087,0,7,3,0,0,0,0,0,4,321,16
JSO,mixed_endpoint_30087,9,7,3,7,0,0,0,0,4,322,16
insert80,mixed_endpoint_30087,0,0,0,0,0,0,0,0,2,282,14
insert200,mixed_endpoint_30087,0,0,0,0,0,0,0,0,2,282,14
aligned,mixed_endpoint_30087,0,0,0,0,0,0,0,0,5,342,17
insert400,mixed_endpoint_30087,0,0,0,0,0,0,0,0,3,305,15
short_clear,mixed_endpoint_30087,0,0,0,0,0,0,0,0,2,277,14
optical2,mixed_endpoint_30087,0,0,0,0,0,0,0,0,3,274,15
optical4,mixed_endpoint_30087,0,0,0,0,0,0,0,0,3,274,15
bracket,mixed_endpoint_30087,0,0,0,0,0,0,0,0,4,275,16
JSO_p50,mixed_endpoint_30087,11,7,3,9,0,0,0,0,4,321,16
JSO_p85,mixed_endpoint_30087,8,6,2,7,0,0,0,0,4,321,16
JSO_r120,mixed_endpoint_30087,9,7,3,7,0,0,0,0,4,322,16
doptimal,mixed_endpoint_30087,0,0,0,0,0,0,0,0,1,321,13
JSO_r160,mixed_endpoint_30087,8,7,3,6,0,0,0,0,4,321,16
JSO_compact,mixed_endpoint_30087,9,6,3,7,0,0,0,0,3,317,15
JSO_outer1980,mixed_endpoint_30087,9,7,3,7,0,0,0,0,4,322,16
previous_best,mixed_endpoint_30088,0,0,0,0,0,0,0,0,4,334,14
J,mixed_endpoint_30088,0,0,0,0,0,0,0,0,4,336,14
S_doptimal,mixed_endpoint_30087,10,0,0,9,0,0,0,0,3,328,15
S_dopt_short,mixed_endpoint_30087,10,0,0,9,0,0,0,0,3,328,15
SO_doptimal,mixed_endpoint_30087,10,5,3,8,0,0,0,0,2,314,14
JSO_compact_dopt,mixed_endpoint_30087,13,7,4,11,0,0,0,0,3,279,15
O,mixed_endpoint_30088,0,5,2,0,0,0,0,0,3,355,13
baseline,mixed_endpoint_30088,0,0,0,0,0,0,0,0,4,356,14
JS,mixed_endpoint_30088,15,0,0,13,0,0,0,0,5,340,15
S,mixed_endpoint_30088,12,0,0,10,0,0,0,0,7,350,17
JO,mixed_endpoint_30088,0,3,0,0,0,0,0,0,3,336,13
JSO,mixed_endpoint_30088,14,4,1,12,0,0,0,0,3,339,13
insert80,mixed_endpoint_30088,0,0,0,0,0,0,0,0,2,345,12
insert200,mixed_endpoint_30088,0,0,0,0,0,0,0,0,3,304,13
SO,mixed_endpoint_30088,11,6,1,9,0,0,0,0,5,347,15
insert400,mixed_endpoint_30088,0,0,0,0,0,0,0,0,2,323,12
aligned,mixed_endpoint_30088,0,0,0,0,0,0,0,0,2,356,12
optical2,mixed_endpoint_30088,0,0,0,0,0,0,0,0,4,356,14
optical4,mixed_endpoint_30088,0,0,0,0,1,1,4,1,4,344,14
doptimal,mixed_endpoint_30088,0,0,0,0,0,0,0,0,2,357,12
bracket,mixed_endpoint_30088,0,0,0,0,0,0,0,0,3,356,13
JSO_p50,mixed_endpoint_30088,13,5,1,11,0,0,0,0,4,339,14
JSO_p85,mixed_endpoint_30088,12,4,0,11,0,0,0,0,4,338,14
JSO_r160,mixed_endpoint_30088,12,6,3,11,0,0,0,0,3,335,13
short_clear,mixed_endpoint_30088,0,0,0,0,0,0,0,0,3,354,13
JSO_r120,mixed_endpoint_30088,12,6,3,11,0,0,0,0,3,335,13
JSO_compact,mixed_endpoint_30088,14,4,1,12,0,0,0,0,3,338,13
JSO_outer1980,mixed_endpoint_30088,14,4,1,12,0,0,0,0,3,339,13
S_doptimal,mixed_endpoint_30088,10,0,0,9,0,0,0,0,6,350,16
S_dopt_short,mixed_endpoint_30088,10,0,0,9,0,0,0,0,6,350,16
SO_doptimal,mixed_endpoint_30088,8,9,3,6,0,0,0,0,6,348,16
baseline,mixed_endpoint_30089,0,0,0,0,0,0,0,0,4,275,16
JSO_compact_dopt,mixed_endpoint_30088,13,5,2,11,0,0,0,0,3,340,13
S,mixed_endpoint_30089,19,0,0,15,0,0,0,0,7,328,19
O,mixed_endpoint_30089,0,6,2,0,0,0,0,0,4,275,16
J,mixed_endpoint_30089,0,0,0,0,0,0,0,0,11,319,23
previous_best,mixed_endpoint_30089,0,0,0,0,0,0,0,0,7,312,19
JS,mixed_endpoint_30089,13,0,0,10,0,0,0,0,8,314,20
SO,mixed_endpoint_30089,15,10,4,12,0,0,0,0,6,323,18
JSO,mixed_endpoint_30089,11,10,2,8,0,1,4,0,10,317,22
insert200,mixed_endpoint_30089,0,0,0,0,0,0,0,0,7,287,19
insert80,mixed_endpoint_30089,0,0,0,0,0,0,0,0,6,282,18
JO,mixed_endpoint_30089,0,10,0,0,0,1,4,0,12,323,24
optical2,mixed_endpoint_30089,0,0,0,0,0,0,0,0,4,275,16
aligned,mixed_endpoint_30089,0,0,0,0,0,0,0,0,7,287,19
bracket,mixed_endpoint_30089,0,0,0,0,0,0,0,0,4,277,16
insert400,mixed_endpoint_30089,0,0,0,0,0,1,16,0,8,313,20
optical4,mixed_endpoint_30089,0,0,0,0,1,1,4,1,6,274,18
doptimal,mixed_endpoint_30089,0,0,0,0,0,0,0,0,8,280,20
short_clear,mixed_endpoint_30089,0,0,0,0,0,0,0,0,4,275,16
JSO_p50,mixed_endpoint_30089,16,11,2,10,0,1,4,0,11,322,23
JSO_p85,mixed_endpoint_30089,10,11,5,9,0,1,4,0,8,322,20
JSO_r120,mixed_endpoint_30089,11,9,3,8,0,0,0,0,6,310,18
JSO_r160,mixed_endpoint_30089,11,9,2,8,0,0,0,0,7,310,19
JSO_outer1980,mixed_endpoint_30089,10,10,2,7,0,0,0,0,8,312,20
JSO_compact,mixed_endpoint_30089,11,10,2,8,0,0,0,0,8,313,20
S_doptimal,mixed_endpoint_30089,16,0,0,13,0,0,0,0,5,291,17
SO_doptimal,mixed_endpoint_30089,12,9,4,8,0,0,0,0,5,286,17
baseline,mixed_endpoint_30090,0,0,0,0,0,0,0,0,3,248,16
S_dopt_short,mixed_endpoint_30089,16,0,0,13,0,0,0,0,6,292,18
S,mixed_endpoint_30090,19,0,0,17,0,0,0,0,4,250,17
J,mixed_endpoint_30090,0,0,0,0,0,0,0,0,11,253,24
previous_best,mixed_endpoint_30090,0,0,0,0,0,0,0,0,11,255,24
O,mixed_endpoint_30090,0,4,1,0,0,0,0,0,3,250,16
JS,mixed_endpoint_30090,25,0,0,22,0,0,0,0,9,251,22
JSO_compact_dopt,mixed_endpoint_30089,11,8,2,8,0,0,0,0,6,313,18
JO,mixed_endpoint_30090,0,10,2,0,0,0,0,0,8,252,21
SO,mixed_endpoint_30090,14,6,1,12,0,0,0,0,5,247,18
JSO,mixed_endpoint_30090,21,10,4,17,0,0,0,0,6,248,19
insert80,mixed_endpoint_30090,0,0,0,0,0,0,0,0,6,270,19
insert200,mixed_endpoint_30090,0,0,0,0,0,0,0,0,4,269,17
aligned,mixed_endpoint_30090,0,0,0,0,0,0,0,0,5,234,18
insert400,mixed_endpoint_30090,0,0,0,0,0,0,0,0,4,270,17
bracket,mixed_endpoint_30090,0,0,0,0,0,0,0,0,4,250,17
optical4,mixed_endpoint_30090,0,0,0,0,2,2,8,2,6,246,19
short_clear,mixed_endpoint_30090,0,0,0,0,0,0,0,0,3,248,16
JSO_r120,mixed_endpoint_30090,17,10,5,13,0,0,0,0,5,242,18
optical2,mixed_endpoint_30090,0,0,0,0,0,0,0,0,3,248,16
JSO_p50,mixed_endpoint_30090,22,11,3,18,0,0,0,0,8,251,21
JSO_p85,mixed_endpoint_30090,19,9,3,17,0,0,0,0,6,241,19
JSO_r160,mixed_endpoint_30090,17,10,5,13,0,0,0,0,5,242,18
doptimal,mixed_endpoint_30090,0,0,0,0,0,0,0,0,2,257,15
JSO_compact,mixed_endpoint_30090,21,10,5,17,0,0,0,0,5,247,18
JSO_outer1980,mixed_endpoint_30090,21,9,4,17,0,0,0,0,5,247,18
JSO_compact_dopt,mixed_endpoint_30090,15,6,1,10,0,0,0,0,5,260,18
SO_doptimal,mixed_endpoint_30090,15,8,3,15,0,0,0,0,5,272,18
S_dopt_short,mixed_endpoint_30090,19,0,0,19,0,0,0,0,7,277,20
previous_best,mixed_endpoint_30091,0,0,0,0,0,0,0,0,10,308,24
S,mixed_endpoint_30091,20,0,0,17,0,0,0,0,6,275,20
J,mixed_endpoint_30091,0,0,0,0,0,0,0,0,11,310,25
S_doptimal,mixed_endpoint_30090,19,0,0,19,0,0,0,0,7,277,20
baseline,mixed_endpoint_30091,0,0,0,0,0,0,0,0,7,261,21
O,mixed_endpoint_30091,0,4,0,0,0,0,0,0,4,261,18
JS,mixed_endpoint_30091,22,0,0,17,0,0,0,0,9,312,23
JSO,mixed_endpoint_30091,20,12,2,14,0,0,0,0,10,312,24
JO,mixed_endpoint_30091,0,11,1,0,0,0,0,0,10,310,24
insert200,mixed_endpoint_30091,0,0,0,0,0,0,0,0,8,288,22
insert80,mixed_endpoint_30091,0,0,0,0,0,0,0,0,9,277,23
insert400,mixed_endpoint_30091,0,0,0,0,0,0,0,0,7,282,21
aligned,mixed_endpoint_30091,0,0,0,0,0,0,0,0,5,270,19
SO,mixed_endpoint_30091,16,10,0,10,0,0,0,0,10,278,24
bracket,mixed_endpoint_30091,0,0,0,0,0,0,0,0,9,262,23
optical2,mixed_endpoint_30091,0,0,0,0,0,0,0,0,7,261,21
optical4,mixed_endpoint_30091,0,0,0,0,2,2,8,2,9,258,23
short_clear,mixed_endpoint_30091,0,0,0,0,0,0,0,0,8,261,22
JSO_compact,mixed_endpoint_30091,20,12,2,14,0,0,0,0,10,312,24
JSO_p50,mixed_endpoint_30091,21,11,2,14,0,0,0,0,9,312,23
JSO_p85,mixed_endpoint_30091,16,10,2,13,0,0,0,0,8,251,22
JSO_r160,mixed_endpoint_30091,18,13,1,13,0,0,0,0,12,314,26
JSO_r120,mixed_endpoint_30091,18,13,1,13,0,0,0,0,12,314,26
doptimal,mixed_endpoint_30091,0,0,0,0,0,0,0,0,4,264,18
JSO_outer1980,mixed_endpoint_30091,20,12,2,14,0,0,0,0,10,312,24
J,mixed_endpoint_30092,0,0,0,0,0,0,0,0,3,317,13
S,mixed_endpoint_30092,13,0,0,12,0,1,44,0,46,332,56
S_doptimal,mixed_endpoint_30091,16,0,0,15,0,0,0,0,5,321,19
baseline,mixed_endpoint_30092,0,0,0,0,0,0,0,0,2,318,12
previous_best,mixed_endpoint_30092,0,0,0,0,0,0,0,0,4,316,14
O,mixed_endpoint_30092,0,2,0,0,0,0,0,0,2,318,12
JS,mixed_endpoint_30092,19,0,0,18,0,0,0,0,5,328,15
SO_doptimal,mixed_endpoint_30091,15,6,1,13,0,1,10,0,14,343,28
JSO,mixed_endpoint_30092,14,6,2,13,0,0,0,0,4,320,14
SO,mixed_endpoint_30092,13,6,3,11,0,0,0,0,3,315,13
JO,mixed_endpoint_30092,0,3,0,0,0,0,0,0,3,317,13
insert80,mixed_endpoint_30092,0,0,0,0,0,0,0,0,3,323,13
S_dopt_short,mixed_endpoint_30091,16,0,0,15,0,0,0,0,5,321,19
insert200,mixed_endpoint_30092,0,0,0,0,0,0,0,0,5,325,15
JSO_compact_dopt,mixed_endpoint_30091,19,11,2,15,0,0,0,0,9,314,23
insert400,mixed_endpoint_30092,0,0,0,0,0,0,0,0,5,325,15
aligned,mixed_endpoint_30092,0,0,0,0,0,0,0,0,5,338,15
doptimal,mixed_endpoint_30092,0,0,0,0,0,0,0,0,2,310,12
bracket,mixed_endpoint_30092,0,0,0,0,0,0,0,0,3,313,13
optical4,mixed_endpoint_30092,0,0,0,0,0,0,0,0,2,318,12
short_clear,mixed_endpoint_30092,0,0,0,0,0,0,0,0,2,320,12
optical2,mixed_endpoint_30092,0,0,0,0,0,0,0,0,2,318,12
JSO_p85,mixed_endpoint_30092,10,6,2,9,0,0,0,0,4,317,14
JSO_p50,mixed_endpoint_30092,16,6,1,14,0,0,0,0,5,322,15
JSO_compact,mixed_endpoint_30092,14,6,2,13,0,0,0,0,4,320,14
JSO_r160,mixed_endpoint_30092,13,9,3,11,0,0,0,0,6,321,16
JSO_r120,mixed_endpoint_30092,13,9,3,11,0,0,0,0,6,321,16
JSO_outer1980,mixed_endpoint_30092,13,7,2,12,0,0,0,0,5,322,15
S_doptimal,mixed_endpoint_30092,11,0,0,11,0,0,0,0,1,309,11
J,mixed_endpoint_30093,0,0,0,0,0,0,0,0,4,347,15
SO_doptimal,mixed_endpoint_30092,9,6,3,9,0,0,0,0,3,315,13
JSO_compact_dopt,mixed_endpoint_30092,15,6,2,14,0,0,0,0,4,320,14
S_dopt_short,mixed_endpoint_30092,11,0,0,11,0,0,0,0,1,308,11
baseline,mixed_endpoint_30093,0,0,0,0,0,0,0,0,5,346,16
S,mixed_endpoint_30093,12,0,0,11,0,0,0,0,6,350,17
JS,mixed_endpoint_30093,14,0,0,12,0,0,0,0,4,349,15
previous_best,mixed_endpoint_30093,0,0,0,0,0,0,0,0,6,354,17
O,mixed_endpoint_30093,0,5,2,0,0,0,0,0,3,346,14
JO,mixed_endpoint_30093,0,7,3,0,0,0,0,0,4,347,15
JSO,mixed_endpoint_30093,12,9,4,10,0,0,0,0,5,349,16
insert200,mixed_endpoint_30093,0,0,0,0,0,0,0,0,1,344,12
SO,mixed_endpoint_30093,11,7,2,8,0,0,0,0,5,339,16
insert80,mixed_endpoint_30093,0,0,0,0,0,0,0,0,3,350,14
optical2,mixed_endpoint_30093,0,0,0,0,0,0,0,0,5,346,16
insert400,mixed_endpoint_30093,0,0,0,0,0,0,0,0,3,347,14
bracket,mixed_endpoint_30093,0,0,0,0,0,0,0,0,5,343,16
optical4,mixed_endpoint_30093,0,0,0,0,2,2,8,2,4,343,15
aligned,mixed_endpoint_30093,0,0,0,0,0,0,0,0,6,332,17
short_clear,mixed_endpoint_30093,0,0,0,0,0,0,0,0,4,345,15
JSO_p50,mixed_endpoint_30093,15,9,4,12,0,0,0,0,5,351,16
JSO_r120,mixed_endpoint_30093,12,9,4,10,0,0,0,0,5,349,16
doptimal,mixed_endpoint_30093,0,0,0,0,0,0,0,0,5,332,16
JSO_p85,mixed_endpoint_30093,12,9,4,11,0,0,0,0,5,349,16
JSO_compact,mixed_endpoint_30093,11,9,3,9,0,0,0,0,6,355,17
JSO_r160,mixed_endpoint_30093,11,9,3,8,0,1,9,0,12,357,23
JSO_outer1980,mixed_endpoint_30093,13,8,3,11,0,0,0,0,5,350,16
J,mixed_endpoint_30094,0,0,0,0,0,0,0,0,7,155,23
JSO_compact_dopt,mixed_endpoint_30093,11,8,1,9,0,0,0,0,7,354,18
previous_best,mixed_endpoint_30094,0,0,0,0,0,0,0,0,10,154,26
S_doptimal,mixed_endpoint_30093,12,0,0,10,0,0,0,0,4,333,15
baseline,mixed_endpoint_30094,0,0,0,0,0,0,0,0,7,189,23
S_dopt_short,mixed_endpoint_30093,11,0,0,9,0,0,0,0,4,333,15
SO_doptimal,mixed_endpoint_30093,9,4,2,7,0,0,0,0,2,331,13
S,mixed_endpoint_30094,25,0,0,22,0,0,0,0,8,188,24
JS,mixed_endpoint_30094,17,0,0,16,0,0,0,0,2,155,18
O,mixed_endpoint_30094,0,8,2,0,0,0,0,0,6,220,22
JO,mixed_endpoint_30094,0,6,2,0,0,0,0,0,4,155,20
JSO,mixed_endpoint_30094,16,4,1,15,0,0,0,0,3,154,19
SO,mixed_endpoint_30094,23,9,3,21,0,0,0,0,6,184,22
insert80,mixed_endpoint_30094,0,0,0,0,0,0,0,0,9,161,25
insert200,mixed_endpoint_30094,0,0,0,0,0,0,0,0,9,161,25
aligned,mixed_endpoint_30094,0,0,0,0,0,0,0,0,7,196,23
bracket,mixed_endpoint_30094,0,0,0,0,0,0,0,0,9,191,25
optical2,mixed_endpoint_30094,0,0,0,0,0,0,0,0,7,189,23
insert400,mixed_endpoint_30094,0,0,0,0,0,0,0,0,9,159,25
JSO_p50,mixed_endpoint_30094,20,4,1,18,0,0,0,0,3,156,19
optical4,mixed_endpoint_30094,0,0,0,0,3,3,12,3,10,184,26
JSO_p85,mixed_endpoint_30094,15,4,2,15,0,0,0,0,2,155,18
short_clear,mixed_endpoint_30094,0,0,0,0,0,0,0,0,7,189,23
JSO_r120,mixed_endpoint_30094,17,7,2,16,0,0,0,0,5,155,21
JSO_compact,mixed_endpoint_30094,16,4,1,15,0,0,0,0,3,155,19
JSO_outer1980,mixed_endpoint_30094,15,5,2,14,0,0,0,0,3,163,19
JSO_r160,mixed_endpoint_30094,21,13,2,20,0,0,0,0,11,212,27
doptimal,mixed_endpoint_30094,0,0,0,0,0,0,0,0,6,249,22
S_doptimal,mixed_endpoint_30094,15,0,0,15,0,0,0,0,3,210,19
previous_best,mixed_endpoint_30095,0,0,0,0,0,0,0,0,8,276,23
baseline,mixed_endpoint_30095,0,0,0,0,0,0,0,0,3,277,18
J,mixed_endpoint_30095,0,0,0,0,0,0,0,0,6,259,21
S_dopt_short,mixed_endpoint_30094,23,0,0,21,0,0,0,0,5,234,21
JSO_compact_dopt,mixed_endpoint_30094,20,7,2,19,0,0,0,0,5,160,21
S,mixed_endpoint_30095,12,0,0,12,0,0,0,0,5,289,20
SO_doptimal,mixed_endpoint_30094,16,6,1,15,0,1,28,0,31,169,47
JS,mixed_endpoint_30095,18,0,0,16,0,0,0,0,9,291,24
O,mixed_endpoint_30095,0,5,2,0,0,0,0,0,3,257,18
SO,mixed_endpoint_30095,7,7,4,7,0,0,0,0,3,282,18
JO,mixed_endpoint_30095,0,6,1,0,0,0,0,0,5,259,20
JSO,mixed_endpoint_30095,14,11,5,12,0,0,0,0,6,282,21
insert80,mixed_endpoint_30095,0,0,0,0,0,0,0,0,4,253,19
insert200,mixed_endpoint_30095,0,0,0,0,0,0,0,0,4,254,19
aligned,mixed_endpoint_30095,0,0,0,0,0,0,0,0,4,296,19
insert400,mixed_endpoint_30095,0,0,0,0,0,0,0,0,7,277,22
bracket,mixed_endpoint_30095,0,0,0,0,0,0,0,0,4,276,19
optical2,mixed_endpoint_30095,0,0,0,0,0,0,0,0,3,277,18
optical4,mixed_endpoint_30095,0,0,0,0,2,2,8,2,5,275,20
JSO_p50,mixed_endpoint_30095,16,11,4,13,0,0,0,0,7,285,22
short_clear,mixed_endpoint_30095,0,0,0,0,0,0,0,0,3,285,18
JSO_p85,mixed_endpoint_30095,13,9,2,11,0,0,0,0,7,262,22
JSO_r160,mixed_endpoint_30095,14,11,5,12,0,0,0,0,6,282,21
JSO_r120,mixed_endpoint_30095,14,11,5,12,0,0,0,0,6,282,21
JSO_compact,mixed_endpoint_30095,16,9,4,15,0,0,0,0,5,282,20
doptimal,mixed_endpoint_30095,0,0,0,0,0,0,0,0,2,276,17
JSO_outer1980,mixed_endpoint_30095,14,11,4,12,0,0,0,0,7,283,22
baseline,mixed_endpoint_30096,0,0,0,0,0,0,0,0,3,299,16
J,mixed_endpoint_30096,0,0,0,0,0,0,0,0,7,278,20
JSO_compact_dopt,mixed_endpoint_30095,16,9,4,15,0,0,0,0,5,278,20
previous_best,mixed_endpoint_30096,0,0,0,0,0,0,0,0,8,279,21
S,mixed_endpoint_30096,14,0,0,13,0,0,0,0,3,305,16
S_dopt_short,mixed_endpoint_30095,11,0,0,10,0,0,0,0,4,288,19
SO_doptimal,mixed_endpoint_30095,12,4,2,10,0,0,0,0,2,282,17
O,mixed_endpoint_30096,0,3,0,0,0,0,0,0,3,300,16
S_doptimal,mixed_endpoint_30095,13,0,0,11,0,0,0,0,5,293,20
JO,mixed_endpoint_30096,0,8,1,0,0,0,0,0,7,278,20
JS,mixed_endpoint_30096,18,0,0,16,0,0,0,0,4,272,17
JSO,mixed_endpoint_30096,18,8,2,15,0,0,0,0,6,274,19
insert200,mixed_endpoint_30096,0,0,0,0,0,0,0,0,3,275,16
insert80,mixed_endpoint_30096,0,0,0,0,0,0,0,0,4,276,17
SO,mixed_endpoint_30096,14,8,3,13,0,0,0,0,5,307,18
bracket,mixed_endpoint_30096,0,0,0,0,0,0,0,0,3,299,16
optical2,mixed_endpoint_30096,0,0,0,0,0,0,0,0,3,299,16
optical4,mixed_endpoint_30096,0,0,0,0,1,1,4,1,5,298,18
aligned,mixed_endpoint_30096,0,0,0,0,0,0,0,0,7,282,20
insert400,mixed_endpoint_30096,0,0,0,0,0,0,0,0,2,287,15
short_clear,mixed_endpoint_30096,0,0,0,0,0,0,0,0,3,299,16
doptimal,mixed_endpoint_30096,0,0,0,0,0,0,0,0,7,303,20
JSO_r160,mixed_endpoint_30096,17,11,3,13,0,0,0,0,8,273,21
JSO_p50,mixed_endpoint_30096,19,10,1,17,0,0,0,0,9,302,22
JSO_r120,mixed_endpoint_30096,19,10,2,15,0,0,0,0,8,275,21
JSO_p85,mixed_endpoint_30096,13,9,1,12,0,0,0,0,8,290,21
JSO_compact,mixed_endpoint_30096,17,8,3,14,0,0,0,0,5,272,18
JSO_outer1980,mixed_endpoint_30096,18,8,2,15,0,0,0,0,6,274,19
SO_doptimal,mixed_endpoint_30096,11,7,3,10,0,0,0,0,4,295,17
S_doptimal,mixed_endpoint_30096,11,0,0,11,0,0,0,0,4,300,17
previous_best,mixed_endpoint_30097,0,0,0,0,0,0,0,0,3,350,13
S_dopt_short,mixed_endpoint_30096,11,0,0,11,0,0,0,0,6,302,19
baseline,mixed_endpoint_30097,0,0,0,0,0,0,0,0,5,309,15
JS,mixed_endpoint_30097,14,0,0,12,0,0,0,0,2,346,12
O,mixed_endpoint_30097,0,5,1,0,0,0,0,0,4,308,14
J,mixed_endpoint_30097,0,0,0,0,0,0,0,0,3,351,13
JSO_compact_dopt,mixed_endpoint_30096,19,10,1,17,0,0,0,0,9,299,22
S,mixed_endpoint_30097,12,0,0,12,0,0,0,0,5,326,15
JSO,mixed_endpoint_30097,13,3,1,11,0,0,0,0,2,345,12
SO,mixed_endpoint_30097,12,6,2,12,0,0,0,0,4,308,14
JO,mixed_endpoint_30097,0,4,1,0,0,0,0,0,3,351,13
insert80,mixed_endpoint_30097,0,0,0,0,0,0,0,0,5,336,15
optical2,mixed_endpoint_30097,0,0,0,0,0,0,0,0,5,309,15
bracket,mixed_endpoint_30097,0,0,0,0,0,0,0,0,6,310,16
aligned,mixed_endpoint_30097,0,0,0,0,0,0,0,0,7,318,17
insert400,mixed_endpoint_30097,0,0,0,0,0,0,0,0,6,326,16
insert200,mixed_endpoint_30097,0,0,0,0,0,0,0,0,6,326,16
optical4,mixed_endpoint_30097,0,0,0,0,1,1,4,1,6,308,16
short_clear,mixed_endpoint_30097,0,0,0,0,0,0,0,0,5,309,15
JSO_p50,mixed_endpoint_30097,14,3,1,12,0,0,0,0,2,346,12
doptimal,mixed_endpoint_30097,0,0,0,0,0,0,0,0,3,351,13
JSO_p85,mixed_endpoint_30097,10,4,1,10,0,0,0,0,3,346,13
JSO_r120,mixed_endpoint_30097,12,5,2,11,0,0,0,0,3,344,13
JSO_r160,mixed_endpoint_30097,12,5,2,11,0,0,0,0,3,344,13
JSO_compact,mixed_endpoint_30097,13,3,1,12,0,0,0,0,2,345,12
JSO_outer1980,mixed_endpoint_30097,13,3,1,11,0,0,0,0,2,345,12
baseline,mixed_endpoint_30098,0,0,0,0,0,0,0,0,3,328,13
previous_best,mixed_endpoint_30098,0,0,0,0,0,0,0,0,6,312,16
J,mixed_endpoint_30098,0,0,0,0,0,0,0,0,6,313,16
O,mixed_endpoint_30098,0,5,1,0,0,0,0,0,4,311,14
JS,mixed_endpoint_30098,13,0,0,13,0,0,0,0,2,312,12
S_doptimal,mixed_endpoint_30097,14,0,0,12,0,0,0,0,0,324,10
S_dopt_short,mixed_endpoint_30097,14,0,0,12,0,0,0,0,0,324,10
S,mixed_endpoint_30098,11,0,0,11,0,0,0,0,4,329,14
JSO_compact_dopt,mixed_endpoint_30097,12,4,2,10,0,0,0,0,2,347,12
SO_doptimal,mixed_endpoint_30097,11,1,0,9,0,0,0,0,1,324,11
insert200,mixed_endpoint_30098,0,0,0,0,0,0,0,0,4,302,14
insert80,mixed_endpoint_30098,0,0,0,0,0,0,0,0,4,302,14
aligned,mixed_endpoint_30098,0,0,0,0,0,0,0,0,2,315,12
JO,mixed_endpoint_30098,0,7,2,0,0,0,0,0,5,312,15
JSO,mixed_endpoint_30098,13,7,4,13,0,0,0,0,3,313,13
insert400,mixed_endpoint_30098,0,0,0,0,0,0,0,0,3,302,13
SO,mixed_endpoint_30098,9,7,2,9,0,0,0,0,5,328,15
bracket,mixed_endpoint_30098,0,0,0,0,0,0,0,0,4,325,14
JSO_p85,mixed_endpoint_30098,10,6,4,10,0,0,0,0,2,309,12
short_clear,mixed_endpoint_30098,0,0,0,0,0,0,0,0,3,320,13
doptimal,mixed_endpoint_30098,0,0,0,0,0,0,0,0,2,317,12
JSO_r120,mixed_endpoint_30098,11,8,6,11,0,0,0,0,2,315,12
optical4,mixed_endpoint_30098,0,0,0,0,1,1,4,1,3,327,13
optical2,mixed_endpoint_30098,0,0,0,0,0,0,0,0,3,328,13
JSO_p50,mixed_endpoint_30098,14,7,4,14,0,0,0,0,3,314,13
JSO_r160,mixed_endpoint_30098,10,8,6,10,0,0,0,0,2,314,12
JSO_compact,mixed_endpoint_30098,13,6,4,13,0,0,0,0,2,318,12
JSO_outer1980,mixed_endpoint_30098,13,7,4,13,0,0,0,0,3,313,13
JSO_compact_dopt,mixed_endpoint_30098,7,3,1,7,0,0,0,0,2,318,12
S_doptimal,mixed_endpoint_30098,10,0,0,10,0,0,0,0,7,322,17
S,mixed_endpoint_30099,12,0,0,12,0,0,0,0,5,298,16
SO_doptimal,mixed_endpoint_30098,9,6,2,9,0,0,0,0,4,322,14
previous_best,mixed_endpoint_30099,0,0,0,0,0,0,0,0,5,285,16
J,mixed_endpoint_30099,0,0,0,0,0,0,0,0,8,288,19
S_dopt_short,mixed_endpoint_30098,10,0,0,10,0,0,0,0,7,322,17
baseline,mixed_endpoint_30099,0,0,0,0,0,0,0,0,5,295,16
JS,mixed_endpoint_30099,19,0,0,17,0,0,0,0,6,290,17
O,mixed_endpoint_30099,0,5,0,0,0,0,0,0,5,294,16
JO,mixed_endpoint_30099,0,8,2,0,0,0,0,0,6,287,17
insert200,mixed_endpoint_30099,0,0,0,0,0,0,0,0,4,292,15
JSO,mixed_endpoint_30099,18,6,0,16,0,0,0,0,6,290,17
SO,mixed_endpoint_30099,11,7,3,11,0,0,0,0,4,297,15
insert80,mixed_endpoint_30099,0,0,0,0,0,0,0,0,8,288,19
insert400,mixed_endpoint_30099,0,0,0,0,0,0,0,0,4,292,15
aligned,mixed_endpoint_30099,0,0,0,0,0,0,0,0,3,305,14
optical2,mixed_endpoint_30099,0,0,0,0,0,0,0,0,5,295,16
bracket,mixed_endpoint_30099,0,0,0,0,0,0,0,0,6,297,17
JSO_p50,mixed_endpoint_30099,18,6,0,16,0,0,0,0,6,290,17
optical4,mixed_endpoint_30099,0,0,0,0,1,1,4,1,5,294,16
short_clear,mixed_endpoint_30099,0,0,0,0,0,0,0,0,6,297,17
JSO_p85,mixed_endpoint_30099,13,6,0,12,0,0,0,0,6,286,17
JSO_r120,mixed_endpoint_30099,10,8,3,9,0,0,0,0,5,287,16
JSO_r160,mixed_endpoint_30099,10,8,3,9,0,0,0,0,5,287,16
doptimal,mixed_endpoint_30099,0,0,0,0,0,0,0,0,2,308,13
JSO_compact,mixed_endpoint_30099,18,6,0,16,0,0,0,0,6,290,17
JSO_outer1980,mixed_endpoint_30099,18,6,0,16,0,0,0,0,6,290,17
S_dopt_short,mixed_endpoint_30099,13,0,0,13,0,0,0,0,2,295,13
S_doptimal,mixed_endpoint_30099,13,0,0,12,0,0,0,0,3,295,14
JSO_compact_dopt,mixed_endpoint_30099,13,5,2,13,0,0,0,0,3,285,14
baseline,mixed_endpoint_30100,0,0,0,0,0,0,0,0,6,248,20
J,mixed_endpoint_30100,0,0,0,0,0,0,0,0,9,231,23
SO_doptimal,mixed_endpoint_30099,13,4,0,12,0,0,0,0,4,296,15
JS,mixed_endpoint_30100,21,0,0,20,0,0,0,0,3,252,17
S,mixed_endpoint_30100,17,0,0,17,0,0,0,0,8,287,22
O,mixed_endpoint_30100,0,8,3,0,0,0,0,0,5,246,19
previous_best,mixed_endpoint_30100,0,0,0,0,0,0,0,0,8,252,22
JSO,mixed_endpoint_30100,20,5,2,19,0,0,0,0,3,251,17
SO,mixed_endpoint_30100,14,10,3,13,0,0,0,0,7,283,21
insert80,mixed_endpoint_30100,0,0,0,0,0,0,0,0,6,245,20
JO,mixed_endpoint_30100,0,6,0,0,0,0,0,0,6,231,20
aligned,mixed_endpoint_30100,0,0,0,0,0,1,108,0,103,241,117
bracket,mixed_endpoint_30100,0,0,0,0,0,0,0,0,6,248,20
insert400,mixed_endpoint_30100,0,0,0,0,0,0,0,0,6,251,20
insert200,mixed_endpoint_30100,0,0,0,0,0,0,0,0,7,251,21
optical2,mixed_endpoint_30100,0,0,0,0,0,0,0,0,6,248,20
JSO_p50,mixed_endpoint_30100,25,5,0,21,0,0,0,0,5,258,19
JSO_p85,mixed_endpoint_30100,11,5,0,10,0,0,0,0,5,259,19
short_clear,mixed_endpoint_30100,0,0,0,0,0,0,0,0,8,268,22
optical4,mixed_endpoint_30100,0,0,0,0,1,1,4,1,8,247,22
JSO_r160,mixed_endpoint_30100,16,8,2,13,0,0,0,0,6,256,20
JSO_r120,mixed_endpoint_30100,19,7,2,18,0,0,0,0,5,254,19
JSO_compact,mixed_endpoint_30100,20,6,2,19,0,0,0,0,4,264,18
doptimal,mixed_endpoint_30100,0,0,0,0,0,1,108,0,107,250,121
JSO_outer1980,mixed_endpoint_30100,17,6,3,15,0,0,0,0,3,258,17
baseline,mixed_endpoint_30101,0,0,0,0,0,0,0,0,5,305,17
J,mixed_endpoint_30101,0,0,0,0,0,0,0,0,5,323,17
O,mixed_endpoint_30101,0,7,3,0,0,0,0,0,4,304,16
S,mixed_endpoint_30101,17,0,0,16,0,0,0,0,5,312,17
previous_best,mixed_endpoint_30101,0,0,0,0,0,0,0,0,7,327,19
S_doptimal,mixed_endpoint_30100,20,0,0,17,0,1,108,0,106,261,120
JO,mixed_endpoint_30101,0,4,1,0,0,0,0,0,3,323,15
JSO_compact_dopt,mixed_endpoint_30100,17,6,0,15,0,0,0,0,6,236,20
JS,mixed_endpoint_30101,14,0,0,12,0,0,0,0,8,333,20
SO,mixed_endpoint_30101,13,7,1,12,0,0,0,0,6,309,18
insert80,mixed_endpoint_30101,0,0,0,0,0,0,0,0,2,302,14
SO_doptimal,mixed_endpoint_30100,20,7,0,17,0,1,108,0,107,262,121
insert200,mixed_endpoint_30101,0,0,0,0,0,0,0,0,1,300,13
S_dopt_short,mixed_endpoint_30100,22,0,0,19,0,1,108,0,107,266,121
JSO,mixed_endpoint_30101,12,7,0,10,0,0,0,0,7,332,19
insert400,mixed_endpoint_30101,0,0,0,0,0,0,0,0,1,302,13
aligned,mixed_endpoint_30101,0,0,0,0,0,0,0,0,4,314,16
bracket,mixed_endpoint_30101,0,0,0,0,0,0,0,0,6,305,18
optical2,mixed_endpoint_30101,0,0,0,0,0,0,0,0,5,305,17
doptimal,mixed_endpoint_30101,0,0,0,0,0,0,0,0,3,316,15
optical4,mixed_endpoint_30101,0,0,0,0,0,0,0,0,5,305,17
short_clear,mixed_endpoint_30101,0,0,0,0,0,0,0,0,5,305,17
JSO_p50,mixed_endpoint_30101,15,9,1,11,0,0,0,0,8,340,20
JSO_p85,mixed_endpoint_30101,10,6,1,8,0,0,0,0,5,329,17
JSO_r120,mixed_endpoint_30101,12,7,0,10,0,0,0,0,7,332,19
JSO_r160,mixed_endpoint_30101,12,7,0,10,0,0,0,0,7,332,19
JSO_outer1980,mixed_endpoint_30101,13,7,1,11,0,0,0,0,6,328,18
JSO_compact,mixed_endpoint_30101,12,7,0,10,0,0,0,0,7,329,19
S_dopt_short,mixed_endpoint_30101,11,0,0,11,0,0,0,0,3,324,15
SO_doptimal,mixed_endpoint_30101,9,5,1,9,0,0,0,0,4,305,16
S_doptimal,mixed_endpoint_30101,11,0,0,11,0,0,0,0,3,306,15
baseline,mixed_endpoint_30102,0,0,0,0,0,0,0,0,2,287,16
J,mixed_endpoint_30102,0,0,0,0,0,0,0,0,6,256,20
JSO_compact_dopt,mixed_endpoint_30101,12,6,2,11,0,0,0,0,4,321,16
S,mixed_endpoint_30102,15,0,0,15,0,0,0,0,4,248,18
previous_best,mixed_endpoint_30102,0,0,0,0,0,0,0,0,7,259,21
O,mixed_endpoint_30102,0,5,3,0,0,0,0,0,2,287,16
JO,mixed_endpoint_30102,0,8,2,0,0,0,0,0,6,256,20
SO,mixed_endpoint_30102,13,7,3,13,0,0,0,0,4,257,18
JS,mixed_endpoint_30102,22,0,0,20,0,0,0,0,6,260,20
JSO,mixed_endpoint_30102,20,9,2,18,0,0,0,0,7,259,21
insert80,mixed_endpoint_30102,0,0,0,0,0,0,0,0,3,255,17
insert200,mixed_endpoint_30102,0,0,0,0,0,0,0,0,3,256,17
insert400,mixed_endpoint_30102,0,0,0,0,0,0,0,0,4,258,18
aligned,mixed_endpoint_30102,0,0,0,0,0,0,0,0,3,244,17
bracket,mixed_endpoint_30102,0,0,0,0,0,0,0,0,2,288,16
optical4,mixed_endpoint_30102,0,0,0,0,1,1,4,1,4,286,18
doptimal,mixed_endpoint_30102,0,0,0,0,0,0,0,0,2,267,16
optical2,mixed_endpoint_30102,0,0,0,0,0,0,0,0,2,287,16
short_clear,mixed_endpoint_30102,0,0,0,0,0,0,0,0,4,285,18
JSO_p85,mixed_endpoint_30102,16,8,1,14,0,0,0,0,7,258,21
JSO_compact,mixed_endpoint_30102,20,8,4,18,0,0,0,0,4,255,18
JSO_p50,mixed_endpoint_30102,20,10,2,17,0,0,0,0,8,260,22
JSO_r160,mixed_endpoint_30102,18,11,2,16,0,0,0,0,9,263,23
JSO_r120,mixed_endpoint_30102,18,11,2,16,0,0,0,0,9,263,23
JSO_outer1980,mixed_endpoint_30102,20,9,3,18,0,0,0,0,6,258,20
baseline,mixed_endpoint_30103,0,0,0,0,0,0,0,0,6,315,20
SO_doptimal,mixed_endpoint_30102,9,7,4,9,0,0,0,0,3,268,17
J,mixed_endpoint_30103,0,0,0,0,0,0,0,0,8,288,22
S_dopt_short,mixed_endpoint_30102,17,0,0,16,0,0,0,0,3,250,17
previous_best,mixed_endpoint_30103,0,0,0,0,0,0,0,0,8,285,22
S_doptimal,mixed_endpoint_30102,17,0,0,16,0,0,0,0,3,250,17
O,mixed_endpoint_30103,0,8,3,0,0,0,0,0,5,315,19
S,mixed_endpoint_30103,13,0,0,12,0,0,0,0,6,269,20
JSO_compact_dopt,mixed_endpoint_30102,16,9,3,15,0,0,0,0,6,253,20
JS,mixed_endpoint_30103,19,0,0,16,0,0,0,0,10,295,24
JO,mixed_endpoint_30103,0,9,2,0,0,0,0,0,7,287,21
SO,mixed_endpoint_30103,9,8,3,9,0,0,0,0,5,309,19
insert80,mixed_endpoint_30103,0,0,0,0,0,0,0,0,6,278,20
insert200,mixed_endpoint_30103,0,0,0,0,0,0,0,0,6,247,20
aligned,mixed_endpoint_30103,0,0,0,0,0,0,0,0,3,269,17
insert400,mixed_endpoint_30103,0,0,0,0,0,0,0,0,2,292,16
bracket,mixed_endpoint_30103,0,0,0,0,0,0,0,0,6,315,20
JSO,mixed_endpoint_30103,17,10,1,14,0,0,0,0,9,294,23
doptimal,mixed_endpoint_30103,0,0,0,0,0,0,0,0,6,264,20
optical2,mixed_endpoint_30103,0,0,0,0,0,0,0,0,6,315,20
optical4,mixed_endpoint_30103,0,0,0,0,2,2,8,2,8,313,22
short_clear,mixed_endpoint_30103,0,0,0,0,0,0,0,0,6,315,20
JSO_compact,mixed_endpoint_30103,17,9,2,15,0,0,0,0,7,293,21
JSO_outer1980,mixed_endpoint_30103,18,12,2,15,0,0,0,0,10,298,24
JSO_r120,mixed_endpoint_30103,16,11,1,13,0,0,0,0,10,290,24
JSO_p50,mixed_endpoint_30103,19,10,1,15,0,0,0,0,9,296,23
JSO_p85,mixed_endpoint_30103,14,10,1,13,0,0,0,0,9,291,23
JSO_r160,mixed_endpoint_30103,15,11,2,12,0,0,0,0,9,288,23
baseline,mixed_endpoint_30104,0,0,0,0,0,0,0,0,2,321,12
S,mixed_endpoint_30104,13,0,0,12,0,0,0,0,1,321,11
J,mixed_endpoint_30104,0,0,0,0,0,0,0,0,9,332,19
O,mixed_endpoint_30104,0,2,0,0,0,0,0,0,2,322,12
previous_best,mixed_endpoint_30104,0,0,0,0,0,0,0,0,10,333,20
JS,mixed_endpoint_30104,10,0,0,10,0,0,0,0,7,330,17
SO_doptimal,mixed_endpoint_30103,11,8,1,11,0,0,0,0,7,337,21
S_doptimal,mixed_endpoint_30103,15,0,0,15,0,0,0,0,6,341,20
S_dopt_short,mixed_endpoint_30103,15,0,0,15,0,0,0,0,6,341,20
JSO_compact_dopt,mixed_endpoint_30103,15,8,1,13,0,0,0,0,7,276,21
insert80,mixed_endpoint_30104,0,0,0,0,0,0,0,0,4,324,14
insert200,mixed_endpoint_30104,0,0,0,0,0,0,0,0,4,319,14
JO,mixed_endpoint_30104,0,10,2,0,0,0,0,0,8,332,18
JSO,mixed_endpoint_30104,10,9,3,10,0,0,0,0,6,330,16
SO,mixed_endpoint_30104,13,2,0,11,0,0,0,0,2,323,12
aligned,mixed_endpoint_30104,0,0,0,0,0,1,4,0,4,358,14
insert400,mixed_endpoint_30104,0,0,0,0,0,0,0,0,5,322,15
doptimal,mixed_endpoint_30104,0,0,0,0,0,0,0,0,1,354,11
bracket,mixed_endpoint_30104,0,0,0,0,0,0,0,0,1,319,11
optical2,mixed_endpoint_30104,0,0,0,0,0,0,0,0,2,321,12
optical4,mixed_endpoint_30104,0,0,0,0,2,2,8,2,4,319,14
short_clear,mixed_endpoint_30104,0,0,0,0,0,0,0,0,2,321,12
JSO_p85,mixed_endpoint_30104,7,9,3,7,0,0,0,0,6,329,16
JSO_p50,mixed_endpoint_30104,10,9,3,10,0,0,0,0,6,330,16
JSO_r160,mixed_endpoint_30104,10,9,3,10,0,0,0,0,6,330,16
JSO_r120,mixed_endpoint_30104,10,9,3,10,0,0,0,0,6,330,16
JSO_compact,mixed_endpoint_30104,10,9,3,10,0,0,0,0,6,330,16
S_doptimal,mixed_endpoint_30104,5,0,0,5,0,0,0,0,4,359,14
JSO_outer1980,mixed_endpoint_30104,10,9,3,10,0,0,0,0,6,330,16
SO_doptimal,mixed_endpoint_30104,6,5,1,6,0,0,0,0,4,359,14
JSO_compact_dopt,mixed_endpoint_30104,7,6,1,6,0,0,0,0,5,356,15
S_dopt_short,mixed_endpoint_30104,5,0,0,5,0,0,0,0,4,359,14
JS,mixed_endpoint_30105,22,0,0,22,0,0,0,0,4,265,17
baseline,mixed_endpoint_30105,0,0,0,0,0,0,0,0,3,247,16
JO,mixed_endpoint_30105,0,6,1,0,0,0,0,0,5,239,18
previous_best,mixed_endpoint_30105,0,0,0,0,0,0,0,0,9,240,22
J,mixed_endpoint_30105,0,0,0,0,0,0,0,0,7,241,20
S,mixed_endpoint_30105,16,0,0,16,0,0,0,0,11,280,24
JSO,mixed_endpoint_30105,20,11,4,20,0,0,0,0,7,266,20
O,mixed_endpoint_30105,0,4,1,0,0,0,0,0,3,249,16
insert80,mixed_endpoint_30105,0,0,0,0,0,0,0,0,8,255,21
SO,mixed_endpoint_30105,14,8,0,14,0,0,0,0,8,278,21
insert400,mixed_endpoint_30105,0,0,0,0,0,0,0,0,8,268,21
insert200,mixed_endpoint_30105,0,0,0,0,0,0,0,0,8,265,21
aligned,mixed_endpoint_30105,0,0,0,0,0,0,0,0,4,258,17
bracket,mixed_endpoint_30105,0,0,0,0,0,0,0,0,6,247,19
optical4,mixed_endpoint_30105,0,0,0,0,2,2,8,2,7,245,20
JSO_p50,mixed_endpoint_30105,20,11,4,20,0,0,0,0,7,266,20
optical2,mixed_endpoint_30105,0,0,0,0,0,0,0,0,3,247,16
JSO_p85,mixed_endpoint_30105,19,9,4,19,0,0,0,0,5,263,18
doptimal,mixed_endpoint_30105,0,0,0,0,0,0,0,0,4,275,17
short_clear,mixed_endpoint_30105,0,0,0,0,0,0,0,0,3,247,16
JSO_r120,mixed_endpoint_30105,17,8,2,16,0,0,0,0,6,257,19
JSO_r160,mixed_endpoint_30105,18,9,2,17,0,0,0,0,7,258,20
JSO_compact,mixed_endpoint_30105,20,11,4,20,0,0,0,0,7,266,20
JSO_outer1980,mixed_endpoint_30105,20,11,4,20,0,0,0,0,7,266,20
baseline,mixed_endpoint_30106,0,0,0,0,0,0,0,0,1,331,11
previous_best,mixed_endpoint_30106,0,0,0,0,0,0,0,0,8,339,18
J,mixed_endpoint_30106,0,0,0,0,0,0,0,0,5,339,15
O,mixed_endpoint_30106,0,1,0,0,0,0,0,0,1,331,11
S,mixed_endpoint_30106,11,0,0,11,0,0,0,0,2,345,12
JS,mixed_endpoint_30106,10,0,0,9,0,0,0,0,3,330,13
JSO_compact_dopt,mixed_endpoint_30105,15,5,0,13,0,0,0,0,5,255,18
SO_doptimal,mixed_endpoint_30105,12,6,2,12,0,0,0,0,4,271,17
S_dopt_short,mixed_endpoint_30105,16,0,0,15,0,0,0,0,5,264,18
JSO,mixed_endpoint_30106,10,7,4,9,0,0,0,0,3,331,13
JO,mixed_endpoint_30106,0,6,2,0,0,0,0,0,4,339,14
SO,mixed_endpoint_30106,11,5,0,11,0,0,0,0,5,349,15
S_doptimal,mixed_endpoint_30105,16,0,0,15,0,0,0,0,5,264,18
insert80,mixed_endpoint_30106,0,0,0,0,0,0,0,0,5,330,15
insert400,mixed_endpoint_30106,0,0,0,0,0,0,0,0,2,336,12
insert200,mixed_endpoint_30106,0,0,0,0,0,0,0,0,5,334,15
bracket,mixed_endpoint_30106,0,0,0,0,0,0,0,0,1,331,11
aligned,mixed_endpoint_30106,0,0,0,0,0,0,0,0,4,329,14
optical2,mixed_endpoint_30106,0,0,0,0,0,0,0,0,1,331,11
JSO_p50,mixed_endpoint_30106,10,7,4,9,0,0,0,0,3,331,13
optical4,mixed_endpoint_30106,0,0,0,0,0,0,0,0,1,331,11
short_clear,mixed_endpoint_30106,0,0,0,0,0,0,0,0,1,331,11
JSO_r120,mixed_endpoint_30106,10,7,4,9,0,0,0,0,3,331,13
JSO_compact,mixed_endpoint_30106,10,7,4,9,0,0,0,0,3,331,13
JSO_r160,mixed_endpoint_30106,10,7,4,9,0,0,0,0,3,331,13
JSO_p85,mixed_endpoint_30106,9,6,2,9,0,0,0,0,4,335,14
JSO_outer1980,mixed_endpoint_30106,10,7,4,9,0,0,0,0,3,331,13
doptimal,mixed_endpoint_30106,0,0,0,0,0,0,0,0,3,341,13
JSO_compact_dopt,mixed_endpoint_30106,10,7,4,9,0,0,0,0,3,331,13
SO_doptimal,mixed_endpoint_30106,9,4,1,9,0,0,0,0,3,330,13
S_doptimal,mixed_endpoint_30106,10,0,0,10,0,0,0,0,3,330,13
S_dopt_short,mixed_endpoint_30106,9,0,0,9,0,0,0,0,3,329,13
baseline,mixed_endpoint_30107,0,0,0,0,0,0,0,0,2,207,17
J,mixed_endpoint_30107,0,0,0,0,0,0,0,0,5,248,20
JS,mixed_endpoint_30107,18,0,0,16,0,0,0,0,6,237,21
previous_best,mixed_endpoint_30107,0,0,0,0,0,0,0,0,8,247,23
O,mixed_endpoint_30107,0,3,3,0,0,0,0,0,0,207,15
S,mixed_endpoint_30107,19,0,0,17,0,0,0,0,7,253,22
JSO,mixed_endpoint_30107,16,11,6,14,0,0,0,0,5,234,20
JO,mixed_endpoint_30107,0,7,2,0,0,0,0,0,5,249,20
insert80,mixed_endpoint_30107,0,0,0,0,0,0,0,0,7,226,22
insert200,mixed_endpoint_30107,0,0,0,0,0,0,0,0,6,228,21
SO,mixed_endpoint_30107,19,8,1,17,0,0,0,0,7,253,22
insert400,mixed_endpoint_30107,0,0,0,0,0,0,0,0,9,229,24
aligned,mixed_endpoint_30107,0,0,0,0,0,0,0,0,2,203,17
bracket,mixed_endpoint_30107,0,0,0,0,0,0,0,0,2,207,17
optical2,mixed_endpoint_30107,0,0,0,0,0,0,0,0,2,207,17
JSO_p50,mixed_endpoint_30107,22,12,7,20,0,0,0,0,5,233,20
optical4,mixed_endpoint_30107,0,0,0,0,1,1,4,1,3,206,18
short_clear,mixed_endpoint_30107,0,0,0,0,0,0,0,0,3,207,18
JSO_p85,mixed_endpoint_30107,13,10,4,12,0,0,0,0,6,245,21
JSO_r160,mixed_endpoint_30107,15,13,6,13,0,0,0,0,7,233,22
JSO_r120,mixed_endpoint_30107,15,13,6,13,0,0,0,0,7,233,22
JSO_outer1980,mixed_endpoint_30107,18,9,5,16,0,0,0,0,4,232,19
doptimal,mixed_endpoint_30107,0,0,0,0,0,0,0,0,3,271,18
JSO_compact,mixed_endpoint_30107,19,12,6,16,0,0,0,0,6,237,21
baseline,mixed_endpoint_30108,0,0,0,0,0,0,0,0,5,298,16
previous_best,mixed_endpoint_30108,0,0,0,0,0,0,0,0,5,282,16
J,mixed_endpoint_30108,0,0,0,0,0,0,0,0,2,278,13
O,mixed_endpoint_30108,0,6,1,0,0,0,0,0,5,298,16
S,mixed_endpoint_30108,20,0,0,20,0,0,0,0,3,289,14
S_doptimal,mixed_endpoint_30107,14,0,0,12,0,0,0,0,4,294,19
JS,mixed_endpoint_30108,22,0,0,20,0,0,0,0,6,284,17
SO_doptimal,mixed_endpoint_30107,13,6,2,11,0,0,0,0,4,293,19
S_dopt_short,mixed_endpoint_30107,14,0,0,12,0,0,0,0,6,289,21
JO,mixed_endpoint_30108,0,5,3,0,0,0,0,0,2,278,13
JSO,mixed_endpoint_30108,14,6,1,14,0,0,0,0,5,288,16
SO,mixed_endpoint_30108,16,8,3,16,0,0,0,0,5,278,16
JSO_compact_dopt,mixed_endpoint_30107,19,12,6,16,0,0,0,0,6,237,21
insert80,mixed_endpoint_30108,0,0,0,0,0,0,0,0,3,294,14
insert200,mixed_endpoint_30108,0,0,0,0,0,0,0,0,3,294,14
insert400,mixed_endpoint_30108,0,0,0,0,0,0,0,0,3,294,14
aligned,mixed_endpoint_30108,0,0,0,0,0,0,0,0,2,271,13
bracket,mixed_endpoint_30108,0,0,0,0,0,0,0,0,5,298,16
optical2,mixed_endpoint_30108,0,0,0,0,0,0,0,0,5,298,16
optical4,mixed_endpoint_30108,0,0,0,0,0,0,0,0,5,298,16
JSO_p85,mixed_endpoint_30108,12,6,1,12,0,0,0,0,5,287,16
short_clear,mixed_endpoint_30108,0,0,0,0,0,0,0,0,5,298,16
JSO_p50,mixed_endpoint_30108,20,8,0,19,0,0,0,0,8,285,19
JSO_r120,mixed_endpoint_30108,13,9,2,13,0,0,0,0,7,288,18
doptimal,mixed_endpoint_30108,0,0,0,0,0,0,0,0,4,281,15
JSO_r160,mixed_endpoint_30108,13,9,2,13,0,0,0,0,7,288,18
JSO_compact,mixed_endpoint_30108,14,6,1,14,0,0,0,0,5,288,16
JSO_outer1980,mixed_endpoint_30108,14,6,1,14,0,0,0,0,5,288,16
baseline,mixed_endpoint_30109,0,0,0,0,0,0,0,0,5,349,16
S_doptimal,mixed_endpoint_30108,15,0,0,14,0,0,0,0,5,281,16
SO_doptimal,mixed_endpoint_30108,10,5,2,10,0,0,0,0,3,281,14
previous_best,mixed_endpoint_30109,0,0,0,0,0,0,0,0,5,318,16
J,mixed_endpoint_30109,0,0,0,0,0,0,0,0,2,316,13
O,mixed_endpoint_30109,0,9,4,0,0,0,0,0,5,349,16
S,mixed_endpoint_30109,19,0,0,18,0,0,0,0,4,360,15
S_dopt_short,mixed_endpoint_30108,15,0,0,14,0,0,0,0,5,281,16
JSO_compact_dopt,mixed_endpoint_30108,15,7,0,15,0,0,0,0,7,292,18
JS,mixed_endpoint_30109,12,0,0,11,0,0,0,0,4,320,15
JO,mixed_endpoint_30109,0,2,1,0,0,0,0,0,1,316,12
SO,mixed_endpoint_30109,14,10,4,14,0,0,0,0,6,355,17
insert80,mixed_endpoint_30109,0,0,0,0,0,0,0,0,5,300,16
JSO,mixed_endpoint_30109,9,4,1,8,0,0,0,0,3,320,14
aligned,mixed_endpoint_30109,0,0,0,0,0,0,0,0,7,310,18
insert200,mixed_endpoint_30109,0,0,0,0,0,0,0,0,5,370,16
bracket,mixed_endpoint_30109,0,0,0,0,0,0,0,0,6,350,17
insert400,mixed_endpoint_30109,0,0,0,0,0,0,0,0,7,374,18
optical2,mixed_endpoint_30109,0,0,0,0,0,0,0,0,5,349,16
doptimal,mixed_endpoint_30109,0,0,0,0,0,0,0,0,3,314,14
optical4,mixed_endpoint_30109,0,0,0,0,2,2,8,2,7,345,18
short_clear,mixed_endpoint_30109,0,0,0,0,0,0,0,0,5,349,16
JSO_p85,mixed_endpoint_30109,6,4,0,5,0,0,0,0,4,323,15
JSO_p50,mixed_endpoint_30109,10,5,1,8,0,0,0,0,4,323,15
JSO_r160,mixed_endpoint_30109,9,5,1,8,0,0,0,0,4,321,15
JSO_outer1980,mixed_endpoint_30109,13,9,4,12,0,0,0,0,5,327,16
JSO_r120,mixed_endpoint_30109,9,5,1,8,0,0,0,0,4,321,15
JSO_compact,mixed_endpoint_30109,9,4,1,8,0,0,0,0,3,320,14
S_doptimal,mixed_endpoint_30109,11,0,0,11,0,0,0,0,5,319,16
SO_doptimal,mixed_endpoint_30109,10,6,1,9,0,0,0,0,5,320,16
previous_best,mixed_endpoint_30110,0,0,0,0,0,0,0,0,7,248,23
S,mixed_endpoint_30110,17,0,0,16,0,0,0,0,6,245,22
J,mixed_endpoint_30110,0,0,0,0,0,0,0,0,10,240,26
S_dopt_short,mixed_endpoint_30109,12,0,0,10,0,0,0,0,7,304,18
JSO_compact_dopt,mixed_endpoint_30109,9,4,1,8,0,0,0,0,3,316,14
baseline,mixed_endpoint_30110,0,0,0,0,0,0,0,0,4,128,20
O,mixed_endpoint_30110,0,6,3,0,0,0,0,0,3,127,19
JO,mixed_endpoint_30110,0,11,3,0,0,0,0,0,8,239,24
JS,mixed_endpoint_30110,35,0,0,34,0,1,106,0,109,204,125
SO,mixed_endpoint_30110,16,6,2,16,0,0,0,0,4,247,20
insert200,mixed_endpoint_30110,0,0,0,0,0,0,0,0,7,257,23
JSO,mixed_endpoint_30110,25,8,3,24,0,1,106,0,108,195,124
insert80,mixed_endpoint_30110,0,0,0,0,0,0,0,0,6,259,22
insert400,mixed_endpoint_30110,0,0,0,0,0,0,0,0,7,267,23
bracket,mixed_endpoint_30110,0,0,0,0,0,1,4,0,7,128,23
aligned,mixed_endpoint_30110,0,0,0,0,0,0,0,0,11,159,27
doptimal,mixed_endpoint_30110,0,0,0,0,0,0,0,0,3,260,19
optical2,mixed_endpoint_30110,0,0,0,0,0,0,0,0,4,128,20
optical4,mixed_endpoint_30110,0,0,0,0,3,3,12,3,8,125,24
short_clear,mixed_endpoint_30110,0,0,0,0,0,0,0,0,5,129,21
JSO_p50,mixed_endpoint_30110,29,9,1,25,0,0,0,0,8,194,24
JSO_r160,mixed_endpoint_30110,21,9,3,20,0,1,106,0,109,190,125
JSO_r120,mixed_endpoint_30110,23,9,4,22,0,1,106,0,108,192,124
JSO_p85,mixed_endpoint_30110,15,10,2,15,0,1,106,0,111,189,127
JSO_outer1980,mixed_endpoint_30110,25,8,3,24,0,1,106,0,108,195,124
JSO_compact,mixed_endpoint_30110,24,8,3,23,0,1,106,0,108,197,124
J,mixed_endpoint_30111,0,0,0,0,0,0,0,0,7,314,22
previous_best,mixed_endpoint_30111,0,0,0,0,0,0,0,0,5,311,20
S_doptimal,mixed_endpoint_30110,25,0,0,25,0,0,0,0,8,195,24
baseline,mixed_endpoint_30111,0,0,0,0,0,0,0,0,7,332,22
S,mixed_endpoint_30111,13,0,0,12,0,0,0,0,3,330,18
S_dopt_short,mixed_endpoint_30110,25,0,0,25,0,0,0,0,8,208,24
SO_doptimal,mixed_endpoint_30110,20,11,1,19,0,0,0,0,10,178,26
JS,mixed_endpoint_30111,22,0,0,21,0,0,0,0,5,323,20
O,mixed_endpoint_30111,0,8,2,0,0,0,0,0,6,332,21
insert80,mixed_endpoint_30111,0,0,0,0,0,0,0,0,3,293,18
JO,mixed_endpoint_30111,0,10,4,0,0,0,0,0,6,311,21
JSO,mixed_endpoint_30111,19,12,7,19,0,0,0,0,5,318,20
JSO_compact_dopt,mixed_endpoint_30110,20,11,5,18,0,0,0,0,6,200,22
SO,mixed_endpoint_30111,11,8,4,10,0,0,0,0,4,330,19
insert200,mixed_endpoint_30111,0,0,0,0,0,0,0,0,10,306,25
aligned,mixed_endpoint_30111,0,0,0,0,0,0,0,0,4,266,19
insert400,mixed_endpoint_30111,0,0,0,0,0,0,0,0,9,273,24
bracket,mixed_endpoint_30111,0,0,0,0,0,0,0,0,7,326,22
JSO_p50,mixed_endpoint_30111,19,12,7,19,0,0,0,0,5,318,20
doptimal,mixed_endpoint_30111,0,0,0,0,0,0,0,0,4,331,19
optical2,mixed_endpoint_30111,0,0,0,0,0,0,0,0,7,332,22
JSO_r120,mixed_endpoint_30111,17,13,7,17,0,0,0,0,6,317,21
JSO_p85,mixed_endpoint_30111,15,11,4,15,0,0,0,0,7,283,22
optical4,mixed_endpoint_30111,0,0,0,0,2,2,8,2,10,330,25
short_clear,mixed_endpoint_30111,0,0,0,0,0,0,0,0,7,331,22
JSO_r160,mixed_endpoint_30111,17,13,7,17,0,0,0,0,6,317,21
JSO_compact,mixed_endpoint_30111,19,12,7,19,0,0,0,0,5,319,20
JSO_outer1980,mixed_endpoint_30111,21,12,6,21,0,0,0,0,6,323,21
JSO_compact_dopt,mixed_endpoint_30111,19,6,2,19,0,0,0,0,4,320,19
previous_best,mixed_endpoint_30112,0,0,0,0,0,0,0,0,3,198,18
SO_doptimal,mixed_endpoint_30111,13,8,2,12,0,0,0,0,6,273,21
J,mixed_endpoint_30112,0,0,0,0,0,0,0,0,4,205,19
baseline,mixed_endpoint_30112,0,0,0,0,0,0,0,0,4,252,19
S_doptimal,mixed_endpoint_30111,16,0,0,15,0,0,0,0,8,277,23
S_dopt_short,mixed_endpoint_30111,15,0,0,14,0,0,0,0,8,275,23
S,mixed_endpoint_30112,28,0,0,24,0,0,0,0,7,254,22
JS,mixed_endpoint_30112,26,0,0,23,0,0,0,0,7,217,22
JO,mixed_endpoint_30112,0,8,4,0,0,0,0,0,4,205,19
O,mixed_endpoint_30112,0,6,1,0,0,0,0,0,5,259,20
JSO,mixed_endpoint_30112,23,10,4,20,0,0,0,0,6,219,21
insert80,mixed_endpoint_30112,0,0,0,0,0,0,0,0,6,209,21
SO,mixed_endpoint_30112,23,11,2,16,0,0,0,0,9,251,24
insert200,mixed_endpoint_30112,0,0,0,0,0,0,0,0,5,219,20
insert400,mixed_endpoint_30112,0,0,0,0,0,0,0,0,7,232,22
aligned,mixed_endpoint_30112,0,0,0,0,0,0,0,0,8,207,23
bracket,mixed_endpoint_30112,0,0,0,0,0,0,0,0,4,255,19
optical2,mixed_endpoint_30112,0,0,0,0,0,0,0,0,4,252,19
short_clear,mixed_endpoint_30112,0,0,0,0,0,0,0,0,4,252,19
optical4,mixed_endpoint_30112,0,0,0,0,0,0,0,0,4,252,19
JSO_r120,mixed_endpoint_30112,22,12,6,19,0,0,0,0,6,219,21
JSO_p85,mixed_endpoint_30112,21,10,3,19,0,0,0,0,7,214,22
JSO_p50,mixed_endpoint_30112,24,10,5,21,0,0,0,0,5,219,20
JSO_r160,mixed_endpoint_30112,18,12,6,17,0,0,0,0,6,208,21
doptimal,mixed_endpoint_30112,0,0,0,0,0,0,0,0,3,224,18
JSO_compact,mixed_endpoint_30112,23,10,4,20,0,0,0,0,6,219,21
J,mixed_endpoint_30113,0,0,0,0,0,0,0,0,7,315,17
JSO_outer1980,mixed_endpoint_30112,23,10,4,20,0,0,0,0,6,219,21
previous_best,mixed_endpoint_30113,0,0,0,0,0,0,0,0,5,330,15
baseline,mixed_endpoint_30113,0,0,0,0,0,0,0,0,5,330,15
S,mixed_endpoint_30113,16,0,0,14,0,0,0,0,6,339,16
JSO_compact_dopt,mixed_endpoint_30112,21,9,3,17,0,0,0,0,6,205,21
O,mixed_endpoint_30113,0,6,1,0,0,0,0,0,5,327,15
S_doptimal,mixed_endpoint_30112,20,0,0,18,0,0,0,0,4,245,19
S_dopt_short,mixed_endpoint_30112,21,0,0,19,0,0,0,0,1,245,16
SO_doptimal,mixed_endpoint_30112,17,6,1,15,0,0,0,0,5,267,20
JO,mixed_endpoint_30113,0,5,1,0,0,0,0,0,4,314,14
JS,mixed_endpoint_30113,13,0,0,13,0,0,0,0,6,320,16
insert80,mixed_endpoint_30113,0,0,0,0,0,0,0,0,2,324,12
JSO,mixed_endpoint_30113,13,7,2,13,0,0,0,0,5,318,15
SO,mixed_endpoint_30113,15,8,3,13,0,1,6,0,8,340,18
insert200,mixed_endpoint_30113,0,0,0,0,0,0,0,0,3,326,13
insert400,mixed_endpoint_30113,0,0,0,0,0,0,0,0,4,327,14
aligned,mixed_endpoint_30113,0,0,0,0,0,0,0,0,3,333,13
bracket,mixed_endpoint_30113,0,0,0,0,0,0,0,0,7,332,17
JSO_p50,mixed_endpoint_30113,15,8,2,14,0,0,0,0,6,321,16
optical2,mixed_endpoint_30113,0,0,0,0,0,0,0,0,5,330,15
JSO_p85,mixed_endpoint_30113,9,6,3,9,0,0,0,0,3,319,13
short_clear,mixed_endpoint_30113,0,0,0,0,0,0,0,0,5,329,15
optical4,mixed_endpoint_30113,0,0,0,0,0,0,0,0,5,330,15
JSO_r120,mixed_endpoint_30113,11,6,2,10,0,0,0,0,4,329,14
JSO_r160,mixed_endpoint_30113,11,7,2,10,0,0,0,0,5,328,15
doptimal,mixed_endpoint_30113,0,0,0,0,0,0,0,0,4,339,14
JSO_compact,mixed_endpoint_30113,13,7,2,13,0,0,0,0,5,318,15
JSO_outer1980,mixed_endpoint_30113,13,7,2,13,0,0,0,0,5,318,15
JSO_compact_dopt,mixed_endpoint_30113,9,8,3,9,0,0,0,0,5,311,15
baseline,mixed_endpoint_30114,0,0,0,0,0,0,0,0,4,171,20
previous_best,mixed_endpoint_30114,0,0,0,0,0,0,0,0,5,161,21
J,mixed_endpoint_30114,0,0,0,0,0,0,0,0,4,196,20
S_doptimal,mixed_endpoint_30113,11,0,0,9,0,0,0,0,5,329,15
SO_doptimal,mixed_endpoint_30113,9,5,1,7,0,0,0,0,4,343,14
S_dopt_short,mixed_endpoint_30113,9,0,0,7,0,0,0,0,4,344,14
S,mixed_endpoint_30114,34,0,0,34,0,0,0,0,6,279,22
O,mixed_endpoint_30114,0,8,5,0,0,0,0,0,3,169,19
JS,mixed_endpoint_30114,23,0,0,23,0,0,0,0,5,200,21
JO,mixed_endpoint_30114,0,9,4,0,0,0,0,0,5,197,21
insert80,mixed_endpoint_30114,0,0,0,0,0,0,0,0,7,186,23
JSO,mixed_endpoint_30114,21,11,3,21,0,0,0,0,8,202,24
SO,mixed_endpoint_30114,23,7,2,22,0,0,0,0,5,269,21
optical2,mixed_endpoint_30114,0,0,0,0,0,0,0,0,4,171,20
bracket,mixed_endpoint_30114,0,0,0,0,0,0,0,0,4,171,20
insert200,mixed_endpoint_30114,0,0,0,0,0,0,0,0,7,226,23
insert400,mixed_endpoint_30114,0,0,0,0,0,0,0,0,8,229,24
optical4,mixed_endpoint_30114,0,0,0,0,2,2,8,2,8,169,24
short_clear,mixed_endpoint_30114,0,0,0,0,0,0,0,0,4,171,20
aligned,mixed_endpoint_30114,0,0,0,0,0,0,0,0,6,226,22
JSO_p85,mixed_endpoint_30114,15,10,2,15,0,0,0,0,8,199,24
JSO_p50,mixed_endpoint_30114,22,9,3,18,0,0,0,0,6,202,22
JSO_r160,mixed_endpoint_30114,18,11,4,18,0,0,0,0,7,199,23
JSO_r120,mixed_endpoint_30114,18,11,4,18,0,0,0,0,7,199,23
JSO_outer1980,mixed_endpoint_30114,22,11,4,22,0,0,0,0,7,203,23
JSO_compact,mixed_endpoint_30114,16,11,4,16,0,0,0,0,7,224,23
doptimal,mixed_endpoint_30114,0,0,0,0,0,0,0,0,7,227,23
baseline,mixed_endpoint_30115,0,0,0,0,0,0,0,0,6,234,20
S_doptimal,mixed_endpoint_30114,13,0,0,12,0,0,0,0,6,228,22
previous_best,mixed_endpoint_30115,0,0,0,0,0,0,0,0,9,238,23
J,mixed_endpoint_30115,0,0,0,0,0,0,0,0,10,239,24
O,mixed_endpoint_30115,0,5,0,0,0,0,0,0,5,233,19
SO_doptimal,mixed_endpoint_30114,12,9,3,10,0,0,0,0,6,226,22
S,mixed_endpoint_30115,13,0,0,12,0,0,0,0,8,277,22
JS,mixed_endpoint_30115,17,0,0,16,0,0,0,0,7,241,21
S_dopt_short,mixed_endpoint_30114,23,0,0,22,0,0,0,0,5,223,21
JSO_compact_dopt,mixed_endpoint_30114,16,10,6,16,0,0,0,0,4,222,20
JO,mixed_endpoint_30115,0,10,0,0,0,0,0,0,10,239,24
JSO,mixed_endpoint_30115,17,8,1,16,0,0,0,0,7,240,21
insert80,mixed_endpoint_30115,0,0,0,0,0,0,0,0,7,229,21
insert200,mixed_endpoint_30115,0,0,0,0,0,0,0,0,8,230,22
insert400,mixed_endpoint_30115,0,0,0,0,0,0,0,0,10,241,24
SO,mixed_endpoint_30115,10,8,1,9,0,0,0,0,7,274,21
aligned,mixed_endpoint_30115,0,0,0,0,0,0,0,0,3,252,17
bracket,mixed_endpoint_30115,0,0,0,0,0,0,0,0,6,234,20
optical2,mixed_endpoint_30115,0,0,0,0,0,0,0,0,6,234,20
JSO_p50,mixed_endpoint_30115,17,12,5,16,0,0,0,0,7,233,21
doptimal,mixed_endpoint_30115,0,0,0,0,0,0,0,0,4,250,18
optical4,mixed_endpoint_30115,0,0,0,0,3,3,12,3,11,230,25
JSO_p85,mixed_endpoint_30115,14,9,3,13,0,0,0,0,6,223,20
JSO_r120,mixed_endpoint_30115,15,11,2,14,0,0,0,0,9,239,23
JSO_r160,mixed_endpoint_30115,15,11,2,14,0,0,0,0,9,239,23
JSO_compact,mixed_endpoint_30115,17,8,1,16,0,0,0,0,7,240,21
short_clear,mixed_endpoint_30115,0,0,0,0,0,0,0,0,5,246,19
JSO_outer1980,mixed_endpoint_30115,17,8,1,16,0,0,0,0,7,240,21
J,mixed_endpoint_30116,0,0,0,0,0,0,0,0,10,123,26
S_dopt_short,mixed_endpoint_30115,20,0,0,20,0,0,0,0,1,275,15
S_doptimal,mixed_endpoint_30115,23,0,0,23,0,0,0,0,3,279,17
SO_doptimal,mixed_endpoint_30115,18,7,2,18,0,0,0,0,5,280,19
previous_best,mixed_endpoint_30116,0,0,0,0,0,0,0,0,9,167,25
S,mixed_endpoint_30116,23,0,0,22,0,0,0,0,3,196,19
JSO_compact_dopt,mixed_endpoint_30115,14,9,1,13,0,0,0,0,8,234,22
baseline,mixed_endpoint_30116,0,0,0,0,0,0,0,0,4,117,20
O,mixed_endpoint_30116,0,6,2,0,0,0,0,0,4,117,20
JS,mixed_endpoint_30116,28,0,0,25,0,0,0,0,8,139,24
JO,mixed_endpoint_30116,0,8,1,0,0,0,0,0,7,122,23
JSO,mixed_endpoint_30116,29,10,1,25,0,0,0,0,9,141,25
SO,mixed_endpoint_30116,23,5,1,22,0,0,0,0,4,199,20
insert80,mixed_endpoint_30116,0,0,0,0,0,0,0,0,8,216,24
insert200,mixed_endpoint_30116,0,0,0,0,0,0,0,0,9,220,25
insert400,mixed_endpoint_30116,0,0,0,0,0,0,0,0,9,215,25
aligned,mixed_endpoint_30116,0,0,0,0,0,0,0,0,4,111,20
bracket,mixed_endpoint_30116,0,0,0,0,0,0,0,0,4,113,20
optical2,mixed_endpoint_30116,0,0,0,0,0,0,0,0,4,117,20
optical4,mixed_endpoint_30116,0,0,0,0,0,0,0,0,4,117,20
JSO_p85,mixed_endpoint_30116,22,9,1,20,0,0,0,0,8,135,24
JSO_r120,mixed_endpoint_30116,26,13,2,23,0,0,0,0,11,141,27
JSO_p50,mixed_endpoint_30116,31,10,1,24,0,0,0,0,9,137,25
JSO_r160,mixed_endpoint_30116,21,15,4,19,0,0,0,0,11,163,27
short_clear,mixed_endpoint_30116,0,0,0,0,0,0,0,0,5,117,21
JSO_compact,mixed_endpoint_30116,30,9,2,28,0,0,0,0,7,134,23
JSO_outer1980,mixed_endpoint_30116,26,11,2,24,0,0,0,0,9,168,25
doptimal,mixed_endpoint_30116,0,0,0,0,0,0,0,0,9,174,25
baseline,mixed_endpoint_30117,0,0,0,0,0,0,0,0,5,237,19
J,mixed_endpoint_30117,0,0,0,0,0,1,6,0,13,220,27
S,mixed_endpoint_30117,21,0,0,20,0,0,0,0,6,252,20
previous_best,mixed_endpoint_30117,0,0,0,0,0,1,6,0,13,218,27
JSO_compact_dopt,mixed_endpoint_30116,29,9,2,27,0,0,0,0,7,137,23
O,mixed_endpoint_30117,0,4,1,0,0,0,0,0,3,243,17
S_doptimal,mixed_endpoint_30116,22,0,0,21,0,0,0,0,5,171,21
SO_doptimal,mixed_endpoint_30116,19,12,4,17,0,0,0,0,8,175,24
JS,mixed_endpoint_30117,26,0,0,23,0,0,0,0,10,235,24
S_dopt_short,mixed_endpoint_30116,22,0,0,21,0,0,0,0,4,171,20
SO,mixed_endpoint_30117,18,8,2,17,0,0,0,0,6,251,20
insert80,mixed_endpoint_30117,0,0,0,0,0,0,0,0,9,267,23
JO,mixed_endpoint_30117,0,12,3,0,0,1,6,0,12,220,26
insert200,mixed_endpoint_30117,0,0,0,0,0,0,0,0,8,268,22
JSO,mixed_endpoint_30117,22,10,1,19,0,0,0,0,9,233,23
insert400,mixed_endpoint_30117,0,0,0,0,0,0,0,0,8,269,22
aligned,mixed_endpoint_30117,0,0,0,0,0,0,0,0,3,275,17
optical2,mixed_endpoint_30117,0,0,0,0,0,0,0,0,5,237,19
bracket,mixed_endpoint_30117,0,0,0,0,0,0,0,0,8,240,22
doptimal,mixed_endpoint_30117,0,0,0,0,0,0,0,0,3,268,17
optical4,mixed_endpoint_30117,0,0,0,0,3,3,12,3,7,234,21
short_clear,mixed_endpoint_30117,0,0,0,0,0,0,0,0,5,237,19
JSO_p50,mixed_endpoint_30117,22,10,1,19,0,0,0,0,9,233,23
JSO_p85,mixed_endpoint_30117,17,8,2,15,0,0,0,0,6,226,20
JSO_r120,mixed_endpoint_30117,18,12,4,14,0,0,0,0,8,216,22
JSO_compact,mixed_endpoint_30117,22,10,1,19,0,0,0,0,9,233,23
JSO_r160,mixed_endpoint_30117,18,13,4,14,0,0,0,0,9,215,23
JSO_outer1980,mixed_endpoint_30117,22,10,1,19,0,0,0,0,9,234,23
baseline,mixed_endpoint_30118,0,0,0,0,0,0,0,0,6,316,16
J,mixed_endpoint_30118,0,0,0,0,0,0,0,0,5,315,15
previous_best,mixed_endpoint_30118,0,0,0,0,0,0,0,0,6,316,16
S_dopt_short,mixed_endpoint_30117,9,0,0,9,0,0,0,0,5,273,19
S_doptimal,mixed_endpoint_30117,9,0,0,9,0,0,0,0,5,273,19
S,mixed_endpoint_30118,11,0,0,10,0,0,0,0,5,313,15
O,mixed_endpoint_30118,0,4,0,0,0,0,0,0,4,315,14
JSO_compact_dopt,mixed_endpoint_30117,18,12,6,16,0,0,0,0,6,234,20
SO_doptimal,mixed_endpoint_30117,9,5,1,9,0,0,0,0,4,273,18
JS,mixed_endpoint_30118,15,0,0,14,0,0,0,0,4,313,14
JO,mixed_endpoint_30118,0,4,1,0,0,0,0,0,3,314,13
SO,mixed_endpoint_30118,11,5,1,10,0,0,0,0,4,314,14
aligned,mixed_endpoint_30118,0,0,0,0,0,0,0,0,2,312,12
JSO,mixed_endpoint_30118,14,6,1,14,0,0,0,0,5,315,15
insert80,mixed_endpoint_30118,0,0,0,0,0,0,0,0,6,329,16
insert200,mixed_endpoint_30118,0,0,0,0,0,0,0,0,6,333,16
insert400,mixed_endpoint_30118,0,0,0,0,0,0,0,0,5,330,15
bracket,mixed_endpoint_30118,0,0,0,0,0,0,0,0,4,336,14
optical2,mixed_endpoint_30118,0,0,0,0,0,0,0,0,6,316,16
doptimal,mixed_endpoint_30118,0,0,0,0,0,0,0,0,2,341,12
optical4,mixed_endpoint_30118,0,0,0,0,2,2,8,2,7,314,17
short_clear,mixed_endpoint_30118,0,0,0,0,0,0,0,0,6,316,16
JSO_r160,mixed_endpoint_30118,12,7,2,12,0,0,0,0,5,309,15
JSO_r120,mixed_endpoint_30118,14,7,2,14,0,0,0,0,5,312,15
JSO_p50,mixed_endpoint_30118,15,7,0,14,0,0,0,0,7,315,17
JSO_compact,mixed_endpoint_30118,14,6,0,14,0,0,0,0,6,316,16
JSO_p85,mixed_endpoint_30118,11,5,1,9,0,0,0,0,4,320,14
JSO_outer1980,mixed_endpoint_30118,14,6,0,14,0,0,0,0,6,317,16
S_doptimal,mixed_endpoint_30118,11,0,0,10,0,0,0,0,3,302,13
baseline,mixed_endpoint_30119,0,0,0,0,0,0,0,0,9,234,23
S_dopt_short,mixed_endpoint_30118,11,0,0,10,0,0,0,0,3,302,13
SO_doptimal,mixed_endpoint_30118,10,6,2,9,0,0,0,0,4,304,14
JSO_compact_dopt,mixed_endpoint_30118,11,7,3,10,0,0,0,0,4,309,14
previous_best,mixed_endpoint_30119,0,0,0,0,0,0,0,0,7,232,21
J,mixed_endpoint_30119,0,0,0,0,0,0,0,0,7,230,21
S,mixed_endpoint_30119,20,0,0,19,0,0,0,0,3,240,17
JS,mixed_endpoint_30119,20,0,0,17,0,0,0,0,2,224,16
O,mixed_endpoint_30119,0,7,3,0,0,0,0,0,4,233,18
JO,mixed_endpoint_30119,0,5,2,0,0,0,0,0,3,229,17
JSO,mixed_endpoint_30119,21,6,2,17,0,0,0,0,4,230,18
insert80,mixed_endpoint_30119,0,0,0,0,0,0,0,0,9,229,23
insert400,mixed_endpoint_30119,0,0,0,0,0,0,0,0,8,233,22
insert200,mixed_endpoint_30119,0,0,0,0,0,0,0,0,7,232,21
SO,mixed_endpoint_30119,19,8,3,18,0,0,0,0,5,235,19
aligned,mixed_endpoint_30119,0,0,0,0,0,0,0,0,7,234,21
bracket,mixed_endpoint_30119,0,0,0,0,0,0,0,0,13,249,27
optical2,mixed_endpoint_30119,0,0,0,0,0,0,0,0,9,234,23
doptimal,mixed_endpoint_30119,0,0,0,0,0,0,0,0,5,260,19
optical4,mixed_endpoint_30119,0,0,0,0,0,0,0,0,9,234,23
short_clear,mixed_endpoint_30119,0,0,0,0,0,0,0,0,9,234,23
JSO_r120,mixed_endpoint_30119,18,7,2,15,0,0,0,0,5,226,19
JSO_p50,mixed_endpoint_30119,24,5,1,19,0,0,0,0,4,232,18
JSO_r160,mixed_endpoint_30119,19,9,2,15,0,0,0,0,7,250,21
JSO_p85,mixed_endpoint_30119,17,4,0,16,0,0,0,0,4,234,18
JSO_compact,mixed_endpoint_30119,18,5,1,16,0,0,0,0,4,224,18
JSO_outer1980,mixed_endpoint_30119,21,7,2,17,0,0,0,0,5,231,19
J,mixed_endpoint_30120,0,0,0,0,0,0,0,0,4,257,20
baseline,mixed_endpoint_30120,0,0,0,0,0,0,0,0,9,224,25
previous_best,mixed_endpoint_30120,0,0,0,0,0,0,0,0,6,259,22
S,mixed_endpoint_30120,18,0,0,17,0,0,0,0,6,228,22
O,mixed_endpoint_30120,0,10,2,0,0,0,0,0,8,224,24
SO_doptimal,mixed_endpoint_30119,14,9,3,13,0,0,0,0,6,261,20
S_doptimal,mixed_endpoint_30119,12,0,0,10,0,0,0,0,7,239,21
JS,mixed_endpoint_30120,21,0,0,19,0,0,0,0,7,200,23
JSO_compact_dopt,mixed_endpoint_30119,20,9,1,17,0,0,0,0,8,237,22
S_dopt_short,mixed_endpoint_30119,12,0,0,10,0,0,0,0,7,239,21
JO,mixed_endpoint_30120,0,9,4,0,0,0,0,0,5,258,21
SO,mixed_endpoint_30120,13,9,5,13,0,0,0,0,4,223,20
insert80,mixed_endpoint_30120,0,0,0,0,0,0,0,0,5,220,21
JSO,mixed_endpoint_30120,16,13,5,14,0,0,0,0,8,197,24
insert400,mixed_endpoint_30120,0,0,0,0,0,0,0,0,3,219,19
insert200,mixed_endpoint_30120,0,0,0,0,0,0,0,0,4,249,20
optical2,mixed_endpoint_30120,0,0,0,0,0,0,0,0,9,224,25
bracket,mixed_endpoint_30120,0,0,0,0,0,0,0,0,9,222,25
optical4,mixed_endpoint_30120,0,0,0,0,3,3,12,3,13,221,29
aligned,mixed_endpoint_30120,0,0,0,0,0,0,0,0,6,224,22
JSO_p50,mixed_endpoint_30120,20,12,5,15,0,0,0,0,7,196,23
JSO_p85,mixed_endpoint_30120,14,9,4,13,0,0,0,0,5,215,21
JSO_r160,mixed_endpoint_30120,16,13,5,14,0,0,0,0,8,197,24
short_clear,mixed_endpoint_30120,0,0,0,0,0,0,0,0,9,224,25
JSO_r120,mixed_endpoint_30120,16,13,5,14,0,0,0,0,8,197,24
doptimal,mixed_endpoint_30120,0,0,0,0,0,0,0,0,5,205,21
JSO_compact,mixed_endpoint_30120,15,14,6,13,0,0,0,0,8,196,24
JSO_outer1980,mixed_endpoint_30120,15,14,6,13,0,0,0,0,8,199,24
S_doptimal,mixed_endpoint_30120,14,0,0,14,0,0,0,0,3,228,19
J,mixed_endpoint_30121,0,0,0,0,0,0,0,0,6,182,22
S_dopt_short,mixed_endpoint_30120,14,0,0,14,0,0,0,0,3,228,19
previous_best,mixed_endpoint_30121,0,0,0,0,0,0,0,0,5,180,21
baseline,mixed_endpoint_30121,0,0,0,0,0,0,0,0,4,207,20
JSO_compact_dopt,mixed_endpoint_30120,18,15,3,18,0,0,0,0,12,218,28
SO_doptimal,mixed_endpoint_30120,7,9,5,7,0,0,0,0,4,197,20
JS,mixed_endpoint_30121,23,0,0,22,0,0,0,0,5,180,21
O,mixed_endpoint_30121,0,6,4,0,0,0,0,0,2,204,18
S,mixed_endpoint_30121,33,0,0,33,0,0,0,0,4,183,20
JSO,mixed_endpoint_30121,23,11,5,20,0,0,0,0,6,182,22
JO,mixed_endpoint_30121,0,10,4,0,0,0,0,0,6,183,22
insert80,mixed_endpoint_30121,0,0,0,0,0,0,0,0,5,158,21
SO,mixed_endpoint_30121,27,10,5,26,0,0,0,0,5,208,21
insert200,mixed_endpoint_30121,0,0,0,0,0,0,0,0,4,175,20
insert400,mixed_endpoint_30121,0,0,0,0,0,0,0,0,6,196,22
aligned,mixed_endpoint_30121,0,0,0,0,0,0,0,0,10,242,26
bracket,mixed_endpoint_30121,0,0,0,0,0,0,0,0,5,207,21
optical2,mixed_endpoint_30121,0,0,0,0,0,0,0,0,4,207,20
JSO_p50,mixed_endpoint_30121,23,12,4,21,0,0,0,0,8,175,24
JSO_r120,mixed_endpoint_30121,25,13,5,22,0,0,0,0,8,187,24
optical4,mixed_endpoint_30121,0,0,0,0,1,1,4,1,6,205,22
short_clear,mixed_endpoint_30121,0,0,0,0,0,0,0,0,4,207,20
JSO_r160,mixed_endpoint_30121,22,13,6,19,0,0,0,0,7,188,23
JSO_p85,mixed_endpoint_30121,22,10,3,19,0,0,0,0,7,206,23
JSO_compact,mixed_endpoint_30121,23,11,4,20,0,0,0,0,7,183,23
JSO_outer1980,mixed_endpoint_30121,21,10,3,18,0,0,0,0,7,203,23
doptimal,mixed_endpoint_30121,0,0,0,0,0,0,0,0,6,156,22
baseline,mixed_endpoint_30122,0,0,0,0,0,0,0,0,5,292,16
previous_best,mixed_endpoint_30122,0,0,0,0,0,0,0,0,5,289,16
J,mixed_endpoint_30122,0,0,0,0,0,0,0,0,3,289,14
JSO_compact_dopt,mixed_endpoint_30121,24,12,6,21,0,0,0,0,6,177,22
S,mixed_endpoint_30122,21,0,0,20,0,0,0,0,7,308,18
JS,mixed_endpoint_30122,15,0,0,14,0,0,0,0,3,271,14
S_doptimal,mixed_endpoint_30121,29,0,0,26,0,0,0,0,5,217,21
O,mixed_endpoint_30122,0,4,1,0,0,0,0,0,3,294,14
JO,mixed_endpoint_30122,0,4,2,0,0,0,0,0,2,289,13
SO_doptimal,mixed_endpoint_30121,19,9,3,13,0,0,0,0,6,216,22
JSO,mixed_endpoint_30122,14,8,3,12,0,0,0,0,5,272,16
insert80,mixed_endpoint_30122,0,0,0,0,0,0,0,0,4,301,15
S_dopt_short,mixed_endpoint_30121,19,0,0,14,0,0,0,0,8,233,24
insert200,mixed_endpoint_30122,0,0,0,0,0,0,0,0,3,297,14
SO,mixed_endpoint_30122,20,8,0,18,0,0,0,0,8,318,19
insert400,mixed_endpoint_30122,0,0,0,0,0,0,0,0,2,282,13
aligned,mixed_endpoint_30122,0,0,0,0,0,0,0,0,2,280,13
bracket,mixed_endpoint_30122,0,0,0,0,0,0,0,0,5,292,16
JSO_p50,mixed_endpoint_30122,12,6,4,11,0,0,0,0,2,292,13
optical2,mixed_endpoint_30122,0,0,0,0,0,0,0,0,5,292,16
optical4,mixed_endpoint_30122,0,0,0,0,3,3,12,3,10,289,21
JSO_r120,mixed_endpoint_30122,14,8,3,12,0,0,0,0,5,271,16
JSO_p85,mixed_endpoint_30122,12,7,2,10,0,0,0,0,5,285,16
JSO_compact,mixed_endpoint_30122,14,8,2,12,0,0,0,0,6,273,17
short_clear,mixed_endpoint_30122,0,0,0,0,0,0,0,0,5,292,16
JSO_r160,mixed_endpoint_30122,14,8,3,12,0,0,0,0,5,271,16
doptimal,mixed_endpoint_30122,0,0,0,0,0,0,0,0,3,301,14
JSO_outer1980,mixed_endpoint_30122,14,8,2,12,0,0,0,0,6,273,17
previous_best,mixed_endpoint_30123,0,0,0,0,0,0,0,0,6,330,16
J,mixed_endpoint_30123,0,0,0,0,0,0,0,0,6,330,16
JS,mixed_endpoint_30123,12,0,0,12,0,0,0,0,7,331,17
baseline,mixed_endpoint_30123,0,0,0,0,0,1,4,0,7,345,17
JSO_compact_dopt,mixed_endpoint_30122,16,8,3,16,0,0,0,0,5,276,16
S,mixed_endpoint_30123,14,0,0,14,0,1,4,0,9,351,19
O,mixed_endpoint_30123,0,6,2,0,0,1,4,0,6,345,16
S_doptimal,mixed_endpoint_30122,17,0,0,17,0,0,0,0,3,301,14
JO,mixed_endpoint_30123,0,9,3,0,0,0,0,0,6,330,16
SO_doptimal,mixed_endpoint_30122,13,6,0,12,0,0,0,0,6,300,17
S_dopt_short,mixed_endpoint_30122,17,0,0,17,0,0,0,0,5,296,16
JSO,mixed_endpoint_30123,12,10,3,12,0,0,0,0,7,332,17
SO,mixed_endpoint_30123,10,9,3,10,0,0,0,0,6,347,16
insert200,mixed_endpoint_30123,0,0,0,0,0,0,0,0,3,335,13
insert80,mixed_endpoint_30123,0,0,0,0,0,0,0,0,3,336,13
insert400,mixed_endpoint_30123,0,0,0,0,0,0,0,0,5,347,15
aligned,mixed_endpoint_30123,0,0,0,0,0,0,0,0,1,341,11
doptimal,mixed_endpoint_30123,0,0,0,0,0,0,0,0,1,343,11
optical2,mixed_endpoint_30123,0,0,0,0,0,1,4,0,7,345,17
optical4,mixed_endpoint_30123,0,0,0,0,1,1,4,1,5,343,15
JSO_p50,mixed_endpoint_30123,12,10,3,12,0,0,0,0,7,332,17
JSO_p85,mixed_endpoint_30123,4,6,4,4,0,0,0,0,2,328,12
bracket,mixed_endpoint_30123,0,0,0,0,0,1,4,0,7,345,17
JSO_compact,mixed_endpoint_30123,12,10,3,12,0,0,0,0,7,332,17
JSO_r120,mixed_endpoint_30123,12,10,3,12,0,0,0,0,7,332,17
JSO_r160,mixed_endpoint_30123,12,10,3,12,0,0,0,0,7,332,17
short_clear,mixed_endpoint_30123,0,0,0,0,0,1,4,0,7,345,17
JSO_outer1980,mixed_endpoint_30123,12,10,2,12,0,0,0,0,8,333,18
S_doptimal,mixed_endpoint_30123,13,0,0,12,0,0,0,0,1,343,11
S_dopt_short,mixed_endpoint_30123,13,0,0,12,0,0,0,0,2,345,12
JSO_compact_dopt,mixed_endpoint_30123,11,10,3,11,0,0,0,0,7,359,17
SO_doptimal,mixed_endpoint_30123,11,4,0,10,0,0,0,0,4,345,14
J,mixed_endpoint_30124,0,0,0,0,0,0,0,0,5,295,18
previous_best,mixed_endpoint_30124,0,0,0,0,0,0,0,0,5,306,18
baseline,mixed_endpoint_30124,0,0,0,0,0,0,0,0,5,308,18
JS,mixed_endpoint_30124,18,0,0,15,0,0,0,0,7,301,20
S,mixed_endpoint_30124,17,0,0,15,0,0,0,0,7,313,20
O,mixed_endpoint_30124,0,5,1,0,0,0,0,0,4,308,17
JO,mixed_endpoint_30124,0,9,4,0,0,0,0,0,5,295,18
JSO,mixed_endpoint_30124,18,10,3,14,0,0,0,0,7,301,20
aligned,mixed_endpoint_30124,0,0,0,0,0,0,0,0,7,305,20
insert80,mixed_endpoint_30124,0,0,0,0,0,0,0,0,4,267,17
insert200,mixed_endpoint_30124,0,0,0,0,0,0,0,0,4,270,17
insert400,mixed_endpoint_30124,0,0,0,0,0,0,0,0,5,271,18
SO,mixed_endpoint_30124,13,8,0,12,0,0,0,0,8,310,21
bracket,mixed_endpoint_30124,0,0,0,0,0,0,0,0,5,305,18
optical2,mixed_endpoint_30124,0,0,0,0,0,0,0,0,5,308,18
optical4,mixed_endpoint_30124,0,0,0,0,2,2,8,2,8,306,21
short_clear,mixed_endpoint_30124,0,0,0,0,0,0,0,0,5,308,18
JSO_p50,mixed_endpoint_30124,17,9,3,14,0,0,0,0,6,296,19
JSO_r120,mixed_endpoint_30124,17,10,3,13,0,0,0,0,7,299,20
JSO_p85,mixed_endpoint_30124,14,10,3,13,0,0,0,0,7,299,20
JSO_r160,mixed_endpoint_30124,17,10,3,13,0,0,0,0,7,299,20
JSO_compact,mixed_endpoint_30124,16,11,3,14,0,0,0,0,8,298,21
doptimal,mixed_endpoint_30124,0,0,0,0,0,0,0,0,3,322,16
JSO_outer1980,mixed_endpoint_30124,16,8,2,13,0,0,0,0,6,295,19
previous_best,mixed_endpoint_30125,0,0,0,0,0,0,0,0,7,312,19
baseline,mixed_endpoint_30125,0,0,0,0,0,0,0,0,8,333,20
J,mixed_endpoint_30125,0,0,0,0,0,0,0,0,6,312,18
SO_doptimal,mixed_endpoint_30124,15,5,0,14,0,0,0,0,5,296,18
S_doptimal,mixed_endpoint_30124,16,0,0,15,0,0,0,0,8,299,21
JSO_compact_dopt,mixed_endpoint_30124,16,6,1,14,0,0,0,0,5,295,18
S_dopt_short,mixed_endpoint_30124,19,0,0,17,0,0,0,0,5,285,18
O,mixed_endpoint_30125,0,8,0,0,0,0,0,0,8,333,20
JS,mixed_endpoint_30125,21,0,0,19,0,0,0,0,6,288,18
S,mixed_endpoint_30125,21,0,0,17,0,0,0,0,5,335,17
JO,mixed_endpoint_30125,0,9,3,0,0,0,0,0,6,312,18
JSO,mixed_endpoint_30125,19,7,2,17,0,0,0,0,5,319,17
SO,mixed_endpoint_30125,14,6,1,12,0,0,0,0,5,300,17
insert80,mixed_endpoint_30125,0,0,0,0,0,0,0,0,3,297,15
insert200,mixed_endpoint_30125,0,0,0,0,0,0,0,0,2,298,14
insert400,mixed_endpoint_30125,0,0,0,0,0,0,0,0,3,308,15
bracket,mixed_endpoint_30125,0,0,0,0,0,0,0,0,8,333,20
aligned,mixed_endpoint_30125,0,0,0,0,0,0,0,0,3,305,15
optical4,mixed_endpoint_30125,0,0,0,0,2,2,8,2,11,330,23
optical2,mixed_endpoint_30125,0,0,0,0,0,0,0,0,8,333,20
doptimal,mixed_endpoint_30125,0,0,0,0,0,0,0,0,2,278,14
JSO_r120,mixed_endpoint_30125,18,8,2,16,0,0,0,0,6,318,18
short_clear,mixed_endpoint_30125,0,0,0,0,0,0,0,0,8,333,20
JSO_p50,mixed_endpoint_30125,20,7,2,17,0,0,0,0,5,321,17
JSO_r160,mixed_endpoint_30125,16,8,2,14,0,0,0,0,6,315,18
JSO_p85,mixed_endpoint_30125,16,11,3,15,0,0,0,0,8,316,20
JSO_outer1980,mixed_endpoint_30125,19,8,2,17,0,0,0,0,6,319,18
JSO_compact,mixed_endpoint_30125,19,7,2,17,0,0,0,0,5,320,17
S_doptimal,mixed_endpoint_30125,6,0,0,5,0,0,0,0,3,307,15
J,mixed_endpoint_30126,0,0,0,0,0,0,0,0,3,179,19
JSO_compact_dopt,mixed_endpoint_30125,18,9,4,17,0,0,0,0,5,307,17
S_dopt_short,mixed_endpoint_30125,6,0,0,5,0,0,0,0,3,307,15
previous_best,mixed_endpoint_30126,0,0,0,0,0,0,0,0,7,195,23
SO_doptimal,mixed_endpoint_30125,10,6,2,8,0,1,10,0,13,327,25
S,mixed_endpoint_30126,22,0,0,22,0,0,0,0,6,203,22
baseline,mixed_endpoint_30126,0,0,0,0,0,0,0,0,6,191,22
JS,mixed_endpoint_30126,25,0,0,25,0,0,0,0,8,206,24
O,mixed_endpoint_30126,0,8,2,0,0,0,0,0,6,150,22
JO,mixed_endpoint_30126,0,5,2,0,0,0,0,0,3,180,19
SO,mixed_endpoint_30126,19,8,1,18,0,0,0,0,7,205,23
insert200,mixed_endpoint_30126,0,0,0,0,0,0,0,0,8,139,24
JSO,mixed_endpoint_30126,24,9,1,23,0,0,0,0,8,211,24
insert80,mixed_endpoint_30126,0,0,0,0,0,0,0,0,9,181,25
insert400,mixed_endpoint_30126,0,0,0,0,0,0,0,0,11,169,27
aligned,mixed_endpoint_30126,0,0,0,0,0,0,0,0,4,210,20
bracket,mixed_endpoint_30126,0,0,0,0,0,0,0,0,5,197,21
optical2,mixed_endpoint_30126,0,0,0,0,0,0,0,0,6,191,22
doptimal,mixed_endpoint_30126,0,0,0,0,0,0,0,0,5,195,21
optical4,mixed_endpoint_30126,0,0,0,0,1,1,4,1,8,190,24
short_clear,mixed_endpoint_30126,0,0,0,0,0,0,0,0,6,190,22
JSO_r160,mixed_endpoint_30126,20,13,6,19,0,0,0,0,7,194,23
JSO_p85,mixed_endpoint_30126,23,9,1,23,0,0,0,0,8,208,24
JSO_p50,mixed_endpoint_30126,24,9,1,23,0,0,0,0,8,211,24
JSO_r120,mixed_endpoint_30126,27,12,2,26,0,0,0,0,10,211,26
JSO_compact,mixed_endpoint_30126,24,9,1,23,0,0,0,0,8,211,24
JSO_outer1980,mixed_endpoint_30126,25,9,1,24,0,0,0,0,8,212,24
S_doptimal,mixed_endpoint_30126,14,0,0,14,0,0,0,0,6,189,22
J,mixed_endpoint_30127,0,0,0,0,0,0,0,0,4,306,16
previous_best,mixed_endpoint_30127,0,0,0,0,0,0,0,0,5,306,17
S_dopt_short,mixed_endpoint_30126,14,0,0,14,0,0,0,0,6,189,22
baseline,mixed_endpoint_30127,0,0,0,0,0,1,7,0,10,327,22
S,mixed_endpoint_30127,11,0,0,8,0,0,0,0,2,327,14
SO_doptimal,mixed_endpoint_30126,12,9,3,12,0,0,0,0,6,188,22
JSO_compact_dopt,mixed_endpoint_30126,26,9,1,26,0,0,0,0,8,241,24
O,mixed_endpoint_30127,0,7,2,0,0,1,7,0,10,327,22
JS,mixed_endpoint_30127,9,0,0,6,0,0,0,0,3,304,15
JO,mixed_endpoint_30127,0,4,3,0,0,0,0,0,1,306,13
SO,mixed_endpoint_30127,8,5,4,6,0,0,0,0,1,324,13
insert80,mixed_endpoint_30127,0,0,0,0,0,0,0,0,3,299,15
JSO,mixed_endpoint_30127,12,7,1,10,0,0,0,0,6,298,18
aligned,mixed_endpoint_30127,0,0,0,0,0,0,0,0,7,340,19
insert200,mixed_endpoint_30127,0,0,0,0,0,0,0,0,4,305,16
insert400,mixed_endpoint_30127,0,0,0,0,0,0,0,0,5,314,17
bracket,mixed_endpoint_30127,0,0,0,0,0,1,7,0,11,327,23
doptimal,mixed_endpoint_30127,0,0,0,0,0,0,0,0,6,338,18
optical2,mixed_endpoint_30127,0,0,0,0,0,1,7,0,10,327,22
optical4,mixed_endpoint_30127,0,0,0,0,1,1,4,1,5,367,17
JSO_p50,mixed_endpoint_30127,16,9,2,13,0,0,0,0,7,305,19
short_clear,mixed_endpoint_30127,0,0,0,0,0,0,0,0,5,368,17
JSO_p85,mixed_endpoint_30127,5,6,3,4,0,0,0,0,3,303,15
JSO_r120,mixed_endpoint_30127,8,6,3,5,0,0,0,0,3,304,15
JSO_r160,mixed_endpoint_30127,8,6,3,5,0,0,0,0,3,304,15
JSO_compact,mixed_endpoint_30127,9,8,4,7,0,0,0,0,4,306,16
JSO_outer1980,mixed_endpoint_30127,12,8,2,10,0,0,0,0,6,299,18
J,mixed_endpoint_30128,0,0,0,0,0,0,0,0,5,302,15
previous_best,mixed_endpoint_30128,0,0,0,0,0,0,0,0,6,304,16
S_doptimal,mixed_endpoint_30127,5,0,0,4,0,0,0,0,5,337,17
baseline,mixed_endpoint_30128,0,0,0,0,0,0,0,0,6,319,16
SO_doptimal,mixed_endpoint_30127,4,6,1,4,0,0,0,0,5,337,17
S_dopt_short,mixed_endpoint_30127,5,0,0,4,0,0,0,0,5,337,17
S,mixed_endpoint_30128,7,0,0,6,0,0,0,0,4,318,14
O,mixed_endpoint_30128,0,6,2,0,0,0,0,0,4,317,14
JSO_compact_dopt,mixed_endpoint_30127,12,8,2,11,0,0,0,0,6,303,18
JS,mixed_endpoint_30128,14,0,0,14,0,0,0,0,4,315,14
JO,mixed_endpoint_30128,0,7,3,0,0,0,0,0,4,301,14
JSO,mixed_endpoint_30128,14,7,3,14,0,0,0,0,4,316,14
SO,mixed_endpoint_30128,9,7,1,7,0,0,0,0,6,322,16
insert200,mixed_endpoint_30128,0,0,0,0,0,0,0,0,2,318,12
insert80,mixed_endpoint_30128,0,0,0,0,0,0,0,0,2,317,12
insert400,mixed_endpoint_30128,0,0,0,0,0,0,0,0,2,311,12
bracket,mixed_endpoint_30128,0,0,0,0,0,0,0,0,6,319,16
aligned,mixed_endpoint_30128,0,0,0,0,0,0,0,0,3,344,13
doptimal,mixed_endpoint_30128,0,0,0,0,0,0,0,0,3,312,13
optical2,mixed_endpoint_30128,0,0,0,0,0,0,0,0,6,319,16
optical4,mixed_endpoint_30128,0,0,0,0,2,2,8,2,8,317,18
JSO_p50,mixed_endpoint_30128,14,7,3,14,0,0,0,0,4,316,14
JSO_r160,mixed_endpoint_30128,10,7,4,10,0,0,0,0,3,311,13
short_clear,mixed_endpoint_30128,0,0,0,0,0,0,0,0,5,307,15
JSO_p85,mixed_endpoint_30128,11,8,3,11,0,0,0,0,5,316,15
JSO_r120,mixed_endpoint_30128,11,7,4,11,0,0,0,0,3,312,13
JSO_compact,mixed_endpoint_30128,14,7,4,14,0,0,0,0,3,315,13
JSO_outer1980,mixed_endpoint_30128,14,7,4,14,0,0,0,0,3,315,13
JSO_compact_dopt,mixed_endpoint_30128,13,7,3,13,0,0,0,0,4,314,14
SO_doptimal,mixed_endpoint_30128,8,4,2,6,0,0,0,0,2,333,12
S_doptimal,mixed_endpoint_30128,11,0,0,9,0,0,0,0,2,336,12
S_dopt_short,mixed_endpoint_30128,10,0,0,9,0,0,0,0,3,353,13
previous_best,mixed_endpoint_30129,0,0,0,0,0,0,0,0,8,165,24
S,mixed_endpoint_30129,13,0,0,12,0,0,0,0,3,204,19
J,mixed_endpoint_30129,0,0,0,0,0,0,0,0,8,172,24
baseline,mixed_endpoint_30129,0,0,0,0,0,0,0,0,4,254,20
JS,mixed_endpoint_30129,20,0,0,18,0,0,0,0,7,178,23
O,mixed_endpoint_30129,0,2,1,0,0,0,0,0,1,254,17
JO,mixed_endpoint_30129,0,9,2,0,0,0,0,0,7,173,23
SO,mixed_endpoint_30129,14,7,2,13,0,0,0,0,5,207,21
JSO,mixed_endpoint_30129,19,8,2,17,0,0,0,0,6,178,22
aligned,mixed_endpoint_30129,0,0,0,0,0,1,26,0,24,219,40
insert80,mixed_endpoint_30129,0,0,0,0,0,0,0,0,8,208,24
insert200,mixed_endpoint_30129,0,0,0,0,0,0,0,0,7,205,23
insert400,mixed_endpoint_30129,0,0,0,0,0,0,0,0,9,211,25
bracket,mixed_endpoint_30129,0,0,0,0,0,0,0,0,4,254,20
JSO_p50,mixed_endpoint_30129,20,9,3,17,0,0,0,0,6,179,22
optical2,mixed_endpoint_30129,0,0,0,0,0,0,0,0,4,254,20
optical4,mixed_endpoint_30129,0,0,0,0,1,1,4,1,3,251,19
short_clear,mixed_endpoint_30129,0,0,0,0,0,0,0,0,5,249,21
JSO_r120,mixed_endpoint_30129,16,12,4,15,0,0,0,0,8,171,24
JSO_p85,mixed_endpoint_30129,15,10,4,14,0,0,0,0,6,252,22
JSO_r160,mixed_endpoint_30129,16,12,4,15,0,0,0,0,8,170,24
doptimal,mixed_endpoint_30129,0,0,0,0,0,0,0,0,7,235,23
JSO_compact,mixed_endpoint_30129,19,8,3,17,0,0,0,0,5,176,21
JSO_outer1980,mixed_endpoint_30129,19,8,3,17,0,0,0,0,5,176,21
S_dopt_short,mixed_endpoint_30129,14,0,0,13,0,0,0,0,4,177,20
baseline,mixed_endpoint_30130,0,0,0,0,0,0,0,0,6,149,22
previous_best,mixed_endpoint_30130,0,0,0,0,0,0,0,0,10,186,26
S_doptimal,mixed_endpoint_30129,12,0,0,12,0,0,0,0,4,218,20
J,mixed_endpoint_30130,0,0,0,0,0,0,0,0,10,187,26
SO_doptimal,mixed_endpoint_30129,11,9,2,8,0,0,0,0,7,224,23
JSO_compact_dopt,mixed_endpoint_30129,17,9,3,16,0,0,0,0,6,179,22
O,mixed_endpoint_30130,0,5,1,0,0,0,0,0,4,196,20
S,mixed_endpoint_30130,22,0,0,20,0,0,0,0,9,227,25
JS,mixed_endpoint_30130,20,0,0,16,0,0,0,0,12,195,28
JO,mixed_endpoint_30130,0,11,3,0,0,0,0,0,8,187,24
aligned,mixed_endpoint_30130,0,0,0,0,0,0,0,0,5,124,21
SO,mixed_endpoint_30130,21,9,2,20,0,0,0,0,7,227,23
bracket,mixed_endpoint_30130,0,0,0,0,0,0,0,0,6,149,22
JSO,mixed_endpoint_30130,18,13,2,14,0,0,0,0,11,193,27
insert200,mixed_endpoint_30130,0,0,0,0,0,0,0,0,7,238,23
insert80,mixed_endpoint_30130,0,0,0,0,0,0,0,0,7,237,23
insert400,mixed_endpoint_30130,0,0,0,0,0,0,0,0,8,218,24
optical2,mixed_endpoint_30130,0,0,0,0,0,0,0,0,6,149,22
doptimal,mixed_endpoint_30130,0,0,0,0,0,0,0,0,2,223,18
optical4,mixed_endpoint_30130,0,0,0,0,2,2,8,2,10,147,26
short_clear,mixed_endpoint_30130,0,0,0,0,0,0,0,0,6,149,22
JSO_p85,mixed_endpoint_30130,15,9,1,14,0,0,0,0,8,187,24
JSO_p50,mixed_endpoint_30130,20,12,2,15,0,0,0,0,10,193,26
JSO_r120,mixed_endpoint_30130,16,13,3,12,0,0,0,0,10,190,26
JSO_r160,mixed_endpoint_30130,16,13,3,12,0,0,0,0,10,190,26
JSO_compact,mixed_endpoint_30130,18,14,2,14,0,0,0,0,12,195,28
JSO_outer1980,mixed_endpoint_30130,19,12,1,15,0,0,0,0,11,193,27
previous_best,mixed_endpoint_30131,0,0,0,0,0,0,0,0,3,363,13
baseline,mixed_endpoint_30131,0,0,0,0,0,0,0,0,1,339,11
S,mixed_endpoint_30131,7,0,0,7,0,0,0,0,2,329,12
J,mixed_endpoint_30131,0,0,0,0,0,0,0,0,6,366,16
S_doptimal,mixed_endpoint_30130,15,0,0,14,0,0,0,0,5,148,21
JS,mixed_endpoint_30131,15,0,0,14,0,1,10,0,14,366,24
SO_doptimal,mixed_endpoint_30130,16,6,2,15,0,0,0,0,4,229,20
O,mixed_endpoint_30131,0,4,3,0,0,0,0,0,1,339,11
S_dopt_short,mixed_endpoint_30130,13,0,0,11,0,0,0,0,7,135,23
JO,mixed_endpoint_30131,0,6,1,0,0,0,0,0,5,366,15
SO,mixed_endpoint_30131,6,6,3,6,0,0,0,0,3,329,13
JSO_compact_dopt,mixed_endpoint_30130,23,8,1,18,0,0,0,0,7,198,23
insert80,mixed_endpoint_30131,0,0,0,0,0,0,0,0,4,306,14
JSO,mixed_endpoint_30131,13,8,1,12,0,0,0,0,7,343,17
insert200,mixed_endpoint_30131,0,0,0,0,0,0,0,0,4,307,14
aligned,mixed_endpoint_30131,0,0,0,0,0,0,0,0,0,330,10
bracket,mixed_endpoint_30131,0,0,0,0,0,0,0,0,1,337,11
insert400,mixed_endpoint_30131,0,0,0,0,0,0,0,0,3,336,13
doptimal,mixed_endpoint_30131,0,0,0,0,0,0,0,0,1,338,11
optical2,mixed_endpoint_30131,0,0,0,0,0,0,0,0,1,339,11
optical4,mixed_endpoint_30131,0,0,0,0,0,0,0,0,1,339,11
short_clear,mixed_endpoint_30131,0,0,0,0,0,0,0,0,1,339,11
JSO_r120,mixed_endpoint_30131,12,8,1,11,0,0,0,0,7,366,17
JSO_p50,mixed_endpoint_30131,16,8,1,12,0,0,0,0,7,345,17
JSO_r160,mixed_endpoint_30131,12,8,1,11,0,0,0,0,7,366,17
JSO_p85,mixed_endpoint_30131,12,7,1,12,0,0,0,0,6,340,16
JSO_outer1980,mixed_endpoint_30131,14,8,1,13,0,0,0,0,7,360,17
JSO_compact,mixed_endpoint_30131,15,8,1,13,0,0,0,0,7,361,17
previous_best,mixed_endpoint_30132,0,0,0,0,0,0,0,0,5,294,18
J,mixed_endpoint_30132,0,0,0,0,0,0,0,0,5,295,18
baseline,mixed_endpoint_30132,0,0,0,0,0,0,0,0,5,308,18
SO_doptimal,mixed_endpoint_30131,7,3,2,7,0,0,0,0,1,350,11
JSO_compact_dopt,mixed_endpoint_30131,12,7,1,9,0,0,0,0,6,348,16
S_doptimal,mixed_endpoint_30131,10,0,0,10,0,0,0,0,3,353,13
S_dopt_short,mixed_endpoint_30131,10,0,0,10,0,0,0,0,3,353,13
S,mixed_endpoint_30132,13,0,0,12,0,0,0,0,5,320,18
O,mixed_endpoint_30132,0,5,0,0,0,0,0,0,5,308,18
JO,mixed_endpoint_30132,0,8,3,0,0,0,0,0,5,295,18
JS,mixed_endpoint_30132,19,0,0,17,0,0,0,0,6,314,19
SO,mixed_endpoint_30132,10,10,3,9,0,0,0,0,7,315,20
JSO,mixed_endpoint_30132,15,10,2,13,0,0,0,0,8,315,21
insert80,mixed_endpoint_30132,0,0,0,0,0,0,0,0,4,280,17
aligned,mixed_endpoint_30132,0,0,0,0,0,0,0,0,9,303,22
insert400,mixed_endpoint_30132,0,0,0,0,0,0,0,0,2,291,15
insert200,mixed_endpoint_30132,0,0,0,0,0,0,0,0,2,287,15
optical2,mixed_endpoint_30132,0,0,0,0,0,0,0,0,5,308,18
optical4,mixed_endpoint_30132,0,0,0,0,1,1,4,1,5,307,18
bracket,mixed_endpoint_30132,0,0,0,0,0,0,0,0,5,308,18
JSO_r120,mixed_endpoint_30132,15,11,5,13,0,0,0,0,6,294,19
JSO_p85,mixed_endpoint_30132,13,11,2,13,0,0,0,0,9,311,22
JSO_p50,mixed_endpoint_30132,16,10,1,14,0,0,0,0,9,316,22
JSO_r160,mixed_endpoint_30132,16,10,5,11,0,0,0,0,5,283,18
short_clear,mixed_endpoint_30132,0,0,0,0,0,0,0,0,5,308,18
JSO_compact,mixed_endpoint_30132,16,10,1,14,0,0,0,0,9,315,22
doptimal,mixed_endpoint_30132,0,0,0,0,0,0,0,0,7,298,20
JSO_outer1980,mixed_endpoint_30132,15,10,2,14,0,0,0,0,8,315,21
baseline,mixed_endpoint_30133,0,0,0,0,0,0,0,0,2,263,15
previous_best,mixed_endpoint_30133,0,0,0,0,0,0,0,0,4,289,17
J,mixed_endpoint_30133,0,0,0,0,0,0,0,0,5,279,18
S,mixed_endpoint_30133,18,0,0,15,0,0,0,0,5,277,18
JSO_compact_dopt,mixed_endpoint_30132,15,11,3,12,0,0,0,0,8,312,21
O,mixed_endpoint_30133,0,2,1,0,0,0,0,0,1,299,14
S_doptimal,mixed_endpoint_30132,15,0,0,13,0,0,0,0,7,288,20
JS,mixed_endpoint_30133,14,0,0,11,0,0,0,0,5,277,18
SO_doptimal,mixed_endpoint_30132,12,12,5,9,0,0,0,0,7,268,20
SO,mixed_endpoint_30133,11,6,1,8,0,0,0,0,5,297,18
S_dopt_short,mixed_endpoint_30132,15,0,0,13,0,0,0,0,7,288,20
JSO,mixed_endpoint_30133,14,6,1,11,0,0,0,0,5,278,18
JO,mixed_endpoint_30133,0,6,1,0,0,0,0,0,5,279,18
insert80,mixed_endpoint_30133,0,0,0,0,0,0,0,0,3,277,16
aligned,mixed_endpoint_30133,0,0,0,0,0,0,0,0,1,280,14
insert400,mixed_endpoint_30133,0,0,0,0,0,0,0,0,5,281,18
insert200,mixed_endpoint_30133,0,0,0,0,0,0,0,0,3,278,16
bracket,mixed_endpoint_30133,0,0,0,0,0,0,0,0,2,263,15
short_clear,mixed_endpoint_30133,0,0,0,0,0,0,0,0,2,263,15
optical2,mixed_endpoint_30133,0,0,0,0,0,0,0,0,2,263,15
doptimal,mixed_endpoint_30133,0,0,0,0,0,0,0,0,2,276,15
JSO_p50,mixed_endpoint_30133,15,6,1,11,0,0,0,0,5,279,18
JSO_p85,mixed_endpoint_30133,12,6,1,9,0,0,0,0,5,277,18
optical4,mixed_endpoint_30133,0,0,0,0,1,1,4,1,3,262,16
JSO_r160,mixed_endpoint_30133,12,7,1,9,0,0,0,0,6,292,19
JSO_compact,mixed_endpoint_30133,14,6,1,11,0,0,0,0,5,278,18
JSO_r120,mixed_endpoint_30133,13,6,1,10,0,0,0,0,5,293,18
JSO_outer1980,mixed_endpoint_30133,14,6,1,11,0,0,0,0,5,278,18
previous_best,mixed_endpoint_30134,0,0,0,0,0,0,0,0,9,214,24
J,mixed_endpoint_30134,0,0,0,0,0,0,0,0,8,213,23
S,mixed_endpoint_30134,24,0,0,22,0,0,0,0,3,256,18
SO_doptimal,mixed_endpoint_30133,6,3,0,3,0,0,0,0,3,279,16
baseline,mixed_endpoint_30134,0,0,0,0,0,0,0,0,11,236,26
S_doptimal,mixed_endpoint_30133,6,0,0,4,0,0,0,0,2,276,15
S_dopt_short,mixed_endpoint_30133,6,0,0,4,0,0,0,0,2,276,15
JSO_compact_dopt,mixed_endpoint_30133,12,5,1,10,0,0,0,0,4,274,17
O,mixed_endpoint_30134,0,8,2,0,0,0,0,0,6,232,21
JS,mixed_endpoint_30134,21,0,0,19,0,0,0,0,9,233,24
JO,mixed_endpoint_30134,0,9,1,0,0,0,0,0,8,213,23
insert80,mixed_endpoint_30134,0,0,0,0,0,0,0,0,7,239,22
SO,mixed_endpoint_30134,18,8,5,16,0,0,0,0,3,252,18
insert200,mixed_endpoint_30134,0,0,0,0,0,0,0,0,8,234,23
insert400,mixed_endpoint_30134,0,0,0,0,0,0,0,0,8,234,23
JSO,mixed_endpoint_30134,23,13,2,20,0,0,0,0,11,229,26
aligned,mixed_endpoint_30134,0,0,0,0,0,0,0,0,8,221,23
doptimal,mixed_endpoint_30134,0,0,0,0,0,0,0,0,6,287,21
bracket,mixed_endpoint_30134,0,0,0,0,0,0,0,0,11,236,26
optical2,mixed_endpoint_30134,0,0,0,0,0,0,0,0,11,236,26
JSO_p50,mixed_endpoint_30134,25,14,3,19,0,0,0,0,11,233,26
optical4,mixed_endpoint_30134,0,0,0,0,4,4,16,4,15,231,30
short_clear,mixed_endpoint_30134,0,0,0,0,0,0,0,0,11,236,26
JSO_p85,mixed_endpoint_30134,19,13,2,18,0,0,0,0,11,225,26
JSO_r120,mixed_endpoint_30134,21,13,2,18,0,0,0,0,11,227,26
JSO_r160,mixed_endpoint_30134,19,14,2,17,0,0,0,0,12,226,27
JSO_compact,mixed_endpoint_30134,22,12,2,19,0,0,0,0,10,229,25
JSO_outer1980,mixed_endpoint_30134,23,13,2,20,0,0,0,0,11,229,26
S_doptimal,mixed_endpoint_30134,12,0,0,11,0,0,0,0,4,275,19
J,mixed_endpoint_30135,0,0,0,0,0,0,0,0,5,246,19
previous_best,mixed_endpoint_30135,0,0,0,0,0,0,0,0,5,246,19
SO_doptimal,mixed_endpoint_30134,11,6,2,10,0,1,12,0,14,280,29
baseline,mixed_endpoint_30135,0,0,0,0,0,0,0,0,7,252,21
S,mixed_endpoint_30135,22,0,0,20,0,0,0,0,5,255,19
S_dopt_short,mixed_endpoint_30134,16,0,0,15,0,0,0,0,4,276,19
O,mixed_endpoint_30135,0,6,0,0,0,0,0,0,6,254,20
JS,mixed_endpoint_30135,16,0,0,15,0,0,0,0,5,246,19
JO,mixed_endpoint_30135,0,6,2,0,0,0,0,0,4,246,18
JSO,mixed_endpoint_30135,16,8,1,15,0,0,0,0,7,247,21
JSO_compact_dopt,mixed_endpoint_30134,22,11,2,19,0,0,0,0,9,230,24
SO,mixed_endpoint_30135,15,7,2,14,0,0,0,0,5,272,19
insert80,mixed_endpoint_30135,0,0,0,0,0,0,0,0,4,247,18
insert200,mixed_endpoint_30135,0,0,0,0,0,0,0,0,3,268,17
insert400,mixed_endpoint_30135,0,0,0,0,0,0,0,0,2,267,16
doptimal,mixed_endpoint_30135,0,0,0,0,0,0,0,0,5,248,19
optical2,mixed_endpoint_30135,0,0,0,0,0,0,0,0,7,252,21
aligned,mixed_endpoint_30135,0,0,0,0,0,0,0,0,2,252,16
JSO_p50,mixed_endpoint_30135,17,8,1,15,0,0,0,0,7,248,21
bracket,mixed_endpoint_30135,0,0,0,0,0,0,0,0,7,253,21
optical4,mixed_endpoint_30135,0,0,0,0,2,2,8,2,9,250,23
short_clear,mixed_endpoint_30135,0,0,0,0,0,0,0,0,4,263,18
JSO_p85,mixed_endpoint_30135,16,7,1,15,0,0,0,0,6,252,20
JSO_r120,mixed_endpoint_30135,16,8,1,15,0,0,0,0,7,247,21
JSO_r160,mixed_endpoint_30135,16,8,1,15,0,0,0,0,7,247,21
JSO_outer1980,mixed_endpoint_30135,16,8,1,15,0,0,0,0,7,247,21
JSO_compact,mixed_endpoint_30135,16,8,1,15,0,0,0,0,7,247,21
previous_best,mixed_endpoint_30136,0,0,0,0,0,0,0,0,3,335,14
baseline,mixed_endpoint_30136,0,0,0,0,0,0,0,0,6,359,17
S_doptimal,mixed_endpoint_30135,13,0,0,12,0,0,0,0,0,230,14
JSO_compact_dopt,mixed_endpoint_30135,16,8,1,15,0,0,0,0,7,246,21
SO_doptimal,mixed_endpoint_30135,13,3,1,12,0,0,0,0,2,233,16
J,mixed_endpoint_30136,0,0,0,0,0,0,0,0,5,341,16
O,mixed_endpoint_30136,0,6,1,0,0,0,0,0,5,358,16
S_dopt_short,mixed_endpoint_30135,13,0,0,11,0,0,0,0,4,237,18
S,mixed_endpoint_30136,11,0,0,11,0,0,0,0,8,364,19
JS,mixed_endpoint_30136,17,0,0,17,0,0,0,0,7,347,18
JO,mixed_endpoint_30136,0,8,4,0,0,0,0,0,4,340,15
insert80,mixed_endpoint_30136,0,0,0,0,0,0,0,0,3,343,14
JSO,mixed_endpoint_30136,13,10,5,13,0,0,0,0,5,339,16
insert200,mixed_endpoint_30136,0,0,0,0,0,0,0,0,2,346,13
SO,mixed_endpoint_30136,10,9,1,10,0,0,0,0,8,366,19
aligned,mixed_endpoint_30136,0,0,0,0,0,0,0,0,4,360,15
optical2,mixed_endpoint_30136,0,0,0,0,0,0,0,0,6,359,17
insert400,mixed_endpoint_30136,0,0,0,0,0,0,0,0,4,332,15
bracket,mixed_endpoint_30136,0,0,0,0,0,0,0,0,7,360,18
doptimal,mixed_endpoint_30136,0,0,0,0,0,0,0,0,1,360,12
optical4,mixed_endpoint_30136,0,0,0,0,1,1,4,1,7,347,18
JSO_p50,mixed_endpoint_30136,13,10,5,13,0,0,0,0,5,339,16
JSO_p85,mixed_endpoint_30136,13,9,3,13,0,0,0,0,6,341,17
short_clear,mixed_endpoint_30136,0,0,0,0,0,0,0,0,5,349,16
JSO_r160,mixed_endpoint_30136,11,10,4,11,0,0,0,0,6,341,17
JSO_r120,mixed_endpoint_30136,13,9,3,13,0,0,0,0,6,340,17
JSO_outer1980,mixed_endpoint_30136,14,10,4,14,0,0,0,0,6,341,17
JSO_compact,mixed_endpoint_30136,12,10,5,12,0,0,0,0,5,340,16
S_doptimal,mixed_endpoint_30136,7,0,0,7,0,0,0,0,4,344,15
SO_doptimal,mixed_endpoint_30136,7,2,0,7,0,0,0,0,2,349,13
JSO_compact_dopt,mixed_endpoint_30136,12,9,5,12,0,0,0,0,4,339,15
S_dopt_short,mixed_endpoint_30136,7,0,0,7,0,0,0,0,4,344,15
previous_best,mixed_endpoint_30137,0,0,0,0,0,0,0,0,8,226,23
J,mixed_endpoint_30137,0,0,0,0,0,0,0,0,8,224,23
baseline,mixed_endpoint_30137,0,0,0,0,0,0,0,0,8,263,23
JO,mixed_endpoint_30137,0,9,1,0,0,0,0,0,8,224,23
O,mixed_endpoint_30137,0,7,0,0,0,0,0,0,7,263,22
S,mixed_endpoint_30137,20,0,0,19,0,0,0,0,4,253,19
JS,mixed_endpoint_30137,20,0,0,20,0,0,0,0,7,236,22
JSO,mixed_endpoint_30137,17,12,4,15,0,0,0,0,8,235,23
insert80,mixed_endpoint_30137,0,0,0,0,0,0,0,0,7,251,22
insert200,mixed_endpoint_30137,0,0,0,0,0,0,0,0,6,239,21
SO,mixed_endpoint_30137,20,9,0,18,0,0,0,0,9,259,24
aligned,mixed_endpoint_30137,0,0,0,0,0,0,0,0,5,262,20
optical2,mixed_endpoint_30137,0,0,0,0,0,0,0,0,8,263,23
insert400,mixed_endpoint_30137,0,0,0,0,0,0,0,0,6,268,21
optical4,mixed_endpoint_30137,0,0,0,0,1,1,4,1,10,262,25
JSO_r120,mixed_endpoint_30137,17,12,4,15,0,0,0,0,8,235,23
bracket,mixed_endpoint_30137,0,0,0,0,0,0,0,0,7,272,22
JSO_p85,mixed_endpoint_30137,18,12,3,17,0,0,0,0,9,224,24
JSO_p50,mixed_endpoint_30137,19,10,2,17,0,0,0,0,8,238,23
short_clear,mixed_endpoint_30137,0,0,0,0,0,0,0,0,7,259,22
doptimal,mixed_endpoint_30137,0,0,0,0,0,0,0,0,3,259,18
JSO_r160,mixed_endpoint_30137,17,12,4,15,0,0,0,0,8,235,23
JSO_outer1980,mixed_endpoint_30137,16,12,5,14,0,0,0,0,7,233,22
JSO_compact,mixed_endpoint_30137,17,10,4,15,0,0,0,0,6,220,21
baseline,mixed_endpoint_30138,0,0,0,0,0,0,0,0,5,209,21
J,mixed_endpoint_30138,0,0,0,0,0,0,0,0,9,206,25
S_doptimal,mixed_endpoint_30137,22,0,0,20,0,0,0,0,3,258,18
previous_best,mixed_endpoint_30138,0,0,0,0,0,0,0,0,11,216,27
O,mixed_endpoint_30138,0,5,1,0,0,0,0,0,4,209,20
S_dopt_short,mixed_endpoint_30137,26,0,0,24,0,0,0,0,4,264,19
S,mixed_endpoint_30138,18,0,0,16,0,0,0,0,2,216,18
SO_doptimal,mixed_endpoint_30137,17,6,0,16,0,0,0,0,6,260,21
JS,mixed_endpoint_30138,20,0,0,19,0,0,0,0,8,188,24
JSO_compact_dopt,mixed_endpoint_30137,19,10,4,18,0,0,0,0,6,240,21
JO,mixed_endpoint_30138,0,9,2,0,0,0,0,0,7,204,23
insert80,mixed_endpoint_30138,0,0,0,0,0,0,0,0,3,128,19
JSO,mixed_endpoint_30138,19,11,2,18,0,0,0,0,9,203,25
SO,mixed_endpoint_30138,17,6,3,15,0,0,0,0,3,213,19
aligned,mixed_endpoint_30138,0,0,0,0,0,0,0,0,5,200,21
insert200,mixed_endpoint_30138,0,0,0,0,0,0,0,0,6,192,22
optical2,mixed_endpoint_30138,0,0,0,0,0,0,0,0,5,209,21
insert400,mixed_endpoint_30138,0,0,0,0,0,0,0,0,5,215,21
bracket,mixed_endpoint_30138,0,0,0,0,0,0,0,0,5,193,21
optical4,mixed_endpoint_30138,0,0,0,0,2,2,8,2,9,207,25
short_clear,mixed_endpoint_30138,0,0,0,0,0,0,0,0,5,209,21
JSO_r120,mixed_endpoint_30138,17,12,1,16,0,0,0,0,11,190,27
JSO_p50,mixed_endpoint_30138,25,11,2,20,0,0,0,0,9,207,25
doptimal,mixed_endpoint_30138,0,0,0,0,0,0,0,0,4,228,20
JSO_r160,mixed_endpoint_30138,19,12,5,19,0,0,0,0,7,173,23
JSO_p85,mixed_endpoint_30138,19,8,1,17,0,0,0,0,7,219,23
JSO_outer1980,mixed_endpoint_30138,19,11,2,18,0,0,0,0,9,203,25
JSO_compact,mixed_endpoint_30138,18,13,3,17,0,0,0,0,10,190,26
previous_best,mixed_endpoint_30139,0,0,0,0,0,0,0,0,6,305,19
baseline,mixed_endpoint_30139,0,0,0,0,0,0,0,0,3,244,16
S_doptimal,mixed_endpoint_30138,14,0,0,13,0,0,0,0,4,201,20
O,mixed_endpoint_30139,0,4,1,0,0,0,0,0,3,245,16
SO_doptimal,mixed_endpoint_30138,13,3,1,12,0,0,0,0,2,200,18
J,mixed_endpoint_30139,0,0,0,0,0,0,0,0,9,259,22
S,mixed_endpoint_30139,17,0,0,16,0,0,0,0,4,249,17
S_dopt_short,mixed_endpoint_30138,13,0,0,12,0,0,0,0,5,196,21
JS,mixed_endpoint_30139,23,0,0,22,0,0,0,0,7,267,20
JO,mixed_endpoint_30139,0,10,2,0,0,0,0,0,8,258,21
insert80,mixed_endpoint_30139,0,0,0,0,0,0,0,0,2,246,15
SO,mixed_endpoint_30139,13,7,3,11,0,0,0,0,4,246,17
JSO_compact_dopt,mixed_endpoint_30138,22,13,2,19,0,0,0,0,11,206,27
JSO,mixed_endpoint_30139,18,11,2,18,0,0,0,0,9,262,22
insert200,mixed_endpoint_30139,0,0,0,0,0,0,0,0,5,279,18
insert400,mixed_endpoint_30139,0,0,0,0,0,0,0,0,7,278,20
aligned,mixed_endpoint_30139,0,0,0,0,0,0,0,0,4,311,17
bracket,mixed_endpoint_30139,0,0,0,0,0,0,0,0,3,244,16
optical4,mixed_endpoint_30139,0,0,0,0,1,1,4,1,5,243,18
short_clear,mixed_endpoint_30139,0,0,0,0,0,0,0,0,3,241,16
JSO_p85,mixed_endpoint_30139,13,10,3,13,0,0,0,0,7,261,20
optical2,mixed_endpoint_30139,0,0,0,0,0,0,0,0,3,244,16
doptimal,mixed_endpoint_30139,0,0,0,0,0,0,0,0,5,274,18
JSO_r120,mixed_endpoint_30139,19,10,1,19,0,0,0,0,9,262,22
JSO_p50,mixed_endpoint_30139,20,12,2,19,0,0,0,0,10,266,23
JSO_compact,mixed_endpoint_30139,16,10,3,16,0,0,0,0,7,258,20
JSO_r160,mixed_endpoint_30139,17,10,1,17,0,0,0,0,9,260,22
JSO_outer1980,mixed_endpoint_30139,18,12,2,18,0,0,0,0,10,263,23
baseline,mixed_endpoint_30140,0,0,0,0,0,0,0,0,1,352,12
S_doptimal,mixed_endpoint_30139,15,0,0,15,0,0,0,0,4,265,17
S_dopt_short,mixed_endpoint_30139,13,0,0,13,0,0,0,0,3,250,16
J,mixed_endpoint_30140,0,0,0,0,0,0,0,0,5,350,16
previous_best,mixed_endpoint_30140,0,0,0,0,0,0,0,0,5,350,16
O,mixed_endpoint_30140,0,5,4,0,0,0,0,0,1,352,12
S,mixed_endpoint_30140,6,0,0,6,0,0,0,0,5,333,16
JO,mixed_endpoint_30140,0,7,3,0,0,0,0,0,4,350,15
JS,mixed_endpoint_30140,15,0,0,13,0,0,0,0,7,359,18
SO_doptimal,mixed_endpoint_30139,9,7,1,8,0,0,0,0,6,324,19
JSO_compact_dopt,mixed_endpoint_30139,15,9,2,14,0,0,0,0,7,241,20
insert80,mixed_endpoint_30140,0,0,0,0,0,0,0,0,3,353,14
JSO,mixed_endpoint_30140,13,7,2,11,0,0,0,0,5,355,16
SO,mixed_endpoint_30140,7,3,0,6,0,0,0,0,3,335,14
insert400,mixed_endpoint_30140,0,0,0,0,0,0,0,0,2,351,13
insert200,mixed_endpoint_30140,0,0,0,0,0,0,0,0,1,350,12
aligned,mixed_endpoint_30140,0,0,0,0,0,0,0,0,4,364,15
bracket,mixed_endpoint_30140,0,0,0,0,0,0,0,0,1,352,12
optical2,mixed_endpoint_30140,0,0,0,0,0,0,0,0,1,352,12
optical4,mixed_endpoint_30140,0,0,0,0,0,0,0,0,1,352,12
doptimal,mixed_endpoint_30140,0,0,0,0,0,0,0,0,3,365,14
short_clear,mixed_endpoint_30140,0,0,0,0,0,0,0,0,1,344,12
JSO_p50,mixed_endpoint_30140,15,7,2,12,0,0,0,0,5,357,16
JSO_r120,mixed_endpoint_30140,11,7,3,10,0,0,0,0,4,351,15
JSO_r160,mixed_endpoint_30140,11,9,2,10,0,0,0,0,7,353,18
JSO_p85,mixed_endpoint_30140,13,7,2,11,0,0,0,0,5,355,16
JSO_compact,mixed_endpoint_30140,13,7,2,11,0,0,0,0,5,355,16
JSO_outer1980,mixed_endpoint_30140,12,8,4,11,0,0,0,0,4,364,15
S_doptimal,mixed_endpoint_30140,11,0,0,10,0,0,0,0,3,366,14
SO_doptimal,mixed_endpoint_30140,11,8,0,10,0,0,0,0,8,326,19
previous_best,mixed_endpoint_30141,0,0,0,0,0,0,0,0,3,281,17
S_dopt_short,mixed_endpoint_30140,11,0,0,10,0,0,0,0,3,366,14
J,mixed_endpoint_30141,0,0,0,0,0,0,0,0,3,276,17
JSO_compact_dopt,mixed_endpoint_30140,12,7,1,10,0,0,0,0,6,331,17
baseline,mixed_endpoint_30141,0,0,0,0,0,0,0,0,7,237,21
JS,mixed_endpoint_30141,18,0,0,16,0,0,0,0,5,218,19
S,mixed_endpoint_30141,19,0,0,18,0,0,0,0,5,266,19
O,mixed_endpoint_30141,0,5,1,0,0,0,0,0,4,238,18
JO,mixed_endpoint_30141,0,7,4,0,0,0,0,0,3,278,17
JSO,mixed_endpoint_30141,17,11,5,15,0,0,0,0,6,218,20
insert80,mixed_endpoint_30141,0,0,0,0,0,0,0,0,7,258,21
insert200,mixed_endpoint_30141,0,0,0,0,0,0,0,0,7,262,21
insert400,mixed_endpoint_30141,0,0,0,0,0,0,0,0,8,261,22
SO,mixed_endpoint_30141,18,11,5,17,0,0,0,0,6,267,20
aligned,mixed_endpoint_30141,0,0,0,0,0,0,0,0,6,263,20
bracket,mixed_endpoint_30141,0,0,0,0,0,0,0,0,7,237,21
optical2,mixed_endpoint_30141,0,0,0,0,0,0,0,0,7,237,21
optical4,mixed_endpoint_30141,0,0,0,0,1,1,4,1,9,235,23
short_clear,mixed_endpoint_30141,0,0,0,0,0,0,0,0,4,264,18
JSO_r120,mixed_endpoint_30141,14,10,5,11,0,0,0,0,5,218,19
JSO_p85,mixed_endpoint_30141,14,9,4,13,0,0,0,0,5,219,19
JSO_r160,mixed_endpoint_30141,14,11,5,11,0,0,0,0,6,218,20
doptimal,mixed_endpoint_30141,0,0,0,0,0,0,0,0,5,284,19
JSO_p50,mixed_endpoint_30141,18,11,5,15,0,0,0,0,6,248,20
JSO_compact,mixed_endpoint_30141,17,11,5,15,0,0,0,0,6,218,20
previous_best,mixed_endpoint_30142,0,0,0,0,0,0,0,0,4,285,14
JSO_outer1980,mixed_endpoint_30141,15,10,5,14,0,0,0,0,5,244,19
baseline,mixed_endpoint_30142,0,0,0,0,0,0,0,0,4,295,14
J,mixed_endpoint_30142,0,0,0,0,0,0,0,0,7,293,17
S,mixed_endpoint_30142,19,0,0,16,0,0,0,0,2,303,12
SO_doptimal,mixed_endpoint_30141,19,9,1,18,0,0,0,0,8,286,22
S_doptimal,mixed_endpoint_30141,19,0,0,18,0,0,0,0,5,299,19
O,mixed_endpoint_30142,0,4,1,0,0,0,0,0,3,295,13
SO,mixed_endpoint_30142,13,6,1,11,0,0,0,0,5,299,15
JS,mixed_endpoint_30142,16,0,0,13,0,0,0,0,7,299,17
S_dopt_short,mixed_endpoint_30141,16,0,0,16,0,0,0,0,3,293,17
JO,mixed_endpoint_30142,0,5,1,0,0,0,0,0,4,293,14
JSO_compact_dopt,mixed_endpoint_30141,15,11,5,14,0,0,0,0,6,260,20
JSO,mixed_endpoint_30142,12,7,0,10,0,0,0,0,7,296,17
insert80,mixed_endpoint_30142,0,0,0,0,0,0,0,0,6,300,16
insert200,mixed_endpoint_30142,0,0,0,0,0,1,10,0,15,304,25
aligned,mixed_endpoint_30142,0,0,0,0,0,0,0,0,4,301,14
insert400,mixed_endpoint_30142,0,0,0,0,0,1,10,0,15,303,25
JSO_p50,mixed_endpoint_30142,15,6,0,10,0,0,0,0,6,291,16
bracket,mixed_endpoint_30142,0,0,0,0,0,0,0,0,2,294,12
short_clear,mixed_endpoint_30142,0,0,0,0,0,0,0,0,3,297,13
optical4,mixed_endpoint_30142,0,0,0,0,1,1,4,1,6,294,16
optical2,mixed_endpoint_30142,0,0,0,0,0,0,0,0,4,295,14
doptimal,mixed_endpoint_30142,0,0,0,0,0,0,0,0,3,297,13
JSO_p85,mixed_endpoint_30142,10,7,0,9,0,0,0,0,7,293,17
JSO_r120,mixed_endpoint_30142,13,7,2,12,0,0,0,0,5,302,15
JSO_r160,mixed_endpoint_30142,12,7,2,11,0,0,0,0,5,301,15
JSO_compact,mixed_endpoint_30142,12,7,0,10,0,0,0,0,7,296,17
JSO_outer1980,mixed_endpoint_30142,12,7,0,10,0,0,0,0,7,296,17
S_dopt_short,mixed_endpoint_30142,18,0,0,17,0,0,0,0,4,308,14
baseline,mixed_endpoint_30143,0,0,0,0,0,0,0,0,7,249,21
J,mixed_endpoint_30143,0,0,0,0,0,0,0,0,7,242,21
SO_doptimal,mixed_endpoint_30142,13,5,2,11,0,0,0,0,3,299,13
S_doptimal,mixed_endpoint_30142,17,0,0,13,0,0,0,0,6,309,16
S,mixed_endpoint_30143,14,0,0,14,0,0,0,0,5,238,19
JSO_compact_dopt,mixed_endpoint_30142,13,7,0,9,0,0,0,0,7,291,17
previous_best,mixed_endpoint_30143,0,0,0,0,0,0,0,0,8,246,22
O,mixed_endpoint_30143,0,8,2,0,0,0,0,0,6,248,20
JS,mixed_endpoint_30143,16,0,0,15,0,0,0,0,10,251,24
JO,mixed_endpoint_30143,0,9,4,0,0,0,0,0,5,241,19
insert400,mixed_endpoint_30143,0,0,0,0,0,0,0,0,4,240,18
SO,mixed_endpoint_30143,13,8,1,13,0,0,0,0,7,242,21
insert200,mixed_endpoint_30143,0,0,0,0,0,0,0,0,5,240,19
insert80,mixed_endpoint_30143,0,0,0,0,0,0,0,0,5,239,19
JSO,mixed_endpoint_30143,20,11,3,19,0,0,0,0,8,247,22
aligned,mixed_endpoint_30143,0,0,0,0,0,0,0,0,5,253,19
bracket,mixed_endpoint_30143,0,0,0,0,0,0,0,0,7,249,21
optical2,mixed_endpoint_30143,0,0,0,0,0,0,0,0,7,249,21
optical4,mixed_endpoint_30143,0,0,0,0,2,2,8,2,11,247,25
JSO_p50,mixed_endpoint_30143,21,11,2,20,0,0,0,0,9,247,23
short_clear,mixed_endpoint_30143,0,0,0,0,0,0,0,0,4,228,18
JSO_p85,mixed_endpoint_30143,19,11,3,19,0,0,0,0,8,218,22
JSO_compact,mixed_endpoint_30143,15,11,6,14,0,0,0,0,5,244,19
doptimal,mixed_endpoint_30143,0,0,0,0,0,0,0,0,4,245,18
JSO_r160,mixed_endpoint_30143,17,12,2,16,0,0,0,0,10,296,24
JSO_r120,mixed_endpoint_30143,19,12,2,17,0,0,0,0,10,302,24
JSO_outer1980,mixed_endpoint_30143,20,11,3,19,0,0,0,0,8,247,22
S_doptimal,mixed_endpoint_30143,17,0,0,17,0,0,0,0,6,265,20
SO_doptimal,mixed_endpoint_30143,14,8,2,14,0,0,0,0,6,237,20
previous_best,mixed_endpoint_30144,0,0,0,0,0,0,0,0,7,277,20
J,mixed_endpoint_30144,0,0,0,0,0,0,0,0,7,272,20
baseline,mixed_endpoint_30144,0,0,0,0,0,0,0,0,6,282,19
S_dopt_short,mixed_endpoint_30143,20,0,0,20,0,0,0,0,4,240,18
S,mixed_endpoint_30144,17,0,0,15,0,0,0,0,3,278,16
O,mixed_endpoint_30144,0,8,1,0,0,0,0,0,7,283,20
JSO_compact_dopt,mixed_endpoint_30143,14,10,5,13,0,0,0,0,5,240,19
JO,mixed_endpoint_30144,0,7,0,0,0,0,0,0,7,272,20
JS,mixed_endpoint_30144,16,0,0,14,0,0,0,0,8,278,21
JSO,mixed_endpoint_30144,15,10,1,13,0,0,0,0,9,278,22
insert80,mixed_endpoint_30144,0,0,0,0,0,0,0,0,8,320,21
insert400,mixed_endpoint_30144,0,0,0,0,0,0,0,0,6,301,19
SO,mixed_endpoint_30144,16,8,3,13,0,0,0,0,5,279,18
insert200,mixed_endpoint_30144,0,0,0,0,0,0,0,0,8,322,21
optical2,mixed_endpoint_30144,0,0,0,0,0,0,0,0,6,282,19
bracket,mixed_endpoint_30144,0,0,0,0,0,0,0,0,5,283,18
optical4,mixed_endpoint_30144,0,0,0,0,2,2,8,2,10,280,23
aligned,mixed_endpoint_30144,0,0,0,0,0,0,0,0,6,318,19
doptimal,mixed_endpoint_30144,0,0,0,0,0,0,0,0,5,313,18
JSO_p85,mixed_endpoint_30144,14,10,2,12,0,0,0,0,8,276,21
short_clear,mixed_endpoint_30144,0,0,0,0,0,0,0,0,6,282,19
JSO_p50,mixed_endpoint_30144,19,11,1,15,0,0,0,0,10,283,23
JSO_r160,mixed_endpoint_30144,15,10,1,13,0,0,0,0,9,277,22
JSO_r120,mixed_endpoint_30144,15,10,1,13,0,0,0,0,9,277,22
JSO_outer1980,mixed_endpoint_30144,15,10,1,13,0,0,0,0,9,278,22
JSO_compact,mixed_endpoint_30144,14,7,1,12,0,0,0,0,6,274,19
J,mixed_endpoint_30145,0,0,0,0,0,0,0,0,4,287,16
S_doptimal,mixed_endpoint_30144,10,0,0,9,0,0,0,0,4,315,17
SO_doptimal,mixed_endpoint_30144,7,7,5,6,0,0,0,0,2,310,15
S_dopt_short,mixed_endpoint_30144,9,0,0,7,0,0,0,0,2,260,15
baseline,mixed_endpoint_30145,0,0,0,0,0,0,0,0,3,305,15
JS,mixed_endpoint_30145,17,0,0,13,0,0,0,0,6,293,18
previous_best,mixed_endpoint_30145,0,0,0,0,0,1,4,0,10,295,22
S,mixed_endpoint_30145,14,0,0,13,0,0,0,0,5,310,17
JSO_compact_dopt,mixed_endpoint_30144,12,10,1,11,0,0,0,0,9,319,22
O,mixed_endpoint_30145,0,3,0,0,0,0,0,0,3,305,15
JO,mixed_endpoint_30145,0,4,0,0,0,0,0,0,4,287,16
JSO,mixed_endpoint_30145,16,9,3,12,0,0,0,0,6,292,18
SO,mixed_endpoint_30145,17,6,0,15,0,0,0,0,6,273,18
insert200,mixed_endpoint_30145,0,0,0,0,0,0,0,0,2,314,14
insert80,mixed_endpoint_30145,0,0,0,0,0,0,0,0,3,298,15
insert400,mixed_endpoint_30145,0,0,0,0,0,0,0,0,4,321,16
aligned,mixed_endpoint_30145,0,0,0,0,0,0,0,0,5,303,17
bracket,mixed_endpoint_30145,0,0,0,0,0,0,0,0,4,302,16
optical2,mixed_endpoint_30145,0,0,0,0,0,0,0,0,3,305,15
optical4,mixed_endpoint_30145,0,0,0,0,0,0,0,0,3,305,15
short_clear,mixed_endpoint_30145,0,0,0,0,0,0,0,0,5,322,17
JSO_p50,mixed_endpoint_30145,15,8,1,12,0,0,0,0,7,288,19
doptimal,mixed_endpoint_30145,0,0,0,0,0,0,0,0,2,295,14
JSO_compact,mixed_endpoint_30145,16,6,2,13,0,0,0,0,4,276,16
JSO_p85,mixed_endpoint_30145,14,6,2,14,0,1,7,0,9,258,21
JSO_r120,mixed_endpoint_30145,16,9,3,12,0,0,0,0,6,292,18
JSO_r160,mixed_endpoint_30145,16,9,2,12,0,0,0,0,7,293,19
JSO_outer1980,mixed_endpoint_30145,16,10,3,12,0,0,0,0,7,293,19
J,mixed_endpoint_30146,0,0,0,0,0,0,0,0,4,307,14
previous_best,mixed_endpoint_30146,0,0,0,0,0,0,0,0,5,306,15
S_dopt_short,mixed_endpoint_30145,13,0,0,13,0,0,0,0,4,309,16
baseline,mixed_endpoint_30146,0,0,0,0,0,0,0,0,7,336,17
S_doptimal,mixed_endpoint_30145,13,0,0,13,0,0,0,0,4,317,16
S,mixed_endpoint_30146,11,0,0,10,0,0,0,0,3,314,13
JSO_compact_dopt,mixed_endpoint_30145,15,6,2,13,0,0,0,0,4,289,16
SO_doptimal,mixed_endpoint_30145,9,6,1,9,0,0,0,0,5,316,17
JS,mixed_endpoint_30146,13,0,0,13,0,0,0,0,3,306,13
O,mixed_endpoint_30146,0,8,1,0,0,0,0,0,7,336,17
JO,mixed_endpoint_30146,0,4,1,0,0,0,0,0,3,306,13
SO,mixed_endpoint_30146,11,6,1,9,0,0,0,0,5,318,15
JSO,mixed_endpoint_30146,10,8,4,9,0,0,0,0,4,302,14
insert200,mixed_endpoint_30146,0,0,0,0,0,0,0,0,4,309,14
insert80,mixed_endpoint_30146,0,0,0,0,0,0,0,0,2,308,12
insert400,mixed_endpoint_30146,0,0,0,0,0,0,0,0,5,308,15
aligned,mixed_endpoint_30146,0,0,0,0,0,0,0,0,4,311,14
optical2,mixed_endpoint_30146,0,0,0,0,0,0,0,0,7,336,17
bracket,mixed_endpoint_30146,0,0,0,0,0,0,0,0,6,334,16
JSO_p50,mixed_endpoint_30146,12,7,4,10,0,0,0,0,3,302,13
optical4,mixed_endpoint_30146,0,0,0,0,2,2,8,2,10,333,20
JSO_r120,mixed_endpoint_30146,10,8,4,9,0,0,0,0,4,301,14
JSO_p85,mixed_endpoint_30146,9,4,2,9,0,0,0,0,2,309,12
short_clear,mixed_endpoint_30146,0,0,0,0,0,0,0,0,7,336,17
JSO_r160,mixed_endpoint_30146,10,8,4,9,0,0,0,0,4,301,14
doptimal,mixed_endpoint_30146,0,0,0,0,0,0,0,0,5,334,15
JSO_compact,mixed_endpoint_30146,10,8,4,8,0,0,0,0,4,304,14
JSO_outer1980,mixed_endpoint_30146,10,8,4,9,0,0,0,0,4,302,14
J,mixed_endpoint_30147,0,0,0,0,0,0,0,0,3,290,15
previous_best,mixed_endpoint_30147,0,0,0,0,0,0,0,0,7,296,19
JSO_compact_dopt,mixed_endpoint_30146,10,5,2,9,0,0,0,0,3,308,13
baseline,mixed_endpoint_30147,0,0,0,0,0,0,0,0,8,344,20
S,mixed_endpoint_30147,14,0,0,13,0,0,0,0,8,344,20
JS,mixed_endpoint_30147,17,0,0,15,0,0,0,0,6,301,18
O,mixed_endpoint_30147,0,8,2,0,0,0,0,0,6,344,18
S_doptimal,mixed_endpoint_30146,9,0,0,8,0,0,0,0,6,327,16
JO,mixed_endpoint_30147,0,6,3,0,0,0,0,0,3,290,15
SO_doptimal,mixed_endpoint_30146,9,5,0,8,0,0,0,0,5,326,15
S_dopt_short,mixed_endpoint_30146,8,0,0,7,0,0,0,0,7,327,17
insert80,mixed_endpoint_30147,0,0,0,0,0,0,0,0,6,316,18
JSO,mixed_endpoint_30147,14,9,4,12,0,0,0,0,5,299,17
insert200,mixed_endpoint_30147,0,0,0,0,0,0,0,0,5,337,17
insert400,mixed_endpoint_30147,0,0,0,0,0,0,0,0,6,336,18
SO,mixed_endpoint_30147,16,8,1,15,0,0,0,0,7,351,19
aligned,mixed_endpoint_30147,0,0,0,0,0,0,0,0,8,319,20
bracket,mixed_endpoint_30147,0,0,0,0,0,0,0,0,9,345,21
doptimal,mixed_endpoint_30147,0,0,0,0,0,0,0,0,7,337,19
optical2,mixed_endpoint_30147,0,0,0,0,0,0,0,0,8,344,20
optical4,mixed_endpoint_30147,0,0,0,0,1,1,4,1,10,343,22
JSO_p50,mixed_endpoint_30147,14,9,5,12,0,0,0,0,4,298,16
short_clear,mixed_endpoint_30147,0,0,0,0,0,0,0,0,8,344,20
JSO_r160,mixed_endpoint_30147,14,10,3,12,0,0,0,0,7,299,19
JSO_p85,mixed_endpoint_30147,7,9,4,7,0,0,0,0,5,299,17
JSO_compact,mixed_endpoint_30147,15,10,4,13,0,0,0,0,6,299,18
JSO_r120,mixed_endpoint_30147,13,10,4,11,0,0,0,0,6,299,18
JSO_outer1980,mixed_endpoint_30147,14,10,4,12,0,0,0,0,6,301,18
baseline,mixed_endpoint_30148,0,0,0,0,0,0,0,0,6,355,18
J,mixed_endpoint_30148,0,0,0,0,0,0,0,0,8,299,20
previous_best,mixed_endpoint_30148,0,0,0,0,0,0,0,0,6,296,18
S_doptimal,mixed_endpoint_30147,17,0,0,17,0,0,0,0,3,322,15
SO_doptimal,mixed_endpoint_30147,15,4,1,15,0,0,0,0,3,318,15
JS,mixed_endpoint_30148,16,0,0,15,0,0,0,0,7,300,19
S,mixed_endpoint_30148,15,0,0,14,0,0,0,0,3,327,15
O,mixed_endpoint_30148,0,4,0,0,0,0,0,0,4,355,16
S_dopt_short,mixed_endpoint_30147,18,0,0,18,0,0,0,0,3,326,15
JSO_compact_dopt,mixed_endpoint_30147,13,7,2,11,0,0,0,0,5,290,17
JO,mixed_endpoint_30148,0,8,1,0,0,0,0,0,7,299,19
JSO,mixed_endpoint_30148,16,8,1,15,0,0,0,0,7,300,19
SO,mixed_endpoint_30148,14,5,1,13,0,0,0,0,4,327,16
insert80,mixed_endpoint_30148,0,0,0,0,0,0,0,0,7,300,19
aligned,mixed_endpoint_30148,0,0,0,0,0,0,0,0,4,334,16
insert200,mixed_endpoint_30148,0,0,0,0,0,0,0,0,7,300,19
insert400,mixed_endpoint_30148,0,0,0,0,0,0,0,0,5,300,17
optical2,mixed_endpoint_30148,0,0,0,0,0,0,0,0,6,355,18
optical4,mixed_endpoint_30148,0,0,0,0,1,1,4,1,6,354,18
bracket,mixed_endpoint_30148,0,0,0,0,0,0,0,0,5,328,17
JSO_p50,mixed_endpoint_30148,16,8,1,15,0,0,0,0,7,300,19
JSO_p85,mixed_endpoint_30148,15,9,1,14,0,0,0,0,8,300,20
short_clear,mixed_endpoint_30148,0,0,0,0,0,0,0,0,7,304,19
JSO_r160,mixed_endpoint_30148,12,9,2,12,0,0,0,0,7,295,19
JSO_r120,mixed_endpoint_30148,12,9,2,12,0,0,0,0,7,296,19
doptimal,mixed_endpoint_30148,0,0,0,0,0,0,0,0,4,335,16
JSO_compact,mixed_endpoint_30148,16,7,2,15,0,0,0,0,5,297,17
J,mixed_endpoint_30149,0,0,0,0,0,0,0,0,3,329,13
JSO_outer1980,mixed_endpoint_30148,11,10,2,10,0,0,0,0,8,301,20
baseline,mixed_endpoint_30149,0,0,0,0,0,0,0,0,3,354,13
S,mixed_endpoint_30149,8,0,0,8,0,0,0,0,3,355,13
previous_best,mixed_endpoint_30149,0,0,0,0,0,0,0,0,5,324,15
JS,mixed_endpoint_30149,11,0,0,10,0,0,0,0,4,322,14
O,mixed_endpoint_30149,0,5,2,0,0,0,0,0,3,355,13
JO,mixed_endpoint_30149,0,5,3,0,0,0,0,0,2,329,12
S_doptimal,mixed_endpoint_30148,11,0,0,11,0,0,0,0,3,337,15
SO_doptimal,mixed_endpoint_30148,9,8,3,9,0,0,0,0,5,339,17
JSO,mixed_endpoint_30149,11,6,3,10,0,0,0,0,3,322,13
JSO_compact_dopt,mixed_endpoint_30148,15,8,3,14,0,0,0,0,5,298,17
insert80,mixed_endpoint_30149,0,0,0,0,0,0,0,0,5,359,15
S_dopt_short,mixed_endpoint_30148,11,0,0,11,0,0,0,0,4,339,16
SO,mixed_endpoint_30149,8,8,1,8,0,0,0,0,7,357,17
insert200,mixed_endpoint_30149,0,0,0,0,0,0,0,0,4,357,14
insert400,mixed_endpoint_30149,0,0,0,0,0,1,4,0,6,355,16
bracket,mixed_endpoint_30149,0,0,0,0,0,0,0,0,3,354,13
aligned,mixed_endpoint_30149,0,0,0,0,0,0,0,0,5,336,15
optical2,mixed_endpoint_30149,0,0,0,0,0,0,0,0,3,354,13
optical4,mixed_endpoint_30149,0,0,0,0,1,1,4,1,5,353,15
short_clear,mixed_endpoint_30149,0,0,0,0,0,0,0,0,1,330,11
JSO_p50,mixed_endpoint_30149,12,9,4,11,0,0,0,0,5,325,15
doptimal,mixed_endpoint_30149,0,0,0,0,0,0,0,0,5,336,15
JSO_p85,mixed_endpoint_30149,5,5,2,5,0,0,0,0,3,322,13
JSO_r120,mixed_endpoint_30149,11,6,3,10,0,0,0,0,3,322,13
JSO_r160,mixed_endpoint_30149,11,6,3,10,0,0,0,0,3,322,13
JSO_outer1980,mixed_endpoint_30149,11,6,2,10,0,0,0,0,4,323,14
JSO_compact,mixed_endpoint_30149,11,8,3,10,0,0,0,0,5,328,15
S_doptimal,mixed_endpoint_30149,7,0,0,7,0,0,0,0,4,348,14
S_dopt_short,mixed_endpoint_30149,7,0,0,7,0,0,0,0,4,348,14
SO_doptimal,mixed_endpoint_30149,4,5,2,4,0,0,0,0,3,348,13
JSO_compact_dopt,mixed_endpoint_30149,10,6,3,9,0,0,0,0,3,324,13
baseline,mixed_endpoint_30150,0,0,0,0,0,0,0,0,9,287,23
previous_best,mixed_endpoint_30150,0,0,0,0,0,0,0,0,8,295,22
J,mixed_endpoint_30150,0,0,0,0,0,0,0,0,10,298,24
JO,mixed_endpoint_30150,0,6,1,0,0,0,0,0,5,297,19
S,mixed_endpoint_30150,13,0,0,13,0,0,0,0,6,304,20
JS,mixed_endpoint_30150,12,0,0,11,0,0,0,0,9,275,23
SO,mixed_endpoint_30150,12,7,2,12,0,0,0,0,5,302,19
JSO,mixed_endpoint_30150,20,7,0,18,0,0,0,0,7,294,21
O,mixed_endpoint_30150,0,3,1,0,0,0,0,0,2,272,16
insert80,mixed_endpoint_30150,0,0,0,0,0,0,0,0,6,291,20
insert200,mixed_endpoint_30150,0,0,0,0,0,0,0,0,4,289,18
insert400,mixed_endpoint_30150,0,0,0,0,0,0,0,0,5,290,19
bracket,mixed_endpoint_30150,0,0,0,0,0,0,0,0,8,284,22
aligned,mixed_endpoint_30150,0,0,0,0,0,0,0,0,7,306,21
optical4,mixed_endpoint_30150,0,0,0,0,3,3,12,3,11,282,25
JSO_p50,mixed_endpoint_30150,20,7,3,18,0,0,0,0,4,295,18
optical2,mixed_endpoint_30150,0,0,0,0,0,0,0,0,9,287,23
short_clear,mixed_endpoint_30150,0,0,0,0,0,0,0,0,9,287,23
JSO_r160,mixed_endpoint_30150,16,11,2,15,0,0,0,0,9,295,23
JSO_compact,mixed_endpoint_30150,17,8,3,16,0,0,0,0,5,298,19
doptimal,mixed_endpoint_30150,0,0,0,0,0,0,0,0,3,310,17
JSO_p85,mixed_endpoint_30150,14,7,1,14,0,0,0,0,6,299,20
JSO_r120,mixed_endpoint_30150,18,8,1,17,0,0,0,0,7,298,21
JSO_outer1980,mixed_endpoint_30150,18,8,2,16,0,0,0,0,6,301,20
S_doptimal,mixed_endpoint_30150,12,0,0,12,0,0,0,0,4,308,18
J,mixed_endpoint_30151,0,0,0,0,0,0,0,0,8,271,22
JSO_compact_dopt,mixed_endpoint_30150,24,7,1,23,0,0,0,0,6,293,20
baseline,mixed_endpoint_30151,0,0,0,0,0,0,0,0,5,295,19
S,mixed_endpoint_30151,17,0,0,15,0,0,0,0,2,254,16
previous_best,mixed_endpoint_30151,0,0,0,0,0,0,0,0,10,265,24
O,mixed_endpoint_30151,0,4,2,0,0,0,0,0,2,296,16
S_dopt_short,mixed_endpoint_30150,18,0,0,17,0,0,0,0,6,323,20
JS,mixed_endpoint_30151,18,0,0,18,0,0,0,0,8,275,22
SO_doptimal,mixed_endpoint_30150,15,9,1,13,0,0,0,0,8,329,22
JO,mixed_endpoint_30151,0,9,3,0,0,0,0,0,6,270,20
JSO,mixed_endpoint_30151,18,10,2,17,0,0,0,0,8,277,22
insert400,mixed_endpoint_30151,0,0,0,0,0,0,0,0,5,281,19
insert200,mixed_endpoint_30151,0,0,0,0,0,0,0,0,4,280,18
SO,mixed_endpoint_30151,16,7,2,16,0,1,7,0,11,269,25
insert80,mixed_endpoint_30151,0,0,0,0,0,0,0,0,8,285,22
aligned,mixed_endpoint_30151,0,0,0,0,0,0,0,0,5,303,19
optical2,mixed_endpoint_30151,0,0,0,0,0,0,0,0,5,295,19
bracket,mixed_endpoint_30151,0,0,0,0,0,0,0,0,7,302,21
doptimal,mixed_endpoint_30151,0,0,0,0,0,0,0,0,3,278,17
JSO_r120,mixed_endpoint_30151,14,10,3,13,0,0,0,0,7,273,21
optical4,mixed_endpoint_30151,0,0,0,0,3,3,12,3,9,292,23
JSO_p85,mixed_endpoint_30151,15,12,1,15,0,0,0,0,11,273,25
JSO_r160,mixed_endpoint_30151,14,12,3,13,0,0,0,0,9,273,23
short_clear,mixed_endpoint_30151,0,0,0,0,0,0,0,0,5,295,19
JSO_compact,mixed_endpoint_30151,21,10,2,20,0,0,0,0,8,273,22
JSO_p50,mixed_endpoint_30151,21,10,2,18,0,0,0,0,8,281,22
JSO_outer1980,mixed_endpoint_30151,18,10,2,17,0,0,0,0,8,277,22
J,mixed_endpoint_30152,0,0,0,0,0,0,0,0,5,263,19
previous_best,mixed_endpoint_30152,0,0,0,0,0,0,0,0,3,259,17
S_doptimal,mixed_endpoint_30151,21,0,0,20,0,0,0,0,5,286,19
baseline,mixed_endpoint_30152,0,0,0,0,0,0,0,0,5,272,19
O,mixed_endpoint_30152,0,6,2,0,0,0,0,0,4,275,18
S,mixed_endpoint_30152,13,0,0,13,0,0,0,0,8,250,22
JSO_compact_dopt,mixed_endpoint_30151,21,10,2,20,0,0,0,0,8,275,22
S_dopt_short,mixed_endpoint_30151,22,0,0,22,0,0,0,0,6,284,20
SO_doptimal,mixed_endpoint_30151,14,6,0,13,0,0,0,0,6,287,20
JS,mixed_endpoint_30152,15,0,0,12,0,0,0,0,7,269,21
JO,mixed_endpoint_30152,0,6,1,0,0,0,0,0,5,262,19
insert200,mixed_endpoint_30152,0,0,0,0,0,0,0,0,5,231,19
SO,mixed_endpoint_30152,9,7,2,9,0,0,0,0,5,248,19
JSO,mixed_endpoint_30152,13,12,6,10,0,0,0,0,6,266,20
insert400,mixed_endpoint_30152,0,0,0,0,0,0,0,0,7,234,21
insert80,mixed_endpoint_30152,0,0,0,0,0,0,0,0,7,274,21
bracket,mixed_endpoint_30152,0,0,0,0,0,0,0,0,5,272,19
optical4,mixed_endpoint_30152,0,0,0,0,2,2,8,2,9,270,23
optical2,mixed_endpoint_30152,0,0,0,0,0,0,0,0,5,272,19
aligned,mixed_endpoint_30152,0,0,0,0,0,0,0,0,6,279,20
short_clear,mixed_endpoint_30152,0,0,0,0,0,0,0,0,5,272,19
JSO_p85,mixed_endpoint_30152,13,12,6,11,0,0,0,0,6,266,20
JSO_p50,mixed_endpoint_30152,16,12,6,13,0,0,0,0,6,263,20
doptimal,mixed_endpoint_30152,0,0,0,0,0,0,0,0,5,278,19
JSO_r120,mixed_endpoint_30152,13,13,6,10,0,0,0,0,7,267,21
JSO_r160,mixed_endpoint_30152,13,13,6,10,0,0,0,0,7,267,21
JSO_compact,mixed_endpoint_30152,12,11,7,10,0,0,0,0,4,259,18
JSO_outer1980,mixed_endpoint_30152,12,13,7,9,0,0,0,0,6,265,20
J,mixed_endpoint_30153,0,0,0,0,0,1,30,0,23,343,33
previous_best,mixed_endpoint_30153,0,0,0,0,0,0,0,0,3,340,13
baseline,mixed_endpoint_30153,0,0,0,0,0,0,0,0,3,346,13
JS,mixed_endpoint_30153,10,0,0,8,0,0,0,0,5,346,15
O,mixed_endpoint_30153,0,3,1,0,0,0,0,0,2,344,12
S,mixed_endpoint_30153,13,0,0,11,0,1,7,0,8,320,18
S_doptimal,mixed_endpoint_30152,10,0,0,10,0,0,0,0,8,282,22
JSO_compact_dopt,mixed_endpoint_30152,13,9,6,12,0,0,0,0,3,256,17
SO_doptimal,mixed_endpoint_30152,8,8,1,8,0,0,0,0,7,280,21
JO,mixed_endpoint_30153,0,4,1,0,0,1,30,0,23,343,33
S_dopt_short,mixed_endpoint_30152,10,0,0,10,0,0,0,0,8,287,22
insert200,mixed_endpoint_30153,0,0,0,0,0,0,0,0,2,333,12
JSO,mixed_endpoint_30153,10,7,2,8,0,0,0,0,5,347,15
insert80,mixed_endpoint_30153,0,0,0,0,0,0,0,0,2,333,12
insert400,mixed_endpoint_30153,0,0,0,0,0,0,0,0,2,339,12
SO,mixed_endpoint_30153,11,7,1,10,0,0,0,0,6,318,16
bracket,mixed_endpoint_30153,0,0,0,0,0,0,0,0,4,347,14
optical2,mixed_endpoint_30153,0,0,0,0,0,0,0,0,3,346,13
optical4,mixed_endpoint_30153,0,0,0,0,2,2,8,2,4,341,14
aligned,mixed_endpoint_30153,0,0,0,0,0,0,0,0,4,336,14
JSO_p85,mixed_endpoint_30153,7,5,2,7,0,1,30,0,23,345,33
short_clear,mixed_endpoint_30153,0,0,0,0,0,0,0,0,3,346,13
JSO_p50,mixed_endpoint_30153,12,6,1,10,0,0,0,0,5,349,15
JSO_r120,mixed_endpoint_30153,11,9,2,8,0,0,0,0,7,351,17
JSO_r160,mixed_endpoint_30153,11,9,2,8,0,0,0,0,7,351,17
JSO_outer1980,mixed_endpoint_30153,10,7,3,8,0,0,0,0,4,346,14
JSO_compact,mixed_endpoint_30153,10,7,2,8,0,0,0,0,5,347,15
doptimal,mixed_endpoint_30153,0,0,0,0,0,0,0,0,5,328,15
SO_doptimal,mixed_endpoint_30153,11,5,4,9,0,0,0,0,1,314,11
S_doptimal,mixed_endpoint_30153,16,0,0,13,0,0,0,0,2,320,12
baseline,mixed_endpoint_30154,0,0,0,0,0,0,0,0,2,233,16
JSO_compact_dopt,mixed_endpoint_30153,11,7,1,9,0,0,0,0,6,351,16
previous_best,mixed_endpoint_30154,0,0,0,0,0,0,0,0,9,296,23
S_dopt_short,mixed_endpoint_30153,16,0,0,13,0,0,0,0,2,320,12
JS,mixed_endpoint_30154,22,0,0,20,0,0,0,0,8,303,22
O,mixed_endpoint_30154,0,3,1,0,0,0,0,0,2,233,16
J,mixed_endpoint_30154,0,0,0,0,0,0,0,0,7,299,21
S,mixed_endpoint_30154,26,0,0,22,0,0,0,0,7,230,21
insert80,mixed_endpoint_30154,0,0,0,0,0,0,0,0,4,209,18
JSO,mixed_endpoint_30154,15,10,4,15,0,0,0,0,6,294,20
JO,mixed_endpoint_30154,0,6,0,0,0,0,0,0,6,299,20
insert200,mixed_endpoint_30154,0,0,0,0,0,0,0,0,5,212,19
SO,mixed_endpoint_30154,18,10,3,16,0,0,0,0,7,223,21
insert400,mixed_endpoint_30154,0,0,0,0,0,0,0,0,6,212,20
aligned,mixed_endpoint_30154,0,0,0,0,0,0,0,0,2,230,16
bracket,mixed_endpoint_30154,0,0,0,0,0,0,0,0,2,233,16
optical2,mixed_endpoint_30154,0,0,0,0,0,0,0,0,2,233,16
short_clear,mixed_endpoint_30154,0,0,0,0,0,0,0,0,2,233,16
optical4,mixed_endpoint_30154,0,0,0,0,1,1,4,1,2,232,16
JSO_p50,mixed_endpoint_30154,19,11,5,16,0,0,0,0,6,298,20
doptimal,mixed_endpoint_30154,0,0,0,0,0,0,0,0,4,304,18
JSO_r120,mixed_endpoint_30154,15,13,2,15,0,0,0,0,11,299,25
JSO_p85,mixed_endpoint_30154,12,8,3,10,0,0,0,0,5,297,19
JSO_compact,mixed_endpoint_30154,13,11,5,13,0,0,0,0,6,292,20
JSO_outer1980,mixed_endpoint_30154,13,10,3,13,0,0,0,0,7,293,21
JSO_r160,mixed_endpoint_30154,14,13,2,14,0,0,0,0,11,298,25
S_doptimal,mixed_endpoint_30154,21,0,0,20,0,0,0,0,4,217,18
previous_best,mixed_endpoint_30155,0,0,0,0,0,0,0,0,2,306,14
SO_doptimal,mixed_endpoint_30154,16,11,1,15,0,0,0,0,10,219,24
J,mixed_endpoint_30155,0,0,0,0,0,0,0,0,4,288,16
S_dopt_short,mixed_endpoint_30154,21,0,0,20,0,0,0,0,4,218,18
baseline,mixed_endpoint_30155,0,0,0,0,0,0,0,0,7,308,19
O,mixed_endpoint_30155,0,7,1,0,0,0,0,0,6,308,18
S,mixed_endpoint_30155,14,0,0,14,0,0,0,0,7,275,19
JS,mixed_endpoint_30155,14,0,0,12,0,0,0,0,6,318,18
JSO_compact_dopt,mixed_endpoint_30154,16,10,4,14,0,0,0,0,6,303,20
JSO,mixed_endpoint_30155,11,8,2,9,0,0,0,0,6,315,18
JO,mixed_endpoint_30155,0,5,1,0,0,0,0,0,4,288,16
SO,mixed_endpoint_30155,7,6,2,7,0,0,0,0,4,279,16
insert400,mixed_endpoint_30155,0,0,0,0,0,0,0,0,5,311,17
insert200,mixed_endpoint_30155,0,0,0,0,0,0,0,0,5,313,17
insert80,mixed_endpoint_30155,0,0,0,0,0,0,0,0,7,314,19
aligned,mixed_endpoint_30155,0,0,0,0,0,0,0,0,5,305,17
optical4,mixed_endpoint_30155,0,0,0,0,2,2,8,2,11,306,23
bracket,mixed_endpoint_30155,0,0,0,0,0,0,0,0,7,308,19
optical2,mixed_endpoint_30155,0,0,0,0,0,0,0,0,7,308,19
JSO_p50,mixed_endpoint_30155,19,8,2,15,0,0,0,0,6,322,18
short_clear,mixed_endpoint_30155,0,0,0,0,0,0,0,0,7,308,19
doptimal,mixed_endpoint_30155,0,0,0,0,0,0,0,0,3,335,15
JSO_p85,mixed_endpoint_30155,9,7,2,7,0,0,0,0,5,313,17
JSO_r120,mixed_endpoint_30155,8,8,3,6,0,0,0,0,5,311,17
JSO_compact,mixed_endpoint_30155,10,6,2,8,0,0,0,0,4,305,16
JSO_r160,mixed_endpoint_30155,8,8,3,6,0,0,0,0,5,311,17
JSO_outer1980,mixed_endpoint_30155,11,7,2,9,0,0,0,0,5,314,17
SO_doptimal,mixed_endpoint_30155,9,5,1,9,0,0,0,0,4,320,16
previous_best,mixed_endpoint_30156,0,0,0,0,0,0,0,0,8,323,20
S_doptimal,mixed_endpoint_30155,13,0,0,13,0,0,0,0,3,324,15
J,mixed_endpoint_30156,0,0,0,0,0,0,0,0,7,323,19
S_dopt_short,mixed_endpoint_30155,13,0,0,13,0,0,0,0,3,324,15
S,mixed_endpoint_30156,12,0,0,10,0,0,0,0,1,331,13
baseline,mixed_endpoint_30156,0,0,0,0,0,0,0,0,5,268,17
O,mixed_endpoint_30156,0,6,2,0,0,0,0,0,4,267,16
JS,mixed_endpoint_30156,11,0,0,11,0,0,0,0,8,325,20
JSO_compact_dopt,mixed_endpoint_30155,15,8,0,14,0,0,0,0,8,284,20
JO,mixed_endpoint_30156,0,9,2,0,0,0,0,0,7,323,19
JSO,mixed_endpoint_30156,11,9,2,11,0,0,0,0,7,324,19
SO,mixed_endpoint_30156,13,5,1,12,0,0,0,0,4,340,16
aligned,mixed_endpoint_30156,0,0,0,0,0,0,0,0,1,269,13
insert400,mixed_endpoint_30156,0,0,0,0,0,0,0,0,4,332,16
insert200,mixed_endpoint_30156,0,0,0,0,0,0,0,0,5,332,17
insert80,mixed_endpoint_30156,0,0,0,0,0,0,0,0,7,334,19
doptimal,mixed_endpoint_30156,0,0,0,0,0,0,0,0,1,319,13
bracket,mixed_endpoint_30156,0,0,0,0,0,0,0,0,5,268,17
optical2,mixed_endpoint_30156,0,0,0,0,0,0,0,0,5,268,17
JSO_p50,mixed_endpoint_30156,13,11,3,12,0,0,0,0,8,325,20
optical4,mixed_endpoint_30156,0,0,0,0,3,3,12,3,7,265,19
JSO_p85,mixed_endpoint_30156,11,9,3,10,0,0,0,0,6,327,18
short_clear,mixed_endpoint_30156,0,0,0,0,0,0,0,0,5,268,17
JSO_outer1980,mixed_endpoint_30156,11,9,2,11,0,0,0,0,7,324,19
JSO_r160,mixed_endpoint_30156,10,9,1,10,0,0,0,0,8,324,20
JSO_r120,mixed_endpoint_30156,11,9,2,11,0,0,0,0,7,324,19
JSO_compact,mixed_endpoint_30156,11,8,1,11,0,0,0,0,7,324,19
S_doptimal,mixed_endpoint_30156,13,0,0,12,0,0,0,0,3,325,15
SO_doptimal,mixed_endpoint_30156,10,5,1,9,0,0,0,0,4,324,16
JSO_compact_dopt,mixed_endpoint_30156,11,8,2,11,0,0,0,0,6,322,18
S_dopt_short,mixed_endpoint_30156,15,0,0,14,0,0,0,0,4,333,16
JS,mixed_endpoint_30157,22,0,0,20,0,0,0,0,7,236,22
previous_best,mixed_endpoint_30157,0,0,0,0,0,0,0,0,12,244,27
S,mixed_endpoint_30157,24,0,0,23,0,0,0,0,6,257,21
baseline,mixed_endpoint_30157,0,0,0,0,0,0,0,0,7,220,22
O,mixed_endpoint_30157,0,9,1,0,0,0,0,0,8,226,23
J,mixed_endpoint_30157,0,0,0,0,0,0,0,0,10,225,25
JSO,mixed_endpoint_30157,24,9,1,20,0,0,0,0,8,235,23
JO,mixed_endpoint_30157,0,10,2,0,0,0,0,0,8,227,23
insert80,mixed_endpoint_30157,0,0,0,0,0,0,0,0,6,231,21
SO,mixed_endpoint_30157,23,10,1,22,0,0,0,0,9,262,24
insert200,mixed_endpoint_30157,0,0,0,0,0,0,0,0,6,233,21
aligned,mixed_endpoint_30157,0,0,0,0,0,0,0,0,6,260,21
insert400,mixed_endpoint_30157,0,0,0,0,0,0,0,0,7,233,22
optical2,mixed_endpoint_30157,0,0,0,0,0,0,0,0,7,220,22
bracket,mixed_endpoint_30157,0,0,0,0,0,0,0,0,8,218,23
JSO_p50,mixed_endpoint_30157,25,9,1,20,0,0,0,0,8,236,23
optical4,mixed_endpoint_30157,0,0,0,0,2,2,8,2,7,217,22
doptimal,mixed_endpoint_30157,0,0,0,0,0,0,0,0,4,263,19
short_clear,mixed_endpoint_30157,0,0,0,0,0,0,0,0,8,217,23
JSO_p85,mixed_endpoint_30157,13,10,3,11,0,0,0,0,7,236,22
JSO_r120,mixed_endpoint_30157,21,10,2,17,0,0,0,0,8,232,23
JSO_r160,mixed_endpoint_30157,20,10,2,16,0,0,0,0,8,231,23
JSO_compact,mixed_endpoint_30157,24,9,1,20,0,0,0,0,8,235,23
JSO_outer1980,mixed_endpoint_30157,24,9,1,20,0,0,0,0,8,235,23
baseline,mixed_endpoint_30158,0,0,0,0,0,0,0,0,4,328,14
previous_best,mixed_endpoint_30158,0,0,0,0,0,0,0,0,5,302,15
J,mixed_endpoint_30158,0,0,0,0,0,0,0,0,4,301,14
S,mixed_endpoint_30158,15,0,0,13,0,0,0,0,5,300,15
O,mixed_endpoint_30158,0,5,2,0,0,0,0,0,3,327,13
JS,mixed_endpoint_30158,12,0,0,10,0,0,0,0,3,302,13
JSO_compact_dopt,mixed_endpoint_30157,23,8,1,19,0,0,0,0,7,234,22
JO,mixed_endpoint_30158,0,5,2,0,0,0,0,0,3,300,13
JSO,mixed_endpoint_30158,10,4,1,10,0,0,0,0,3,292,13
SO,mixed_endpoint_30158,13,8,4,11,0,0,0,0,4,296,14
S_doptimal,mixed_endpoint_30157,17,0,0,16,0,0,0,0,7,278,22
insert80,mixed_endpoint_30158,0,0,0,0,0,0,0,0,3,317,13
insert200,mixed_endpoint_30158,0,0,0,0,0,0,0,0,2,317,12
SO_doptimal,mixed_endpoint_30157,16,5,1,14,0,0,0,0,4,260,19
S_dopt_short,mixed_endpoint_30157,17,0,0,16,0,0,0,0,7,278,22
insert400,mixed_endpoint_30158,0,0,0,0,0,0,0,0,4,314,14
aligned,mixed_endpoint_30158,0,0,0,0,0,0,0,0,2,311,12
optical2,mixed_endpoint_30158,0,0,0,0,0,0,0,0,4,328,14
JSO_p85,mixed_endpoint_30158,9,4,2,9,0,0,0,0,2,291,12
optical4,mixed_endpoint_30158,0,0,0,0,0,0,0,0,4,328,14
JSO_r120,mixed_endpoint_30158,9,5,1,9,0,0,0,0,4,292,14
bracket,mixed_endpoint_30158,0,0,0,0,0,0,0,0,5,333,15
JSO_r160,mixed_endpoint_30158,9,5,1,9,0,0,0,0,4,292,14
JSO_p50,mixed_endpoint_30158,11,5,1,10,0,0,0,0,4,294,14
short_clear,mixed_endpoint_30158,0,0,0,0,0,0,0,0,4,328,14
doptimal,mixed_endpoint_30158,0,0,0,0,0,0,0,0,3,308,13
JSO_compact,mixed_endpoint_30158,10,7,3,8,0,0,0,0,4,301,14
JSO_outer1980,mixed_endpoint_30158,10,4,1,10,0,0,0,0,3,292,13
S_doptimal,mixed_endpoint_30158,11,0,0,10,0,0,0,0,4,311,14
SO_doptimal,mixed_endpoint_30158,8,8,3,8,0,0,0,0,5,297,15
S_dopt_short,mixed_endpoint_30158,11,0,0,10,0,0,0,0,4,311,14
previous_best,mixed_endpoint_30159,0,0,0,0,0,0,0,0,6,216,22
baseline,mixed_endpoint_30159,0,0,0,0,0,0,0,0,1,185,17
JSO_compact_dopt,mixed_endpoint_30158,9,5,1,9,0,0,0,0,4,293,14
S,mixed_endpoint_30159,21,0,0,21,0,0,0,0,5,248,21
J,mixed_endpoint_30159,0,0,0,0,0,0,0,0,10,223,26
O,mixed_endpoint_30159,0,1,0,0,0,0,0,0,1,185,17
JS,mixed_endpoint_30159,32,0,0,31,0,0,0,0,10,196,26
SO,mixed_endpoint_30159,19,8,2,19,0,0,0,0,6,249,22
JSO,mixed_endpoint_30159,22,12,1,20,0,0,0,0,11,209,27
JO,mixed_endpoint_30159,0,13,4,0,0,1,7,0,12,228,28
insert200,mixed_endpoint_30159,0,0,0,0,0,0,0,0,5,157,21
insert80,mixed_endpoint_30159,0,0,0,0,0,0,0,0,9,171,25
insert400,mixed_endpoint_30159,0,0,0,0,0,0,0,0,4,204,20
aligned,mixed_endpoint_30159,0,0,0,0,0,0,0,0,10,199,26
bracket,mixed_endpoint_30159,0,0,0,0,0,0,0,0,1,185,17
optical2,mixed_endpoint_30159,0,0,0,0,0,0,0,0,1,185,17
doptimal,mixed_endpoint_30159,0,0,0,0,0,0,0,0,8,199,24
optical4,mixed_endpoint_30159,0,0,0,0,1,1,4,1,4,184,20
JSO_p50,mixed_endpoint_30159,22,12,1,20,0,0,0,0,11,209,27
short_clear,mixed_endpoint_30159,0,0,0,0,0,0,0,0,4,179,20
JSO_r120,mixed_endpoint_30159,19,14,5,18,0,0,0,0,9,181,25
JSO_r160,mixed_endpoint_30159,19,16,5,18,0,0,0,0,11,183,27
JSO_p85,mixed_endpoint_30159,22,14,2,19,0,1,7,0,15,192,31
JSO_outer1980,mixed_endpoint_30159,22,13,4,21,0,0,0,0,9,188,25
JSO_compact,mixed_endpoint_30159,21,12,2,19,0,0,0,0,10,233,26
baseline,mixed_endpoint_30160,0,0,0,0,0,0,0,0,2,320,13
previous_best,mixed_endpoint_30160,0,0,0,0,0,0,0,0,9,324,20
J,mixed_endpoint_30160,0,0,0,0,0,0,0,0,6,335,17
O,mixed_endpoint_30160,0,3,1,0,0,0,0,0,2,320,13
S,mixed_endpoint_30160,11,0,0,9,0,0,0,0,2,352,13
JO,mixed_endpoint_30160,0,7,0,0,0,0,0,0,7,339,18
JS,mixed_endpoint_30160,14,0,0,11,0,0,0,0,8,342,19
S_doptimal,mixed_endpoint_30159,23,0,0,19,0,0,0,0,9,260,25
JSO,mixed_endpoint_30160,13,8,0,11,0,0,0,0,8,341,19
SO,mixed_endpoint_30160,10,4,1,8,0,0,0,0,3,351,14
JSO_compact_dopt,mixed_endpoint_30159,21,11,4,18,0,0,0,0,7,222,23
S_dopt_short,mixed_endpoint_30159,23,0,0,19,0,0,0,0,9,260,25
SO_doptimal,mixed_endpoint_30159,21,11,1,18,0,0,0,0,10,259,26
insert80,mixed_endpoint_30160,0,0,0,0,0,0,0,0,2,331,13
insert200,mixed_endpoint_30160,0,0,0,0,0,0,0,0,2,339,13
insert400,mixed_endpoint_30160,0,0,0,0,0,0,0,0,5,339,16
aligned,mixed_endpoint_30160,0,0,0,0,0,0,0,0,7,349,18
optical2,mixed_endpoint_30160,0,0,0,0,0,0,0,0,2,320,13
bracket,mixed_endpoint_30160,0,0,0,0,0,0,0,0,2,320,13
optical4,mixed_endpoint_30160,0,0,0,0,0,0,0,0,2,320,13
JSO_p50,mixed_endpoint_30160,13,8,0,9,0,0,0,0,8,342,19
short_clear,mixed_endpoint_30160,0,0,0,0,0,0,0,0,2,320,13
doptimal,mixed_endpoint_30160,0,0,0,0,0,0,0,0,6,336,17
JSO_p85,mixed_endpoint_30160,8,8,1,8,0,0,0,0,7,340,18
JSO_r160,mixed_endpoint_30160,12,9,1,10,0,0,0,0,8,336,19
JSO_r120,mixed_endpoint_30160,13,8,0,11,0,0,0,0,8,341,19
JSO_compact,mixed_endpoint_30160,13,8,0,11,0,0,0,0,8,341,19
JSO_outer1980,mixed_endpoint_30160,13,8,0,11,0,0,0,0,8,341,19
S_doptimal,mixed_endpoint_30160,8,0,0,7,0,0,0,0,2,337,13
SO_doptimal,mixed_endpoint_30160,8,4,0,7,0,0,0,0,4,346,15
baseline,mixed_endpoint_30161,0,0,0,0,0,0,0,0,7,177,23
S_dopt_short,mixed_endpoint_30160,8,0,0,7,0,0,0,0,2,337,13
JSO_compact_dopt,mixed_endpoint_30160,14,5,2,12,0,0,0,0,3,348,14
S,mixed_endpoint_30161,22,0,0,20,0,0,0,0,4,96,20
J,mixed_endpoint_30161,0,0,0,0,0,0,0,0,10,228,26
previous_best,mixed_endpoint_30161,0,0,0,0,0,0,0,0,8,168,24
O,mixed_endpoint_30161,0,7,1,0,0,0,0,0,6,177,22
JO,mixed_endpoint_30161,0,8,0,0,0,0,0,0,8,228,24
JS,mixed_endpoint_30161,27,0,0,23,0,0,0,0,9,200,25
SO,mixed_endpoint_30161,20,7,4,19,0,0,0,0,3,94,19
JSO,mixed_endpoint_30161,24,11,4,20,0,0,0,0,7,198,23
insert80,mixed_endpoint_30161,0,0,0,0,0,0,0,0,8,189,24
insert400,mixed_endpoint_30161,0,0,0,0,0,0,0,0,6,201,22
insert200,mixed_endpoint_30161,0,0,0,0,0,0,0,0,5,195,21
bracket,mixed_endpoint_30161,0,0,0,0,0,0,0,0,7,177,23
optical2,mixed_endpoint_30161,0,0,0,0,0,0,0,0,7,177,23
aligned,mixed_endpoint_30161,0,0,0,0,0,0,0,0,7,85,23
optical4,mixed_endpoint_30161,0,0,0,0,4,4,16,4,10,173,26
short_clear,mixed_endpoint_30161,0,0,0,0,0,0,0,0,7,177,23
JSO_p50,mixed_endpoint_30161,27,10,4,22,0,0,0,0,6,197,22
JSO_p85,mixed_endpoint_30161,20,11,5,19,0,0,0,0,6,195,22
JSO_r120,mixed_endpoint_30161,24,11,4,20,0,0,0,0,7,198,23
JSO_outer1980,mixed_endpoint_30161,21,11,7,20,0,0,0,0,4,169,20
JSO_r160,mixed_endpoint_30161,23,13,4,19,0,0,0,0,9,203,25
JSO_compact,mixed_endpoint_30161,24,11,4,21,0,0,0,0,7,198,23
baseline,mixed_endpoint_30162,0,0,0,0,0,0,0,0,5,191,21
doptimal,mixed_endpoint_30161,0,0,0,0,0,0,0,0,6,152,22
previous_best,mixed_endpoint_30162,0,0,0,0,0,0,0,0,9,197,25
J,mixed_endpoint_30162,0,0,0,0,0,0,0,0,9,198,25
S_doptimal,mixed_endpoint_30161,21,0,0,18,0,0,0,0,3,176,19
S,mixed_endpoint_30162,22,0,0,22,0,0,0,0,5,270,21
S_dopt_short,mixed_endpoint_30161,21,0,0,18,0,0,0,0,3,176,19
O,mixed_endpoint_30162,0,2,0,0,0,0,0,0,2,186,18
JSO_compact_dopt,mixed_endpoint_30161,23,12,4,20,0,0,0,0,8,195,24
SO_doptimal,mixed_endpoint_30161,16,7,2,12,0,0,0,0,5,199,21
JS,mixed_endpoint_30162,16,0,0,13,0,0,0,0,6,210,22
JSO,mixed_endpoint_30162,13,7,4,10,0,0,0,0,3,173,19
JO,mixed_endpoint_30162,0,7,1,0,0,0,0,0,6,199,22
insert200,mixed_endpoint_30162,0,0,0,0,0,0,0,0,5,229,21
SO,mixed_endpoint_30162,15,10,3,14,0,0,0,0,7,244,23
insert80,mixed_endpoint_30162,0,0,0,0,0,0,0,0,6,209,22
aligned,mixed_endpoint_30162,0,0,0,0,0,0,0,0,5,247,21
insert400,mixed_endpoint_30162,0,0,0,0,0,0,0,0,5,234,21
bracket,mixed_endpoint_30162,0,0,0,0,0,0,0,0,3,222,19
doptimal,mixed_endpoint_30162,0,0,0,0,0,0,0,0,6,253,22
optical2,mixed_endpoint_30162,0,0,0,0,0,0,0,0,5,191,21
short_clear,mixed_endpoint_30162,0,0,0,0,0,0,0,0,5,191,21
optical4,mixed_endpoint_30162,0,0,0,0,2,2,8,2,6,189,22
JSO_p85,mixed_endpoint_30162,12,7,5,9,0,0,0,0,2,172,18
JSO_p50,mixed_endpoint_30162,20,10,3,14,0,0,0,0,7,223,23
JSO_r120,mixed_endpoint_30162,13,8,5,10,0,0,0,0,3,172,19
JSO_r160,mixed_endpoint_30162,13,8,5,10,0,0,0,0,3,172,19
JSO_compact,mixed_endpoint_30162,14,6,4,11,0,0,0,0,2,173,18
JSO_outer1980,mixed_endpoint_30162,17,9,2,14,0,0,0,0,7,195,23
previous_best,mixed_endpoint_30163,0,0,0,0,0,0,0,0,6,283,18
J,mixed_endpoint_30163,0,0,0,0,0,1,7,0,8,319,20
baseline,mixed_endpoint_30163,0,0,0,0,0,1,7,0,7,335,19
S_doptimal,mixed_endpoint_30162,14,0,0,13,0,0,0,0,5,231,21
S,mixed_endpoint_30163,14,0,0,12,0,0,0,0,6,303,18
O,mixed_endpoint_30163,0,5,1,0,0,1,7,0,7,335,19
S_dopt_short,mixed_endpoint_30162,16,0,0,15,0,0,0,0,5,257,21
SO_doptimal,mixed_endpoint_30162,11,6,2,10,0,0,0,0,4,229,20
JO,mixed_endpoint_30163,0,6,2,0,0,1,7,0,7,318,19
JS,mixed_endpoint_30163,16,0,0,12,0,0,0,0,5,286,17
JSO,mixed_endpoint_30163,13,8,4,10,0,0,0,0,4,282,16
insert200,mixed_endpoint_30163,0,0,0,0,0,0,0,0,2,310,14
JSO_compact_dopt,mixed_endpoint_30162,17,9,3,14,0,0,0,0,6,232,22
insert80,mixed_endpoint_30163,0,0,0,0,0,0,0,0,3,309,15
SO,mixed_endpoint_30163,13,11,3,12,0,0,0,0,8,310,20
insert400,mixed_endpoint_30163,0,0,0,0,0,0,0,0,4,314,16
bracket,mixed_endpoint_30163,0,0,0,0,0,1,7,0,8,337,20
aligned,mixed_endpoint_30163,0,0,0,0,0,0,0,0,6,325,18
optical2,mixed_endpoint_30163,0,0,0,0,0,1,7,0,7,335,19
short_clear,mixed_endpoint_30163,0,0,0,0,0,0,0,0,3,304,15
JSO_p50,mixed_endpoint_30163,15,8,5,10,0,0,0,0,3,283,15
JSO_p85,mixed_endpoint_30163,9,8,4,7,0,0,0,0,4,310,16
optical4,mixed_endpoint_30163,0,0,0,0,0,1,7,0,7,335,19
JSO_r160,mixed_endpoint_30163,11,9,5,8,0,0,0,0,4,271,16
JSO_r120,mixed_endpoint_30163,13,9,4,10,0,0,0,0,5,282,17
doptimal,mixed_endpoint_30163,0,0,0,0,0,0,0,0,5,305,17
JSO_outer1980,mixed_endpoint_30163,13,7,3,10,0,0,0,0,4,282,16
JSO_compact,mixed_endpoint_30163,12,8,4,10,0,0,0,0,4,281,16
JSO_compact_dopt,mixed_endpoint_30163,11,8,4,10,0,0,0,0,4,277,16
baseline,mixed_endpoint_30164,0,0,0,0,0,0,0,0,4,246,18
J,mixed_endpoint_30164,0,0,0,0,0,0,0,0,6,237,20
previous_best,mixed_endpoint_30164,0,0,0,0,0,0,0,0,8,263,22
S,mixed_endpoint_30164,10,0,0,7,0,0,0,0,5,243,19
SO_doptimal,mixed_endpoint_30163,10,10,4,9,0,0,0,0,6,285,18
S_doptimal,mixed_endpoint_30163,13,0,0,11,0,0,0,0,8,289,20
O,mixed_endpoint_30164,0,6,3,0,0,0,0,0,3,246,17
S_dopt_short,mixed_endpoint_30163,13,0,0,11,0,0,0,0,8,289,20
JS,mixed_endpoint_30164,17,0,0,13,0,0,0,0,8,259,22
JO,mixed_endpoint_30164,0,9,3,0,0,0,0,0,6,237,20
SO,mixed_endpoint_30164,9,7,3,7,0,0,0,0,4,242,18
insert80,mixed_endpoint_30164,0,0,0,0,0,0,0,0,6,222,20
JSO,mixed_endpoint_30164,16,9,3,13,0,0,0,0,6,252,20
insert200,mixed_endpoint_30164,0,0,0,0,0,0,0,0,3,234,17
aligned,mixed_endpoint_30164,0,0,0,0,0,0,0,0,3,314,17
insert400,mixed_endpoint_30164,0,0,0,0,0,0,0,0,3,236,17
optical2,mixed_endpoint_30164,0,0,0,0,0,0,0,0,4,246,18
bracket,mixed_endpoint_30164,0,0,0,0,0,1,7,0,5,249,19
optical4,mixed_endpoint_30164,0,0,0,0,1,1,4,1,5,245,19
short_clear,mixed_endpoint_30164,0,0,0,0,0,0,0,0,4,246,18
JSO_r120,mixed_endpoint_30164,16,11,3,13,0,0,0,0,8,250,22
JSO_p85,mixed_endpoint_30164,16,9,3,13,0,0,0,0,6,252,20
JSO_p50,mixed_endpoint_30164,19,10,3,16,0,0,0,0,7,261,21
doptimal,mixed_endpoint_30164,0,0,0,0,0,0,0,0,2,264,16
JSO_r160,mixed_endpoint_30164,16,11,3,13,0,0,0,0,8,249,22
JSO_compact,mixed_endpoint_30164,16,9,3,13,0,0,0,0,6,252,20
JSO_outer1980,mixed_endpoint_30164,16,9,3,13,0,0,0,0,6,252,20
baseline,mixed_endpoint_30165,0,0,0,0,0,0,0,0,4,328,14
previous_best,mixed_endpoint_30165,0,0,0,0,0,0,0,0,3,317,13
J,mixed_endpoint_30165,0,0,0,0,0,0,0,0,3,317,13
S_doptimal,mixed_endpoint_30164,15,0,0,15,0,0,0,0,3,321,17
S,mixed_endpoint_30165,12,0,0,11,0,0,0,0,7,346,17
O,mixed_endpoint_30165,0,8,4,0,0,0,0,0,4,328,14
JO,mixed_endpoint_30165,0,7,5,0,0,0,0,0,2,315,12
S_dopt_short,mixed_endpoint_30164,15,0,0,15,0,0,0,0,3,321,17
SO_doptimal,mixed_endpoint_30164,13,8,4,12,0,0,0,0,4,323,18
JS,mixed_endpoint_30165,11,0,0,6,0,0,0,0,6,332,16
SO,mixed_endpoint_30165,12,9,3,11,0,0,0,0,6,331,16
JSO,mixed_endpoint_30165,10,7,3,5,0,0,0,0,4,331,14
JSO_compact_dopt,mixed_endpoint_30164,12,8,3,10,0,0,0,0,5,245,19
insert80,mixed_endpoint_30165,0,0,0,0,0,0,0,0,5,335,15
insert400,mixed_endpoint_30165,0,0,0,0,0,0,0,0,5,339,15
insert200,mixed_endpoint_30165,0,0,0,0,0,0,0,0,5,337,15
bracket,mixed_endpoint_30165,0,0,0,0,0,0,0,0,4,328,14
aligned,mixed_endpoint_30165,0,0,0,0,0,0,0,0,4,329,14
optical2,mixed_endpoint_30165,0,0,0,0,0,0,0,0,4,328,14
optical4,mixed_endpoint_30165,0,0,0,0,1,1,4,1,6,327,16
short_clear,mixed_endpoint_30165,0,0,0,0,0,0,0,0,4,328,14
JSO_p50,mixed_endpoint_30165,13,6,3,7,0,0,0,0,3,332,13
doptimal,mixed_endpoint_30165,0,0,0,0,0,0,0,0,5,330,15
JSO_p85,mixed_endpoint_30165,10,7,1,6,0,0,0,0,6,332,16
JSO_r160,mixed_endpoint_30165,11,9,3,5,0,0,0,0,6,331,16
JSO_outer1980,mixed_endpoint_30165,10,7,3,5,0,0,0,0,4,331,14
JSO_compact,mixed_endpoint_30165,10,7,3,5,0,0,0,0,4,331,14
JSO_r120,mixed_endpoint_30165,11,9,3,5,0,0,0,0,6,331,16
previous_best,mixed_endpoint_30166,0,0,0,0,0,0,0,0,6,339,16
S_dopt_short,mixed_endpoint_30165,19,0,0,19,0,0,0,0,3,330,13
SO_doptimal,mixed_endpoint_30165,12,6,4,12,0,0,0,0,2,321,12
S_doptimal,mixed_endpoint_30165,9,0,0,9,0,0,0,0,4,345,14
J,mixed_endpoint_30166,0,0,0,0,0,0,0,0,4,340,14
baseline,mixed_endpoint_30166,0,0,0,0,0,0,0,0,4,317,14
S,mixed_endpoint_30166,11,0,0,11,0,1,4,0,4,354,14
JS,mixed_endpoint_30166,13,0,0,13,0,0,0,0,5,310,15
O,mixed_endpoint_30166,0,2,0,0,0,0,0,0,2,316,12
JSO_compact_dopt,mixed_endpoint_30165,12,7,2,7,0,0,0,0,5,330,15
JO,mixed_endpoint_30166,0,4,1,0,0,0,0,0,3,340,13
insert200,mixed_endpoint_30166,0,0,0,0,0,0,0,0,4,316,14
JSO,mixed_endpoint_30166,8,7,2,8,0,0,0,0,5,306,15
SO,mixed_endpoint_30166,10,8,2,10,0,1,4,0,6,355,16
insert80,mixed_endpoint_30166,0,0,0,0,0,0,0,0,3,318,13
insert400,mixed_endpoint_30166,0,0,0,0,0,0,0,0,5,319,15
aligned,mixed_endpoint_30166,0,0,0,0,0,0,0,0,2,301,12
JSO_p50,mixed_endpoint_30166,10,6,2,7,0,0,0,0,4,308,14
bracket,mixed_endpoint_30166,0,0,0,0,0,0,0,0,7,318,17
JSO_r120,mixed_endpoint_30166,8,7,3,8,0,0,0,0,4,302,14
optical4,mixed_endpoint_30166,0,0,0,0,2,2,8,2,7,312,17
JSO_r160,mixed_endpoint_30166,8,7,3,8,0,0,0,0,4,302,14
optical2,mixed_endpoint_30166,0,0,0,0,0,0,0,0,4,317,14
JSO_p85,mixed_endpoint_30166,7,6,1,6,0,0,0,0,5,341,15
short_clear,mixed_endpoint_30166,0,0,0,0,0,0,0,0,3,310,13
doptimal,mixed_endpoint_30166,0,0,0,0,0,0,0,0,0,308,10
JSO_compact,mixed_endpoint_30166,8,7,2,8,0,0,0,0,5,305,15
JSO_outer1980,mixed_endpoint_30166,8,7,2,8,0,0,0,0,5,304,15
baseline,mixed_endpoint_30167,0,0,0,0,0,0,0,0,7,350,18
previous_best,mixed_endpoint_30167,0,0,0,0,0,0,0,0,7,316,18
J,mixed_endpoint_30167,0,0,0,0,0,0,0,0,4,318,15
S_dopt_short,mixed_endpoint_30166,11,0,0,10,0,0,0,0,2,306,12
S_doptimal,mixed_endpoint_30166,11,0,0,10,0,0,0,0,2,306,12
SO_doptimal,mixed_endpoint_30166,11,4,1,10,0,0,0,0,3,307,13
S,mixed_endpoint_30167,8,0,0,7,0,0,0,0,7,351,18
JSO_compact_dopt,mixed_endpoint_30166,9,5,2,8,0,0,0,0,3,332,13
O,mixed_endpoint_30167,0,7,1,0,0,0,0,0,6,350,17
JS,mixed_endpoint_30167,11,0,0,10,0,0,0,0,9,344,20
JO,mixed_endpoint_30167,0,7,3,0,0,0,0,0,4,318,15
insert80,mixed_endpoint_30167,0,0,0,0,0,0,0,0,2,336,13
insert200,mixed_endpoint_30167,0,0,0,0,0,0,0,0,3,338,14
SO,mixed_endpoint_30167,6,8,2,5,0,0,0,0,6,349,17
JSO,mixed_endpoint_30167,11,8,1,10,0,0,0,0,7,345,18
insert400,mixed_endpoint_30167,0,0,0,0,0,0,0,0,3,338,14
aligned,mixed_endpoint_30167,0,0,0,0,0,0,0,0,3,352,14
bracket,mixed_endpoint_30167,0,0,0,0,0,0,0,0,7,350,18
optical2,mixed_endpoint_30167,0,0,0,0,0,0,0,0,7,350,18
doptimal,mixed_endpoint_30167,0,0,0,0,0,0,0,0,4,324,15
optical4,mixed_endpoint_30167,0,0,0,0,5,5,20,5,12,345,23
short_clear,mixed_endpoint_30167,0,0,0,0,0,0,0,0,7,350,18
JSO_r160,mixed_endpoint_30167,11,8,3,10,0,0,0,0,5,340,16
JSO_p50,mixed_endpoint_30167,12,6,1,11,0,0,0,0,5,343,16
JSO_p85,mixed_endpoint_30167,5,4,1,5,0,0,0,0,3,300,14
JSO_r120,mixed_endpoint_30167,11,8,3,10,0,0,0,0,5,340,16
JSO_outer1980,mixed_endpoint_30167,11,8,2,10,0,0,0,0,6,343,17
JSO_compact,mixed_endpoint_30167,11,6,0,11,0,0,0,0,6,354,17
baseline,mixed_endpoint_30168,0,0,0,0,0,0,0,0,3,310,13
S_doptimal,mixed_endpoint_30167,4,0,0,4,0,0,0,0,5,325,16
O,mixed_endpoint_30168,0,5,3,0,0,0,0,0,2,309,12
S,mixed_endpoint_30168,5,0,0,4,0,0,0,0,3,321,13
J,mixed_endpoint_30168,0,0,0,0,0,0,0,0,4,324,14
SO_doptimal,mixed_endpoint_30167,4,4,0,3,0,0,0,0,4,327,15
previous_best,mixed_endpoint_30168,0,0,0,0,0,0,0,0,2,321,12
S_dopt_short,mixed_endpoint_30167,4,0,0,4,0,0,0,0,7,326,18
JS,mixed_endpoint_30168,14,0,0,11,0,0,0,0,3,320,13
JSO_compact_dopt,mixed_endpoint_30167,11,6,0,11,0,0,0,0,6,354,17
JO,mixed_endpoint_30168,0,4,0,0,0,0,0,0,4,324,14
SO,mixed_endpoint_30168,4,5,3,3,0,0,0,0,2,318,12
insert80,mixed_endpoint_30168,0,0,0,0,0,0,0,0,4,330,14
insert200,mixed_endpoint_30168,0,0,0,0,0,0,0,0,3,343,13
aligned,mixed_endpoint_30168,0,0,0,0,0,0,0,0,3,319,13
insert400,mixed_endpoint_30168,0,0,0,0,0,0,0,0,2,342,12
JSO,mixed_endpoint_30168,12,3,0,9,0,0,0,0,3,319,13
optical2,mixed_endpoint_30168,0,0,0,0,0,0,0,0,3,310,13
optical4,mixed_endpoint_30168,0,0,0,0,0,0,0,0,3,310,13
bracket,mixed_endpoint_30168,0,0,0,0,0,0,0,0,3,335,13
JSO_p85,mixed_endpoint_30168,9,4,1,8,0,0,0,0,3,306,13
doptimal,mixed_endpoint_30168,0,0,0,0,0,0,0,0,1,342,11
short_clear,mixed_endpoint_30168,0,0,0,0,0,0,0,0,4,323,14
JSO_compact,mixed_endpoint_30168,10,4,2,7,0,0,0,0,2,318,12
JSO_r120,mixed_endpoint_30168,12,3,0,9,0,0,0,0,3,319,13
JSO_p50,mixed_endpoint_30168,19,4,0,12,0,0,0,0,4,330,14
JSO_r160,mixed_endpoint_30168,12,4,0,9,0,0,0,0,4,319,14
JSO_outer1980,mixed_endpoint_30168,8,3,1,5,0,0,0,0,2,301,12
S_dopt_short,mixed_endpoint_30168,8,0,0,8,0,0,0,0,1,328,11
S_doptimal,mixed_endpoint_30168,6,0,0,5,0,0,0,0,1,352,11
SO_doptimal,mixed_endpoint_30168,4,5,4,3,0,0,0,0,1,347,11
previous_best,mixed_endpoint_30169,0,0,0,0,0,0,0,0,8,295,22
baseline,mixed_endpoint_30169,0,0,0,0,0,0,0,0,4,262,18
JS,mixed_endpoint_30169,17,0,0,16,0,0,0,0,7,275,21
JSO_compact_dopt,mixed_endpoint_30168,7,5,2,5,0,0,0,0,3,304,13
O,mixed_endpoint_30169,0,5,1,0,0,0,0,0,4,262,18
J,mixed_endpoint_30169,0,0,0,0,0,0,0,0,8,301,22
S,mixed_endpoint_30169,14,0,0,13,0,0,0,0,8,315,22
JSO,mixed_endpoint_30169,15,9,4,14,0,0,0,0,5,274,19
JO,mixed_endpoint_30169,0,6,1,0,0,0,0,0,5,301,19
insert400,mixed_endpoint_30169,0,0,0,0,0,0,0,0,4,259,18
insert80,mixed_endpoint_30169,0,0,0,0,0,0,0,0,5,286,19
insert200,mixed_endpoint_30169,0,0,0,0,0,0,0,0,4,262,18
aligned,mixed_endpoint_30169,0,0,0,0,0,0,0,0,4,288,18
optical2,mixed_endpoint_30169,0,0,0,0,0,0,0,0,4,262,18
SO,mixed_endpoint_30169,16,6,1,16,0,0,0,0,5,316,19
bracket,mixed_endpoint_30169,0,0,0,0,0,0,0,0,5,265,19
JSO_p50,mixed_endpoint_30169,15,9,4,14,0,0,0,0,5,274,19
optical4,mixed_endpoint_30169,0,0,0,0,2,2,8,2,8,259,22
short_clear,mixed_endpoint_30169,0,0,0,0,0,0,0,0,4,262,18
doptimal,mixed_endpoint_30169,0,0,0,0,0,0,0,0,4,259,18
JSO_p85,mixed_endpoint_30169,19,8,2,19,0,0,0,0,6,313,20
JSO_compact,mixed_endpoint_30169,15,9,4,14,0,0,0,0,5,274,19
JSO_outer1980,mixed_endpoint_30169,16,9,4,15,0,0,0,0,5,266,19
JSO_r160,mixed_endpoint_30169,14,9,2,14,0,0,0,0,7,291,21
JSO_r120,mixed_endpoint_30169,17,6,1,17,0,0,0,0,5,291,19
S_doptimal,mixed_endpoint_30169,17,0,0,17,0,0,0,0,6,321,20
S_dopt_short,mixed_endpoint_30169,17,0,0,17,0,0,0,0,6,321,20
baseline,mixed_endpoint_30170,0,0,0,0,0,0,0,0,4,277,19
J,mixed_endpoint_30170,0,0,0,0,0,0,0,0,6,245,21
previous_best,mixed_endpoint_30170,0,0,0,0,0,0,0,0,7,243,22
JS,mixed_endpoint_30170,12,0,0,12,0,0,0,0,7,259,22
O,mixed_endpoint_30170,0,6,2,0,0,0,0,0,4,277,19
JSO_compact_dopt,mixed_endpoint_30169,18,10,2,17,0,0,0,0,8,313,22
S,mixed_endpoint_30170,12,0,0,12,0,0,0,0,9,313,24
JO,mixed_endpoint_30170,0,6,1,0,0,0,0,0,5,245,20
SO_doptimal,mixed_endpoint_30169,13,6,1,13,0,0,0,0,5,238,19
SO,mixed_endpoint_30170,9,12,3,9,0,0,0,0,9,313,24
JSO,mixed_endpoint_30170,12,6,0,12,0,0,0,0,6,259,21
insert80,mixed_endpoint_30170,0,0,0,0,0,0,0,0,6,266,21
insert200,mixed_endpoint_30170,0,0,0,0,0,0,0,0,5,268,20
aligned,mixed_endpoint_30170,0,0,0,0,0,0,0,0,4,272,19
insert400,mixed_endpoint_30170,0,0,0,0,0,0,0,0,5,269,20
bracket,mixed_endpoint_30170,0,0,0,0,0,0,0,0,4,277,19
optical2,mixed_endpoint_30170,0,0,0,0,0,0,0,0,4,277,19
doptimal,mixed_endpoint_30170,0,0,0,0,0,0,0,0,3,273,18
optical4,mixed_endpoint_30170,0,0,0,0,1,1,4,1,4,276,19
short_clear,mixed_endpoint_30170,0,0,0,0,0,0,0,0,5,280,20
JSO_p50,mixed_endpoint_30170,15,8,3,14,0,0,0,0,5,250,20
JSO_p85,mixed_endpoint_30170,9,7,2,8,0,0,0,0,5,247,20
JSO_r120,mixed_endpoint_30170,12,7,0,12,0,0,0,0,7,258,22
JSO_compact,mixed_endpoint_30170,12,6,1,12,0,0,0,0,5,255,20
JSO_r160,mixed_endpoint_30170,12,9,1,12,0,0,0,0,8,258,23
JSO_outer1980,mixed_endpoint_30170,12,6,0,12,0,0,0,0,6,260,21
previous_best,mixed_endpoint_30171,0,0,0,0,0,0,0,0,1,340,11
J,mixed_endpoint_30171,0,0,0,0,0,0,0,0,2,341,12
baseline,mixed_endpoint_30171,0,0,0,0,0,0,0,0,4,344,14
JS,mixed_endpoint_30171,14,0,0,10,0,0,0,0,4,324,14
O,mixed_endpoint_30171,0,4,2,0,0,0,0,0,2,344,12
S,mixed_endpoint_30171,11,0,0,10,0,0,0,0,3,346,13
JO,mixed_endpoint_30171,0,3,1,0,0,0,0,0,2,341,12
S_dopt_short,mixed_endpoint_30170,12,0,0,10,0,0,0,0,5,284,20
SO_doptimal,mixed_endpoint_30170,13,10,1,11,0,0,0,0,9,289,24
S_doptimal,mixed_endpoint_30170,14,0,0,12,0,0,0,0,6,287,21
JSO,mixed_endpoint_30171,13,5,2,9,0,0,0,0,3,318,13
SO,mixed_endpoint_30171,9,1,1,8,0,0,0,0,0,314,10
JSO_compact_dopt,mixed_endpoint_30170,14,4,3,12,0,0,0,0,1,243,16
insert80,mixed_endpoint_30171,0,0,0,0,0,0,0,0,1,330,11
insert200,mixed_endpoint_30171,0,0,0,0,0,0,0,0,2,331,12
insert400,mixed_endpoint_30171,0,0,0,0,0,0,0,0,7,337,17
bracket,mixed_endpoint_30171,0,0,0,0,0,0,0,0,3,343,13
aligned,mixed_endpoint_30171,0,0,0,0,0,0,0,0,2,335,12
doptimal,mixed_endpoint_30171,0,0,0,0,0,0,0,0,4,337,14
optical4,mixed_endpoint_30171,0,0,0,0,0,0,0,0,4,344,14
JSO_p85,mixed_endpoint_30171,10,5,0,8,0,0,0,0,5,343,15
optical2,mixed_endpoint_30171,0,0,0,0,0,0,0,0,4,344,14
JSO_p50,mixed_endpoint_30171,15,6,1,12,0,0,0,0,5,329,15
short_clear,mixed_endpoint_30171,0,0,0,0,0,0,0,0,4,328,14
JSO_compact,mixed_endpoint_30171,13,5,2,9,0,0,0,0,3,318,13
JSO_outer1980,mixed_endpoint_30171,13,5,2,9,0,0,0,0,3,318,13
JSO_r120,mixed_endpoint_30171,12,5,1,9,0,0,0,0,4,342,14
JSO_r160,mixed_endpoint_30171,12,6,1,9,0,0,0,0,5,343,15
S_doptimal,mixed_endpoint_30171,10,0,0,10,0,0,0,0,1,337,11
S_dopt_short,mixed_endpoint_30171,9,0,0,9,0,0,0,0,1,338,11
JSO_compact_dopt,mixed_endpoint_30171,11,3,1,9,0,0,0,0,2,340,12
SO_doptimal,mixed_endpoint_30171,8,7,3,8,0,0,0,0,4,324,14
previous_best,mixed_endpoint_30172,0,0,0,0,0,0,0,0,10,339,22
JS,mixed_endpoint_30172,15,0,0,15,0,0,0,0,3,299,15
baseline,mixed_endpoint_30172,0,0,0,0,0,0,0,0,4,314,16
S,mixed_endpoint_30172,14,0,0,14,0,0,0,0,1,288,13
J,mixed_endpoint_30172,0,0,0,0,0,0,0,0,7,312,19
JO,mixed_endpoint_30172,0,5,0,0,0,0,0,0,5,312,17
JSO,mixed_endpoint_30172,20,2,0,18,0,0,0,0,2,295,14
SO,mixed_endpoint_30172,13,5,2,13,0,0,0,0,3,290,15
O,mixed_endpoint_30172,0,3,0,0,0,0,0,0,3,316,15
insert80,mixed_endpoint_30172,0,0,0,0,0,0,0,0,6,293,18
aligned,mixed_endpoint_30172,0,0,0,0,0,0,0,0,4,288,16
insert200,mixed_endpoint_30172,0,0,0,0,0,0,0,0,6,294,18
insert400,mixed_endpoint_30172,0,0,0,0,0,0,0,0,6,293,18
doptimal,mixed_endpoint_30172,0,0,0,0,0,0,0,0,2,342,14
bracket,mixed_endpoint_30172,0,0,0,0,0,0,0,0,6,317,18
optical4,mixed_endpoint_30172,0,0,0,0,2,2,8,2,4,310,16
optical2,mixed_endpoint_30172,0,0,0,0,0,0,0,0,4,314,16
JSO_p50,mixed_endpoint_30172,21,2,0,18,0,0,0,0,2,296,14
short_clear,mixed_endpoint_30172,0,0,0,0,0,0,0,0,4,314,16
JSO_r160,mixed_endpoint_30172,15,7,0,14,0,0,0,0,7,294,19
JSO_r120,mixed_endpoint_30172,17,5,0,14,0,0,0,0,5,297,17
JSO_p85,mixed_endpoint_30172,13,5,2,10,0,0,0,0,3,298,15
JSO_outer1980,mixed_endpoint_30172,18,2,0,16,0,0,0,0,2,292,14
JSO_compact,mixed_endpoint_30172,11,6,1,10,0,0,0,0,5,301,17
S_doptimal,mixed_endpoint_30172,10,0,0,9,0,0,0,0,2,344,14
S_dopt_short,mixed_endpoint_30172,10,0,0,9,0,0,0,0,2,344,14
SO_doptimal,mixed_endpoint_30172,8,6,1,7,0,0,0,0,5,346,17
JSO_compact_dopt,mixed_endpoint_30172,12,7,1,11,0,0,0,0,6,347,18
J,mixed_endpoint_30173,0,0,0,0,0,0,0,0,6,225,21
baseline,mixed_endpoint_30173,0,0,0,0,0,0,0,0,9,246,24
previous_best,mixed_endpoint_30173,0,0,0,0,0,0,0,0,8,241,23
JS,mixed_endpoint_30173,22,0,0,20,0,0,0,0,7,223,22
S,mixed_endpoint_30173,24,0,0,23,0,0,0,0,10,253,25
O,mixed_endpoint_30173,0,5,0,0,0,0,0,0,5,246,20
JO,mixed_endpoint_30173,0,9,1,0,0,0,0,0,8,230,23
insert80,mixed_endpoint_30173,0,0,0,0,0,0,0,0,3,214,18
JSO,mixed_endpoint_30173,23,10,4,23,0,0,0,0,6,227,21
insert200,mixed_endpoint_30173,0,0,0,0,0,0,0,0,3,216,18
SO,mixed_endpoint_30173,22,12,4,20,0,0,0,0,8,246,23
insert400,mixed_endpoint_30173,0,0,0,0,0,0,0,0,3,217,18
aligned,mixed_endpoint_30173,0,0,0,0,0,0,0,0,3,228,18
JSO_p50,mixed_endpoint_30173,23,11,4,23,0,0,0,0,7,228,22
JSO_r120,mixed_endpoint_30173,23,11,4,23,0,0,0,0,7,228,22
doptimal,mixed_endpoint_30173,0,0,0,0,0,0,0,0,2,234,17
optical4,mixed_endpoint_30173,0,0,0,0,3,3,12,3,13,243,28
optical2,mixed_endpoint_30173,0,0,0,0,0,0,0,0,9,246,24
JSO_p85,mixed_endpoint_30173,17,14,3,15,0,0,0,0,11,248,26
bracket,mixed_endpoint_30173,0,0,0,0,0,0,0,0,9,250,24
short_clear,mixed_endpoint_30173,0,0,0,0,0,0,0,0,9,246,24
JSO_r160,mixed_endpoint_30173,21,11,5,18,0,0,0,0,6,218,21
JSO_compact,mixed_endpoint_30173,23,10,4,22,0,0,0,0,6,227,21
J,mixed_endpoint_30174,0,0,0,0,0,0,0,0,4,227,19
baseline,mixed_endpoint_30174,0,0,0,0,0,1,26,0,3,247,18
JSO_outer1980,mixed_endpoint_30173,25,10,3,25,0,0,0,0,7,231,22
previous_best,mixed_endpoint_30174,0,0,0,0,0,0,0,0,10,270,25
S,mixed_endpoint_30174,13,0,0,11,0,0,0,0,4,264,19
S_doptimal,mixed_endpoint_30173,18,0,0,16,0,0,0,0,3,235,18
SO_doptimal,mixed_endpoint_30173,16,6,1,14,0,0,0,0,5,237,20
O,mixed_endpoint_30174,0,4,3,0,0,1,26,0,2,247,17
S_dopt_short,mixed_endpoint_30173,19,0,0,17,0,0,0,0,5,239,20
JSO_compact_dopt,mixed_endpoint_30173,17,9,4,13,0,0,0,0,5,234,20
JO,mixed_endpoint_30174,0,6,3,0,0,0,0,0,3,227,18
JS,mixed_endpoint_30174,17,0,0,17,0,0,0,0,5,230,20
JSO,mixed_endpoint_30174,14,11,5,13,0,0,0,0,6,242,21
insert200,mixed_endpoint_30174,0,0,0,0,0,0,0,0,2,254,17
SO,mixed_endpoint_30174,18,8,3,15,0,0,0,0,5,272,20
aligned,mixed_endpoint_30174,0,0,0,0,0,0,0,0,2,225,17
insert80,mixed_endpoint_30174,0,0,0,0,0,0,0,0,1,239,16
doptimal,mixed_endpoint_30174,0,0,0,0,0,0,0,0,3,231,18
insert400,mixed_endpoint_30174,0,0,0,0,0,1,26,0,27,253,42
bracket,mixed_endpoint_30174,0,0,0,0,0,0,0,0,1,223,16
optical2,mixed_endpoint_30174,0,0,0,0,0,1,26,0,3,247,18
JSO_p50,mixed_endpoint_30174,15,10,4,14,0,0,0,0,6,243,21
optical4,mixed_endpoint_30174,0,0,0,0,0,1,26,0,3,247,18
JSO_r120,mixed_endpoint_30174,14,11,6,13,0,0,0,0,5,240,20
short_clear,mixed_endpoint_30174,0,0,0,0,0,1,26,0,3,247,18
JSO_p85,mixed_endpoint_30174,12,11,5,11,0,0,0,0,6,243,21
JSO_r160,mixed_endpoint_30174,15,11,5,13,0,0,0,0,6,243,21
JSO_outer1980,mixed_endpoint_30174,13,10,5,12,0,0,0,0,5,225,20
JSO_compact,mixed_endpoint_30174,15,10,2,13,0,0,0,0,8,249,23
S_doptimal,mixed_endpoint_30174,17,0,0,16,0,0,0,0,5,238,20
J,mixed_endpoint_30175,0,0,0,0,0,0,0,0,7,266,21
baseline,mixed_endpoint_30175,0,0,0,0,0,0,0,0,4,229,18
S_dopt_short,mixed_endpoint_30174,17,0,0,16,0,0,0,0,5,238,20
S,mixed_endpoint_30175,14,0,0,13,0,0,0,0,4,234,18
JSO_compact_dopt,mixed_endpoint_30174,14,9,1,12,0,0,0,0,8,263,23
SO_doptimal,mixed_endpoint_30174,12,7,3,10,0,0,0,0,4,267,19
previous_best,mixed_endpoint_30175,0,0,0,0,0,0,0,0,8,256,22
O,mixed_endpoint_30175,0,5,3,0,0,0,0,0,2,227,16
JO,mixed_endpoint_30175,0,6,1,0,0,0,0,0,5,266,19
JS,mixed_endpoint_30175,23,0,0,21,0,0,0,0,4,266,18
insert80,mixed_endpoint_30175,0,0,0,0,0,0,0,0,5,244,19
insert200,mixed_endpoint_30175,0,0,0,0,0,0,0,0,3,255,17
SO,mixed_endpoint_30175,13,8,5,12,0,0,0,0,3,237,17
aligned,mixed_endpoint_30175,0,0,0,0,0,0,0,0,1,226,15
JSO,mixed_endpoint_30175,22,7,3,19,0,0,0,0,4,263,18
insert400,mixed_endpoint_30175,0,0,0,0,0,0,0,0,6,255,20
bracket,mixed_endpoint_30175,0,0,0,0,0,0,0,0,2,227,16
optical4,mixed_endpoint_30175,0,0,0,0,0,0,0,0,4,229,18
optical2,mixed_endpoint_30175,0,0,0,0,0,0,0,0,4,229,18
JSO_r120,mixed_endpoint_30175,18,13,6,15,0,0,0,0,7,264,21
short_clear,mixed_endpoint_30175,0,0,0,0,0,0,0,0,4,229,18
JSO_p50,mixed_endpoint_30175,24,7,3,20,0,0,0,0,4,265,18
JSO_p85,mixed_endpoint_30175,20,7,3,18,0,0,0,0,4,264,18
JSO_r160,mixed_endpoint_30175,18,13,6,15,0,0,0,0,7,264,21
doptimal,mixed_endpoint_30175,0,0,0,0,0,0,0,0,3,283,17
JSO_compact,mixed_endpoint_30175,25,7,3,22,0,0,0,0,4,264,18
JSO_outer1980,mixed_endpoint_30175,22,7,3,19,0,0,0,0,4,263,18
previous_best,mixed_endpoint_30176,0,0,0,0,0,0,0,0,8,259,23
baseline,mixed_endpoint_30176,0,0,0,0,0,0,0,0,4,248,19
J,mixed_endpoint_30176,0,0,0,0,0,0,0,0,7,265,22
S_doptimal,mixed_endpoint_30175,17,0,0,17,0,0,0,0,1,263,15
S,mixed_endpoint_30176,20,0,0,19,0,0,0,0,4,262,19
SO_doptimal,mixed_endpoint_30175,15,7,2,15,0,0,0,0,5,265,19
JSO_compact_dopt,mixed_endpoint_30175,20,5,1,18,0,0,0,0,4,266,18
JS,mixed_endpoint_30176,22,0,0,20,0,0,0,0,9,265,24
S_dopt_short,mixed_endpoint_30175,17,0,0,17,0,0,0,0,1,270,15
O,mixed_endpoint_30176,0,5,1,0,0,0,0,0,4,248,19
JSO,mixed_endpoint_30176,21,9,4,19,0,0,0,0,5,263,20
JO,mixed_endpoint_30176,0,9,4,0,0,0,0,0,5,265,20
insert400,mixed_endpoint_30176,0,0,0,0,0,0,0,0,4,301,19
SO,mixed_endpoint_30176,19,8,1,16,0,0,0,0,7,266,22
aligned,mixed_endpoint_30176,0,0,0,0,0,0,0,0,5,245,20
bracket,mixed_endpoint_30176,0,0,0,0,0,0,0,0,4,248,19
insert200,mixed_endpoint_30176,0,0,0,0,0,0,0,0,6,292,21
optical2,mixed_endpoint_30176,0,0,0,0,0,0,0,0,4,248,19
insert80,mixed_endpoint_30176,0,0,0,0,0,0,0,0,6,294,21
optical4,mixed_endpoint_30176,0,0,0,0,1,1,4,1,6,247,21
JSO_p50,mixed_endpoint_30176,22,11,5,17,0,0,0,0,6,256,21
doptimal,mixed_endpoint_30176,0,0,0,0,0,0,0,0,5,279,20
JSO_p85,mixed_endpoint_30176,15,11,4,12,0,0,0,0,7,252,22
short_clear,mixed_endpoint_30176,0,0,0,0,0,0,0,0,4,248,19
JSO_r160,mixed_endpoint_30176,18,14,4,16,0,0,0,0,10,260,25
JSO_outer1980,mixed_endpoint_30176,21,9,4,19,0,0,0,0,5,263,20
JSO_compact,mixed_endpoint_30176,21,9,4,19,0,0,0,0,5,263,20
JSO_r120,mixed_endpoint_30176,20,14,4,18,0,0,0,0,10,270,25
J,mixed_endpoint_30177,0,0,0,0,0,0,0,0,8,278,21
JS,mixed_endpoint_30177,16,0,0,16,0,0,0,0,6,293,19
S_doptimal,mixed_endpoint_30176,14,0,0,14,0,0,0,0,3,248,18
baseline,mixed_endpoint_30177,0,0,0,0,0,0,0,0,4,286,17
S,mixed_endpoint_30177,16,0,0,15,0,0,0,0,5,306,18
previous_best,mixed_endpoint_30177,0,0,0,0,0,0,0,0,10,280,23
JSO_compact_dopt,mixed_endpoint_30176,17,11,5,15,0,0,0,0,6,259,21
SO_doptimal,mixed_endpoint_30176,11,6,4,11,0,0,0,0,2,245,17
O,mixed_endpoint_30177,0,4,1,0,0,0,0,0,3,288,16
S_dopt_short,mixed_endpoint_30176,15,0,0,15,0,0,0,0,3,249,18
JO,mixed_endpoint_30177,0,9,2,0,0,0,0,0,7,277,20
JSO,mixed_endpoint_30177,15,10,4,13,0,0,0,0,6,296,19
insert200,mixed_endpoint_30177,0,0,0,0,0,0,0,0,7,298,20
insert80,mixed_endpoint_30177,0,0,0,0,0,0,0,0,7,283,20
SO,mixed_endpoint_30177,12,8,3,11,0,0,0,0,5,303,18
insert400,mixed_endpoint_30177,0,0,0,0,0,0,0,0,10,299,23
aligned,mixed_endpoint_30177,0,0,0,0,0,0,0,0,7,299,20
doptimal,mixed_endpoint_30177,0,0,0,0,0,0,0,0,6,302,19
bracket,mixed_endpoint_30177,0,0,0,0,0,0,0,0,6,288,19
optical2,mixed_endpoint_30177,0,0,0,0,0,0,0,0,4,286,17
optical4,mixed_endpoint_30177,0,0,0,0,1,1,4,1,6,285,19
JSO_p50,mixed_endpoint_30177,16,9,2,14,0,0,0,0,7,293,20
JSO_p85,mixed_endpoint_30177,15,9,4,13,0,0,0,0,5,295,18
short_clear,mixed_endpoint_30177,0,0,0,0,0,0,0,0,4,286,17
JSO_r120,mixed_endpoint_30177,13,11,4,12,0,0,0,0,7,293,20
JSO_r160,mixed_endpoint_30177,13,11,4,12,0,0,0,0,7,293,20
JSO_outer1980,mixed_endpoint_30177,15,9,4,13,0,0,0,0,5,293,18
JSO_compact,mixed_endpoint_30177,16,10,2,14,0,0,0,0,8,289,21
S_doptimal,mixed_endpoint_30177,14,0,0,12,0,0,0,0,7,309,20
previous_best,mixed_endpoint_30178,0,0,0,0,0,0,0,0,4,250,16
SO_doptimal,mixed_endpoint_30177,12,7,0,12,0,0,0,0,7,309,20
J,mixed_endpoint_30178,0,0,0,0,0,0,0,0,5,255,17
S,mixed_endpoint_30178,16,0,0,15,0,0,0,0,4,273,16
baseline,mixed_endpoint_30178,0,0,0,0,0,0,0,0,3,267,15
JS,mixed_endpoint_30178,18,0,0,16,0,0,0,0,8,308,20
O,mixed_endpoint_30178,0,3,0,0,0,0,0,0,3,268,15
S_dopt_short,mixed_endpoint_30177,15,0,0,14,0,0,0,0,5,299,18
JSO_compact_dopt,mixed_endpoint_30177,13,11,3,11,0,0,0,0,8,283,21
JO,mixed_endpoint_30178,0,4,0,0,0,0,0,0,4,255,16
insert200,mixed_endpoint_30178,0,0,0,0,0,0,0,0,7,316,19
insert400,mixed_endpoint_30178,0,0,0,0,0,0,0,0,3,319,15
insert80,mixed_endpoint_30178,0,0,0,0,0,0,0,0,3,305,15
JSO,mixed_endpoint_30178,21,7,1,19,0,0,0,0,6,264,18
bracket,mixed_endpoint_30178,0,0,0,0,0,0,0,0,4,312,16
aligned,mixed_endpoint_30178,0,0,0,0,0,0,0,0,6,322,18
SO,mixed_endpoint_30178,15,4,0,15,0,0,0,0,4,282,16
optical2,mixed_endpoint_30178,0,0,0,0,0,0,0,0,3,267,15
optical4,mixed_endpoint_30178,0,0,0,0,1,1,4,1,3,266,15
short_clear,mixed_endpoint_30178,0,0,0,0,0,0,0,0,3,267,15
doptimal,mixed_endpoint_30178,0,0,0,0,0,0,0,0,4,289,16
JSO_p50,mixed_endpoint_30178,24,7,0,20,0,0,0,0,7,268,19
JSO_r120,mixed_endpoint_30178,16,10,2,14,0,0,0,0,8,305,20
JSO_p85,mixed_endpoint_30178,15,9,2,13,0,0,0,0,7,264,19
JSO_outer1980,mixed_endpoint_30178,18,7,4,16,0,0,0,0,3,263,15
JSO_compact,mixed_endpoint_30178,19,7,3,17,0,0,0,0,4,265,16
JSO_r160,mixed_endpoint_30178,16,10,2,14,0,0,0,0,8,305,20
S_doptimal,mixed_endpoint_30178,16,0,0,14,0,0,0,0,4,300,16
baseline,mixed_endpoint_30179,0,0,0,0,0,0,0,0,3,313,14
previous_best,mixed_endpoint_30179,0,0,0,0,0,0,0,0,5,287,16
J,mixed_endpoint_30179,0,0,0,0,0,1,7,0,10,318,21
O,mixed_endpoint_30179,0,5,1,0,0,0,0,0,4,311,15
SO_doptimal,mixed_endpoint_30178,15,6,0,14,0,0,0,0,6,301,18
JS,mixed_endpoint_30179,14,0,0,9,0,0,0,0,6,316,17
S,mixed_endpoint_30179,17,0,0,16,0,0,0,0,8,313,19
S_dopt_short,mixed_endpoint_30178,16,0,0,14,0,0,0,0,3,299,15
insert80,mixed_endpoint_30179,0,0,0,0,0,0,0,0,2,297,13
JSO_compact_dopt,mixed_endpoint_30178,17,6,0,16,0,0,0,0,6,296,18
JO,mixed_endpoint_30179,0,8,1,0,0,1,7,0,10,319,21
insert200,mixed_endpoint_30179,0,0,0,0,0,0,0,0,2,298,13
insert400,mixed_endpoint_30179,0,0,0,0,0,0,0,0,3,298,14
JSO,mixed_endpoint_30179,13,7,2,9,0,0,0,0,5,315,16
SO,mixed_endpoint_30179,15,10,3,14,0,0,0,0,7,310,18
aligned,mixed_endpoint_30179,0,0,0,0,0,0,0,0,5,286,16
bracket,mixed_endpoint_30179,0,0,0,0,0,0,0,0,8,294,19
JSO_p50,mixed_endpoint_30179,14,6,2,10,0,0,0,0,4,312,15
JSO_p85,mixed_endpoint_30179,7,7,3,5,0,0,0,0,4,312,15
short_clear,mixed_endpoint_30179,0,0,0,0,0,0,0,0,3,313,14
optical2,mixed_endpoint_30179,0,0,0,0,0,0,0,0,3,313,14
optical4,mixed_endpoint_30179,0,0,0,0,0,0,0,0,3,313,14
JSO_r160,mixed_endpoint_30179,11,8,1,8,0,0,0,0,7,310,18
JSO_r120,mixed_endpoint_30179,11,8,1,8,0,0,0,0,7,310,18
JSO_compact,mixed_endpoint_30179,13,7,2,9,0,0,0,0,5,315,16
doptimal,mixed_endpoint_30179,0,0,0,0,0,0,0,0,8,310,19
JSO_outer1980,mixed_endpoint_30179,11,7,2,8,0,0,0,0,5,312,16
previous_best,mixed_endpoint_30180,0,0,0,0,0,0,0,0,2,297,12
baseline,mixed_endpoint_30180,0,0,0,0,0,0,0,0,3,329,13
J,mixed_endpoint_30180,0,0,0,0,0,0,0,0,5,295,15
S_doptimal,mixed_endpoint_30179,7,0,0,6,0,0,0,0,7,317,18
S_dopt_short,mixed_endpoint_30179,8,0,0,7,0,0,0,0,6,315,17
O,mixed_endpoint_30180,0,4,2,0,0,0,0,0,2,329,12
S,mixed_endpoint_30180,9,0,0,8,0,0,0,0,3,310,13
JS,mixed_endpoint_30180,14,0,0,11,0,0,0,0,3,310,13
SO_doptimal,mixed_endpoint_30179,6,5,1,5,0,0,0,0,4,316,15
JO,mixed_endpoint_30180,0,6,2,0,0,0,0,0,4,295,14
JSO_compact_dopt,mixed_endpoint_30179,11,8,3,9,0,0,0,0,5,292,16
insert80,mixed_endpoint_30180,0,0,0,0,0,0,0,0,6,343,16
JSO,mixed_endpoint_30180,13,6,3,10,0,0,0,0,3,311,13
SO,mixed_endpoint_30180,9,5,1,8,0,0,0,0,4,313,14
insert400,mixed_endpoint_30180,0,0,0,0,0,0,0,0,3,342,13
insert200,mixed_endpoint_30180,0,0,0,0,0,0,0,0,5,344,15
optical2,mixed_endpoint_30180,0,0,0,0,0,0,0,0,3,329,13
aligned,mixed_endpoint_30180,0,0,0,0,0,0,0,0,2,331,12
bracket,mixed_endpoint_30180,0,0,0,0,0,0,0,0,3,332,13
optical4,mixed_endpoint_30180,0,0,0,0,0,0,0,0,3,329,13
short_clear,mixed_endpoint_30180,0,0,0,0,0,0,0,0,3,320,13
JSO_p85,mixed_endpoint_30180,11,5,0,10,0,0,0,0,5,314,15
JSO_p50,mixed_endpoint_30180,15,6,2,10,0,0,0,0,4,315,14
JSO_r120,mixed_endpoint_30180,12,6,3,9,0,0,0,0,3,309,13
JSO_r160,mixed_endpoint_30180,10,7,3,8,0,0,0,0,4,310,14
doptimal,mixed_endpoint_30180,0,0,0,0,0,0,0,0,3,324,13
JSO_compact,mixed_endpoint_30180,12,6,2,10,0,0,0,0,4,310,14
JSO_outer1980,mixed_endpoint_30180,11,5,2,9,0,0,0,0,3,310,13
S_doptimal,mixed_endpoint_30180,9,0,0,8,0,0,0,0,1,332,11
baseline,mixed_endpoint_30181,0,0,0,0,0,0,0,0,2,316,12
previous_best,mixed_endpoint_30181,0,0,0,0,0,0,0,0,9,335,19
SO_doptimal,mixed_endpoint_30180,8,4,2,7,0,0,0,0,2,333,12
J,mixed_endpoint_30181,0,0,0,0,0,0,0,0,6,319,16
S,mixed_endpoint_30181,13,0,0,12,0,0,0,0,5,336,15
JSO_compact_dopt,mixed_endpoint_30180,14,7,2,13,0,0,0,0,5,294,15
O,mixed_endpoint_30181,0,4,2,0,0,0,0,0,2,316,12
S_dopt_short,mixed_endpoint_30180,9,0,0,8,0,0,0,0,1,332,11
JS,mixed_endpoint_30181,11,0,0,9,0,0,0,0,6,321,16
insert200,mixed_endpoint_30181,0,0,0,0,0,0,0,0,5,316,15
JO,mixed_endpoint_30181,0,8,2,0,0,0,0,0,6,319,16
JSO,mixed_endpoint_30181,10,8,3,8,0,0,0,0,5,317,15
insert400,mixed_endpoint_30181,0,0,0,0,0,0,0,0,5,309,15
insert80,mixed_endpoint_30181,0,0,0,0,0,0,0,0,5,316,15
SO,mixed_endpoint_30181,11,6,0,9,0,0,0,0,6,333,16
bracket,mixed_endpoint_30181,0,0,0,0,0,0,0,0,2,316,12
aligned,mixed_endpoint_30181,0,0,0,0,0,0,0,0,3,318,13
optical2,mixed_endpoint_30181,0,0,0,0,0,0,0,0,2,316,12
optical4,mixed_endpoint_30181,0,0,0,0,0,0,0,0,2,316,12
JSO_p50,mixed_endpoint_30181,10,8,3,8,0,0,0,0,5,316,15
short_clear,mixed_endpoint_30181,0,0,0,0,0,0,0,0,2,316,12
doptimal,mixed_endpoint_30181,0,0,0,0,0,0,0,0,3,325,13
JSO_p85,mixed_endpoint_30181,9,8,2,7,0,0,0,0,6,319,16
JSO_r120,mixed_endpoint_30181,10,8,3,8,0,0,0,0,5,317,15
JSO_r160,mixed_endpoint_30181,10,8,3,8,0,0,0,0,5,317,15
JSO_compact,mixed_endpoint_30181,11,8,3,9,0,0,0,0,5,317,15
JSO_outer1980,mixed_endpoint_30181,11,6,1,9,0,0,0,0,5,310,15
S_doptimal,mixed_endpoint_30181,10,0,0,9,0,0,0,0,3,327,13
J,mixed_endpoint_30182,0,0,0,0,0,0,0,0,6,221,21
S,mixed_endpoint_30182,19,0,0,18,0,0,0,0,4,208,19
JSO_compact_dopt,mixed_endpoint_30181,11,7,2,9,0,0,0,0,5,318,15
S_dopt_short,mixed_endpoint_30181,10,0,0,9,0,0,0,0,3,327,13
SO_doptimal,mixed_endpoint_30181,8,5,2,8,0,0,0,0,3,325,13
baseline,mixed_endpoint_30182,0,0,0,0,0,0,0,0,4,236,19
previous_best,mixed_endpoint_30182,0,0,0,0,0,0,0,0,9,236,24
JS,mixed_endpoint_30182,21,0,0,18,0,1,4,0,10,230,25
O,mixed_endpoint_30182,0,4,1,0,0,0,0,0,3,236,18
JO,mixed_endpoint_30182,0,9,3,0,0,0,0,0,6,221,21
JSO,mixed_endpoint_30182,20,8,0,18,0,0,0,0,8,222,23
SO,mixed_endpoint_30182,18,6,2,18,0,0,0,0,4,237,19
insert80,mixed_endpoint_30182,0,0,0,0,0,0,0,0,7,211,22
insert200,mixed_endpoint_30182,0,0,0,0,0,0,0,0,8,216,23
insert400,mixed_endpoint_30182,0,0,0,0,0,0,0,0,7,215,22
bracket,mixed_endpoint_30182,0,0,0,0,0,0,0,0,4,236,19
optical2,mixed_endpoint_30182,0,0,0,0,0,0,0,0,4,236,19
aligned,mixed_endpoint_30182,0,0,0,0,0,0,0,0,7,212,22
optical4,mixed_endpoint_30182,0,0,0,0,2,2,8,2,7,234,22
short_clear,mixed_endpoint_30182,0,0,0,0,0,0,0,0,6,207,21
JSO_p85,mixed_endpoint_30182,17,5,0,17,0,0,0,0,5,218,20
JSO_p50,mixed_endpoint_30182,20,7,0,19,0,0,0,0,7,225,22
JSO_r120,mixed_endpoint_30182,18,10,0,15,0,0,0,0,10,223,25
JSO_r160,mixed_endpoint_30182,16,11,0,13,0,0,0,0,11,225,26
JSO_outer1980,mixed_endpoint_30182,20,8,0,18,0,0,0,0,8,222,23
JSO_compact,mixed_endpoint_30182,22,9,2,21,0,0,0,0,7,207,22
doptimal,mixed_endpoint_30182,0,0,0,0,0,0,0,0,5,227,20
previous_best,mixed_endpoint_30183,0,0,0,0,0,0,0,0,7,332,17
baseline,mixed_endpoint_30183,0,0,0,0,0,0,0,0,4,341,14
S_doptimal,mixed_endpoint_30182,25,0,0,24,0,0,0,0,1,225,16
J,mixed_endpoint_30183,0,0,0,0,0,0,0,0,8,355,18
S,mixed_endpoint_30183,18,0,0,17,0,0,0,0,6,329,16
O,mixed_endpoint_30183,0,4,0,0,0,0,0,0,4,341,14
SO_doptimal,mixed_endpoint_30182,18,8,4,18,0,0,0,0,4,220,19
JS,mixed_endpoint_30183,13,0,0,11,0,0,0,0,7,352,17
JO,mixed_endpoint_30183,0,8,1,0,0,0,0,0,7,357,17
SO,mixed_endpoint_30183,15,6,1,14,0,0,0,0,5,326,15
JSO_compact_dopt,mixed_endpoint_30182,24,7,1,22,0,0,0,0,6,209,21
JSO,mixed_endpoint_30183,10,9,2,8,0,0,0,0,7,351,17
S_dopt_short,mixed_endpoint_30182,24,0,0,22,0,0,0,0,2,229,17
insert80,mixed_endpoint_30183,0,0,0,0,0,0,0,0,6,344,16
insert400,mixed_endpoint_30183,0,0,0,0,0,0,0,0,6,352,16
insert200,mixed_endpoint_30183,0,0,0,0,0,0,0,0,7,350,17
aligned,mixed_endpoint_30183,0,0,0,0,0,1,7,0,8,355,18
bracket,mixed_endpoint_30183,0,0,0,0,0,0,0,0,5,342,15
optical4,mixed_endpoint_30183,0,0,0,0,0,0,0,0,4,341,14
short_clear,mixed_endpoint_30183,0,0,0,0,0,0,0,0,4,341,14
JSO_p50,mixed_endpoint_30183,11,9,2,8,0,0,0,0,7,352,17
optical2,mixed_endpoint_30183,0,0,0,0,0,0,0,0,4,341,14
JSO_p85,mixed_endpoint_30183,10,8,2,7,0,0,0,0,6,348,16
JSO_r160,mixed_endpoint_30183,10,9,2,7,0,0,0,0,7,351,17
JSO_r120,mixed_endpoint_30183,10,9,2,8,0,0,0,0,7,351,17
doptimal,mixed_endpoint_30183,0,0,0,0,0,0,0,0,4,334,14
JSO_compact,mixed_endpoint_30183,10,9,2,8,0,0,0,0,7,351,17
JSO_outer1980,mixed_endpoint_30183,10,9,2,8,0,0,0,0,7,351,17
S_doptimal,mixed_endpoint_30183,9,0,0,9,0,0,0,0,3,335,13
JSO_compact_dopt,mixed_endpoint_30183,9,8,2,7,0,0,0,0,6,347,16
baseline,mixed_endpoint_30184,0,0,0,0,0,0,0,0,8,244,24
J,mixed_endpoint_30184,0,0,0,0,0,0,0,0,8,212,24
S_dopt_short,mixed_endpoint_30183,9,0,0,9,0,0,0,0,3,335,13
previous_best,mixed_endpoint_30184,0,0,0,0,0,0,0,0,10,230,26
S,mixed_endpoint_30184,17,0,0,14,0,0,0,0,7,203,23
O,mixed_endpoint_30184,0,9,2,0,0,0,0,0,7,244,23
SO_doptimal,mixed_endpoint_30183,9,6,0,9,0,0,0,0,6,341,16
JS,mixed_endpoint_30184,23,0,0,20,0,0,0,0,9,238,25
JO,mixed_endpoint_30184,0,10,3,0,0,0,0,0,7,212,23
SO,mixed_endpoint_30184,15,7,3,14,0,0,0,0,4,200,20
insert200,mixed_endpoint_30184,0,0,0,0,0,0,0,0,8,236,24
JSO,mixed_endpoint_30184,18,11,1,14,0,0,0,0,10,237,26
insert80,mixed_endpoint_30184,0,0,0,0,0,0,0,0,5,265,21
aligned,mixed_endpoint_30184,0,0,0,0,0,0,0,0,7,196,23
insert400,mixed_endpoint_30184,0,0,0,0,0,0,0,0,8,238,24
bracket,mixed_endpoint_30184,0,0,0,0,0,0,0,0,6,248,22
doptimal,mixed_endpoint_30184,0,0,0,0,0,0,0,0,3,215,19
optical2,mixed_endpoint_30184,0,0,0,0,0,0,0,0,8,244,24
optical4,mixed_endpoint_30184,0,0,0,0,1,1,4,1,9,243,25
short_clear,mixed_endpoint_30184,0,0,0,0,0,0,0,0,8,244,24
JSO_p50,mixed_endpoint_30184,24,10,2,19,0,0,0,0,8,218,24
JSO_p85,mixed_endpoint_30184,16,10,3,15,0,1,25,0,22,264,38
JSO_r120,mixed_endpoint_30184,19,13,2,16,0,0,0,0,11,211,27
JSO_compact,mixed_endpoint_30184,17,11,1,13,0,0,0,0,10,239,26
JSO_r160,mixed_endpoint_30184,19,13,2,16,0,0,0,0,11,211,27
JSO_outer1980,mixed_endpoint_30184,17,13,4,14,0,0,0,0,9,239,25
S_doptimal,mixed_endpoint_30184,16,0,0,15,0,0,0,0,3,245,19
previous_best,mixed_endpoint_30185,0,0,0,0,0,0,0,0,7,320,19
SO_doptimal,mixed_endpoint_30184,11,10,3,11,0,0,0,0,7,243,23
baseline,mixed_endpoint_30185,0,0,0,0,0,0,0,0,4,337,16
S_dopt_short,mixed_endpoint_30184,17,0,0,16,0,0,0,0,6,252,22
J,mixed_endpoint_30185,0,0,0,0,0,0,0,0,4,311,16
JS,mixed_endpoint_30185,18,0,0,18,0,0,0,0,4,321,16
O,mixed_endpoint_30185,0,7,3,0,0,0,0,0,4,337,16
S,mixed_endpoint_30185,10,0,0,9,0,0,0,0,4,337,16
JO,mixed_endpoint_30185,0,6,3,0,0,0,0,0,3,309,15
insert80,mixed_endpoint_30185,0,0,0,0,0,0,0,0,4,333,16
SO,mixed_endpoint_30185,8,7,3,7,0,0,0,0,4,335,16
JSO,mixed_endpoint_30185,15,8,3,15,0,0,0,0,5,319,17
insert400,mixed_endpoint_30185,0,0,0,0,0,0,0,0,4,336,16
insert200,mixed_endpoint_30185,0,0,0,0,0,0,0,0,4,336,16
JSO_compact_dopt,mixed_endpoint_30184,20,9,1,16,0,0,0,0,8,245,24
aligned,mixed_endpoint_30185,0,0,0,0,0,0,0,0,6,330,18
doptimal,mixed_endpoint_30185,0,0,0,0,0,0,0,0,6,331,18
bracket,mixed_endpoint_30185,0,0,0,0,0,0,0,0,4,337,16
optical2,mixed_endpoint_30185,0,0,0,0,0,0,0,0,4,337,16
JSO_p50,mixed_endpoint_30185,17,7,3,14,0,0,0,0,4,318,16
optical4,mixed_endpoint_30185,0,0,0,0,1,1,4,1,4,336,16
JSO_p85,mixed_endpoint_30185,13,8,2,13,0,0,0,0,6,322,18
JSO_r160,mixed_endpoint_30185,10,9,4,9,0,0,0,0,5,324,17
JSO_r120,mixed_endpoint_30185,14,10,5,13,0,0,0,0,5,324,17
JSO_outer1980,mixed_endpoint_30185,14,8,4,14,0,0,0,0,4,317,16
short_clear,mixed_endpoint_30185,0,0,0,0,0,0,0,0,6,320,18
JSO_compact,mixed_endpoint_30185,20,10,4,17,0,0,0,0,6,319,18
baseline,mixed_endpoint_30186,0,0,0,0,0,0,0,0,5,339,16
S,mixed_endpoint_30186,10,0,0,8,0,0,0,0,6,347,17
J,mixed_endpoint_30186,0,0,0,0,0,0,0,0,6,340,17
previous_best,mixed_endpoint_30186,0,0,0,0,0,0,0,0,6,363,17
O,mixed_endpoint_30186,0,5,3,0,0,0,0,0,2,360,13
JS,mixed_endpoint_30186,16,0,0,15,0,0,0,0,6,345,17
S_doptimal,mixed_endpoint_30185,11,0,0,11,0,0,0,0,7,354,19
S_dopt_short,mixed_endpoint_30185,10,0,0,10,0,0,0,0,3,318,15
SO_doptimal,mixed_endpoint_30185,8,8,2,8,0,0,0,0,6,351,18
JSO_compact_dopt,mixed_endpoint_30185,15,7,1,14,0,0,0,0,6,303,18
JO,mixed_endpoint_30186,0,6,0,0,0,0,0,0,6,340,17
SO,mixed_endpoint_30186,12,6,2,9,0,0,0,0,4,366,15
insert200,mixed_endpoint_30186,0,0,0,0,0,0,0,0,3,315,14
JSO,mixed_endpoint_30186,10,8,2,9,0,0,0,0,6,342,17
insert400,mixed_endpoint_30186,0,0,0,0,0,0,0,0,4,333,15
insert80,mixed_endpoint_30186,0,0,0,0,0,0,0,0,5,349,16
bracket,mixed_endpoint_30186,0,0,0,0,0,0,0,0,5,339,16
optical2,mixed_endpoint_30186,0,0,0,0,0,0,0,0,5,339,16
aligned,mixed_endpoint_30186,0,0,0,0,0,0,0,0,5,358,16
optical4,mixed_endpoint_30186,0,0,0,0,2,2,8,2,9,337,20
doptimal,mixed_endpoint_30186,0,0,0,0,0,0,0,0,3,329,14
short_clear,mixed_endpoint_30186,0,0,0,0,0,0,0,0,5,339,16
JSO_p50,mixed_endpoint_30186,11,8,2,9,0,0,0,0,6,342,17
JSO_p85,mixed_endpoint_30186,9,7,2,9,0,0,0,0,5,339,16
JSO_r120,mixed_endpoint_30186,10,8,2,9,0,0,0,0,6,342,17
JSO_outer1980,mixed_endpoint_30186,11,6,1,10,0,0,0,0,5,332,16
JSO_r160,mixed_endpoint_30186,13,8,1,10,0,0,0,0,7,362,18
JSO_compact,mixed_endpoint_30186,10,8,2,9,0,0,0,0,6,342,17
S_dopt_short,mixed_endpoint_30186,6,0,0,6,0,0,0,0,3,350,14
JSO_compact_dopt,mixed_endpoint_30186,11,6,2,8,0,0,0,0,4,342,15
SO_doptimal,mixed_endpoint_30186,3,6,3,3,0,0,0,0,3,346,14
S_doptimal,mixed_endpoint_30186,6,0,0,6,0,0,0,0,3,350,14
baseline,mixed_endpoint_30187,0,0,0,0,0,0,0,0,2,250,15
previous_best,mixed_endpoint_30187,0,0,0,0,0,0,0,0,6,239,19
J,mixed_endpoint_30187,0,0,0,0,0,0,0,0,6,245,19
S,mixed_endpoint_30187,16,0,0,16,0,0,0,0,3,276,16
JS,mixed_endpoint_30187,19,0,0,16,0,0,0,0,4,253,17
O,mixed_endpoint_30187,0,3,1,0,0,0,0,0,2,250,15
SO,mixed_endpoint_30187,14,11,5,13,0,0,0,0,6,277,19
insert80,mixed_endpoint_30187,0,0,0,0,0,0,0,0,4,280,17
insert200,mixed_endpoint_30187,0,0,0,0,0,0,0,0,4,268,17
JO,mixed_endpoint_30187,0,8,2,0,0,0,0,0,6,245,19
JSO,mixed_endpoint_30187,19,10,3,16,0,0,0,0,7,256,20
aligned,mixed_endpoint_30187,0,0,0,0,0,0,0,0,5,248,18
insert400,mixed_endpoint_30187,0,0,0,0,0,0,0,0,5,280,18
bracket,mixed_endpoint_30187,0,0,0,0,0,0,0,0,3,251,16
JSO_p85,mixed_endpoint_30187,14,10,5,12,0,0,0,0,5,275,18
optical4,mixed_endpoint_30187,0,0,0,0,1,1,4,1,4,248,17
JSO_r120,mixed_endpoint_30187,18,10,3,15,0,0,0,0,7,255,20
optical2,mixed_endpoint_30187,0,0,0,0,0,0,0,0,2,250,15
JSO_p50,mixed_endpoint_30187,18,10,3,15,0,0,0,0,7,255,20
doptimal,mixed_endpoint_30187,0,0,0,0,0,0,0,0,2,262,15
JSO_r160,mixed_endpoint_30187,18,10,3,15,0,0,0,0,7,255,20
short_clear,mixed_endpoint_30187,0,0,0,0,0,0,0,0,3,252,16
JSO_compact,mixed_endpoint_30187,18,9,4,16,0,0,0,0,5,261,18
JSO_outer1980,mixed_endpoint_30187,17,8,3,14,0,0,0,0,5,253,18
S_doptimal,mixed_endpoint_30187,13,0,0,13,0,0,0,0,4,274,17
JSO_compact_dopt,mixed_endpoint_30187,15,7,3,12,0,0,0,0,4,243,17
J,mixed_endpoint_30188,0,0,0,0,0,0,0,0,10,237,25
SO_doptimal,mixed_endpoint_30187,9,8,5,9,0,0,0,0,3,268,16
previous_best,mixed_endpoint_30188,0,0,0,0,0,0,0,0,12,251,27
JS,mixed_endpoint_30188,18,0,0,16,0,0,0,0,5,226,20
S_dopt_short,mixed_endpoint_30187,16,0,0,14,0,0,0,0,5,296,18
S,mixed_endpoint_30188,17,0,0,13,0,0,0,0,5,255,20
baseline,mixed_endpoint_30188,0,0,0,0,0,0,0,0,10,256,25
O,mixed_endpoint_30188,0,8,1,0,0,0,0,0,7,252,22
JO,mixed_endpoint_30188,0,10,3,0,0,0,0,0,7,236,22
insert400,mixed_endpoint_30188,0,0,0,0,0,0,0,0,7,252,22
JSO,mixed_endpoint_30188,18,8,2,16,0,0,0,0,6,228,21
insert80,mixed_endpoint_30188,0,0,0,0,0,0,0,0,5,248,20
SO,mixed_endpoint_30188,14,8,3,11,0,0,0,0,5,251,20
aligned,mixed_endpoint_30188,0,0,0,0,0,0,0,0,5,242,20
insert200,mixed_endpoint_30188,0,0,0,0,0,0,0,0,7,251,22
bracket,mixed_endpoint_30188,0,0,0,0,0,0,0,0,8,219,23
optical2,mixed_endpoint_30188,0,0,0,0,0,0,0,0,10,256,25
optical4,mixed_endpoint_30188,0,0,0,0,1,1,4,1,10,230,25
JSO_p50,mixed_endpoint_30188,21,9,2,16,0,0,0,0,7,230,22
JSO_r120,mixed_endpoint_30188,17,11,3,15,0,0,0,0,8,237,23
JSO_r160,mixed_endpoint_30188,17,11,3,15,0,0,0,0,8,237,23
short_clear,mixed_endpoint_30188,0,0,0,0,0,0,0,0,9,245,24
JSO_compact,mixed_endpoint_30188,20,9,3,18,0,0,0,0,6,231,21
JSO_p85,mixed_endpoint_30188,13,8,3,11,0,0,0,0,5,233,20
doptimal,mixed_endpoint_30188,0,0,0,0,0,0,0,0,6,263,21
JSO_outer1980,mixed_endpoint_30188,20,8,3,18,0,0,0,0,5,230,20
previous_best,mixed_endpoint_30189,0,0,0,0,0,0,0,0,3,361,14
J,mixed_endpoint_30189,0,0,0,0,0,0,0,0,4,365,15
S,mixed_endpoint_30189,9,0,0,8,0,0,0,0,5,345,16
baseline,mixed_endpoint_30189,0,0,0,0,0,0,0,0,2,314,13
O,mixed_endpoint_30189,0,3,2,0,0,0,0,0,1,324,12
JS,mixed_endpoint_30189,13,0,0,12,0,0,0,0,5,366,16
JO,mixed_endpoint_30189,0,4,0,0,0,0,0,0,4,366,15
S_doptimal,mixed_endpoint_30188,16,0,0,12,0,0,0,0,6,257,21
JSO_compact_dopt,mixed_endpoint_30188,12,9,2,11,0,0,0,0,7,225,22
SO,mixed_endpoint_30189,9,6,1,8,0,0,0,0,5,347,16
insert80,mixed_endpoint_30189,0,0,0,0,0,0,0,0,3,346,14
JSO,mixed_endpoint_30189,13,7,1,12,0,0,0,0,6,368,17
S_dopt_short,mixed_endpoint_30188,15,0,0,12,0,0,0,0,6,256,21
SO_doptimal,mixed_endpoint_30188,11,8,1,7,0,0,0,0,7,254,22
insert400,mixed_endpoint_30189,0,0,0,0,0,0,0,0,4,348,15
insert200,mixed_endpoint_30189,0,0,0,0,0,0,0,0,4,348,15
aligned,mixed_endpoint_30189,0,0,0,0,0,0,0,0,5,298,16
bracket,mixed_endpoint_30189,0,0,0,0,0,0,0,0,2,313,13
optical4,mixed_endpoint_30189,0,0,0,0,1,1,4,1,4,313,15
JSO_p50,mixed_endpoint_30189,14,7,1,12,0,0,0,0,6,369,17
optical2,mixed_endpoint_30189,0,0,0,0,0,0,0,0,2,314,13
short_clear,mixed_endpoint_30189,0,0,0,0,0,0,0,0,3,311,14
JSO_p85,mixed_endpoint_30189,10,7,1,10,0,0,0,0,6,368,17
doptimal,mixed_endpoint_30189,0,0,0,0,0,0,0,0,5,313,16
JSO_r120,mixed_endpoint_30189,13,7,1,12,0,0,0,0,6,368,17
JSO_r160,mixed_endpoint_30189,13,7,1,12,0,0,0,0,6,368,17
JSO_compact,mixed_endpoint_30189,13,7,3,13,0,0,0,0,4,363,15
JSO_outer1980,mixed_endpoint_30189,13,7,2,12,0,0,0,0,5,367,16
S_doptimal,mixed_endpoint_30189,9,0,0,7,0,0,0,0,5,330,16
JSO_compact_dopt,mixed_endpoint_30189,13,7,3,13,0,0,0,0,4,363,15
previous_best,mixed_endpoint_30190,0,0,0,0,0,0,0,0,7,200,22
J,mixed_endpoint_30190,0,0,0,0,0,0,0,0,12,238,27
S_dopt_short,mixed_endpoint_30189,8,0,0,7,0,0,0,0,4,314,15
SO_doptimal,mixed_endpoint_30189,5,5,2,4,0,0,0,0,3,311,14
baseline,mixed_endpoint_30190,0,0,0,0,0,0,0,0,3,267,18
S,mixed_endpoint_30190,19,0,0,14,0,0,0,0,5,261,20
O,mixed_endpoint_30190,0,5,2,0,0,0,0,0,3,267,18
JS,mixed_endpoint_30190,25,0,0,24,0,0,0,0,10,247,25
JO,mixed_endpoint_30190,0,12,4,0,0,0,0,0,8,236,23
insert80,mixed_endpoint_30190,0,0,0,0,0,0,0,0,8,270,23
aligned,mixed_endpoint_30190,0,0,0,0,0,0,0,0,5,230,20
JSO,mixed_endpoint_30190,22,12,4,19,0,0,0,0,8,236,23
insert200,mixed_endpoint_30190,0,0,0,0,0,0,0,0,4,261,19
insert400,mixed_endpoint_30190,0,0,0,0,0,0,0,0,3,241,18
SO,mixed_endpoint_30190,18,7,3,13,0,0,0,0,4,260,19
bracket,mixed_endpoint_30190,0,0,0,0,0,0,0,0,4,262,19
optical4,mixed_endpoint_30190,0,0,0,0,1,1,4,1,5,266,20
optical2,mixed_endpoint_30190,0,0,0,0,0,0,0,0,3,267,18
JSO_p50,mixed_endpoint_30190,24,12,4,21,0,0,0,0,8,238,23
JSO_p85,mixed_endpoint_30190,20,11,3,18,0,0,0,0,8,235,23
JSO_r120,mixed_endpoint_30190,22,14,4,19,0,0,0,0,10,235,25
JSO_r160,mixed_endpoint_30190,20,12,4,17,0,0,0,0,8,230,23
short_clear,mixed_endpoint_30190,0,0,0,0,0,0,0,0,3,264,18
JSO_compact,mixed_endpoint_30190,22,13,4,20,0,0,0,0,9,235,24
doptimal,mixed_endpoint_30190,0,0,0,0,0,0,0,0,6,220,21
JSO_outer1980,mixed_endpoint_30190,21,12,4,19,0,0,0,0,8,235,23
J,mixed_endpoint_30191,0,0,0,0,0,0,0,0,7,343,17
baseline,mixed_endpoint_30191,0,0,0,0,0,0,0,0,6,330,16
previous_best,mixed_endpoint_30191,0,0,0,0,0,1,4,0,10,340,20
S,mixed_endpoint_30191,20,0,0,18,0,0,0,0,5,336,15
JS,mixed_endpoint_30191,21,0,0,19,0,0,0,0,6,348,16
O,mixed_endpoint_30191,0,6,1,0,0,0,0,0,5,331,15
SO_doptimal,mixed_endpoint_30190,13,7,4,12,0,0,0,0,3,204,18
JO,mixed_endpoint_30191,0,7,1,0,0,0,0,0,6,341,16
JSO,mixed_endpoint_30191,18,8,3,16,0,0,0,0,5,346,15
S_doptimal,mixed_endpoint_30190,17,0,0,16,0,0,0,0,6,208,21
SO,mixed_endpoint_30191,18,8,2,15,0,0,0,0,6,338,16
S_dopt_short,mixed_endpoint_30190,17,0,0,16,0,0,0,0,6,208,21
JSO_compact_dopt,mixed_endpoint_30190,15,10,2,13,0,0,0,0,8,227,23
insert80,mixed_endpoint_30191,0,0,0,0,0,0,0,0,4,315,14
aligned,mixed_endpoint_30191,0,0,0,0,0,0,0,0,4,323,14
insert200,mixed_endpoint_30191,0,0,0,0,0,0,0,0,4,317,14
insert400,mixed_endpoint_30191,0,0,0,0,0,0,0,0,5,322,15
JSO_p50,mixed_endpoint_30191,20,8,3,16,0,0,0,0,5,347,15
bracket,mixed_endpoint_30191,0,0,0,0,0,0,0,0,6,332,16
JSO_p85,mixed_endpoint_30191,11,7,4,11,0,0,0,0,3,341,13
optical4,mixed_endpoint_30191,0,0,0,0,1,1,4,1,7,329,17
optical2,mixed_endpoint_30191,0,0,0,0,0,0,0,0,6,330,16
JSO_r120,mixed_endpoint_30191,15,9,4,13,0,0,0,0,5,343,15
JSO_r160,mixed_endpoint_30191,15,9,4,13,0,0,0,0,5,342,15
doptimal,mixed_endpoint_30191,0,0,0,0,0,0,0,0,2,292,12
short_clear,mixed_endpoint_30191,0,0,0,0,0,0,0,0,6,330,16
JSO_compact,mixed_endpoint_30191,19,5,0,17,0,0,0,0,5,339,15
JSO_outer1980,mixed_endpoint_30191,19,8,3,16,0,0,0,0,5,347,15
J,mixed_endpoint_30192,0,0,0,0,0,0,0,0,5,287,16
baseline,mixed_endpoint_30192,0,0,0,0,0,0,0,0,5,312,16
S,mixed_endpoint_30192,14,0,0,13,0,0,0,0,4,300,15
previous_best,mixed_endpoint_30192,0,0,0,0,0,0,0,0,8,297,19
JSO_compact_dopt,mixed_endpoint_30191,18,6,0,16,0,0,0,0,6,338,16
S_dopt_short,mixed_endpoint_30191,12,0,0,9,0,0,0,0,2,299,12
S_doptimal,mixed_endpoint_30191,12,0,0,9,0,0,0,0,2,299,12
JS,mixed_endpoint_30192,12,0,0,11,0,0,0,0,6,290,17
JO,mixed_endpoint_30192,0,6,2,0,0,0,0,0,4,287,15
SO_doptimal,mixed_endpoint_30191,11,4,2,9,0,0,0,0,2,302,12
O,mixed_endpoint_30192,0,4,2,0,0,0,0,0,2,309,13
JSO,mixed_endpoint_30192,11,10,2,10,0,0,0,0,8,291,19
insert80,mixed_endpoint_30192,0,0,0,0,0,0,0,0,3,302,14
SO,mixed_endpoint_30192,13,7,2,11,0,0,0,0,5,300,16
insert200,mixed_endpoint_30192,0,0,0,0,0,0,0,0,3,303,14
insert400,mixed_endpoint_30192,0,0,0,0,0,0,0,0,4,303,15
aligned,mixed_endpoint_30192,0,0,0,0,0,0,0,0,6,293,17
bracket,mixed_endpoint_30192,0,0,0,0,0,0,0,0,6,313,17
optical4,mixed_endpoint_30192,0,0,0,0,3,3,12,3,7,309,18
JSO_p50,mixed_endpoint_30192,12,10,2,10,0,0,0,0,8,292,19
optical2,mixed_endpoint_30192,0,0,0,0,0,0,0,0,5,312,16
doptimal,mixed_endpoint_30192,0,0,0,0,0,0,0,0,3,302,14
JSO_r160,mixed_endpoint_30192,11,10,2,10,0,0,0,0,8,291,19
JSO_r120,mixed_endpoint_30192,11,10,2,10,0,0,0,0,8,291,19
short_clear,mixed_endpoint_30192,0,0,0,0,0,0,0,0,4,313,15
JSO_p85,mixed_endpoint_30192,10,10,1,9,0,0,0,0,9,295,20
JSO_compact,mixed_endpoint_30192,11,10,2,10,0,0,0,0,8,291,19
JSO_outer1980,mixed_endpoint_30192,11,10,2,10,0,0,0,0,8,291,19
SO_doptimal,mixed_endpoint_30192,7,4,2,7,0,0,0,0,2,304,13
S_doptimal,mixed_endpoint_30192,7,0,0,7,0,0,0,0,1,306,12
previous_best,mixed_endpoint_30193,0,0,0,0,0,0,0,0,5,227,20
baseline,mixed_endpoint_30193,0,0,0,0,0,0,0,0,2,236,17
J,mixed_endpoint_30193,0,0,0,0,0,0,0,0,4,226,19
S_dopt_short,mixed_endpoint_30192,9,0,0,9,0,0,0,0,3,299,14
JSO_compact_dopt,mixed_endpoint_30192,13,8,1,12,0,0,0,0,7,292,18
S,mixed_endpoint_30193,21,0,0,19,0,0,0,0,6,226,21
O,mixed_endpoint_30193,0,3,0,0,0,0,0,0,3,238,18
JS,mixed_endpoint_30193,20,0,0,17,0,0,0,0,5,227,20
JO,mixed_endpoint_30193,0,7,2,0,0,0,0,0,5,227,20
JSO,mixed_endpoint_30193,20,7,1,17,0,0,0,0,6,230,21
insert200,mixed_endpoint_30193,0,0,0,0,0,0,0,0,6,227,21
SO,mixed_endpoint_30193,18,8,0,16,0,0,0,0,8,237,23
bracket,mixed_endpoint_30193,0,0,0,0,0,0,0,0,2,236,17
insert80,mixed_endpoint_30193,0,0,0,0,0,0,0,0,5,226,20
insert400,mixed_endpoint_30193,0,0,0,0,0,0,0,0,9,226,24
optical2,mixed_endpoint_30193,0,0,0,0,0,0,0,0,2,236,17
aligned,mixed_endpoint_30193,0,0,0,0,0,0,0,0,3,248,18
doptimal,mixed_endpoint_30193,0,0,0,0,0,0,0,0,5,228,20
optical4,mixed_endpoint_30193,0,0,0,0,0,0,0,0,2,236,17
JSO_p50,mixed_endpoint_30193,25,8,0,20,0,0,0,0,8,230,23
short_clear,mixed_endpoint_30193,0,0,0,0,0,0,0,0,5,227,20
JSO_r160,mixed_endpoint_30193,19,8,2,16,0,0,0,0,6,227,21
JSO_r120,mixed_endpoint_30193,20,7,1,17,0,0,0,0,6,230,21
JSO_p85,mixed_endpoint_30193,16,6,0,15,0,0,0,0,6,233,21
JSO_compact,mixed_endpoint_30193,21,7,1,17,0,0,0,0,6,231,21
JSO_outer1980,mixed_endpoint_30193,21,8,1,18,0,0,0,0,7,227,22
S_doptimal,mixed_endpoint_30193,12,0,0,10,0,0,0,0,4,269,19
SO_doptimal,mixed_endpoint_30193,13,6,1,10,0,0,0,0,5,242,20
J,mixed_endpoint_30194,0,0,0,0,0,0,0,0,8,205,23
S_dopt_short,mixed_endpoint_30193,17,0,0,15,0,0,0,0,7,233,22
baseline,mixed_endpoint_30194,0,0,0,0,0,0,0,0,8,227,23
O,mixed_endpoint_30194,0,9,2,0,0,0,0,0,7,227,22
previous_best,mixed_endpoint_30194,0,0,0,0,0,0,0,0,10,220,25
JS,mixed_endpoint_30194,25,0,0,22,0,0,0,0,8,216,23
S,mixed_endpoint_30194,21,0,0,17,0,0,0,0,3,225,18
JSO_compact_dopt,mixed_endpoint_30193,21,7,1,17,0,0,0,0,6,220,21
JO,mixed_endpoint_30194,0,8,1,0,0,0,0,0,7,207,22
insert80,mixed_endpoint_30194,0,0,0,0,0,0,0,0,6,222,21
JSO,mixed_endpoint_30194,25,13,4,21,0,0,0,0,9,218,24
insert400,mixed_endpoint_30194,0,0,0,0,0,0,0,0,5,231,20
insert200,mixed_endpoint_30194,0,0,0,0,0,0,0,0,5,225,20
SO,mixed_endpoint_30194,20,8,2,17,0,0,0,0,6,222,21
aligned,mixed_endpoint_30194,0,0,0,0,0,0,0,0,8,216,23
optical2,mixed_endpoint_30194,0,0,0,0,0,0,0,0,8,227,23
optical4,mixed_endpoint_30194,0,0,0,0,1,1,4,1,8,224,23
bracket,mixed_endpoint_30194,0,0,0,0,0,0,0,0,7,230,22
short_clear,mixed_endpoint_30194,0,0,0,0,0,0,0,0,8,227,23
JSO_p85,mixed_endpoint_30194,18,11,5,18,0,0,0,0,6,217,21
JSO_p50,mixed_endpoint_30194,29,15,3,25,0,0,0,0,12,243,27
JSO_r120,mixed_endpoint_30194,18,14,6,13,0,0,0,0,8,222,23
JSO_r160,mixed_endpoint_30194,20,15,6,15,0,0,0,0,9,227,24
JSO_outer1980,mixed_endpoint_30194,25,13,4,21,0,0,0,0,9,218,24
JSO_compact,mixed_endpoint_30194,24,14,5,20,0,0,0,0,9,217,24
doptimal,mixed_endpoint_30194,0,0,0,0,0,0,0,0,7,255,22
J,mixed_endpoint_30195,0,0,0,0,0,0,0,0,7,268,22
baseline,mixed_endpoint_30195,0,0,0,0,0,0,0,0,6,265,21
previous_best,mixed_endpoint_30195,0,0,0,0,0,0,0,0,7,266,22
S_doptimal,mixed_endpoint_30194,22,0,0,20,0,0,0,0,7,244,22
SO_doptimal,mixed_endpoint_30194,20,10,3,18,0,0,0,0,7,244,22
JS,mixed_endpoint_30195,22,0,0,19,0,0,0,0,4,212,19
S_dopt_short,mixed_endpoint_30194,20,0,0,18,0,0,0,0,7,247,22
O,mixed_endpoint_30195,0,6,1,0,0,0,0,0,5,266,20
S,mixed_endpoint_30195,21,0,0,19,0,0,0,0,5,261,20
JSO_compact_dopt,mixed_endpoint_30194,15,10,3,13,0,0,0,0,7,217,22
JO,mixed_endpoint_30195,0,9,3,0,0,0,0,0,6,268,21
JSO,mixed_endpoint_30195,29,10,3,25,0,0,0,0,7,211,22
insert80,mixed_endpoint_30195,0,0,0,0,0,0,0,0,7,265,22
SO,mixed_endpoint_30195,19,9,3,19,0,0,0,0,6,260,21
insert400,mixed_endpoint_30195,0,0,0,0,0,0,0,0,4,259,19
aligned,mixed_endpoint_30195,0,0,0,0,0,0,0,0,2,203,17
insert200,mixed_endpoint_30195,0,0,0,0,0,0,0,0,5,262,20
bracket,mixed_endpoint_30195,0,0,0,0,0,0,0,0,6,265,21
optical2,mixed_endpoint_30195,0,0,0,0,0,0,0,0,6,265,21
optical4,mixed_endpoint_30195,0,0,0,0,3,3,12,3,8,262,23
doptimal,mixed_endpoint_30195,0,0,0,0,0,0,0,0,3,280,18
JSO_r120,mixed_endpoint_30195,24,13,5,20,0,0,0,0,8,201,23
JSO_r160,mixed_endpoint_30195,25,13,4,21,0,0,0,0,9,201,24
short_clear,mixed_endpoint_30195,0,0,0,0,0,0,0,0,9,234,24
JSO_p50,mixed_endpoint_30195,32,10,3,25,0,0,0,0,7,214,22
JSO_p85,mixed_endpoint_30195,17,10,5,17,0,0,0,0,5,214,20
JSO_compact,mixed_endpoint_30195,24,10,6,21,0,0,0,0,4,207,19
JSO_outer1980,mixed_endpoint_30195,29,10,4,25,0,0,0,0,6,210,21
J,mixed_endpoint_30196,0,0,0,0,0,0,0,0,4,225,19
previous_best,mixed_endpoint_30196,0,0,0,0,0,0,0,0,4,229,19
S_doptimal,mixed_endpoint_30195,16,0,0,16,0,0,0,0,4,280,19
baseline,mixed_endpoint_30196,0,0,0,0,0,0,0,0,6,250,21
O,mixed_endpoint_30196,0,8,3,0,0,0,0,0,5,272,20
S_dopt_short,mixed_endpoint_30195,17,0,0,16,0,0,0,0,4,281,19
JS,mixed_endpoint_30196,21,0,0,20,0,0,0,0,8,236,23
SO_doptimal,mixed_endpoint_30195,16,5,1,15,0,0,0,0,4,279,19
S,mixed_endpoint_30196,22,0,0,21,0,0,0,0,11,248,26
JO,mixed_endpoint_30196,0,5,1,0,0,0,0,0,4,225,19
JSO_compact_dopt,mixed_endpoint_30195,23,10,6,20,0,0,0,0,4,198,19
JSO,mixed_endpoint_30196,19,8,3,18,0,0,0,0,5,234,20
insert80,mixed_endpoint_30196,0,0,0,0,0,0,0,0,6,289,21
SO,mixed_endpoint_30196,15,11,2,14,0,0,0,0,9,244,24
insert400,mixed_endpoint_30196,0,0,0,0,0,0,0,0,7,302,22
aligned,mixed_endpoint_30196,0,0,0,0,0,0,0,0,3,233,18
insert200,mixed_endpoint_30196,0,0,0,0,0,0,0,0,6,291,21
bracket,mixed_endpoint_30196,0,0,0,0,0,0,0,0,6,252,21
short_clear,mixed_endpoint_30196,0,0,0,0,0,0,0,0,6,232,21
optical2,mixed_endpoint_30196,0,0,0,0,0,0,0,0,6,250,21
optical4,mixed_endpoint_30196,0,0,0,0,0,0,0,0,6,250,21
JSO_p50,mixed_endpoint_30196,21,9,4,19,0,0,0,0,5,236,20
doptimal,mixed_endpoint_30196,0,0,0,0,0,0,0,0,4,238,19
JSO_p85,mixed_endpoint_30196,18,12,6,17,0,0,0,0,6,242,21
JSO_compact,mixed_endpoint_30196,19,8,4,18,0,0,0,0,4,230,19
JSO_r120,mixed_endpoint_30196,17,9,1,15,0,0,0,0,8,239,23
JSO_outer1980,mixed_endpoint_30196,19,8,4,18,0,0,0,0,4,230,19
JSO_r160,mixed_endpoint_30196,16,10,1,14,0,0,0,0,9,239,24
baseline,mixed_endpoint_30197,0,0,0,0,0,0,0,0,6,294,20
S_doptimal,mixed_endpoint_30196,15,0,0,13,0,0,0,0,6,244,21
S,mixed_endpoint_30197,14,0,0,13,0,0,0,0,5,254,19
S_dopt_short,mixed_endpoint_30196,15,0,0,13,0,0,0,0,6,244,21
SO_doptimal,mixed_endpoint_30196,15,11,1,14,0,0,0,0,10,246,25
previous_best,mixed_endpoint_30197,0,0,0,0,0,1,4,0,11,275,25
J,mixed_endpoint_30197,0,0,0,0,0,1,4,0,11,279,25
JS,mixed_endpoint_30197,17,0,0,14,0,1,4,0,10,288,24
JSO_compact_dopt,mixed_endpoint_30196,17,8,2,15,0,0,0,0,6,229,21
O,mixed_endpoint_30197,0,5,0,0,0,0,0,0,5,250,19
SO,mixed_endpoint_30197,12,7,3,11,0,0,0,0,4,251,18
JSO,mixed_endpoint_30197,16,12,3,14,0,1,4,0,11,289,25
JO,mixed_endpoint_30197,0,11,4,0,0,1,4,0,9,279,23
insert80,mixed_endpoint_30197,0,0,0,0,0,0,0,0,4,264,18
aligned,mixed_endpoint_30197,0,0,0,0,0,0,0,0,5,251,19
insert200,mixed_endpoint_30197,0,0,0,0,0,0,0,0,5,277,19
insert400,mixed_endpoint_30197,0,0,0,0,0,0,0,0,6,270,20
bracket,mixed_endpoint_30197,0,0,0,0,0,0,0,0,6,294,20
optical2,mixed_endpoint_30197,0,0,0,0,0,0,0,0,6,294,20
doptimal,mixed_endpoint_30197,0,0,0,0,0,0,0,0,4,251,18
optical4,mixed_endpoint_30197,0,0,0,0,3,3,12,3,8,291,22
JSO_p50,mixed_endpoint_30197,23,8,0,21,0,0,0,0,8,251,22
short_clear,mixed_endpoint_30197,0,0,0,0,0,0,0,0,6,294,20
JSO_r160,mixed_endpoint_30197,11,14,5,10,0,1,4,0,11,281,25
JSO_r120,mixed_endpoint_30197,12,14,5,11,0,1,4,0,11,284,25
JSO_p85,mixed_endpoint_30197,11,13,3,10,0,1,4,0,12,286,26
JSO_compact,mixed_endpoint_30197,16,12,4,14,0,1,4,0,10,288,24
JSO_outer1980,mixed_endpoint_30197,16,12,3,14,0,1,4,0,11,289,25
S_doptimal,mixed_endpoint_30197,12,0,0,12,0,0,0,0,6,253,20
previous_best,mixed_endpoint_30198,0,0,0,0,0,0,0,0,6,335,16
J,mixed_endpoint_30198,0,0,0,0,0,0,0,0,7,338,17
S,mixed_endpoint_30198,9,0,0,8,0,0,0,0,4,343,14
baseline,mixed_endpoint_30198,0,0,0,0,0,0,0,0,5,365,15
SO_doptimal,mixed_endpoint_30197,11,5,0,11,0,0,0,0,5,252,19
S_dopt_short,mixed_endpoint_30197,12,0,0,12,0,0,0,0,6,253,20
O,mixed_endpoint_30198,0,4,0,0,0,0,0,0,4,364,14
JO,mixed_endpoint_30198,0,7,0,0,0,0,0,0,7,339,17
JS,mixed_endpoint_30198,12,0,0,11,0,0,0,0,7,361,17
JSO_compact_dopt,mixed_endpoint_30197,15,6,2,13,0,0,0,0,4,237,18
insert200,mixed_endpoint_30198,0,0,0,0,0,0,0,0,5,351,15
SO,mixed_endpoint_30198,9,7,1,8,0,0,0,0,6,347,16
JSO,mixed_endpoint_30198,12,7,0,11,0,0,0,0,7,359,17
insert400,mixed_endpoint_30198,0,0,0,0,0,0,0,0,5,351,15
insert80,mixed_endpoint_30198,0,0,0,0,0,0,0,0,3,326,13
aligned,mixed_endpoint_30198,0,0,0,0,0,0,0,0,3,357,13
optical4,mixed_endpoint_30198,0,0,0,0,3,3,12,3,10,361,20
bracket,mixed_endpoint_30198,0,0,0,0,0,0,0,0,4,363,14
short_clear,mixed_endpoint_30198,0,0,0,0,0,0,0,0,5,365,15
optical2,mixed_endpoint_30198,0,0,0,0,0,0,0,0,5,365,15
JSO_p50,mixed_endpoint_30198,13,7,0,11,0,0,0,0,7,360,17
JSO_r120,mixed_endpoint_30198,11,7,1,10,0,0,0,0,6,357,16
JSO_p85,mixed_endpoint_30198,9,6,0,8,0,0,0,0,6,366,16
doptimal,mixed_endpoint_30198,0,0,0,0,0,0,0,0,2,331,12
JSO_r160,mixed_endpoint_30198,13,7,0,13,0,0,0,0,7,339,17
JSO_compact,mixed_endpoint_30198,13,6,1,12,0,0,0,0,5,354,15
JSO_outer1980,mixed_endpoint_30198,12,7,0,11,0,0,0,0,7,360,17
J,mixed_endpoint_30199,0,0,0,0,0,0,0,0,4,342,14
S,mixed_endpoint_30199,8,0,0,8,0,0,0,0,5,308,15
previous_best,mixed_endpoint_30199,0,0,0,0,0,0,0,0,3,340,13
baseline,mixed_endpoint_30199,0,0,0,0,0,0,0,0,2,315,12
JSO_compact_dopt,mixed_endpoint_30198,12,4,1,11,0,0,0,0,3,352,13
S_doptimal,mixed_endpoint_30198,11,0,0,10,0,0,0,0,2,356,12
O,mixed_endpoint_30199,0,4,1,0,0,0,0,0,3,317,13
JS,mixed_endpoint_30199,10,0,0,10,0,0,0,0,4,352,14
S_dopt_short,mixed_endpoint_30198,11,0,0,10,0,0,0,0,3,369,13
insert80,mixed_endpoint_30199,0,0,0,0,0,0,0,0,2,307,12
SO_doptimal,mixed_endpoint_30198,8,7,1,7,0,0,0,0,6,369,16
JO,mixed_endpoint_30199,0,6,2,0,0,0,0,0,4,342,14
JSO,mixed_endpoint_30199,10,7,3,10,0,0,0,0,4,351,14
insert200,mixed_endpoint_30199,0,0,0,0,0,0,0,0,2,317,12
SO,mixed_endpoint_30199,8,7,0,7,0,0,0,0,7,321,17
insert400,mixed_endpoint_30199,0,0,0,0,0,0,0,0,3,316,13
JSO_p50,mixed_endpoint_30199,12,5,3,11,0,0,0,0,2,308,12
aligned,mixed_endpoint_30199,0,0,0,0,0,0,0,0,5,303,15
JSO_r120,mixed_endpoint_30199,10,7,3,10,0,0,0,0,4,351,14
JSO_p85,mixed_endpoint_30199,9,7,3,9,0,0,0,0,4,353,14
short_clear,mixed_endpoint_30199,0,0,0,0,0,0,0,0,2,315,12
bracket,mixed_endpoint_30199,0,0,0,0,0,0,0,0,2,315,12
optical4,mixed_endpoint_30199,0,0,0,0,0,0,0,0,2,315,12
JSO_r160,mixed_endpoint_30199,10,7,3,10,0,0,0,0,4,351,14
optical2,mixed_endpoint_30199,0,0,0,0,0,0,0,0,2,315,12
doptimal,mixed_endpoint_30199,0,0,0,0,0,0,0,0,4,348,14
JSO_compact,mixed_endpoint_30199,10,7,3,10,0,0,0,0,4,351,14
JSO_outer1980,mixed_endpoint_30199,9,6,2,8,0,0,0,0,4,351,14
S_dopt_short,mixed_endpoint_30199,13,0,0,13,0,0,0,0,3,331,13
S_doptimal,mixed_endpoint_30199,16,0,0,16,0,0,0,0,2,333,12
JSO_compact_dopt,mixed_endpoint_30199,10,7,3,10,0,0,0,0,4,351,14
J,directional_endpoint_30000,0,0,0,0,0,0,0,0,2,210,18
SO_doptimal,mixed_endpoint_30199,13,5,1,13,0,0,0,0,4,346,14
S,directional_endpoint_30000,13,0,0,9,0,0,0,0,5,184,21
previous_best,directional_endpoint_30000,0,0,0,0,0,0,0,0,3,286,19
baseline,directional_endpoint_30000,0,0,0,0,0,1,4,0,9,207,25
JS,directional_endpoint_30000,16,0,0,14,0,0,0,0,2,169,18
O,directional_endpoint_30000,0,8,4,0,0,1,4,0,6,206,22
JSO,directional_endpoint_30000,13,6,4,11,0,0,0,0,2,166,18
JO,directional_endpoint_30000,0,7,6,0,0,0,0,0,1,209,17
SO,directional_endpoint_30000,9,8,4,6,0,0,0,0,4,180,20
insert200,directional_endpoint_30000,0,0,0,0,0,0,0,0,2,270,18
insert80,directional_endpoint_30000,0,0,0,0,0,0,0,0,2,265,18
aligned,directional_endpoint_30000,0,0,0,0,0,0,0,0,3,207,19
insert400,directional_endpoint_30000,0,0,0,0,0,0,0,0,3,272,19
bracket,directional_endpoint_30000,0,0,0,0,0,1,4,0,9,208,25
JSO_p50,directional_endpoint_30000,16,6,4,12,0,0,0,0,2,169,18
optical2,directional_endpoint_30000,0,0,0,0,0,1,4,0,9,207,25
JSO_p85,directional_endpoint_30000,12,9,5,9,0,0,0,0,4,174,20
JSO_r160,directional_endpoint_30000,12,7,4,10,0,0,0,0,3,166,19
short_clear,directional_endpoint_30000,0,0,0,0,0,1,4,0,9,207,25
JSO_r120,directional_endpoint_30000,12,7,4,10,0,0,0,0,3,166,19
optical4,directional_endpoint_30000,0,0,0,0,1,2,8,2,11,205,27
doptimal,directional_endpoint_30000,0,0,0,0,0,0,0,0,6,193,22
JSO_compact,directional_endpoint_30000,13,6,4,11,0,0,0,0,2,167,18
JSO_outer1980,directional_endpoint_30000,13,7,4,11,0,0,0,0,3,168,19
previous_best,directional_endpoint_30001,0,0,0,0,0,0,0,0,7,253,22
S_dopt_short,directional_endpoint_30000,11,0,0,9,0,0,0,0,5,174,21
S_doptimal,directional_endpoint_30000,13,0,0,12,0,0,0,0,5,178,21
J,directional_endpoint_30001,0,0,0,0,0,0,0,0,7,254,22
S,directional_endpoint_30001,20,0,0,14,0,0,0,0,4,310,19
SO_doptimal,directional_endpoint_30000,13,8,4,11,0,0,0,0,4,181,20
JS,directional_endpoint_30001,19,0,0,15,0,0,0,0,7,262,22
JSO_compact_dopt,directional_endpoint_30000,13,10,6,9,0,0,0,0,4,261,20
baseline,directional_endpoint_30001,0,0,0,0,0,0,0,0,9,259,24
O,directional_endpoint_30001,0,8,1,0,0,0,0,0,7,258,22
JSO,directional_endpoint_30001,18,11,3,13,0,0,0,0,8,263,23
JO,directional_endpoint_30001,0,9,3,0,0,0,0,0,6,255,21
SO,directional_endpoint_30001,15,10,4,11,0,0,0,0,6,306,21
insert80,directional_endpoint_30001,0,0,0,0,0,0,0,0,5,229,20
insert400,directional_endpoint_30001,0,0,0,0,0,0,0,0,5,245,20
insert200,directional_endpoint_30001,0,0,0,0,0,0,0,0,4,243,19
aligned,directional_endpoint_30001,0,0,0,0,0,0,0,0,6,305,21
bracket,directional_endpoint_30001,0,0,0,0,0,0,0,0,6,266,21
JSO_p50,directional_endpoint_30001,20,10,2,13,0,0,0,0,8,264,23
optical2,directional_endpoint_30001,0,0,0,0,0,0,0,0,9,259,24
JSO_p85,directional_endpoint_30001,11,9,1,8,0,0,0,0,8,256,23
short_clear,directional_endpoint_30001,0,0,0,0,0,0,0,0,6,273,21
optical4,directional_endpoint_30001,0,0,0,0,1,1,4,1,8,255,23
doptimal,directional_endpoint_30001,0,0,0,0,0,0,0,0,3,298,18
JSO_r160,directional_endpoint_30001,17,13,3,12,0,1,14,0,23,269,38
JSO_r120,directional_endpoint_30001,17,13,3,12,0,1,14,0,23,269,38
JSO_compact,directional_endpoint_30001,18,10,2,14,0,0,0,0,8,257,23
JSO_outer1980,directional_endpoint_30001,18,11,3,13,0,0,0,0,8,262,23
S_dopt_short,directional_endpoint_30001,18,0,0,16,0,0,0,0,4,245,19
S_doptimal,directional_endpoint_30001,21,0,0,19,0,0,0,0,2,312,17
JSO_compact_dopt,directional_endpoint_30001,16,6,4,13,0,0,0,0,2,243,17
SO_doptimal,directional_endpoint_30001,18,4,0,16,0,0,0,0,4,310,19
baseline,directional_endpoint_30002,0,0,0,0,0,0,0,0,6,270,21
O,directional_endpoint_30002,0,6,1,0,0,0,0,0,5,269,20
S,directional_endpoint_30002,22,0,0,17,0,0,0,0,6,272,21
previous_best,directional_endpoint_30002,0,0,0,0,0,0,0,0,9,263,24
J,directional_endpoint_30002,0,0,0,0,0,0,0,0,8,265,23
JS,directional_endpoint_30002,22,0,0,14,0,0,0,0,6,258,21
JO,directional_endpoint_30002,0,9,4,0,0,0,0,0,5,262,20
JSO,directional_endpoint_30002,21,9,3,13,0,0,0,0,6,257,21
SO,directional_endpoint_30002,22,10,2,15,0,0,0,0,8,274,23
insert80,directional_endpoint_30002,0,0,0,0,0,0,0,0,9,281,24
insert400,directional_endpoint_30002,0,0,0,0,0,0,0,0,6,295,21
insert200,directional_endpoint_30002,0,0,0,0,0,0,0,0,10,272,25
aligned,directional_endpoint_30002,0,0,0,0,0,0,0,0,5,266,20
optical2,directional_endpoint_30002,0,0,0,0,0,0,0,0,6,270,21
bracket,directional_endpoint_30002,0,0,0,0,0,0,0,0,6,265,21
optical4,directional_endpoint_30002,0,0,0,0,3,3,12,3,8,263,23
short_clear,directional_endpoint_30002,0,0,0,0,0,0,0,0,6,270,21
JSO_p50,directional_endpoint_30002,25,8,3,14,0,0,0,0,5,259,20
JSO_p85,directional_endpoint_30002,16,9,2,10,0,0,0,0,7,259,22
JSO_r160,directional_endpoint_30002,18,11,2,11,0,0,0,0,9,262,24
JSO_r120,directional_endpoint_30002,17,9,3,10,0,0,0,0,6,266,21
doptimal,directional_endpoint_30002,0,0,0,0,0,1,7,0,6,267,21
JSO_compact,directional_endpoint_30002,23,10,4,15,0,0,0,0,6,258,21
JSO_outer1980,directional_endpoint_30002,22,11,3,14,0,0,0,0,8,259,23
previous_best,directional_endpoint_30003,0,0,0,0,0,0,0,0,4,355,14
J,directional_endpoint_30003,0,0,0,0,0,0,0,0,8,367,18
S,directional_endpoint_30003,11,0,0,9,0,0,0,0,2,368,12
S_doptimal,directional_endpoint_30002,11,0,0,11,0,0,0,0,5,276,20
baseline,directional_endpoint_30003,0,0,0,0,0,0,0,0,8,373,18
S_dopt_short,directional_endpoint_30002,11,0,0,11,0,0,0,0,5,276,20
SO_doptimal,directional_endpoint_30002,9,7,2,9,0,0,0,0,5,273,20
O,directional_endpoint_30003,0,7,2,0,0,0,0,0,5,370,15
JS,directional_endpoint_30003,15,0,0,12,0,0,0,0,7,364,17
JO,directional_endpoint_30003,0,9,0,0,0,0,0,0,9,368,19
JSO,directional_endpoint_30003,13,10,1,10,0,0,0,0,9,369,19
SO,directional_endpoint_30003,9,4,1,8,0,0,0,0,3,371,13
insert80,directional_endpoint_30003,0,0,0,0,0,0,0,0,4,357,14
JSO_compact_dopt,directional_endpoint_30002,22,6,1,14,0,0,0,0,5,260,20
aligned,directional_endpoint_30003,0,0,0,0,0,0,0,0,4,357,14
insert200,directional_endpoint_30003,0,0,0,0,0,0,0,0,4,343,14
doptimal,directional_endpoint_30003,0,0,0,0,0,0,0,0,4,346,14
JSO_p50,directional_endpoint_30003,15,10,1,11,0,0,0,0,9,371,19
bracket,directional_endpoint_30003,0,0,0,0,0,0,0,0,10,372,20
insert400,directional_endpoint_30003,0,0,0,0,0,0,0,0,5,363,15
short_clear,directional_endpoint_30003,0,0,0,0,0,0,0,0,8,373,18
JSO_p85,directional_endpoint_30003,7,7,3,6,0,0,0,0,4,358,14
optical4,directional_endpoint_30003,0,0,0,0,2,2,8,2,8,369,18
JSO_r160,directional_endpoint_30003,11,10,2,8,0,0,0,0,8,366,18
JSO_r120,directional_endpoint_30003,12,10,2,9,0,0,0,0,8,367,18
optical2,directional_endpoint_30003,0,0,0,0,0,0,0,0,8,373,18
JSO_compact,directional_endpoint_30003,13,9,2,10,0,0,0,0,7,366,17
JSO_outer1980,directional_endpoint_30003,13,10,3,10,0,0,0,0,7,366,17
S_dopt_short,directional_endpoint_30003,9,0,0,9,0,0,0,0,2,353,12
S_doptimal,directional_endpoint_30003,11,0,0,11,0,0,0,0,2,348,12
SO_doptimal,directional_endpoint_30003,6,6,0,5,0,0,0,0,6,353,16
JSO_compact_dopt,directional_endpoint_30003,11,9,3,8,0,0,0,0,6,364,16
previous_best,directional_endpoint_30004,0,0,0,0,0,0,0,0,7,333,18
S,directional_endpoint_30004,10,0,0,8,0,1,23,0,19,335,30
J,directional_endpoint_30004,0,0,0,0,0,0,0,0,3,357,14
baseline,directional_endpoint_30004,0,0,0,0,0,1,8,0,12,329,23
JS,directional_endpoint_30004,10,0,0,7,0,0,0,0,3,357,14
O,directional_endpoint_30004,0,5,1,0,0,2,16,0,16,331,27
JO,directional_endpoint_30004,0,4,2,0,0,0,0,0,2,356,13
JSO,directional_endpoint_30004,10,5,2,6,0,0,0,0,3,357,14
SO,directional_endpoint_30004,10,4,0,7,0,1,23,0,20,335,31
aligned,directional_endpoint_30004,0,0,0,0,0,0,0,0,2,359,13
insert80,directional_endpoint_30004,0,0,0,0,0,0,0,0,3,345,14
insert200,directional_endpoint_30004,0,0,0,0,0,0,0,0,3,345,14
insert400,directional_endpoint_30004,0,0,0,0,0,0,0,0,3,346,14
bracket,directional_endpoint_30004,0,0,0,0,0,0,0,0,3,315,14
doptimal,directional_endpoint_30004,0,0,0,0,0,0,0,0,5,322,16
optical2,directional_endpoint_30004,0,0,0,0,0,1,8,0,12,329,23
JSO_p50,directional_endpoint_30004,11,5,2,7,0,0,0,0,3,357,14
optical4,directional_endpoint_30004,0,0,0,0,1,2,12,1,12,328,23
short_clear,directional_endpoint_30004,0,0,0,0,0,1,8,0,12,329,23
JSO_r120,directional_endpoint_30004,11,6,2,6,0,0,0,0,4,358,15
JSO_p85,directional_endpoint_30004,4,8,3,3,0,0,0,0,5,362,16
JSO_compact,directional_endpoint_30004,16,6,1,13,0,0,0,0,5,331,16
JSO_r160,directional_endpoint_30004,11,7,2,6,0,0,0,0,5,358,16
JSO_outer1980,directional_endpoint_30004,10,7,3,7,0,0,0,0,4,356,15
previous_best,directional_endpoint_30005,0,0,0,0,0,0,0,0,6,322,19
SO_doptimal,directional_endpoint_30004,11,6,2,10,0,0,0,0,4,324,15
S_doptimal,directional_endpoint_30004,8,0,0,6,0,0,0,0,3,358,14
baseline,directional_endpoint_30005,0,0,0,0,0,0,0,0,4,353,17
J,directional_endpoint_30005,0,0,0,0,0,0,0,0,7,333,20
S,directional_endpoint_30005,13,0,0,9,0,0,0,0,3,359,16
S_dopt_short,directional_endpoint_30004,10,0,0,9,0,0,0,0,4,319,15
O,directional_endpoint_30005,0,6,3,0,0,0,0,0,3,352,16
JS,directional_endpoint_30005,12,0,0,10,0,0,0,0,1,325,14
JSO_compact_dopt,directional_endpoint_30004,9,8,3,5,0,0,0,0,5,356,16
JSO,directional_endpoint_30005,11,5,4,8,0,0,0,0,1,324,14
SO,directional_endpoint_30005,13,5,2,9,0,0,0,0,3,359,16
insert200,directional_endpoint_30005,0,0,0,0,0,0,0,0,4,347,17
insert80,directional_endpoint_30005,0,0,0,0,0,0,0,0,3,362,16
doptimal,directional_endpoint_30005,0,0,0,0,0,0,0,0,0,341,13
JO,directional_endpoint_30005,0,8,1,0,0,0,0,0,7,333,20
aligned,directional_endpoint_30005,0,0,0,0,0,1,22,0,22,343,35
insert400,directional_endpoint_30005,0,0,0,0,0,0,0,0,4,356,17
optical2,directional_endpoint_30005,0,0,0,0,0,0,0,0,4,353,17
bracket,directional_endpoint_30005,0,0,0,0,0,0,0,0,5,347,18
JSO_p50,directional_endpoint_30005,11,5,4,8,0,0,0,0,1,324,14
JSO_p85,directional_endpoint_30005,9,5,3,6,0,0,0,0,2,327,15
optical4,directional_endpoint_30005,0,0,0,0,1,1,4,1,5,352,18
JSO_r120,directional_endpoint_30005,12,7,4,8,0,0,0,0,3,326,16
short_clear,directional_endpoint_30005,0,0,0,0,0,0,0,0,4,353,17
JSO_r160,directional_endpoint_30005,12,9,4,8,0,0,0,0,5,326,18
JSO_compact,directional_endpoint_30005,9,6,4,7,0,0,0,0,2,321,15
JSO_outer1980,directional_endpoint_30005,11,5,3,7,0,0,0,0,2,326,15
S_doptimal,directional_endpoint_30005,9,0,0,8,0,0,0,0,4,341,17
previous_best,directional_endpoint_30006,0,0,0,0,0,0,0,0,4,350,14
S_dopt_short,directional_endpoint_30005,4,0,0,4,0,0,0,0,1,338,14
J,directional_endpoint_30006,0,0,0,0,0,0,0,0,1,349,11
SO_doptimal,directional_endpoint_30005,6,4,1,5,0,0,0,0,3,339,16
JS,directional_endpoint_30006,11,0,0,10,0,0,0,0,2,349,12
S,directional_endpoint_30006,4,0,0,4,0,0,0,0,4,340,14
baseline,directional_endpoint_30006,0,0,0,0,0,0,0,0,6,344,16
O,directional_endpoint_30006,0,4,0,0,0,0,0,0,4,343,14
JO,directional_endpoint_30006,0,2,1,0,0,0,0,0,1,349,11
JSO_compact_dopt,directional_endpoint_30005,11,7,4,9,0,0,0,0,3,328,16
JSO,directional_endpoint_30006,11,3,1,10,0,0,0,0,2,349,12
insert80,directional_endpoint_30006,0,0,0,0,0,0,0,0,4,367,14
SO,directional_endpoint_30006,4,4,0,4,0,0,0,0,4,340,14
insert200,directional_endpoint_30006,0,0,0,0,0,0,0,0,5,370,15
insert400,directional_endpoint_30006,0,0,0,0,0,0,0,0,6,374,16
aligned,directional_endpoint_30006,0,0,0,0,0,0,0,0,2,341,12
doptimal,directional_endpoint_30006,0,0,0,0,0,0,0,0,4,400,14
bracket,directional_endpoint_30006,0,0,0,0,0,0,0,0,6,345,16
optical2,directional_endpoint_30006,0,0,0,0,0,0,0,0,6,344,16
JSO_p50,directional_endpoint_30006,12,3,2,10,0,0,0,0,1,350,11
JSO_p85,directional_endpoint_30006,9,3,1,8,0,0,0,0,2,346,12
optical4,directional_endpoint_30006,0,0,0,0,1,1,4,1,8,343,18
short_clear,directional_endpoint_30006,0,0,0,0,0,0,0,0,6,344,16
JSO_r120,directional_endpoint_30006,11,3,1,10,0,0,0,0,2,349,12
JSO_r160,directional_endpoint_30006,11,7,1,10,0,0,0,0,6,358,16
JSO_compact,directional_endpoint_30006,11,3,1,10,0,0,0,0,2,349,12
JSO_outer1980,directional_endpoint_30006,11,3,1,10,0,0,0,0,2,349,12
SO_doptimal,directional_endpoint_30006,5,6,1,4,0,0,0,0,5,400,15
S_doptimal,directional_endpoint_30006,8,0,0,8,0,0,0,0,2,396,12
S_dopt_short,directional_endpoint_30006,7,0,0,7,0,0,0,0,2,380,12
baseline,directional_endpoint_30007,0,0,0,0,0,0,0,0,4,203,20
JSO_compact_dopt,directional_endpoint_30006,9,4,0,6,0,0,0,0,4,352,14
previous_best,directional_endpoint_30007,0,0,0,0,0,0,0,0,9,189,25
J,directional_endpoint_30007,0,0,0,0,0,0,0,0,9,195,25
O,directional_endpoint_30007,0,8,4,0,0,0,0,0,4,203,20
JS,directional_endpoint_30007,17,0,0,13,0,0,0,0,6,210,22
S,directional_endpoint_30007,18,0,0,16,0,1,4,0,10,269,26
JSO,directional_endpoint_30007,16,9,2,11,0,0,0,0,7,211,23
JO,directional_endpoint_30007,0,10,3,0,0,0,0,0,7,195,23
insert400,directional_endpoint_30007,0,0,0,0,0,0,0,0,3,196,19
aligned,directional_endpoint_30007,0,0,0,0,0,0,0,0,5,211,21
insert200,directional_endpoint_30007,0,0,0,0,0,0,0,0,3,239,19
insert80,directional_endpoint_30007,0,0,0,0,0,0,0,0,4,239,20
SO,directional_endpoint_30007,19,10,2,14,0,0,0,0,8,237,24
bracket,directional_endpoint_30007,0,0,0,0,0,0,0,0,5,204,21
optical2,directional_endpoint_30007,0,0,0,0,0,0,0,0,4,203,20
short_clear,directional_endpoint_30007,0,0,0,0,0,0,0,0,4,203,20
optical4,directional_endpoint_30007,0,0,0,0,1,1,4,1,4,201,20
JSO_p50,directional_endpoint_30007,25,9,3,15,0,0,0,0,6,219,22
JSO_r160,directional_endpoint_30007,16,9,2,11,0,0,0,0,7,210,23
JSO_r120,directional_endpoint_30007,16,9,2,11,0,0,0,0,7,210,23
doptimal,directional_endpoint_30007,0,0,0,0,0,0,0,0,4,151,20
JSO_compact,directional_endpoint_30007,16,9,1,11,0,0,0,0,8,213,24
JSO_p85,directional_endpoint_30007,11,9,3,9,0,0,0,0,6,208,22
JSO_outer1980,directional_endpoint_30007,16,9,2,11,0,0,0,0,7,211,23
previous_best,directional_endpoint_30008,0,0,0,0,0,0,0,0,9,320,22
baseline,directional_endpoint_30008,0,0,0,0,0,0,0,0,7,309,20
J,directional_endpoint_30008,0,0,0,0,0,0,0,0,7,312,20
S_doptimal,directional_endpoint_30007,18,0,0,17,0,0,0,0,4,164,20
O,directional_endpoint_30008,0,6,1,0,0,0,0,0,5,310,18
JS,directional_endpoint_30008,8,0,0,6,0,0,0,0,7,309,20
S,directional_endpoint_30008,5,0,0,5,0,0,0,0,8,314,21
S_dopt_short,directional_endpoint_30007,19,0,0,18,0,0,0,0,4,165,20
JSO_compact_dopt,directional_endpoint_30007,16,12,3,12,0,0,0,0,9,218,25
SO_doptimal,directional_endpoint_30007,15,7,2,13,0,0,0,0,5,197,21
JO,directional_endpoint_30008,0,8,3,0,0,0,0,0,5,308,18
SO,directional_endpoint_30008,3,7,1,3,0,0,0,0,6,312,19
JSO,directional_endpoint_30008,8,6,1,6,0,0,0,0,5,307,18
insert400,directional_endpoint_30008,0,0,0,0,0,0,0,0,4,310,17
insert200,directional_endpoint_30008,0,0,0,0,0,0,0,0,5,312,18
aligned,directional_endpoint_30008,0,0,0,0,0,0,0,0,7,329,20
insert80,directional_endpoint_30008,0,0,0,0,0,0,0,0,5,319,18
doptimal,directional_endpoint_30008,0,0,0,0,0,0,0,0,6,330,19
optical2,directional_endpoint_30008,0,0,0,0,0,0,0,0,7,309,20
bracket,directional_endpoint_30008,0,0,0,0,0,0,0,0,9,312,22
optical4,directional_endpoint_30008,0,0,0,0,2,2,8,2,8,307,21
short_clear,directional_endpoint_30008,0,0,0,0,0,0,0,0,8,322,21
JSO_p50,directional_endpoint_30008,10,8,2,6,0,0,0,0,6,308,19
JSO_r120,directional_endpoint_30008,8,7,1,6,0,0,0,0,6,306,19
JSO_r160,directional_endpoint_30008,8,9,2,6,0,0,0,0,7,304,20
JSO_p85,directional_endpoint_30008,7,7,2,5,0,0,0,0,5,310,18
JSO_compact,directional_endpoint_30008,11,8,2,7,0,0,0,0,6,311,19
JSO_outer1980,directional_endpoint_30008,8,7,1,6,0,0,0,0,6,310,19
SO_doptimal,directional_endpoint_30008,4,7,2,4,0,0,0,0,5,306,18
S_doptimal,directional_endpoint_30008,5,0,0,5,0,0,0,0,5,307,18
S_dopt_short,directional_endpoint_30008,8,0,0,7,0,0,0,0,3,324,16
previous_best,directional_endpoint_30009,0,0,0,0,0,0,0,0,6,277,19
baseline,directional_endpoint_30009,0,0,0,0,0,0,0,0,3,318,16
J,directional_endpoint_30009,0,0,0,0,0,0,0,0,7,279,20
S,directional_endpoint_30009,14,0,0,12,0,0,0,0,4,319,17
JSO_compact_dopt,directional_endpoint_30008,9,9,3,7,0,0,0,0,6,303,19
JS,directional_endpoint_30009,13,0,0,12,0,0,0,0,4,280,17
JO,directional_endpoint_30009,0,6,1,0,0,0,0,0,5,276,18
JSO,directional_endpoint_30009,15,6,1,14,0,0,0,0,5,281,18
insert80,directional_endpoint_30009,0,0,0,0,0,0,0,0,5,306,18
O,directional_endpoint_30009,0,5,0,0,0,0,0,0,5,356,18
insert200,directional_endpoint_30009,0,0,0,0,0,0,0,0,8,312,21
insert400,directional_endpoint_30009,0,0,0,0,0,0,0,0,5,274,18
aligned,directional_endpoint_30009,0,0,0,0,0,0,0,0,4,308,17
doptimal,directional_endpoint_30009,0,0,0,0,0,0,0,0,4,306,17
SO,directional_endpoint_30009,7,6,0,3,0,0,0,0,6,356,19
bracket,directional_endpoint_30009,0,0,0,0,0,0,0,0,7,358,20
optical4,directional_endpoint_30009,0,0,0,0,0,0,0,0,3,318,16
optical2,directional_endpoint_30009,0,0,0,0,0,0,0,0,3,318,16
short_clear,directional_endpoint_30009,0,0,0,0,0,0,0,0,3,318,16
JSO_p50,directional_endpoint_30009,15,6,1,14,0,0,0,0,5,281,18
JSO_r160,directional_endpoint_30009,10,10,1,7,0,0,0,0,9,283,22
JSO_r120,directional_endpoint_30009,11,9,1,8,0,0,0,0,8,284,21
JSO_p85,directional_endpoint_30009,12,8,1,12,0,0,0,0,7,286,20
JSO_compact,directional_endpoint_30009,14,6,0,14,0,0,0,0,6,281,19
JSO_outer1980,directional_endpoint_30009,15,6,0,14,0,0,0,0,6,282,19
S_dopt_short,directional_endpoint_30009,7,0,0,6,0,0,0,0,2,307,15
S_doptimal,directional_endpoint_30009,7,0,0,6,0,0,0,0,4,313,17
S,directional_endpoint_30010,14,0,0,12,0,0,0,0,6,311,17
baseline,directional_endpoint_30010,0,0,0,0,0,0,0,0,7,331,18
previous_best,directional_endpoint_30010,0,0,0,0,0,0,0,0,6,332,17
J,directional_endpoint_30010,0,0,0,0,0,0,0,0,7,336,18
SO_doptimal,directional_endpoint_30009,7,5,1,5,0,0,0,0,4,315,17
O,directional_endpoint_30010,0,8,1,0,0,0,0,0,7,329,18
JSO_compact_dopt,directional_endpoint_30009,15,8,2,13,0,0,0,0,6,308,19
JS,directional_endpoint_30010,16,0,0,12,0,0,0,0,8,316,19
JO,directional_endpoint_30010,0,7,2,0,0,0,0,0,5,336,16
SO,directional_endpoint_30010,14,8,1,13,0,0,0,0,7,313,18
insert80,directional_endpoint_30010,0,0,0,0,0,0,0,0,6,324,17
JSO,directional_endpoint_30010,15,7,0,11,0,0,0,0,7,318,18
insert200,directional_endpoint_30010,0,0,0,0,0,0,0,0,7,323,18
bracket,directional_endpoint_30010,0,0,0,0,0,0,0,0,8,330,19
optical2,directional_endpoint_30010,0,0,0,0,0,0,0,0,7,331,18
aligned,directional_endpoint_30010,0,0,0,0,0,0,0,0,5,329,16
insert400,directional_endpoint_30010,0,0,0,0,0,0,0,0,10,327,21
doptimal,directional_endpoint_30010,0,0,0,0,0,0,0,0,5,316,16
short_clear,directional_endpoint_30010,0,0,0,0,0,0,0,0,5,316,16
optical4,directional_endpoint_30010,0,0,0,0,2,2,8,2,8,330,19
JSO_p50,directional_endpoint_30010,17,7,0,12,0,0,0,0,7,320,18
JSO_p85,directional_endpoint_30010,14,7,0,11,0,0,0,0,7,318,18
JSO_r120,directional_endpoint_30010,14,8,0,10,0,0,0,0,8,318,19
JSO_r160,directional_endpoint_30010,11,8,1,8,0,0,0,0,7,316,18
JSO_outer1980,directional_endpoint_30010,15,7,1,11,0,0,0,0,6,316,17
JSO_compact,directional_endpoint_30010,15,7,0,11,0,0,0,0,7,320,18
S_doptimal,directional_endpoint_30010,14,0,0,12,0,0,0,0,5,324,16
SO_doptimal,directional_endpoint_30010,7,5,1,6,0,0,0,0,4,319,15
previous_best,directional_endpoint_30011,0,0,0,0,0,0,0,0,5,326,15
J,directional_endpoint_30011,0,0,0,0,0,0,0,0,4,323,14
baseline,directional_endpoint_30011,0,0,0,0,0,0,0,0,2,337,12
S_dopt_short,directional_endpoint_30010,14,0,0,12,0,0,0,0,6,325,17
S,directional_endpoint_30011,11,0,0,10,0,0,0,0,3,336,13
JS,directional_endpoint_30011,11,0,0,8,0,0,0,0,5,326,15
JSO_compact_dopt,directional_endpoint_30010,15,8,2,11,0,0,0,0,6,315,17
O,directional_endpoint_30011,0,1,0,0,0,0,0,0,1,337,11
JO,directional_endpoint_30011,0,4,0,0,0,0,0,0,4,324,14
SO,directional_endpoint_30011,10,3,1,9,0,0,0,0,2,334,12
insert200,directional_endpoint_30011,0,0,0,0,0,0,0,0,6,324,16
insert80,directional_endpoint_30011,0,0,0,0,0,0,0,0,5,322,15
JSO,directional_endpoint_30011,11,6,0,7,0,0,0,0,6,332,16
insert400,directional_endpoint_30011,0,0,0,0,0,0,0,0,4,326,14
optical2,directional_endpoint_30011,0,0,0,0,0,0,0,0,2,337,12
aligned,directional_endpoint_30011,0,0,0,0,0,0,0,0,4,337,14
optical4,directional_endpoint_30011,0,0,0,0,0,0,0,0,2,337,12
JSO_p50,directional_endpoint_30011,13,6,0,7,0,0,0,0,6,335,16
bracket,directional_endpoint_30011,0,0,0,0,0,0,0,0,4,330,14
short_clear,directional_endpoint_30011,0,0,0,0,0,0,0,0,2,338,12
JSO_p85,directional_endpoint_30011,8,4,0,6,0,0,0,0,4,329,14
JSO_r120,directional_endpoint_30011,11,7,1,7,0,0,0,0,6,331,16
JSO_r160,directional_endpoint_30011,11,7,1,7,0,0,0,0,6,331,16
doptimal,directional_endpoint_30011,0,0,0,0,0,0,0,0,1,344,11
JSO_outer1980,directional_endpoint_30011,11,6,0,7,0,0,0,0,6,332,16
JSO_compact,directional_endpoint_30011,11,6,0,7,0,0,0,0,6,334,16
previous_best,directional_endpoint_30012,0,0,0,0,0,0,0,0,7,320,19
baseline,directional_endpoint_30012,0,0,0,0,0,1,7,0,7,300,19
J,directional_endpoint_30012,0,0,0,0,0,0,0,0,5,319,17
S,directional_endpoint_30012,9,0,0,8,0,0,0,0,2,323,14
S_dopt_short,directional_endpoint_30011,13,0,0,12,0,0,0,0,4,343,14
JS,directional_endpoint_30012,14,0,0,12,0,0,0,0,3,319,15
S_doptimal,directional_endpoint_30011,13,0,0,12,0,0,0,0,4,343,14
SO_doptimal,directional_endpoint_30011,11,4,0,8,0,0,0,0,4,343,14
JSO_compact_dopt,directional_endpoint_30011,13,7,1,10,0,0,0,0,6,345,16
SO,directional_endpoint_30012,6,5,2,6,0,0,0,0,3,321,15
JO,directional_endpoint_30012,0,5,0,0,0,0,0,0,5,319,17
JSO,directional_endpoint_30012,13,6,2,12,0,0,0,0,4,320,16
O,directional_endpoint_30012,0,6,3,0,0,1,7,0,6,300,18
insert200,directional_endpoint_30012,0,0,0,0,0,0,0,0,5,329,17
insert80,directional_endpoint_30012,0,0,0,0,0,0,0,0,7,331,19
insert400,directional_endpoint_30012,0,0,0,0,0,0,0,0,7,333,19
bracket,directional_endpoint_30012,0,0,0,0,0,0,0,0,3,295,15
aligned,directional_endpoint_30012,0,0,0,0,0,0,0,0,3,292,15
optical2,directional_endpoint_30012,0,0,0,0,0,1,7,0,7,300,19
optical4,directional_endpoint_30012,0,0,0,0,0,1,7,0,7,300,19
short_clear,directional_endpoint_30012,0,0,0,0,0,1,7,0,7,300,19
JSO_p50,directional_endpoint_30012,13,7,1,10,0,0,0,0,6,325,18
JSO_outer1980,directional_endpoint_30012,13,6,2,12,0,0,0,0,4,320,16
JSO_r160,directional_endpoint_30012,13,8,1,11,0,0,0,0,7,324,19
JSO_compact,directional_endpoint_30012,13,6,2,12,0,0,0,0,4,320,16
JSO_r120,directional_endpoint_30012,13,8,1,11,0,0,0,0,7,324,19
JSO_p85,directional_endpoint_30012,8,6,1,5,0,0,0,0,5,323,17
doptimal,directional_endpoint_30012,0,0,0,0,0,0,0,0,5,301,17
JSO_compact_dopt,directional_endpoint_30012,13,7,3,12,0,0,0,0,4,318,16
J,directional_endpoint_30013,0,0,0,0,0,0,0,0,3,218,19
previous_best,directional_endpoint_30013,0,0,0,0,0,0,0,0,8,221,24
O,directional_endpoint_30013,0,5,3,0,0,0,0,0,2,242,18
S,directional_endpoint_30013,16,0,0,12,0,0,0,0,5,237,21
baseline,directional_endpoint_30013,0,0,0,0,0,0,0,0,4,243,20
JS,directional_endpoint_30013,22,0,0,19,0,0,0,0,4,229,20
JO,directional_endpoint_30013,0,5,3,0,0,0,0,0,2,217,18
S_doptimal,directional_endpoint_30012,15,0,0,12,0,0,0,0,5,310,17
SO_doptimal,directional_endpoint_30012,14,6,1,11,0,0,0,0,5,308,17
S_dopt_short,directional_endpoint_30012,15,0,0,12,0,0,0,0,4,310,16
SO,directional_endpoint_30013,12,9,2,9,0,0,0,0,7,234,23
JSO,directional_endpoint_30013,18,8,4,13,0,0,0,0,4,225,20
aligned,directional_endpoint_30013,0,0,0,0,0,0,0,0,7,193,23
insert80,directional_endpoint_30013,0,0,0,0,0,0,0,0,9,254,25
insert400,directional_endpoint_30013,0,0,0,0,0,0,0,0,8,253,24
insert200,directional_endpoint_30013,0,0,0,0,0,0,0,0,10,255,26
bracket,directional_endpoint_30013,0,0,0,0,0,0,0,0,8,220,24
optical4,directional_endpoint_30013,0,0,0,0,1,1,4,1,6,241,22
doptimal,directional_endpoint_30013,0,0,0,0,0,0,0,0,4,231,20
JSO_p85,directional_endpoint_30013,11,9,3,7,0,0,0,0,6,177,22
short_clear,directional_endpoint_30013,0,0,0,0,0,0,0,0,5,243,21
optical2,directional_endpoint_30013,0,0,0,0,0,0,0,0,4,243,20
JSO_p50,directional_endpoint_30013,25,11,4,16,0,0,0,0,7,230,23
JSO_r160,directional_endpoint_30013,18,10,5,13,0,0,0,0,5,224,21
JSO_r120,directional_endpoint_30013,18,9,5,13,0,0,0,0,4,224,20
JSO_compact,directional_endpoint_30013,17,9,5,13,0,0,0,0,4,226,20
JSO_outer1980,directional_endpoint_30013,18,8,4,13,0,0,0,0,4,225,20
JSO_compact_dopt,directional_endpoint_30013,17,9,5,14,0,0,0,0,4,228,20
previous_best,directional_endpoint_30014,0,0,0,0,0,0,0,0,8,284,23
baseline,directional_endpoint_30014,0,0,0,0,0,0,0,0,6,277,21
S_dopt_short,directional_endpoint_30013,23,0,0,15,0,0,0,0,9,275,25
S,directional_endpoint_30014,19,0,0,17,0,0,0,0,9,277,24
S_doptimal,directional_endpoint_30013,22,0,0,14,0,0,0,0,8,261,24
J,directional_endpoint_30014,0,0,0,0,0,0,0,0,10,288,25
SO_doptimal,directional_endpoint_30013,11,6,1,9,0,1,8,0,5,267,21
O,directional_endpoint_30014,0,8,4,0,0,0,0,0,4,276,19
JS,directional_endpoint_30014,20,0,0,16,0,0,0,0,9,292,24
JO,directional_endpoint_30014,0,12,2,0,0,0,0,0,10,288,25
SO,directional_endpoint_30014,18,10,2,15,0,0,0,0,8,277,23
insert80,directional_endpoint_30014,0,0,0,0,0,0,0,0,4,316,19
JSO,directional_endpoint_30014,17,13,2,13,0,0,0,0,11,294,26
insert400,directional_endpoint_30014,0,0,0,0,0,0,0,0,4,325,19
insert200,directional_endpoint_30014,0,0,0,0,0,0,0,0,3,319,18
optical2,directional_endpoint_30014,0,0,0,0,0,0,0,0,6,277,21
aligned,directional_endpoint_30014,0,0,0,0,0,0,0,0,4,249,19
bracket,directional_endpoint_30014,0,0,0,0,0,0,0,0,6,291,21
JSO_p50,directional_endpoint_30014,17,11,4,11,0,0,0,0,7,279,22
optical4,directional_endpoint_30014,0,0,0,0,1,1,4,1,7,275,22
JSO_p85,directional_endpoint_30014,11,11,4,9,0,0,0,0,7,274,22
short_clear,directional_endpoint_30014,0,0,0,0,0,0,0,0,7,277,22
doptimal,directional_endpoint_30014,0,0,0,0,0,0,0,0,4,251,19
JSO_r120,directional_endpoint_30014,16,14,3,12,0,0,0,0,11,296,26
JSO_compact,directional_endpoint_30014,17,13,3,13,0,0,0,0,10,293,25
JSO_r160,directional_endpoint_30014,16,14,3,12,0,0,0,0,11,296,26
JSO_outer1980,directional_endpoint_30014,18,13,2,14,0,0,0,0,11,299,26
baseline,directional_endpoint_30015,0,0,0,0,0,1,28,0,25,306,38
J,directional_endpoint_30015,0,0,0,0,0,0,0,0,5,292,18
S,directional_endpoint_30015,10,0,0,7,0,0,0,0,0,265,13
O,directional_endpoint_30015,0,3,1,0,0,1,28,0,25,306,38
S_doptimal,directional_endpoint_30014,15,0,0,13,0,0,0,0,7,256,22
previous_best,directional_endpoint_30015,0,0,0,0,0,0,0,0,7,304,20
JS,directional_endpoint_30015,17,0,0,13,0,0,0,0,4,299,17
SO_doptimal,directional_endpoint_30014,14,8,1,11,0,0,0,0,7,259,22
S_dopt_short,directional_endpoint_30014,14,0,0,12,0,0,0,0,7,256,22
JO,directional_endpoint_30015,0,6,1,0,0,0,0,0,5,291,18
JSO_compact_dopt,directional_endpoint_30014,19,11,3,13,0,0,0,0,8,292,23
SO,directional_endpoint_30015,9,3,2,6,0,0,0,0,1,270,14
JSO,directional_endpoint_30015,14,6,2,10,0,0,0,0,4,296,17
insert200,directional_endpoint_30015,0,0,0,0,0,0,0,0,6,335,19
insert400,directional_endpoint_30015,0,0,0,0,0,0,0,0,6,337,19
insert80,directional_endpoint_30015,0,0,0,0,0,0,0,0,5,323,18
bracket,directional_endpoint_30015,0,0,0,0,0,0,0,0,3,301,16
aligned,directional_endpoint_30015,0,0,0,0,0,0,0,0,5,311,18
JSO_p50,directional_endpoint_30015,18,6,2,11,0,0,0,0,4,299,17
optical2,directional_endpoint_30015,0,0,0,0,0,1,28,0,25,306,38
doptimal,directional_endpoint_30015,0,0,0,0,0,0,0,0,5,304,18
JSO_r120,directional_endpoint_30015,13,7,3,9,0,0,0,0,4,294,17
short_clear,directional_endpoint_30015,0,0,0,0,0,0,0,0,2,306,15
JSO_r160,directional_endpoint_30015,12,8,3,8,0,0,0,0,5,294,18
JSO_p85,directional_endpoint_30015,12,7,4,9,0,0,0,0,3,293,16
optical4,directional_endpoint_30015,0,0,0,0,0,1,28,0,25,306,38
JSO_compact,directional_endpoint_30015,16,6,2,12,0,0,0,0,4,299,17
JSO_outer1980,directional_endpoint_30015,14,6,2,10,0,0,0,0,4,296,17
baseline,directional_endpoint_30016,0,0,0,0,0,1,31,0,33,245,49
S_dopt_short,directional_endpoint_30015,9,0,0,8,0,0,0,0,6,285,19
S,directional_endpoint_30016,11,0,0,9,0,0,0,0,6,253,22
J,directional_endpoint_30016,0,0,0,0,0,0,0,0,4,175,20
previous_best,directional_endpoint_30016,0,0,0,0,0,0,0,0,8,176,24
SO_doptimal,directional_endpoint_30015,7,8,3,6,0,0,0,0,5,307,18
JS,directional_endpoint_30016,18,0,0,16,0,0,0,0,6,173,22
S_doptimal,directional_endpoint_30015,8,0,0,7,0,0,0,0,5,308,18
JSO_compact_dopt,directional_endpoint_30015,15,8,2,11,0,0,0,0,6,298,19
O,directional_endpoint_30016,0,7,3,0,0,1,31,0,33,245,49
SO,directional_endpoint_30016,9,9,3,8,0,0,0,0,6,248,22
JSO,directional_endpoint_30016,20,12,2,15,0,0,0,0,10,226,26
JO,directional_endpoint_30016,0,8,4,0,0,0,0,0,4,175,20
bracket,directional_endpoint_30016,0,0,0,0,0,0,0,0,4,223,20
aligned,directional_endpoint_30016,0,0,0,0,0,0,0,0,4,246,20
optical2,directional_endpoint_30016,0,0,0,0,0,1,31,0,33,245,49
insert400,directional_endpoint_30016,0,0,0,0,0,0,0,0,3,290,19
insert80,directional_endpoint_30016,0,0,0,0,0,0,0,0,4,232,20
doptimal,directional_endpoint_30016,0,0,0,0,0,0,0,0,4,217,20
insert200,directional_endpoint_30016,0,0,0,0,0,0,0,0,4,233,20
optical4,directional_endpoint_30016,0,0,0,0,1,2,35,1,35,244,51
short_clear,directional_endpoint_30016,0,0,0,0,0,1,31,0,33,249,49
JSO_r120,directional_endpoint_30016,18,13,3,14,0,0,0,0,10,222,26
JSO_p50,directional_endpoint_30016,25,12,2,17,0,0,0,0,10,231,26
JSO_p85,directional_endpoint_30016,15,11,4,13,0,0,0,0,7,175,23
JSO_r160,directional_endpoint_30016,17,13,2,12,0,0,0,0,11,223,27
JSO_compact,directional_endpoint_30016,21,11,2,16,0,0,0,0,9,227,25
JSO_outer1980,directional_endpoint_30016,20,12,2,15,0,0,0,0,10,226,26
SO_doptimal,directional_endpoint_30016,17,9,4,16,0,0,0,0,5,240,21
S_dopt_short,directional_endpoint_30016,20,0,0,19,0,0,0,0,4,243,20
S_doptimal,directional_endpoint_30016,20,0,0,19,0,0,0,0,5,246,21
baseline,directional_endpoint_30017,0,0,0,0,0,0,0,0,7,338,19
S,directional_endpoint_30017,10,0,0,9,0,0,0,0,4,328,16
J,directional_endpoint_30017,0,0,0,0,0,1,7,0,15,294,27
previous_best,directional_endpoint_30017,0,0,0,0,0,1,7,0,15,291,27
JS,directional_endpoint_30017,21,0,0,17,0,0,0,0,4,293,16
O,directional_endpoint_30017,0,1,0,0,0,0,0,0,1,322,13
JSO_compact_dopt,directional_endpoint_30016,17,10,4,16,0,0,0,0,6,176,22
SO,directional_endpoint_30017,9,2,0,8,0,0,0,0,2,326,14
JO,directional_endpoint_30017,0,7,0,0,0,1,7,0,12,294,24
insert80,directional_endpoint_30017,0,0,0,0,0,0,0,0,3,324,15
JSO,directional_endpoint_30017,17,7,1,14,0,0,0,0,6,289,18
aligned,directional_endpoint_30017,0,0,0,0,0,0,0,0,3,322,15
insert200,directional_endpoint_30017,0,0,0,0,0,0,0,0,4,322,16
insert400,directional_endpoint_30017,0,0,0,0,0,0,0,0,6,323,18
optical2,directional_endpoint_30017,0,0,0,0,0,0,0,0,7,338,19
bracket,directional_endpoint_30017,0,0,0,0,0,0,0,0,8,342,20
doptimal,directional_endpoint_30017,0,0,0,0,0,0,0,0,3,322,15
short_clear,directional_endpoint_30017,0,0,0,0,0,0,0,0,7,338,19
JSO_p50,directional_endpoint_30017,17,8,2,13,0,0,0,0,6,286,18
optical4,directional_endpoint_30017,0,0,0,0,1,1,4,1,8,337,20
JSO_r120,directional_endpoint_30017,16,9,1,13,0,1,4,0,10,289,22
JSO_p85,directional_endpoint_30017,9,4,0,7,0,0,0,0,4,306,16
JSO_r160,directional_endpoint_30017,16,10,1,12,0,1,4,0,11,291,23
JSO_compact,directional_endpoint_30017,13,9,1,12,0,0,0,0,8,287,20
JSO_outer1980,directional_endpoint_30017,13,5,0,10,0,0,0,0,5,305,17
S_doptimal,directional_endpoint_30017,12,0,0,9,0,0,0,0,6,330,18
SO_doptimal,directional_endpoint_30017,8,6,0,6,0,0,0,0,6,328,18
JSO_compact_dopt,directional_endpoint_30017,10,9,1,9,0,0,0,0,8,278,20
S_dopt_short,directional_endpoint_30017,8,0,0,6,0,0,0,0,5,320,17
baseline,directional_endpoint_30018,0,0,0,0,0,0,0,0,4,197,20
S,directional_endpoint_30018,14,0,0,12,0,0,0,0,4,218,20
J,directional_endpoint_30018,0,0,0,0,0,0,0,0,9,203,25
O,directional_endpoint_30018,0,5,0,0,0,0,0,0,5,198,21
JS,directional_endpoint_30018,18,0,0,14,0,0,0,0,7,170,23
previous_best,directional_endpoint_30018,0,0,0,0,0,0,0,0,10,201,26
SO,directional_endpoint_30018,9,5,1,7,0,0,0,0,4,215,20
JSO,directional_endpoint_30018,16,11,4,12,0,0,0,0,7,168,23
insert200,directional_endpoint_30018,0,0,0,0,0,0,0,0,8,195,24
aligned,directional_endpoint_30018,0,0,0,0,0,0,0,0,8,205,24
JO,directional_endpoint_30018,0,10,0,0,0,0,0,0,10,204,26
insert400,directional_endpoint_30018,0,0,0,0,0,0,0,0,8,202,24
insert80,directional_endpoint_30018,0,0,0,0,0,0,0,0,7,193,23
bracket,directional_endpoint_30018,0,0,0,0,0,0,0,0,5,198,21
optical2,directional_endpoint_30018,0,0,0,0,0,0,0,0,4,197,20
JSO_r120,directional_endpoint_30018,16,12,4,13,0,0,0,0,8,168,24
JSO_r160,directional_endpoint_30018,16,12,4,13,0,0,0,0,8,167,24
JSO_p85,directional_endpoint_30018,12,10,4,9,0,0,0,0,6,183,22
JSO_compact,directional_endpoint_30018,16,10,3,12,0,0,0,0,7,169,23
JSO_p50,directional_endpoint_30018,21,9,3,17,0,0,0,0,6,195,22
short_clear,directional_endpoint_30018,0,0,0,0,0,0,0,0,4,200,20
optical4,directional_endpoint_30018,0,0,0,0,1,1,4,1,4,196,20
doptimal,directional_endpoint_30018,0,0,0,0,0,0,0,0,5,193,21
JSO_outer1980,directional_endpoint_30018,18,11,3,14,0,1,4,0,10,176,26
baseline,directional_endpoint_30019,0,0,0,0,0,0,0,0,5,314,17
J,directional_endpoint_30019,0,0,0,0,0,0,0,0,6,306,18
S,directional_endpoint_30019,15,0,0,14,0,0,0,0,5,307,17
JS,directional_endpoint_30019,16,0,0,16,0,0,0,0,5,289,17
O,directional_endpoint_30019,0,5,1,0,0,0,0,0,4,315,16
previous_best,directional_endpoint_30019,0,0,0,0,0,0,0,0,8,317,20
S_doptimal,directional_endpoint_30018,14,0,0,12,0,0,0,0,5,219,21
JSO,directional_endpoint_30019,14,10,2,11,0,0,0,0,8,312,20
JO,directional_endpoint_30019,0,7,2,0,0,0,0,0,5,305,17
insert80,directional_endpoint_30019,0,0,0,0,0,0,0,0,6,294,18
insert200,directional_endpoint_30019,0,0,0,0,0,0,0,0,5,314,17
JSO_compact_dopt,directional_endpoint_30018,18,8,2,14,0,0,0,0,6,171,22
SO,directional_endpoint_30019,12,6,2,10,0,0,0,0,4,306,16
aligned,directional_endpoint_30019,0,0,0,0,0,0,0,0,4,312,16
S_dopt_short,directional_endpoint_30018,15,0,0,14,0,0,0,0,7,190,23
insert400,directional_endpoint_30019,0,0,0,0,0,0,0,0,9,300,21
SO_doptimal,directional_endpoint_30018,11,6,1,8,0,0,0,0,5,243,21
optical2,directional_endpoint_30019,0,0,0,0,0,0,0,0,5,314,17
bracket,directional_endpoint_30019,0,0,0,0,0,0,0,0,7,333,19
JSO_r160,directional_endpoint_30019,12,8,4,11,0,0,0,0,4,284,16
JSO_p85,directional_endpoint_30019,13,7,1,11,0,0,0,0,6,304,18
short_clear,directional_endpoint_30019,0,0,0,0,0,0,0,0,5,314,17
optical4,directional_endpoint_30019,0,0,0,0,2,2,8,2,9,311,21
JSO_p50,directional_endpoint_30019,17,8,1,14,0,0,0,0,7,310,19
JSO_r120,directional_endpoint_30019,12,7,4,11,0,0,0,0,3,283,15
doptimal,directional_endpoint_30019,0,0,0,0,0,0,0,0,5,307,17
JSO_compact,directional_endpoint_30019,15,10,2,13,0,0,0,0,8,310,20
JSO_outer1980,directional_endpoint_30019,14,10,2,12,0,0,0,0,8,309,20
J,directional_endpoint_30020,0,0,0,0,0,0,0,0,7,260,22
previous_best,directional_endpoint_30020,0,0,0,0,0,0,0,0,5,225,20
baseline,directional_endpoint_30020,0,0,0,0,0,0,0,0,9,266,24
JSO_compact_dopt,directional_endpoint_30019,13,6,1,11,0,0,0,0,5,305,17
SO_doptimal,directional_endpoint_30019,9,7,0,8,0,0,0,0,7,305,19
JS,directional_endpoint_30020,15,0,0,10,0,0,0,0,7,243,22
S,directional_endpoint_30020,17,0,0,15,0,0,0,0,6,269,21
S_dopt_short,directional_endpoint_30019,11,0,0,8,0,0,0,0,7,303,19
S_doptimal,directional_endpoint_30019,11,0,0,8,0,0,0,0,7,303,19
O,directional_endpoint_30020,0,7,0,0,0,0,0,0,7,266,22
JO,directional_endpoint_30020,0,9,1,0,0,0,0,0,8,261,23
JSO,directional_endpoint_30020,14,9,4,9,0,0,0,0,5,243,20
SO,directional_endpoint_30020,15,7,3,15,0,0,0,0,4,268,19
aligned,directional_endpoint_30020,0,0,0,0,0,0,0,0,5,239,20
insert200,directional_endpoint_30020,0,0,0,0,0,0,0,0,6,283,21
insert80,directional_endpoint_30020,0,0,0,0,0,0,0,0,5,283,20
insert400,directional_endpoint_30020,0,0,0,0,0,0,0,0,5,277,20
optical2,directional_endpoint_30020,0,0,0,0,0,0,0,0,9,266,24
optical4,directional_endpoint_30020,0,0,0,0,3,3,12,3,9,261,24
doptimal,directional_endpoint_30020,0,0,0,0,0,0,0,0,4,255,19
bracket,directional_endpoint_30020,0,0,0,0,0,0,0,0,12,271,27
JSO_p85,directional_endpoint_30020,13,8,1,12,0,0,0,0,7,273,22
JSO_p50,directional_endpoint_30020,22,9,3,13,0,0,0,0,6,247,21
short_clear,directional_endpoint_30020,0,0,0,0,0,0,0,0,9,266,24
JSO_r120,directional_endpoint_30020,14,9,4,9,0,0,0,0,5,243,20
JSO_r160,directional_endpoint_30020,13,10,4,8,0,0,0,0,6,245,21
JSO_compact,directional_endpoint_30020,13,9,3,10,0,0,0,0,6,240,21
JSO_outer1980,directional_endpoint_30020,14,9,4,9,0,0,0,0,5,243,20
baseline,directional_endpoint_30021,0,0,0,0,0,0,0,0,2,263,18
previous_best,directional_endpoint_30021,0,0,0,0,0,0,0,0,8,281,24
J,directional_endpoint_30021,0,0,0,0,0,0,0,0,6,249,22
O,directional_endpoint_30021,0,6,4,0,0,0,0,0,2,263,18
S,directional_endpoint_30021,7,0,0,5,0,0,0,0,2,246,18
S_dopt_short,directional_endpoint_30020,18,0,0,16,0,0,0,0,7,257,22
SO_doptimal,directional_endpoint_30020,12,6,2,10,0,0,0,0,4,279,19
S_doptimal,directional_endpoint_30020,14,0,0,13,0,0,0,0,8,281,23
JSO_compact_dopt,directional_endpoint_30020,21,8,4,14,0,0,0,0,4,231,19
JS,directional_endpoint_30021,17,0,0,13,0,0,0,0,7,265,23
JO,directional_endpoint_30021,0,10,3,0,0,0,0,0,7,250,23
SO,directional_endpoint_30021,6,4,1,5,0,0,0,0,3,246,19
insert80,directional_endpoint_30021,0,0,0,0,0,1,7,0,10,263,26
aligned,directional_endpoint_30021,0,0,0,0,0,0,0,0,3,264,19
JSO,directional_endpoint_30021,14,10,4,10,0,0,0,0,6,258,22
bracket,directional_endpoint_30021,0,0,0,0,0,0,0,0,2,263,18
insert200,directional_endpoint_30021,0,0,0,0,0,1,7,0,9,266,25
insert400,directional_endpoint_30021,0,0,0,0,0,1,7,0,10,288,26
optical2,directional_endpoint_30021,0,0,0,0,0,0,0,0,2,263,18
optical4,directional_endpoint_30021,0,0,0,0,1,1,4,1,4,262,20
short_clear,directional_endpoint_30021,0,0,0,0,0,0,0,0,2,263,18
doptimal,directional_endpoint_30021,0,0,0,0,0,0,0,0,3,289,19
JSO_r120,directional_endpoint_30021,15,10,3,11,0,0,0,0,7,258,23
JSO_r160,directional_endpoint_30021,16,12,2,12,0,0,0,0,10,259,26
JSO_p50,directional_endpoint_30021,19,11,3,15,0,0,0,0,8,253,24
JSO_compact,directional_endpoint_30021,16,12,2,13,0,0,0,0,10,259,26
JSO_p85,directional_endpoint_30021,13,10,5,9,0,0,0,0,5,262,21
JSO_outer1980,directional_endpoint_30021,14,10,4,10,0,0,0,0,6,258,22
baseline,directional_endpoint_30022,0,0,0,0,0,0,0,0,2,336,13
J,directional_endpoint_30022,0,0,0,0,0,0,0,0,3,324,14
S,directional_endpoint_30022,7,0,0,6,0,0,0,0,2,338,13
previous_best,directional_endpoint_30022,0,0,0,0,0,0,0,0,6,326,17
O,directional_endpoint_30022,0,6,0,0,0,0,0,0,6,355,17
JS,directional_endpoint_30022,13,0,0,11,0,0,0,0,5,334,16
S_doptimal,directional_endpoint_30021,9,0,0,9,0,0,0,0,1,290,17
JO,directional_endpoint_30022,0,3,0,0,0,0,0,0,3,324,14
SO_doptimal,directional_endpoint_30021,6,6,4,6,0,0,0,0,2,288,18
JSO_compact_dopt,directional_endpoint_30021,11,10,7,10,0,0,0,0,3,282,19
S_dopt_short,directional_endpoint_30021,14,0,0,12,0,0,0,0,6,277,22
JSO,directional_endpoint_30022,13,5,0,11,0,0,0,0,5,334,16
insert80,directional_endpoint_30022,0,0,0,0,0,0,0,0,6,329,17
insert400,directional_endpoint_30022,0,0,0,0,0,0,0,0,1,324,12
SO,directional_endpoint_30022,10,6,0,10,0,0,0,0,6,356,17
insert200,directional_endpoint_30022,0,0,0,0,0,0,0,0,3,336,14
optical2,directional_endpoint_30022,0,0,0,0,0,0,0,0,2,336,13
aligned,directional_endpoint_30022,0,0,0,0,0,0,0,0,3,353,14
bracket,directional_endpoint_30022,0,0,0,0,0,0,0,0,2,339,13
optical4,directional_endpoint_30022,0,0,0,0,1,1,4,1,2,335,13
doptimal,directional_endpoint_30022,0,0,0,0,0,0,0,0,1,341,12
short_clear,directional_endpoint_30022,0,0,0,0,0,0,0,0,1,326,12
JSO_p85,directional_endpoint_30022,9,3,0,7,0,0,0,0,3,325,14
JSO_p50,directional_endpoint_30022,15,4,0,9,0,0,0,0,4,318,15
JSO_r120,directional_endpoint_30022,13,8,1,10,0,0,0,0,7,311,18
JSO_r160,directional_endpoint_30022,13,8,1,10,0,0,0,0,7,311,18
JSO_compact,directional_endpoint_30022,13,5,0,11,0,0,0,0,5,334,16
JSO_outer1980,directional_endpoint_30022,13,5,0,11,0,0,0,0,5,334,16
S_doptimal,directional_endpoint_30022,4,0,0,4,0,0,0,0,2,351,13
SO_doptimal,directional_endpoint_30022,4,3,1,4,0,0,0,0,2,351,13
S_dopt_short,directional_endpoint_30022,4,0,0,4,0,0,0,0,2,351,13
J,directional_endpoint_30023,0,0,0,0,0,0,0,0,6,275,19
previous_best,directional_endpoint_30023,0,0,0,0,0,0,0,0,6,277,19
baseline,directional_endpoint_30023,0,0,0,0,0,0,0,0,7,284,20
JSO_compact_dopt,directional_endpoint_30022,13,8,2,9,0,0,0,0,6,362,17
S,directional_endpoint_30023,12,0,0,7,0,0,0,0,5,290,18
JO,directional_endpoint_30023,0,7,2,0,0,0,0,0,5,273,18
O,directional_endpoint_30023,0,7,2,0,0,0,0,0,5,282,18
JS,directional_endpoint_30023,17,0,0,14,0,0,0,0,7,281,20
SO,directional_endpoint_30023,7,8,2,4,0,0,0,0,6,286,19
JSO,directional_endpoint_30023,15,8,0,12,0,0,0,0,8,281,21
insert80,directional_endpoint_30023,0,0,0,0,0,0,0,0,8,284,21
insert400,directional_endpoint_30023,0,0,0,0,0,0,0,0,5,288,18
insert200,directional_endpoint_30023,0,0,0,0,0,0,0,0,6,287,19
aligned,directional_endpoint_30023,0,0,0,0,0,0,0,0,3,278,16
optical4,directional_endpoint_30023,0,0,0,0,2,2,8,2,9,281,22
bracket,directional_endpoint_30023,0,0,0,0,0,0,0,0,6,294,19
optical2,directional_endpoint_30023,0,0,0,0,0,0,0,0,7,284,20
short_clear,directional_endpoint_30023,0,0,0,0,0,0,0,0,7,284,20
doptimal,directional_endpoint_30023,0,0,0,0,0,0,0,0,5,287,18
JSO_p50,directional_endpoint_30023,18,8,0,13,0,0,0,0,8,284,21
JSO_p85,directional_endpoint_30023,8,7,1,6,0,0,0,0,6,273,19
JSO_r120,directional_endpoint_30023,15,10,0,10,0,0,0,0,10,281,23
JSO_r160,directional_endpoint_30023,14,12,0,9,0,0,0,0,12,282,25
JSO_compact,directional_endpoint_30023,15,7,0,12,0,0,0,0,7,280,20
baseline,directional_endpoint_30024,0,0,0,0,0,0,0,0,2,348,12
JSO_outer1980,directional_endpoint_30023,15,8,1,12,0,0,0,0,7,280,20
previous_best,directional_endpoint_30024,0,0,0,0,0,0,0,0,4,351,14
J,directional_endpoint_30024,0,0,0,0,0,0,0,0,3,351,13
S,directional_endpoint_30024,5,0,0,3,0,0,0,0,3,355,13
O,directional_endpoint_30024,0,4,3,0,0,0,0,0,1,349,11
SO_doptimal,directional_endpoint_30023,6,8,0,3,0,0,0,0,8,291,21
SO,directional_endpoint_30024,2,4,3,2,0,0,0,0,1,353,11
JSO_compact_dopt,directional_endpoint_30023,12,6,2,9,0,0,0,0,4,263,17
JS,directional_endpoint_30024,13,0,0,11,0,0,0,0,5,351,15
S_doptimal,directional_endpoint_30023,8,0,0,6,0,0,0,0,5,287,18
S_dopt_short,directional_endpoint_30023,7,0,0,5,0,0,0,0,5,286,18
JO,directional_endpoint_30024,0,4,1,0,0,0,0,0,3,351,13
insert80,directional_endpoint_30024,0,0,0,0,0,0,0,0,2,367,12
JSO,directional_endpoint_30024,14,7,1,11,0,0,0,0,6,354,16
insert200,directional_endpoint_30024,0,0,0,0,0,0,0,0,4,370,14
insert400,directional_endpoint_30024,0,0,0,0,0,0,0,0,4,365,14
bracket,directional_endpoint_30024,0,0,0,0,0,0,0,0,2,348,12
aligned,directional_endpoint_30024,0,0,0,0,0,0,0,0,4,354,14
optical2,directional_endpoint_30024,0,0,0,0,0,0,0,0,2,348,12
doptimal,directional_endpoint_30024,0,0,0,0,0,0,0,0,5,360,15
short_clear,directional_endpoint_30024,0,0,0,0,0,0,0,0,5,353,15
optical4,directional_endpoint_30024,0,0,0,0,2,2,8,2,4,346,14
JSO_p50,directional_endpoint_30024,16,7,1,12,0,0,0,0,6,358,16
JSO_r160,directional_endpoint_30024,13,8,1,10,0,0,0,0,7,351,17
JSO_r120,directional_endpoint_30024,14,7,1,11,0,0,0,0,6,354,16
JSO_p85,directional_endpoint_30024,12,6,0,11,0,0,0,0,6,355,16
JSO_compact,directional_endpoint_30024,14,6,1,11,0,0,0,0,5,354,15
JSO_outer1980,directional_endpoint_30024,14,6,1,11,0,0,0,0,5,354,15
JSO_compact_dopt,directional_endpoint_30024,12,5,0,10,0,0,0,0,5,352,15
S_dopt_short,directional_endpoint_30024,9,0,0,6,0,0,0,0,2,360,12
SO_doptimal,directional_endpoint_30024,7,4,1,5,0,0,0,0,3,371,13
S_doptimal,directional_endpoint_30024,11,0,0,9,0,0,0,0,4,354,14
previous_best,directional_endpoint_30025,0,0,0,0,0,0,0,0,11,210,27
J,directional_endpoint_30025,0,0,0,0,0,0,0,0,6,248,22
baseline,directional_endpoint_30025,0,0,0,0,0,1,19,0,19,252,35
S,directional_endpoint_30025,17,0,0,13,0,0,0,0,3,246,19
insert80,directional_endpoint_30025,0,0,0,0,0,0,0,0,3,242,19
O,directional_endpoint_30025,0,5,2,0,0,1,19,0,17,252,33
JO,directional_endpoint_30025,0,7,1,0,0,0,0,0,6,248,22
JS,directional_endpoint_30025,27,0,0,22,0,0,0,0,5,256,21
SO,directional_endpoint_30025,10,5,3,9,0,0,0,0,2,247,18
insert200,directional_endpoint_30025,0,0,0,0,0,0,0,0,4,244,20
JSO,directional_endpoint_30025,23,9,1,18,0,0,0,0,8,258,24
aligned,directional_endpoint_30025,0,0,0,0,0,0,0,0,4,247,20
insert400,directional_endpoint_30025,0,0,0,0,0,0,0,0,10,243,26
bracket,directional_endpoint_30025,0,0,0,0,0,0,0,0,6,257,22
optical2,directional_endpoint_30025,0,0,0,0,0,1,19,0,19,252,35
optical4,directional_endpoint_30025,0,0,0,0,1,2,23,1,19,251,35
doptimal,directional_endpoint_30025,0,0,0,0,0,0,0,0,5,268,21
JSO_r120,directional_endpoint_30025,23,12,2,17,0,0,0,0,10,257,26
short_clear,directional_endpoint_30025,0,0,0,0,0,0,0,0,5,255,21
JSO_p85,directional_endpoint_30025,17,9,0,14,0,0,0,0,9,257,25
JSO_p50,directional_endpoint_30025,23,9,1,18,0,0,0,0,8,258,24
JSO_r160,directional_endpoint_30025,22,12,2,16,0,0,0,0,10,256,26
JSO_compact,directional_endpoint_30025,24,9,1,19,0,0,0,0,8,257,24
JSO_outer1980,directional_endpoint_30025,22,9,0,17,0,0,0,0,9,259,25
previous_best,directional_endpoint_30026,0,0,0,0,0,0,0,0,9,253,25
baseline,directional_endpoint_30026,0,0,0,0,0,1,6,0,18,183,34
J,directional_endpoint_30026,0,0,0,0,0,0,0,0,11,254,27
S_doptimal,directional_endpoint_30025,17,0,0,15,0,0,0,0,5,260,21
JSO_compact_dopt,directional_endpoint_30025,15,10,1,12,0,0,0,0,9,232,25
S_dopt_short,directional_endpoint_30025,17,0,0,15,0,0,0,0,5,260,21
SO_doptimal,directional_endpoint_30025,13,9,3,10,0,0,0,0,6,258,22
S,directional_endpoint_30026,26,0,0,19,0,0,0,0,9,212,25
O,directional_endpoint_30026,0,8,1,0,0,0,0,0,7,198,23
JS,directional_endpoint_30026,23,0,0,19,0,0,0,0,9,266,25
JSO,directional_endpoint_30026,20,11,4,14,0,0,0,0,7,262,23
JO,directional_endpoint_30026,0,10,2,0,0,0,0,0,8,250,24
SO,directional_endpoint_30026,13,8,1,11,0,0,0,0,7,202,23
insert80,directional_endpoint_30026,0,0,0,0,0,0,0,0,11,217,27
insert200,directional_endpoint_30026,0,0,0,0,0,0,0,0,10,216,26
insert400,directional_endpoint_30026,0,0,0,0,0,0,0,0,11,196,27
aligned,directional_endpoint_30026,0,0,0,0,0,0,0,0,8,207,24
bracket,directional_endpoint_30026,0,0,0,0,0,0,0,0,11,259,27
JSO_p50,directional_endpoint_30026,21,11,4,15,0,0,0,0,7,264,23
optical4,directional_endpoint_30026,0,0,0,0,3,4,18,3,20,180,36
optical2,directional_endpoint_30026,0,0,0,0,0,1,6,0,18,183,34
short_clear,directional_endpoint_30026,0,0,0,0,0,1,6,0,18,183,34
JSO_p85,directional_endpoint_30026,12,14,4,12,0,0,0,0,10,187,26
JSO_r120,directional_endpoint_30026,20,14,4,13,0,0,0,0,10,265,26
JSO_r160,directional_endpoint_30026,20,15,3,13,0,0,0,0,12,266,28
doptimal,directional_endpoint_30026,0,0,0,0,0,0,0,0,6,157,22
JSO_compact,directional_endpoint_30026,20,11,4,14,0,0,0,0,7,260,23
JSO_outer1980,directional_endpoint_30026,20,13,5,14,0,0,0,0,8,261,24
baseline,directional_endpoint_30027,0,0,0,0,0,0,0,0,8,335,19
J,directional_endpoint_30027,0,0,0,0,0,0,0,0,7,282,18
S_doptimal,directional_endpoint_30026,16,0,0,14,0,0,0,0,8,189,24
previous_best,directional_endpoint_30027,0,0,0,0,0,0,0,0,6,289,17
SO_doptimal,directional_endpoint_30026,8,6,1,6,0,0,0,0,5,187,21
S,directional_endpoint_30027,23,0,0,15,0,0,0,0,6,348,17
O,directional_endpoint_30027,0,8,2,0,0,0,0,0,6,333,17
JS,directional_endpoint_30027,16,0,0,12,0,0,0,0,4,309,15
S_dopt_short,directional_endpoint_30026,16,0,0,14,0,0,0,0,8,189,24
JO,directional_endpoint_30027,0,6,0,0,0,0,0,0,6,282,17
JSO_compact_dopt,directional_endpoint_30026,15,8,1,10,0,0,0,0,7,214,23
insert400,directional_endpoint_30027,0,0,0,0,0,0,0,0,6,277,17
insert80,directional_endpoint_30027,0,0,0,0,0,0,0,0,4,288,15
insert200,directional_endpoint_30027,0,0,0,0,0,0,0,0,3,287,14
JSO,directional_endpoint_30027,16,6,2,12,0,0,0,0,4,310,15
aligned,directional_endpoint_30027,0,0,0,0,0,0,0,0,4,291,15
SO,directional_endpoint_30027,19,9,3,13,0,0,0,0,6,343,17
bracket,directional_endpoint_30027,0,0,0,0,0,0,0,0,7,330,18
optical2,directional_endpoint_30027,0,0,0,0,0,0,0,0,8,335,19
short_clear,directional_endpoint_30027,0,0,0,0,0,0,0,0,8,335,19
optical4,directional_endpoint_30027,0,0,0,0,0,0,0,0,8,335,19
JSO_p85,directional_endpoint_30027,9,8,3,8,0,0,0,0,5,289,16
JSO_p50,directional_endpoint_30027,20,6,2,13,0,0,0,0,4,312,15
JSO_r160,directional_endpoint_30027,13,9,4,10,0,0,0,0,5,306,16
JSO_r120,directional_endpoint_30027,14,8,3,10,0,0,0,0,5,309,16
JSO_compact,directional_endpoint_30027,16,6,1,12,0,0,0,0,5,312,16
JSO_outer1980,directional_endpoint_30027,16,6,2,12,0,0,0,0,4,310,15
baseline,directional_endpoint_30028,0,0,0,0,0,0,0,0,2,329,12
doptimal,directional_endpoint_30027,0,0,0,0,0,2,29,0,23,332,34
J,directional_endpoint_30028,0,0,0,0,0,0,0,0,4,366,14
previous_best,directional_endpoint_30028,0,0,0,0,0,0,0,0,6,327,16
S,directional_endpoint_30028,3,0,0,3,0,0,0,0,2,342,12
O,directional_endpoint_30028,0,3,1,0,0,0,0,0,2,329,12
S_doptimal,directional_endpoint_30027,21,0,0,18,0,0,0,0,4,328,15
SO_doptimal,directional_endpoint_30027,14,6,1,13,0,0,0,0,5,322,16
JO,directional_endpoint_30028,0,6,2,0,0,0,0,0,4,366,14
S_dopt_short,directional_endpoint_30027,21,0,0,18,0,0,0,0,4,328,15
SO,directional_endpoint_30028,3,4,2,3,0,0,0,0,2,342,12
JSO_compact_dopt,directional_endpoint_30027,13,4,1,9,0,0,0,0,3,281,14
JS,directional_endpoint_30028,11,0,0,8,0,0,0,0,4,371,14
JSO,directional_endpoint_30028,9,7,4,6,0,0,0,0,3,365,13
insert80,directional_endpoint_30028,0,0,0,0,0,0,0,0,5,349,15
insert200,directional_endpoint_30028,0,0,0,0,0,0,0,0,4,345,14
aligned,directional_endpoint_30028,0,0,0,0,0,0,0,0,1,337,11
insert400,directional_endpoint_30028,0,0,0,0,0,0,0,0,3,343,13
bracket,directional_endpoint_30028,0,0,0,0,0,0,0,0,2,329,12
optical2,directional_endpoint_30028,0,0,0,0,0,0,0,0,2,329,12
doptimal,directional_endpoint_30028,0,0,0,0,0,0,0,0,1,341,11
short_clear,directional_endpoint_30028,0,0,0,0,0,0,0,0,1,339,11
optical4,directional_endpoint_30028,0,0,0,0,1,1,4,1,2,328,12
JSO_p50,directional_endpoint_30028,11,8,4,7,0,0,0,0,4,367,14
JSO_r160,directional_endpoint_30028,8,7,4,5,0,0,0,0,3,365,13
JSO_p85,directional_endpoint_30028,5,7,2,4,0,0,0,0,5,368,15
JSO_r120,directional_endpoint_30028,10,8,4,7,0,0,0,0,4,366,14
JSO_compact,directional_endpoint_30028,11,7,2,8,0,0,0,0,5,356,15
JSO_outer1980,directional_endpoint_30028,9,7,4,6,0,0,0,0,3,365,13
S_doptimal,directional_endpoint_30028,4,0,0,3,0,0,0,0,2,343,12
SO_doptimal,directional_endpoint_30028,3,4,2,2,0,0,0,0,2,342,12
S_dopt_short,directional_endpoint_30028,4,0,0,3,0,0,0,0,2,343,12
S,directional_endpoint_30029,8,0,0,7,0,0,0,0,3,295,15
JSO_compact_dopt,directional_endpoint_30028,15,7,1,12,0,0,0,0,6,363,16
J,directional_endpoint_30029,0,0,0,0,0,0,0,0,4,315,16
previous_best,directional_endpoint_30029,0,0,0,0,0,0,0,0,4,311,16
baseline,directional_endpoint_30029,0,0,0,0,0,0,0,0,4,305,16
SO,directional_endpoint_30029,4,5,1,4,0,0,0,0,4,294,16
JS,directional_endpoint_30029,16,0,0,11,0,0,0,0,4,310,16
JO,directional_endpoint_30029,0,5,1,0,0,0,0,0,4,315,16
O,directional_endpoint_30029,0,5,2,0,0,0,0,0,3,305,15
JSO,directional_endpoint_30029,16,5,2,11,0,0,0,0,3,310,15
bracket,directional_endpoint_30029,0,0,0,0,0,0,0,0,0,285,12
insert400,directional_endpoint_30029,0,0,0,0,0,0,0,0,5,302,17
aligned,directional_endpoint_30029,0,0,0,0,0,0,0,0,2,307,14
insert200,directional_endpoint_30029,0,0,0,0,0,0,0,0,3,302,15
insert80,directional_endpoint_30029,0,0,0,0,0,1,28,0,30,315,42
optical4,directional_endpoint_30029,0,0,0,0,1,1,4,1,4,304,16
JSO_p50,directional_endpoint_30029,14,8,3,7,0,0,0,0,5,311,17
optical2,directional_endpoint_30029,0,0,0,0,0,0,0,0,4,305,16
doptimal,directional_endpoint_30029,0,0,0,0,0,0,0,0,5,324,17
short_clear,directional_endpoint_30029,0,0,0,0,0,0,0,0,4,305,16
JSO_r120,directional_endpoint_30029,14,6,3,9,0,0,0,0,3,306,15
JSO_p85,directional_endpoint_30029,8,6,3,5,0,0,0,0,3,315,15
JSO_r160,directional_endpoint_30029,15,7,3,10,0,0,0,0,4,307,16
JSO_compact,directional_endpoint_30029,16,5,2,11,0,0,0,0,3,310,15
baseline,directional_endpoint_30030,0,0,0,0,0,0,0,0,4,363,15
JSO_outer1980,directional_endpoint_30029,16,5,2,11,0,0,0,0,3,310,15
J,directional_endpoint_30030,0,0,0,0,0,0,0,0,3,343,14
SO_doptimal,directional_endpoint_30029,7,5,2,6,0,0,0,0,3,320,15
S_doptimal,directional_endpoint_30029,18,0,0,15,0,0,0,0,5,318,17
O,directional_endpoint_30030,0,8,4,0,0,0,0,0,4,363,15
previous_best,directional_endpoint_30030,0,0,0,0,0,0,0,0,5,345,16
S,directional_endpoint_30030,2,0,0,2,0,0,0,0,4,364,15
JS,directional_endpoint_30030,10,0,0,9,0,0,0,0,2,339,13
S_dopt_short,directional_endpoint_30029,18,0,0,15,0,0,0,0,5,318,17
JO,directional_endpoint_30030,0,5,3,0,0,0,0,0,2,343,13
JSO_compact_dopt,directional_endpoint_30029,11,6,3,8,0,0,0,0,3,301,15
SO,directional_endpoint_30030,1,8,3,1,0,0,0,0,5,365,16
insert80,directional_endpoint_30030,0,0,0,0,0,0,0,0,1,323,12
JSO,directional_endpoint_30030,9,4,2,8,0,0,0,0,2,338,13
aligned,directional_endpoint_30030,0,0,0,0,0,0,0,0,2,359,13
insert400,directional_endpoint_30030,0,0,0,0,0,0,0,0,5,355,16
insert200,directional_endpoint_30030,0,0,0,0,0,0,0,0,2,353,13
doptimal,directional_endpoint_30030,0,0,0,0,0,0,0,0,2,358,13
bracket,directional_endpoint_30030,0,0,0,0,0,1,12,0,6,373,17
optical4,directional_endpoint_30030,0,0,0,0,2,2,8,2,6,359,17
optical2,directional_endpoint_30030,0,0,0,0,0,0,0,0,4,363,15
short_clear,directional_endpoint_30030,0,0,0,0,0,0,0,0,4,363,15
JSO_p50,directional_endpoint_30030,9,6,2,8,0,0,0,0,4,350,15
JSO_p85,directional_endpoint_30030,8,5,3,7,0,0,0,0,2,338,13
JSO_r120,directional_endpoint_30030,9,4,3,8,0,0,0,0,1,336,12
JSO_compact,directional_endpoint_30030,9,4,2,8,0,0,0,0,2,338,13
JSO_r160,directional_endpoint_30030,9,4,3,8,0,0,0,0,1,336,12
JSO_outer1980,directional_endpoint_30030,10,4,1,8,0,0,0,0,3,340,14
S_doptimal,directional_endpoint_30030,2,0,0,2,0,0,0,0,2,359,13
SO_doptimal,directional_endpoint_30030,1,7,4,1,0,0,0,0,3,360,14
S_dopt_short,directional_endpoint_30030,2,0,0,2,0,0,0,0,2,359,13
baseline,directional_endpoint_30031,0,0,0,0,0,0,0,0,4,327,15
JSO_compact_dopt,directional_endpoint_30030,7,5,2,6,0,0,0,0,3,340,14
J,directional_endpoint_30031,0,0,0,0,0,0,0,0,5,323,16
previous_best,directional_endpoint_30031,0,0,0,0,0,0,0,0,7,321,18
JS,directional_endpoint_30031,12,0,0,7,0,0,0,0,4,322,15
O,directional_endpoint_30031,0,6,3,0,0,0,0,0,3,326,14
S,directional_endpoint_30031,13,0,0,11,0,0,0,0,5,343,16
JSO,directional_endpoint_30031,12,6,2,7,0,0,0,0,4,325,15
JO,directional_endpoint_30031,0,7,2,0,0,0,0,0,5,323,16
insert80,directional_endpoint_30031,0,0,0,0,0,0,0,0,4,326,15
SO,directional_endpoint_30031,10,8,2,7,0,0,0,0,6,341,17
insert200,directional_endpoint_30031,0,0,0,0,0,0,0,0,4,327,15
aligned,directional_endpoint_30031,0,0,0,0,0,0,0,0,6,312,17
insert400,directional_endpoint_30031,0,0,0,0,0,0,0,0,6,331,17
bracket,directional_endpoint_30031,0,0,0,0,0,0,0,0,5,335,16
optical2,directional_endpoint_30031,0,0,0,0,0,0,0,0,4,327,15
JSO_p50,directional_endpoint_30031,16,6,3,7,0,0,0,0,3,328,14
doptimal,directional_endpoint_30031,0,0,0,0,0,0,0,0,6,311,17
JSO_compact,directional_endpoint_30031,12,6,3,7,0,0,0,0,3,324,14
short_clear,directional_endpoint_30031,0,0,0,0,0,0,0,0,4,327,15
optical4,directional_endpoint_30031,0,0,0,0,1,1,4,1,7,325,18
JSO_r160,directional_endpoint_30031,11,8,2,7,0,0,0,0,6,324,17
JSO_r120,directional_endpoint_30031,11,8,2,7,0,0,0,0,6,324,17
JSO_p85,directional_endpoint_30031,12,7,0,9,0,0,0,0,7,327,18
JSO_outer1980,directional_endpoint_30031,12,6,2,7,0,0,0,0,4,325,15
S_dopt_short,directional_endpoint_30031,14,0,0,11,0,0,0,0,5,329,16
JSO_compact_dopt,directional_endpoint_30031,10,7,4,7,0,0,0,0,3,316,14
S_doptimal,directional_endpoint_30031,12,0,0,12,0,0,0,0,5,335,16
SO_doptimal,directional_endpoint_30031,10,7,1,9,0,0,0,0,6,335,17
previous_best,directional_endpoint_30032,0,0,0,0,0,0,0,0,10,361,21
JS,directional_endpoint_30032,14,0,0,12,0,0,0,0,3,349,14
baseline,directional_endpoint_30032,0,0,0,0,0,1,4,0,4,321,15
S,directional_endpoint_30032,17,0,0,15,0,0,0,0,3,303,14
J,directional_endpoint_30032,0,0,0,0,0,0,0,0,10,363,21
O,directional_endpoint_30032,0,3,2,0,0,1,4,0,1,319,12
insert80,directional_endpoint_30032,0,0,0,0,0,0,0,0,6,283,17
SO,directional_endpoint_30032,10,3,2,7,0,0,0,0,1,300,12
insert200,directional_endpoint_30032,0,0,0,0,0,0,0,0,4,288,15
JO,directional_endpoint_30032,0,10,2,0,0,0,0,0,8,362,19
JSO,directional_endpoint_30032,14,6,3,11,0,0,0,0,3,352,14
aligned,directional_endpoint_30032,0,0,0,0,0,0,0,0,5,314,16
insert400,directional_endpoint_30032,0,0,0,0,0,0,0,0,3,300,14
optical2,directional_endpoint_30032,0,0,0,0,0,1,4,0,4,321,15
bracket,directional_endpoint_30032,0,0,0,0,0,1,104,0,15,354,26
optical4,directional_endpoint_30032,0,0,0,0,1,2,8,2,4,320,15
JSO_p50,directional_endpoint_30032,15,7,4,11,0,0,0,0,3,352,14
doptimal,directional_endpoint_30032,0,0,0,0,0,0,0,0,5,330,16
JSO_r120,directional_endpoint_30032,13,7,3,10,0,0,0,0,4,351,15
short_clear,directional_endpoint_30032,0,0,0,0,0,1,4,0,4,321,15
JSO_p85,directional_endpoint_30032,12,9,2,9,0,0,0,0,7,356,18
JSO_compact,directional_endpoint_30032,14,6,3,11,0,0,0,0,3,352,14
JSO_r160,directional_endpoint_30032,12,8,4,9,0,0,0,0,4,350,15
JSO_outer1980,directional_endpoint_30032,14,6,3,11,0,0,0,0,3,351,14
baseline,directional_endpoint_30033,0,0,0,0,0,0,0,0,5,318,20
O,directional_endpoint_30033,0,7,3,0,0,0,0,0,4,318,19
J,directional_endpoint_30033,0,0,0,0,0,0,0,0,3,239,18
JS,directional_endpoint_30033,20,0,0,14,0,0,0,0,4,264,19
previous_best,directional_endpoint_30033,0,0,0,0,0,0,0,0,5,242,20
S,directional_endpoint_30033,23,0,0,17,0,1,104,0,30,267,45
S_doptimal,directional_endpoint_30032,12,0,0,11,0,0,0,0,6,292,17
JSO_compact_dopt,directional_endpoint_30032,14,9,2,10,0,0,0,0,7,355,18
SO_doptimal,directional_endpoint_30032,10,5,0,8,0,0,0,0,5,290,16
S_dopt_short,directional_endpoint_30032,12,0,0,11,0,0,0,0,6,292,17
JO,directional_endpoint_30033,0,7,4,0,0,0,0,0,3,239,18
JSO,directional_endpoint_30033,18,8,3,10,0,0,0,0,5,266,20
insert400,directional_endpoint_30033,0,0,0,0,0,1,104,0,107,325,122
aligned,directional_endpoint_30033,0,0,0,0,0,0,0,0,4,268,19
insert80,directional_endpoint_30033,0,0,0,0,0,0,0,0,5,304,20
SO,directional_endpoint_30033,23,5,0,16,0,1,104,0,33,271,48
insert200,directional_endpoint_30033,0,0,0,0,0,1,104,0,27,329,42
bracket,directional_endpoint_30033,0,0,0,0,0,0,0,0,4,300,19
optical2,directional_endpoint_30033,0,0,0,0,0,0,0,0,5,318,20
doptimal,directional_endpoint_30033,0,0,0,0,0,0,0,0,6,320,21
optical4,directional_endpoint_30033,0,0,0,0,2,2,8,2,4,315,19
short_clear,directional_endpoint_30033,0,0,0,0,0,0,0,0,5,318,20
JSO_p85,directional_endpoint_30033,12,8,3,10,0,0,0,0,5,264,20
JSO_r120,directional_endpoint_30033,18,11,3,10,0,0,0,0,8,267,23
JSO_r160,directional_endpoint_30033,18,12,3,10,0,0,0,0,9,267,24
JSO_outer1980,directional_endpoint_30033,19,7,2,11,0,0,0,0,5,267,20
JSO_p50,directional_endpoint_30033,22,10,2,13,0,1,104,0,110,288,125
JSO_compact,directional_endpoint_30033,16,8,2,10,0,0,0,0,6,274,21
baseline,directional_endpoint_30034,0,0,0,0,0,0,0,0,2,332,13
previous_best,directional_endpoint_30034,0,0,0,0,0,0,0,0,3,339,14
S,directional_endpoint_30034,7,0,0,6,0,0,0,0,1,340,12
J,directional_endpoint_30034,0,0,0,0,0,0,0,0,1,334,12
O,directional_endpoint_30034,0,3,1,0,0,0,0,0,2,344,13
S_doptimal,directional_endpoint_30033,17,0,0,15,0,0,0,0,7,274,22
S_dopt_short,directional_endpoint_30033,21,0,0,16,0,1,104,0,104,286,119
JSO_compact_dopt,directional_endpoint_30033,18,6,4,13,0,0,0,0,2,306,17
JS,directional_endpoint_30034,10,0,0,5,0,0,0,0,5,320,16
SO_doptimal,directional_endpoint_30033,16,9,3,14,0,0,0,0,6,270,21
SO,directional_endpoint_30034,7,3,2,6,0,0,0,0,1,340,12
insert80,directional_endpoint_30034,0,0,0,0,0,0,0,0,3,327,14
insert200,directional_endpoint_30034,0,0,0,0,0,0,0,0,3,332,14
JO,directional_endpoint_30034,0,7,6,0,0,0,0,0,1,334,12
insert400,directional_endpoint_30034,0,0,0,0,0,0,0,0,4,335,15
JSO,directional_endpoint_30034,10,5,0,5,0,0,0,0,5,321,16
aligned,directional_endpoint_30034,0,0,0,0,0,0,0,0,6,338,17
bracket,directional_endpoint_30034,0,0,0,0,0,0,0,0,3,330,14
optical4,directional_endpoint_30034,0,0,0,0,0,0,0,0,2,332,13
optical2,directional_endpoint_30034,0,0,0,0,0,0,0,0,2,332,13
JSO_p85,directional_endpoint_30034,8,5,0,5,0,0,0,0,5,320,16
short_clear,directional_endpoint_30034,0,0,0,0,0,0,0,0,2,330,13
JSO_p50,directional_endpoint_30034,14,8,3,6,0,0,0,0,5,321,16
JSO_r120,directional_endpoint_30034,10,7,0,6,0,0,0,0,7,320,18
JSO_r160,directional_endpoint_30034,10,7,0,6,0,0,0,0,7,320,18
doptimal,directional_endpoint_30034,0,0,0,0,0,0,0,0,6,343,17
JSO_outer1980,directional_endpoint_30034,9,5,1,4,0,0,0,0,4,317,15
JSO_compact,directional_endpoint_30034,10,5,0,5,0,0,0,0,5,321,16
SO_doptimal,directional_endpoint_30034,4,8,2,4,0,0,0,0,6,343,17
baseline,directional_endpoint_30035,0,0,0,0,0,0,0,0,10,225,26
S,directional_endpoint_30035,16,0,0,12,0,0,0,0,10,160,26
J,directional_endpoint_30035,0,0,0,0,0,0,0,0,1,176,17
S_doptimal,directional_endpoint_30034,5,0,0,5,0,0,0,0,7,344,18
S_dopt_short,directional_endpoint_30034,5,0,0,5,0,0,0,0,7,343,18
previous_best,directional_endpoint_30035,0,0,0,0,0,0,0,0,2,175,18
JS,directional_endpoint_30035,16,0,0,12,0,0,0,0,3,158,19
JSO_compact_dopt,directional_endpoint_30034,9,7,1,2,0,0,0,0,6,344,17
O,directional_endpoint_30035,0,8,0,0,0,0,0,0,8,227,24
SO,directional_endpoint_30035,14,11,1,10,0,0,0,0,10,163,26
JO,directional_endpoint_30035,0,2,1,0,0,0,0,0,1,176,17
JSO,directional_endpoint_30035,15,4,1,11,0,0,0,0,3,157,19
insert200,directional_endpoint_30035,0,0,0,0,0,0,0,0,6,208,22
aligned,directional_endpoint_30035,0,0,0,0,0,1,14,0,11,209,27
insert80,directional_endpoint_30035,0,0,0,0,0,0,0,0,8,210,24
insert400,directional_endpoint_30035,0,0,0,0,0,0,0,0,6,185,22
optical2,directional_endpoint_30035,0,0,0,0,0,0,0,0,10,225,26
bracket,directional_endpoint_30035,0,0,0,0,0,0,0,0,14,230,30
optical4,directional_endpoint_30035,0,0,0,0,2,2,8,2,13,221,29
short_clear,directional_endpoint_30035,0,0,0,0,0,0,0,0,10,225,26
JSO_p50,directional_endpoint_30035,20,6,4,12,0,0,0,0,2,159,18
JSO_p85,directional_endpoint_30035,13,8,4,10,0,0,0,0,4,206,20
JSO_r160,directional_endpoint_30035,14,7,2,10,0,0,0,0,5,155,21
JSO_r120,directional_endpoint_30035,14,7,2,10,0,0,0,0,5,155,21
JSO_compact,directional_endpoint_30035,15,5,1,12,0,0,0,0,4,153,20
JSO_outer1980,directional_endpoint_30035,15,4,1,11,0,0,0,0,3,157,19
doptimal,directional_endpoint_30035,0,0,0,0,0,0,0,0,6,230,22
baseline,directional_endpoint_30036,0,0,0,0,0,0,0,0,3,242,18
previous_best,directional_endpoint_30036,0,0,0,0,0,0,0,0,9,248,24
S,directional_endpoint_30036,9,0,0,6,0,0,0,0,5,231,20
J,directional_endpoint_30036,0,0,0,0,0,0,0,0,11,258,26
O,directional_endpoint_30036,0,4,2,0,0,0,0,0,2,242,17
S_doptimal,directional_endpoint_30035,26,0,0,20,0,0,0,0,8,216,24
JSO_compact_dopt,directional_endpoint_30035,18,6,2,12,0,0,0,0,4,177,20
JS,directional_endpoint_30036,17,0,0,16,0,0,0,0,8,282,23
S_dopt_short,directional_endpoint_30035,26,0,0,20,0,0,0,0,8,216,24
SO_doptimal,directional_endpoint_30035,17,8,2,13,0,0,0,0,6,210,22
SO,directional_endpoint_30036,8,6,2,5,0,0,0,0,4,230,19
insert80,directional_endpoint_30036,0,0,0,0,0,0,0,0,7,238,22
JSO,directional_endpoint_30036,15,8,3,13,0,0,0,0,5,309,20
JO,directional_endpoint_30036,0,14,4,0,0,0,0,0,10,258,25
insert400,directional_endpoint_30036,0,0,0,0,0,0,0,0,8,258,23
insert200,directional_endpoint_30036,0,0,0,0,0,0,0,0,7,259,22
aligned,directional_endpoint_30036,0,0,0,0,0,0,0,0,3,266,18
bracket,directional_endpoint_30036,0,0,0,0,0,0,0,0,3,258,18
optical2,directional_endpoint_30036,0,0,0,0,0,0,0,0,3,242,18
doptimal,directional_endpoint_30036,0,0,0,0,0,0,0,0,1,246,16
optical4,directional_endpoint_30036,0,0,0,0,1,1,4,1,5,241,20
JSO_p50,directional_endpoint_30036,18,8,3,14,0,0,0,0,5,312,20
JSO_p85,directional_endpoint_30036,8,9,1,8,0,0,0,0,8,274,23
short_clear,directional_endpoint_30036,0,0,0,0,0,0,0,0,6,239,21
JSO_r160,directional_endpoint_30036,14,9,2,12,0,0,0,0,7,310,22
JSO_r120,directional_endpoint_30036,14,9,3,12,0,0,0,0,6,310,21
JSO_compact,directional_endpoint_30036,16,10,3,13,0,0,0,0,7,282,22
JSO_outer1980,directional_endpoint_30036,15,7,2,13,0,0,0,0,5,310,20
SO_doptimal,directional_endpoint_30036,7,2,2,6,0,0,0,0,0,282,15
S_doptimal,directional_endpoint_30036,7,0,0,6,0,0,0,0,0,282,15
S_dopt_short,directional_endpoint_30036,7,0,0,6,0,0,0,0,0,282,15
J,directional_endpoint_30037,0,0,0,0,0,0,0,0,6,288,19
baseline,directional_endpoint_30037,0,0,0,0,0,1,6,0,9,305,22
previous_best,directional_endpoint_30037,0,0,0,0,0,0,0,0,5,295,18
S,directional_endpoint_30037,9,0,0,6,0,1,6,0,10,305,23
JSO_compact_dopt,directional_endpoint_30036,17,6,2,14,0,0,0,0,4,276,19
JS,directional_endpoint_30037,10,0,0,8,0,0,0,0,7,289,20
JO,directional_endpoint_30037,0,9,2,0,0,0,0,0,7,291,20
O,directional_endpoint_30037,0,8,2,0,0,1,6,0,10,308,23
insert80,directional_endpoint_30037,0,0,0,0,0,0,0,0,3,322,16
JSO,directional_endpoint_30037,11,9,2,8,0,0,0,0,7,292,20
SO,directional_endpoint_30037,9,9,2,5,0,1,6,0,11,309,24
insert200,directional_endpoint_30037,0,0,0,0,0,0,0,0,3,326,16
insert400,directional_endpoint_30037,0,0,0,0,0,0,0,0,4,327,17
aligned,directional_endpoint_30037,0,0,0,0,0,0,0,0,3,293,16
JSO_p50,directional_endpoint_30037,13,7,2,11,0,0,0,0,5,290,18
bracket,directional_endpoint_30037,0,0,0,0,0,1,6,0,10,312,23
optical2,directional_endpoint_30037,0,0,0,0,0,1,6,0,9,305,22
short_clear,directional_endpoint_30037,0,0,0,0,0,0,0,0,2,299,15
JSO_p85,directional_endpoint_30037,8,8,2,7,0,0,0,0,6,299,19
doptimal,directional_endpoint_30037,0,0,0,0,0,1,6,0,6,329,19
JSO_compact,directional_endpoint_30037,14,6,2,10,0,0,0,0,4,293,17
optical4,directional_endpoint_30037,0,0,0,0,1,2,10,1,10,303,23
JSO_r160,directional_endpoint_30037,13,11,2,8,0,0,0,0,9,296,22
JSO_r120,directional_endpoint_30037,11,11,2,8,0,0,0,0,9,296,22
JSO_outer1980,directional_endpoint_30037,8,10,2,5,0,0,0,0,8,294,21
baseline,directional_endpoint_30038,0,0,0,0,0,0,0,0,3,288,15
previous_best,directional_endpoint_30038,0,0,0,0,0,0,0,0,7,303,19
J,directional_endpoint_30038,0,0,0,0,0,0,0,0,3,304,15
S,directional_endpoint_30038,10,0,0,7,0,0,0,0,6,306,18
O,directional_endpoint_30038,0,4,2,0,0,0,0,0,2,288,14
S_doptimal,directional_endpoint_30037,9,0,0,7,0,0,0,0,2,316,15
SO_doptimal,directional_endpoint_30037,8,7,3,5,0,0,0,0,4,319,17
S_dopt_short,directional_endpoint_30037,9,0,0,7,0,0,0,0,2,316,15
JSO_compact_dopt,directional_endpoint_30037,10,10,2,6,0,0,0,0,8,305,21
JS,directional_endpoint_30038,14,0,0,11,0,0,0,0,5,317,17
SO,directional_endpoint_30038,9,9,4,7,0,0,0,0,5,305,17
insert400,directional_endpoint_30038,0,0,0,0,0,0,0,0,3,283,15
JO,directional_endpoint_30038,0,4,1,0,0,0,0,0,3,304,15
insert80,directional_endpoint_30038,0,0,0,0,0,0,0,0,5,292,17
insert200,directional_endpoint_30038,0,0,0,0,0,0,0,0,5,295,17
JSO,directional_endpoint_30038,13,7,2,11,0,0,0,0,5,316,17
aligned,directional_endpoint_30038,0,0,0,0,0,0,0,0,6,294,18
bracket,directional_endpoint_30038,0,0,0,0,0,0,0,0,3,288,15
optical4,directional_endpoint_30038,0,0,0,0,1,1,4,1,4,287,16
short_clear,directional_endpoint_30038,0,0,0,0,0,0,0,0,3,288,15
JSO_p85,directional_endpoint_30038,10,5,1,9,0,0,0,0,4,313,16
optical2,directional_endpoint_30038,0,0,0,0,0,0,0,0,3,288,15
JSO_r160,directional_endpoint_30038,11,9,2,9,0,0,0,0,7,318,19
JSO_p50,directional_endpoint_30038,14,7,2,11,0,0,0,0,5,317,17
JSO_r120,directional_endpoint_30038,12,7,2,10,0,0,0,0,5,315,17
doptimal,directional_endpoint_30038,0,0,0,0,0,0,0,0,4,316,16
JSO_compact,directional_endpoint_30038,12,7,2,10,0,0,0,0,5,313,17
JSO_outer1980,directional_endpoint_30038,12,8,2,10,0,0,0,0,6,317,18
S_dopt_short,directional_endpoint_30038,13,0,0,12,0,0,0,0,6,300,18
baseline,directional_endpoint_30039,0,0,0,0,0,0,0,0,4,308,16
previous_best,directional_endpoint_30039,0,0,0,0,0,0,0,0,4,288,16
S_doptimal,directional_endpoint_30038,12,0,0,11,0,0,0,0,6,299,18
JSO_compact_dopt,directional_endpoint_30038,12,9,3,10,0,1,19,0,24,318,36
SO_doptimal,directional_endpoint_30038,7,9,3,5,0,0,0,0,6,299,18
JS,directional_endpoint_30039,20,0,0,16,0,0,0,0,3,289,15
J,directional_endpoint_30039,0,0,0,0,0,0,0,0,6,291,18
O,directional_endpoint_30039,0,5,2,0,0,0,0,0,3,308,15
S,directional_endpoint_30039,17,0,0,16,0,0,0,0,1,319,13
JSO,directional_endpoint_30039,19,7,3,13,0,0,0,0,4,290,16
JO,directional_endpoint_30039,0,6,2,0,0,0,0,0,4,291,16
SO,directional_endpoint_30039,13,5,1,12,0,0,0,0,4,318,16
insert80,directional_endpoint_30039,0,0,0,0,0,0,0,0,6,312,18
aligned,directional_endpoint_30039,0,0,0,0,0,0,0,0,3,295,15
insert200,directional_endpoint_30039,0,0,0,0,0,0,0,0,5,317,17
insert400,directional_endpoint_30039,0,0,0,0,0,0,0,0,7,309,19
JSO_p50,directional_endpoint_30039,19,7,3,13,0,0,0,0,4,290,16
optical2,directional_endpoint_30039,0,0,0,0,0,0,0,0,4,308,16
bracket,directional_endpoint_30039,0,0,0,0,0,0,0,0,4,310,16
optical4,directional_endpoint_30039,0,0,0,0,0,0,0,0,4,308,16
JSO_r160,directional_endpoint_30039,14,9,4,10,0,0,0,0,5,284,17
JSO_p85,directional_endpoint_30039,16,7,3,12,0,0,0,0,4,293,16
short_clear,directional_endpoint_30039,0,0,0,0,0,0,0,0,4,309,16
JSO_r120,directional_endpoint_30039,15,9,4,10,0,0,0,0,5,290,17
doptimal,directional_endpoint_30039,0,0,0,0,0,0,0,0,2,312,14
JSO_compact,directional_endpoint_30039,19,7,4,13,0,0,0,0,3,288,15
JSO_outer1980,directional_endpoint_30039,19,7,3,13,0,0,0,0,4,289,16
J,directional_endpoint_30040,0,0,0,0,0,0,0,0,6,269,21
baseline,directional_endpoint_30040,0,0,0,0,0,0,0,0,7,272,22
previous_best,directional_endpoint_30040,0,0,0,0,0,0,0,0,8,272,23
JSO_compact_dopt,directional_endpoint_30039,11,9,2,7,0,0,0,0,7,318,19
S_dopt_short,directional_endpoint_30039,16,0,0,14,0,0,0,0,6,330,18
SO_doptimal,directional_endpoint_30039,8,7,3,7,0,0,0,0,4,320,16
S,directional_endpoint_30040,17,0,0,17,0,0,0,0,7,283,22
S_doptimal,directional_endpoint_30039,15,0,0,14,0,0,0,0,7,330,19
JS,directional_endpoint_30040,16,0,0,14,0,0,0,0,3,241,18
O,directional_endpoint_30040,0,8,3,0,0,0,0,0,5,294,20
JO,directional_endpoint_30040,0,7,2,0,0,0,0,0,5,268,20
JSO,directional_endpoint_30040,16,4,1,14,0,0,0,0,3,241,18
insert200,directional_endpoint_30040,0,0,0,0,0,0,0,0,5,282,20
SO,directional_endpoint_30040,13,9,3,10,0,0,0,0,6,281,21
aligned,directional_endpoint_30040,0,0,0,0,0,0,0,0,4,262,19
insert80,directional_endpoint_30040,0,0,0,0,0,0,0,0,7,283,22
insert400,directional_endpoint_30040,0,0,0,0,0,0,0,0,6,270,21
optical2,directional_endpoint_30040,0,0,0,0,0,0,0,0,7,272,22
bracket,directional_endpoint_30040,0,0,0,0,0,0,0,0,7,273,22
optical4,directional_endpoint_30040,0,0,0,0,2,2,8,2,11,270,26
JSO_r120,directional_endpoint_30040,14,8,3,12,0,0,0,0,5,242,20
short_clear,directional_endpoint_30040,0,0,0,0,0,0,0,0,7,272,22
doptimal,directional_endpoint_30040,0,0,0,0,0,0,0,0,4,273,19
JSO_p85,directional_endpoint_30040,10,9,6,7,0,0,0,0,3,266,18
JSO_r160,directional_endpoint_30040,15,8,2,12,0,0,0,0,6,246,21
JSO_p50,directional_endpoint_30040,27,7,2,17,0,0,0,0,5,260,20
JSO_outer1980,directional_endpoint_30040,16,4,1,14,0,0,0,0,3,241,18
JSO_compact,directional_endpoint_30040,22,8,2,14,0,0,0,0,6,262,21
baseline,directional_endpoint_30041,0,0,0,0,0,0,0,0,4,315,17
J,directional_endpoint_30041,0,0,0,0,0,0,0,0,3,313,16
previous_best,directional_endpoint_30041,0,0,0,0,0,0,0,0,6,315,19
SO_doptimal,directional_endpoint_30040,11,10,4,9,0,0,0,0,6,265,21
S_doptimal,directional_endpoint_30040,15,0,0,11,0,0,0,0,6,282,21
S,directional_endpoint_30041,16,0,0,15,0,0,0,0,2,337,15
JS,directional_endpoint_30041,12,0,0,10,0,0,0,0,3,290,16
O,directional_endpoint_30041,0,3,0,0,0,0,0,0,3,315,16
S_dopt_short,directional_endpoint_30040,15,0,0,10,0,0,0,0,6,285,21
JSO_compact_dopt,directional_endpoint_30040,13,7,5,10,0,0,0,0,2,233,17
JO,directional_endpoint_30041,0,4,1,0,0,0,0,0,3,313,16
JSO,directional_endpoint_30041,12,6,2,10,0,0,0,0,4,291,17
SO,directional_endpoint_30041,11,6,3,11,0,0,0,0,3,331,16
insert80,directional_endpoint_30041,0,0,0,0,0,0,0,0,3,342,16
bracket,directional_endpoint_30041,0,0,0,0,0,0,0,0,5,329,18
insert200,directional_endpoint_30041,0,0,0,0,0,0,0,0,4,343,17
aligned,directional_endpoint_30041,0,0,0,0,0,0,0,0,1,327,14
insert400,directional_endpoint_30041,0,0,0,0,0,0,0,0,6,326,19
doptimal,directional_endpoint_30041,0,0,0,0,0,0,0,0,2,352,15
optical2,directional_endpoint_30041,0,0,0,0,0,0,0,0,4,315,17
optical4,directional_endpoint_30041,0,0,0,0,1,1,4,1,4,314,17
short_clear,directional_endpoint_30041,0,0,0,0,0,0,0,0,3,304,16
JSO_p50,directional_endpoint_30041,12,8,2,12,0,0,0,0,6,302,19
JSO_p85,directional_endpoint_30041,5,8,0,5,0,0,0,0,8,307,21
JSO_r120,directional_endpoint_30041,12,6,2,10,0,0,0,0,4,290,17
JSO_r160,directional_endpoint_30041,10,7,2,8,0,0,0,0,5,290,18
JSO_compact,directional_endpoint_30041,6,8,1,6,0,0,0,0,7,306,20
SO_doptimal,directional_endpoint_30041,8,5,3,6,0,0,0,0,2,350,15
JSO_outer1980,directional_endpoint_30041,12,6,1,10,0,0,0,0,5,293,18
S_dopt_short,directional_endpoint_30041,11,0,0,7,0,0,0,0,3,354,16
S_doptimal,directional_endpoint_30041,11,0,0,7,0,0,0,0,3,355,16
previous_best,directional_endpoint_30042,0,0,0,0,0,0,0,0,5,272,18
baseline,directional_endpoint_30042,0,0,0,0,0,0,0,0,2,306,15
J,directional_endpoint_30042,0,0,0,0,0,0,0,0,6,311,19
JSO_compact_dopt,directional_endpoint_30041,13,5,0,9,0,0,0,0,5,318,18
JS,directional_endpoint_30042,18,0,0,13,0,0,0,0,8,315,21
O,directional_endpoint_30042,0,2,1,0,0,0,0,0,1,306,14
JO,directional_endpoint_30042,0,7,2,0,0,0,0,0,5,311,18
JSO,directional_endpoint_30042,17,11,4,12,0,0,0,0,7,317,20
S,directional_endpoint_30042,9,0,0,7,0,0,0,0,4,306,17
SO,directional_endpoint_30042,8,6,3,6,0,1,7,0,8,307,21
insert200,directional_endpoint_30042,0,0,0,0,0,0,0,0,2,314,15
insert80,directional_endpoint_30042,0,0,0,0,0,0,0,0,3,313,16
insert400,directional_endpoint_30042,0,0,0,0,0,0,0,0,2,315,15
aligned,directional_endpoint_30042,0,0,0,0,0,0,0,0,4,323,17
doptimal,directional_endpoint_30042,0,0,0,0,0,0,0,0,5,295,18
short_clear,directional_endpoint_30042,0,0,0,0,0,0,0,0,2,306,15
bracket,directional_endpoint_30042,0,0,0,0,0,0,0,0,3,309,16
optical4,directional_endpoint_30042,0,0,0,0,2,2,8,2,6,304,19
optical2,directional_endpoint_30042,0,0,0,0,0,0,0,0,2,306,15
JSO_p50,directional_endpoint_30042,19,11,4,14,0,0,0,0,7,318,20
JSO_r120,directional_endpoint_30042,15,13,5,11,0,0,0,0,8,312,21
JSO_p85,directional_endpoint_30042,12,7,2,9,0,0,0,0,5,314,18
JSO_r160,directional_endpoint_30042,15,13,5,11,0,0,0,0,8,312,21
JSO_compact,directional_endpoint_30042,11,12,3,9,0,0,0,0,9,273,22
JSO_outer1980,directional_endpoint_30042,16,11,5,11,0,0,0,0,6,315,19
S_doptimal,directional_endpoint_30042,12,0,0,12,0,0,0,0,5,289,18
S_dopt_short,directional_endpoint_30042,7,0,0,7,0,0,0,0,3,317,16
baseline,directional_endpoint_30043,0,0,0,0,0,0,0,0,4,320,14
previous_best,directional_endpoint_30043,0,0,0,0,0,0,0,0,3,336,13
SO_doptimal,directional_endpoint_30042,8,6,3,8,0,0,0,0,3,287,16
J,directional_endpoint_30043,0,0,0,0,0,0,0,0,3,337,13
O,directional_endpoint_30043,0,5,1,0,0,0,0,0,4,320,14
S,directional_endpoint_30043,6,0,0,5,0,0,0,0,3,329,13
JS,directional_endpoint_30043,6,0,0,6,0,0,0,0,5,340,15
JO,directional_endpoint_30043,0,7,4,0,0,0,0,0,3,337,13
JSO,directional_endpoint_30043,5,7,3,5,0,0,0,0,4,338,14
JSO_compact_dopt,directional_endpoint_30042,15,7,1,12,0,0,0,0,6,311,19
insert200,directional_endpoint_30043,0,0,0,0,0,0,0,0,2,316,12
insert80,directional_endpoint_30043,0,0,0,0,0,0,0,0,1,325,11
insert400,directional_endpoint_30043,0,0,0,0,0,0,0,0,2,325,12
SO,directional_endpoint_30043,6,6,3,4,0,0,0,0,3,329,13
aligned,directional_endpoint_30043,0,0,0,0,0,0,0,0,2,324,12
bracket,directional_endpoint_30043,0,0,0,0,0,0,0,0,4,320,14
JSO_p85,directional_endpoint_30043,4,7,4,4,0,0,0,0,3,338,13
optical2,directional_endpoint_30043,0,0,0,0,0,0,0,0,4,320,14
JSO_p50,directional_endpoint_30043,9,8,3,7,0,0,0,0,5,341,15
JSO_r160,directional_endpoint_30043,5,8,4,5,0,0,0,0,4,337,14
short_clear,directional_endpoint_30043,0,0,0,0,0,0,0,0,4,320,14
JSO_r120,directional_endpoint_30043,5,8,4,5,0,0,0,0,4,337,14
optical4,directional_endpoint_30043,0,0,0,0,0,0,0,0,4,320,14
doptimal,directional_endpoint_30043,0,0,0,0,0,0,0,0,2,339,12
JSO_compact,directional_endpoint_30043,5,7,3,5,0,0,0,0,4,338,14
JSO_outer1980,directional_endpoint_30043,5,7,3,5,0,0,0,0,4,338,14
SO_doptimal,directional_endpoint_30043,5,4,1,3,0,0,0,0,3,327,13
S_doptimal,directional_endpoint_30043,9,0,0,6,0,0,0,0,3,335,13
JSO_compact_dopt,directional_endpoint_30043,6,7,4,5,0,0,0,0,3,338,13
S_dopt_short,directional_endpoint_30043,9,0,0,6,0,0,0,0,3,335,13
baseline,directional_endpoint_30044,0,0,0,0,0,0,0,0,5,246,20
J,directional_endpoint_30044,0,0,0,0,0,0,0,0,7,254,22
O,directional_endpoint_30044,0,4,2,0,0,0,0,0,2,245,17
S,directional_endpoint_30044,14,0,0,14,0,0,0,0,4,286,19
previous_best,directional_endpoint_30044,0,0,0,0,0,0,0,0,12,272,27
JS,directional_endpoint_30044,17,0,0,13,0,0,0,0,8,258,23
JO,directional_endpoint_30044,0,9,5,0,0,0,0,0,4,255,19
JSO,directional_endpoint_30044,14,10,5,10,0,0,0,0,5,254,20
insert80,directional_endpoint_30044,0,0,0,0,0,0,0,0,5,259,20
insert400,directional_endpoint_30044,0,0,0,0,0,0,0,0,5,282,20
SO,directional_endpoint_30044,12,6,3,12,0,0,0,0,3,289,18
insert200,directional_endpoint_30044,0,0,0,0,0,0,0,0,5,281,20
aligned,directional_endpoint_30044,0,0,0,0,0,0,0,0,5,272,20
optical2,directional_endpoint_30044,0,0,0,0,0,0,0,0,5,246,20
bracket,directional_endpoint_30044,0,0,0,0,0,0,0,0,5,248,20
optical4,directional_endpoint_30044,0,0,0,0,2,2,8,2,8,242,23
doptimal,directional_endpoint_30044,0,0,0,0,0,0,0,0,4,247,19
short_clear,directional_endpoint_30044,0,0,0,0,0,0,0,0,4,251,19
JSO_r120,directional_endpoint_30044,14,10,5,10,0,0,0,0,5,254,20
JSO_p50,directional_endpoint_30044,16,10,6,11,0,0,0,0,4,260,19
JSO_r160,directional_endpoint_30044,13,11,3,11,0,0,0,0,8,252,23
JSO_p85,directional_endpoint_30044,13,8,4,11,0,0,0,0,4,269,19
JSO_compact,directional_endpoint_30044,16,9,4,12,0,0,0,0,5,256,20
JSO_outer1980,directional_endpoint_30044,14,8,2,11,0,0,0,0,6,262,21
baseline,directional_endpoint_30045,0,0,0,0,0,0,0,0,5,176,21
S_doptimal,directional_endpoint_30044,14,0,0,12,0,0,0,0,5,252,20
SO_doptimal,directional_endpoint_30044,11,7,3,9,0,0,0,0,4,248,19
O,directional_endpoint_30045,0,6,3,0,0,0,0,0,3,175,19
S_dopt_short,directional_endpoint_30044,12,0,0,10,0,0,0,0,5,250,20
S,directional_endpoint_30045,26,0,0,20,0,0,0,0,8,164,24
J,directional_endpoint_30045,0,0,0,0,0,0,0,0,9,226,25
JSO_compact_dopt,directional_endpoint_30044,15,10,3,12,0,0,0,0,7,244,22
previous_best,directional_endpoint_30045,0,0,0,0,0,0,0,0,8,221,24
JS,directional_endpoint_30045,20,0,0,17,0,0,0,0,9,190,25
JSO,directional_endpoint_30045,18,11,3,15,0,0,0,0,8,186,24
insert80,directional_endpoint_30045,0,0,0,0,0,0,0,0,5,193,21
SO,directional_endpoint_30045,16,10,5,12,0,0,0,0,5,151,21
JO,directional_endpoint_30045,0,9,3,0,0,0,0,0,6,225,22
insert200,directional_endpoint_30045,0,0,0,0,0,0,0,0,8,191,24
insert400,directional_endpoint_30045,0,0,0,0,0,0,0,0,6,186,22
aligned,directional_endpoint_30045,0,0,0,0,0,0,0,0,2,183,18
optical2,directional_endpoint_30045,0,0,0,0,0,0,0,0,5,176,21
bracket,directional_endpoint_30045,0,0,0,0,0,0,0,0,5,201,21
optical4,directional_endpoint_30045,0,0,0,0,3,3,12,3,9,173,25
short_clear,directional_endpoint_30045,0,0,0,0,0,0,0,0,5,176,21
JSO_p85,directional_endpoint_30045,21,12,3,17,0,0,0,0,9,170,25
JSO_p50,directional_endpoint_30045,25,12,3,20,0,0,0,0,9,191,25
JSO_r160,directional_endpoint_30045,19,13,2,14,0,0,0,0,11,191,27
JSO_r120,directional_endpoint_30045,19,12,3,15,0,0,0,0,9,187,25
JSO_outer1980,directional_endpoint_30045,19,12,4,15,0,0,0,0,8,187,24
JSO_compact,directional_endpoint_30045,19,12,3,15,0,0,0,0,9,188,25
doptimal,directional_endpoint_30045,0,0,0,0,0,0,0,0,4,186,20
S_doptimal,directional_endpoint_30045,16,0,0,15,0,0,0,0,2,152,18
SO_doptimal,directional_endpoint_30045,14,12,5,11,0,0,0,0,7,157,23
S,directional_endpoint_30046,16,0,0,14,0,0,0,0,5,278,19
S_dopt_short,directional_endpoint_30045,17,0,0,16,0,0,0,0,4,175,20
baseline,directional_endpoint_30046,0,0,0,0,0,0,0,0,6,265,20
previous_best,directional_endpoint_30046,0,0,0,0,0,0,0,0,7,313,21
J,directional_endpoint_30046,0,0,0,0,0,0,0,0,7,315,21
JS,directional_endpoint_30046,21,0,0,17,0,0,0,0,7,318,21
O,directional_endpoint_30046,0,5,0,0,0,0,0,0,5,265,19
JO,directional_endpoint_30046,0,10,3,0,0,0,0,0,7,315,21
JSO_compact_dopt,directional_endpoint_30045,19,12,3,15,0,0,0,0,9,189,25
SO,directional_endpoint_30046,12,8,3,10,0,0,0,0,5,230,19
JSO,directional_endpoint_30046,15,10,3,11,0,0,0,0,7,316,21
aligned,directional_endpoint_30046,0,0,0,0,0,0,0,0,8,261,22
insert80,directional_endpoint_30046,0,0,0,0,0,0,0,0,6,286,20
insert400,directional_endpoint_30046,0,0,0,0,0,1,23,0,11,263,25
insert200,directional_endpoint_30046,0,0,0,0,0,0,0,0,4,276,18
bracket,directional_endpoint_30046,0,0,0,0,0,0,0,0,7,241,21
optical4,directional_endpoint_30046,0,0,0,0,3,3,12,3,7,260,21
optical2,directional_endpoint_30046,0,0,0,0,0,0,0,0,6,265,20
short_clear,directional_endpoint_30046,0,0,0,0,0,0,0,0,4,255,18
JSO_p50,directional_endpoint_30046,17,11,3,12,0,0,0,0,8,319,22
JSO_r120,directional_endpoint_30046,15,10,3,11,0,0,0,0,7,316,21
JSO_r160,directional_endpoint_30046,15,11,3,11,0,0,0,0,8,317,22
JSO_p85,directional_endpoint_30046,12,12,3,9,0,1,4,0,12,319,26
JSO_compact,directional_endpoint_30046,15,11,4,11,0,0,0,0,7,315,21
JSO_outer1980,directional_endpoint_30046,15,10,3,11,0,0,0,0,7,316,21
baseline,directional_endpoint_30047,0,0,0,0,0,0,0,0,4,351,14
J,directional_endpoint_30047,0,0,0,0,0,0,0,0,4,331,14
doptimal,directional_endpoint_30046,0,0,0,0,0,0,0,0,7,263,21
previous_best,directional_endpoint_30047,0,0,0,0,0,0,0,0,4,328,14
SO_doptimal,directional_endpoint_30046,11,8,4,8,0,0,0,0,4,296,18
S,directional_endpoint_30047,11,0,0,9,0,0,0,0,1,342,11
O,directional_endpoint_30047,0,6,2,0,0,0,0,0,4,351,14
S_doptimal,directional_endpoint_30046,17,0,0,13,0,0,0,0,6,299,20
JS,directional_endpoint_30047,13,0,0,8,0,0,0,0,1,329,11
JSO_compact_dopt,directional_endpoint_30046,17,9,3,12,0,0,0,0,6,312,20
S_dopt_short,directional_endpoint_30046,17,0,0,13,0,0,0,0,6,299,20
insert80,directional_endpoint_30047,0,0,0,0,0,0,0,0,5,317,15
JO,directional_endpoint_30047,0,5,2,0,0,0,0,0,3,331,13
JSO,directional_endpoint_30047,12,4,3,7,0,0,0,0,1,328,11
SO,directional_endpoint_30047,9,4,1,8,0,0,0,0,3,344,13
insert400,directional_endpoint_30047,0,0,0,0,0,0,0,0,7,334,17
insert200,directional_endpoint_30047,0,0,0,0,0,0,0,0,5,326,15
bracket,directional_endpoint_30047,0,0,0,0,0,0,0,0,4,352,14
aligned,directional_endpoint_30047,0,0,0,0,0,0,0,0,4,370,14
optical2,directional_endpoint_30047,0,0,0,0,0,0,0,0,4,351,14
short_clear,directional_endpoint_30047,0,0,0,0,0,0,0,0,4,350,14
JSO_p50,directional_endpoint_30047,14,4,3,8,0,0,0,0,1,332,11
optical4,directional_endpoint_30047,0,0,0,0,0,0,0,0,4,351,14
JSO_r160,directional_endpoint_30047,10,6,2,5,0,0,0,0,4,327,14
JSO_r120,directional_endpoint_30047,12,4,3,7,0,0,0,0,1,328,11
JSO_p85,directional_endpoint_30047,8,6,4,6,0,0,0,0,2,331,12
doptimal,directional_endpoint_30047,0,0,0,0,0,0,0,0,5,339,15
JSO_compact,directional_endpoint_30047,12,4,1,7,0,0,0,0,3,330,13
JSO_outer1980,directional_endpoint_30047,14,4,1,9,0,0,0,0,3,333,13
baseline,directional_endpoint_30048,0,0,0,0,0,0,0,0,3,264,16
O,directional_endpoint_30048,0,4,2,0,0,0,0,0,2,256,15
J,directional_endpoint_30048,0,0,0,0,0,0,0,0,5,262,18
previous_best,directional_endpoint_30048,0,0,0,0,0,0,0,0,5,259,18
JS,directional_endpoint_30048,16,0,0,15,0,0,0,0,3,281,16
JSO_compact_dopt,directional_endpoint_30047,13,2,1,10,0,0,0,0,1,331,11
S,directional_endpoint_30048,19,0,0,17,0,0,0,0,5,289,18
S_doptimal,directional_endpoint_30047,9,0,0,8,0,0,0,0,2,346,12
SO_doptimal,directional_endpoint_30047,10,4,0,8,0,0,0,0,4,348,14
S_dopt_short,directional_endpoint_30047,9,0,0,8,0,0,0,0,2,346,12
JO,directional_endpoint_30048,0,6,1,0,0,0,0,0,5,263,18
insert80,directional_endpoint_30048,0,0,0,0,0,0,0,0,1,272,14
JSO,directional_endpoint_30048,14,4,0,12,0,0,0,0,4,281,17
insert400,directional_endpoint_30048,0,0,0,0,0,0,0,0,4,284,17
SO,directional_endpoint_30048,14,6,0,10,0,0,0,0,6,311,19
insert200,directional_endpoint_30048,0,0,0,0,0,0,0,0,4,283,17
aligned,directional_endpoint_30048,0,0,0,0,0,0,0,0,2,283,15
optical2,directional_endpoint_30048,0,0,0,0,0,0,0,0,3,264,16
optical4,directional_endpoint_30048,0,0,0,0,1,1,4,1,4,263,17
short_clear,directional_endpoint_30048,0,0,0,0,0,0,0,0,3,264,16
JSO_p50,directional_endpoint_30048,16,5,0,15,0,0,0,0,5,283,18
doptimal,directional_endpoint_30048,0,0,0,0,0,0,0,0,5,281,18
bracket,directional_endpoint_30048,0,0,0,0,0,0,0,0,3,293,16
JSO_r120,directional_endpoint_30048,13,6,0,11,0,0,0,0,6,281,19
JSO_p85,directional_endpoint_30048,10,6,1,9,0,0,0,0,5,283,18
JSO_r160,directional_endpoint_30048,13,6,0,11,0,0,0,0,6,281,19
JSO_compact,directional_endpoint_30048,14,5,1,12,0,0,0,0,4,280,17
JSO_outer1980,directional_endpoint_30048,14,5,1,12,0,0,0,0,4,280,17
baseline,directional_endpoint_30049,0,0,0,0,0,0,0,0,1,357,12
previous_best,directional_endpoint_30049,0,0,0,0,0,0,0,0,3,351,14
O,directional_endpoint_30049,0,4,3,0,0,0,0,0,1,357,12
JSO_compact_dopt,directional_endpoint_30048,14,5,1,12,0,0,0,0,4,280,17
S_doptimal,directional_endpoint_30048,14,0,0,9,0,0,0,0,4,294,17
S,directional_endpoint_30049,5,0,0,4,0,0,0,0,4,351,15
J,directional_endpoint_30049,0,0,0,0,0,0,0,0,2,359,13
JS,directional_endpoint_30049,7,0,0,5,0,0,0,0,2,359,13
S_dopt_short,directional_endpoint_30048,14,0,0,9,0,0,0,0,4,294,17
SO_doptimal,directional_endpoint_30048,12,6,1,9,0,0,0,0,5,297,18
SO,directional_endpoint_30049,5,4,0,4,0,0,0,0,4,350,15
JO,directional_endpoint_30049,0,7,4,0,0,0,0,0,3,360,14
JSO,directional_endpoint_30049,7,5,3,5,0,0,0,0,2,357,13
aligned,directional_endpoint_30049,0,0,0,0,0,0,0,0,0,356,11
insert200,directional_endpoint_30049,0,0,0,0,0,0,0,0,2,359,13
insert400,directional_endpoint_30049,0,0,0,0,0,0,0,0,2,356,13
bracket,directional_endpoint_30049,0,0,0,0,0,0,0,0,1,357,12
optical2,directional_endpoint_30049,0,0,0,0,0,0,0,0,1,357,12
insert80,directional_endpoint_30049,0,0,0,0,0,0,0,0,3,357,14
JSO_p50,directional_endpoint_30049,7,5,3,5,0,0,0,0,2,357,13
optical4,directional_endpoint_30049,0,0,0,0,0,0,0,0,1,357,12
short_clear,directional_endpoint_30049,0,0,0,0,0,0,0,0,1,357,12
doptimal,directional_endpoint_30049,0,0,0,0,0,0,0,0,2,363,13
JSO_r120,directional_endpoint_30049,6,6,3,5,0,0,0,0,3,356,14
JSO_p85,directional_endpoint_30049,5,6,4,5,0,0,0,0,2,357,13
JSO_compact,directional_endpoint_30049,6,5,4,5,0,0,0,0,1,354,12
JSO_r160,directional_endpoint_30049,6,9,3,5,0,0,0,0,6,357,17
JSO_outer1980,directional_endpoint_30049,7,5,2,5,0,0,0,0,3,358,14
S_doptimal,directional_endpoint_30049,5,0,0,4,0,0,0,0,1,363,12
SO_doptimal,directional_endpoint_30049,4,2,1,3,0,0,0,0,1,360,12
S_dopt_short,directional_endpoint_30049,5,0,0,4,0,0,0,0,1,363,12
JSO_compact_dopt,directional_endpoint_30049,7,5,2,5,0,0,0,0,3,359,14
J,omni_endpoint_30000,0,0,0,0,0,0,0,0,8,111,24
baseline,omni_endpoint_30000,0,0,0,0,0,0,0,0,5,174,21
JS,omni_endpoint_30000,20,0,0,20,0,0,0,0,8,102,24
previous_best,omni_endpoint_30000,0,0,0,0,0,0,0,0,8,118,24
S,omni_endpoint_30000,28,0,0,28,0,0,0,0,7,124,23
JO,omni_endpoint_30000,0,12,4,0,0,0,0,0,8,111,24
O,omni_endpoint_30000,0,8,2,0,0,0,0,0,6,225,22
insert80,omni_endpoint_30000,0,0,0,0,0,0,0,0,4,209,20
JSO,omni_endpoint_30000,20,13,2,20,0,0,0,0,11,104,27
insert400,omni_endpoint_30000,0,0,0,0,0,0,0,0,5,178,21
SO,omni_endpoint_30000,21,9,1,21,0,0,0,0,8,225,24
insert200,omni_endpoint_30000,0,0,0,0,0,0,0,0,4,208,20
bracket,omni_endpoint_30000,0,0,0,0,0,0,0,0,5,174,21
aligned,omni_endpoint_30000,0,0,0,0,0,0,0,0,10,139,26
optical2,omni_endpoint_30000,0,0,0,0,0,0,0,0,5,174,21
JSO_p50,omni_endpoint_30000,24,13,3,22,0,0,0,0,10,89,26
optical4,omni_endpoint_30000,0,0,0,0,1,1,4,1,7,173,23
JSO_p85,omni_endpoint_30000,13,11,6,13,0,0,0,0,5,110,21
short_clear,omni_endpoint_30000,0,0,0,0,0,0,0,0,7,179,23
JSO_r120,omni_endpoint_30000,20,13,2,20,0,0,0,0,11,104,27
JSO_compact,omni_endpoint_30000,20,13,2,20,0,0,0,0,11,104,27
JSO_r160,omni_endpoint_30000,20,13,2,20,0,0,0,0,11,104,27
JSO_outer1980,omni_endpoint_30000,20,13,2,20,0,0,0,0,11,104,27
doptimal,omni_endpoint_30000,0,0,0,0,0,0,0,0,8,171,24
baseline,omni_endpoint_30001,0,0,0,0,0,0,0,0,6,245,21
S_doptimal,omni_endpoint_30000,34,0,0,34,0,0,0,0,3,217,19
previous_best,omni_endpoint_30001,0,0,0,0,0,0,0,0,8,191,23
S_dopt_short,omni_endpoint_30000,33,0,0,33,0,0,0,0,3,216,19
SO_doptimal,omni_endpoint_30000,21,13,4,21,0,0,0,0,9,205,25
JS,omni_endpoint_30001,22,0,0,22,0,0,0,0,4,206,19
J,omni_endpoint_30001,0,0,0,0,0,1,4,0,13,198,28
JSO_compact_dopt,omni_endpoint_30000,19,13,3,19,0,0,0,0,10,103,26
S,omni_endpoint_30001,36,0,0,35,0,0,0,0,4,226,19
JSO,omni_endpoint_30001,18,11,7,18,0,0,0,0,4,201,19
O,omni_endpoint_30001,0,7,3,0,0,0,0,0,4,241,19
insert200,omni_endpoint_30001,0,0,0,0,0,0,0,0,4,195,19
JO,omni_endpoint_30001,0,11,2,0,0,1,4,0,11,197,26
insert80,omni_endpoint_30001,0,0,0,0,0,0,0,0,5,195,20
insert400,omni_endpoint_30001,0,0,0,0,0,0,0,0,4,196,19
SO,omni_endpoint_30001,32,9,3,31,0,0,0,0,6,222,21
aligned,omni_endpoint_30001,0,0,0,0,0,0,0,0,5,207,20
JSO_r120,omni_endpoint_30001,18,11,7,18,0,0,0,0,4,201,19
bracket,omni_endpoint_30001,0,0,0,0,0,0,0,0,6,245,21
JSO_p50,omni_endpoint_30001,19,11,6,19,0,0,0,0,5,203,20
optical2,omni_endpoint_30001,0,0,0,0,0,0,0,0,6,245,21
optical4,omni_endpoint_30001,0,0,0,0,3,3,12,3,10,242,25
JSO_p85,omni_endpoint_30001,19,8,1,19,0,0,0,0,7,211,22
JSO_r160,omni_endpoint_30001,18,11,7,18,0,0,0,0,4,201,19
short_clear,omni_endpoint_30001,0,0,0,0,0,0,0,0,6,245,21
JSO_compact,omni_endpoint_30001,18,11,7,18,0,0,0,0,4,201,19
JSO_outer1980,omni_endpoint_30001,18,11,7,18,0,0,0,0,4,201,19
doptimal,omni_endpoint_30001,0,0,0,0,0,0,0,0,2,216,17
J,omni_endpoint_30002,0,0,0,0,0,0,0,0,8,211,23
baseline,omni_endpoint_30002,0,0,0,0,0,0,0,0,6,234,21
previous_best,omni_endpoint_30002,0,0,0,0,0,0,0,0,8,204,23
JSO_compact_dopt,omni_endpoint_30001,18,11,7,18,0,0,0,0,4,201,19
JS,omni_endpoint_30002,24,0,0,23,0,0,0,0,6,211,21
SO_doptimal,omni_endpoint_30001,15,9,5,15,0,0,0,0,4,254,19
O,omni_endpoint_30002,0,5,1,0,0,0,0,0,4,226,19
S,omni_endpoint_30002,21,0,0,21,0,0,0,0,9,241,24
S_doptimal,omni_endpoint_30001,23,0,0,23,0,0,0,0,1,255,16
S_dopt_short,omni_endpoint_30001,23,0,0,23,0,0,0,0,1,255,16
JO,omni_endpoint_30002,0,8,2,0,0,0,0,0,6,210,21
JSO,omni_endpoint_30002,19,13,5,18,0,0,0,0,8,211,23
SO,omni_endpoint_30002,18,8,3,18,0,0,0,0,5,238,20
insert80,omni_endpoint_30002,0,0,0,0,0,0,0,0,11,251,26
insert200,omni_endpoint_30002,0,0,0,0,0,0,0,0,11,254,26
bracket,omni_endpoint_30002,0,0,0,0,0,0,0,0,6,234,21
optical4,omni_endpoint_30002,0,0,0,0,3,3,12,3,10,231,25
insert400,omni_endpoint_30002,0,0,0,0,0,0,0,0,9,238,24
optical2,omni_endpoint_30002,0,0,0,0,0,0,0,0,6,234,21
aligned,omni_endpoint_30002,0,0,0,0,0,0,0,0,6,253,21
JSO_r120,omni_endpoint_30002,18,12,6,17,0,0,0,0,6,205,21
short_clear,omni_endpoint_30002,0,0,0,0,0,0,0,0,8,200,23
JSO_p50,omni_endpoint_30002,21,12,2,20,0,0,0,0,10,227,25
JSO_r160,omni_endpoint_30002,20,12,2,19,0,0,0,0,10,215,25
JSO_p85,omni_endpoint_30002,20,11,3,20,0,0,0,0,8,197,23
JSO_compact,omni_endpoint_30002,19,13,6,18,0,0,0,0,7,210,22
doptimal,omni_endpoint_30002,0,0,0,0,0,0,0,0,4,248,19
JSO_outer1980,omni_endpoint_30002,21,9,1,21,0,0,0,0,8,197,23
baseline,omni_endpoint_30003,0,0,0,0,0,0,0,0,4,327,14
previous_best,omni_endpoint_30003,0,0,0,0,0,0,0,0,2,305,12
S_doptimal,omni_endpoint_30002,21,0,0,21,0,0,0,0,4,230,19
JS,omni_endpoint_30003,16,0,0,16,0,0,0,0,7,313,17
J,omni_endpoint_30003,0,0,0,0,0,0,0,0,5,293,15
S,omni_endpoint_30003,13,0,0,13,0,0,0,0,4,333,14
O,omni_endpoint_30003,0,3,1,0,0,0,0,0,2,329,12
S_dopt_short,omni_endpoint_30002,21,0,0,21,0,0,0,0,4,230,19
SO_doptimal,omni_endpoint_30002,20,10,1,20,0,0,0,0,9,261,24
JSO_compact_dopt,omni_endpoint_30002,20,7,1,19,0,0,0,0,6,226,21
JO,omni_endpoint_30003,0,4,0,0,0,0,0,0,4,293,14
insert80,omni_endpoint_30003,0,0,0,0,0,0,0,0,4,308,14
JSO,omni_endpoint_30003,14,8,0,14,0,0,0,0,8,312,18
insert200,omni_endpoint_30003,0,0,0,0,0,0,0,0,4,308,14
SO,omni_endpoint_30003,12,3,0,12,0,0,0,0,3,335,13
insert400,omni_endpoint_30003,0,0,0,0,0,0,0,0,4,308,14
aligned,omni_endpoint_30003,0,0,0,0,0,0,0,0,4,328,14
bracket,omni_endpoint_30003,0,0,0,0,0,0,0,0,4,327,14
doptimal,omni_endpoint_30003,0,0,0,0,0,0,0,0,3,320,13
optical2,omni_endpoint_30003,0,0,0,0,0,0,0,0,4,327,14
optical4,omni_endpoint_30003,0,0,0,0,0,0,0,0,4,327,14
JSO_p85,omni_endpoint_30003,13,8,2,13,0,0,0,0,6,310,16
JSO_r120,omni_endpoint_30003,14,8,0,14,0,0,0,0,8,312,18
short_clear,omni_endpoint_30003,0,0,0,0,0,0,0,0,4,327,14
JSO_p50,omni_endpoint_30003,15,7,0,15,0,0,0,0,7,323,17
JSO_r160,omni_endpoint_30003,14,8,0,14,0,0,0,0,8,312,18
JSO_compact,omni_endpoint_30003,14,8,0,14,0,0,0,0,8,312,18
JSO_outer1980,omni_endpoint_30003,14,7,1,14,0,0,0,0,6,320,16
previous_best,omni_endpoint_30004,0,0,0,0,0,0,0,0,5,315,16
J,omni_endpoint_30004,0,0,0,0,0,0,0,0,5,315,16
S_doptimal,omni_endpoint_30003,17,0,0,17,0,0,0,0,4,311,14
S_dopt_short,omni_endpoint_30003,16,0,0,16,0,0,0,0,4,310,14
JSO_compact_dopt,omni_endpoint_30003,13,6,0,13,0,0,0,0,6,325,16
baseline,omni_endpoint_30004,0,0,0,0,0,0,0,0,3,306,14
SO_doptimal,omni_endpoint_30003,7,3,1,7,0,0,0,0,2,329,12
JS,omni_endpoint_30004,18,0,0,18,0,0,0,0,3,319,14
O,omni_endpoint_30004,0,4,1,0,0,0,0,0,3,305,14
S,omni_endpoint_30004,11,0,0,10,0,0,0,0,4,315,15
JO,omni_endpoint_30004,0,5,0,0,0,0,0,0,5,315,16
JSO,omni_endpoint_30004,15,7,2,15,0,0,0,0,5,317,16
insert80,omni_endpoint_30004,0,0,0,0,0,0,0,0,6,332,17
aligned,omni_endpoint_30004,0,0,0,0,0,0,0,0,2,308,13
insert200,omni_endpoint_30004,0,0,0,0,0,0,0,0,6,332,17
insert400,omni_endpoint_30004,0,0,0,0,0,0,0,0,6,334,17
bracket,omni_endpoint_30004,0,0,0,0,0,0,0,0,3,306,14
SO,omni_endpoint_30004,11,5,0,10,0,0,0,0,5,320,16
doptimal,omni_endpoint_30004,0,0,0,0,0,0,0,0,5,308,16
optical2,omni_endpoint_30004,0,0,0,0,0,0,0,0,3,306,14
short_clear,omni_endpoint_30004,0,0,0,0,0,0,0,0,3,306,14
optical4,omni_endpoint_30004,0,0,0,0,0,0,0,0,3,306,14
JSO_p50,omni_endpoint_30004,15,7,2,15,0,0,0,0,5,317,16
JSO_r160,omni_endpoint_30004,12,8,3,12,0,0,0,0,5,279,16
JSO_r120,omni_endpoint_30004,11,7,4,11,0,0,0,0,3,276,14
JSO_p85,omni_endpoint_30004,9,7,4,9,0,0,0,0,3,280,14
JSO_compact,omni_endpoint_30004,16,7,1,16,0,0,0,0,6,319,17
JSO_outer1980,omni_endpoint_30004,15,7,2,15,0,0,0,0,5,317,16
previous_best,omni_endpoint_30005,0,0,0,0,0,0,0,0,5,293,18
baseline,omni_endpoint_30005,0,0,0,0,0,0,0,0,2,287,15
S_doptimal,omni_endpoint_30004,12,0,0,12,0,0,0,0,1,311,12
J,omni_endpoint_30005,0,0,0,0,0,0,0,0,4,292,17
JSO_compact_dopt,omni_endpoint_30004,18,9,1,18,0,0,0,0,8,325,19
S_dopt_short,omni_endpoint_30004,13,0,0,13,0,0,0,0,7,287,18
JS,omni_endpoint_30005,21,0,0,19,0,0,0,0,6,296,19
S,omni_endpoint_30005,16,0,0,16,0,0,0,0,4,305,17
SO_doptimal,omni_endpoint_30004,13,5,0,13,0,0,0,0,5,322,16
O,omni_endpoint_30005,0,5,3,0,0,0,0,0,2,287,15
JSO,omni_endpoint_30005,19,8,2,17,0,0,0,0,6,293,19
insert80,omni_endpoint_30005,0,0,0,0,0,0,0,0,4,293,17
JO,omni_endpoint_30005,0,6,2,0,0,0,0,0,4,293,17
SO,omni_endpoint_30005,16,6,2,16,0,0,0,0,4,308,17
insert400,omni_endpoint_30005,0,0,0,0,0,0,0,0,5,292,18
insert200,omni_endpoint_30005,0,0,0,0,0,0,0,0,6,295,19
bracket,omni_endpoint_30005,0,0,0,0,0,0,0,0,2,287,15
aligned,omni_endpoint_30005,0,0,0,0,0,0,0,0,2,292,15
optical2,omni_endpoint_30005,0,0,0,0,0,0,0,0,2,287,15
doptimal,omni_endpoint_30005,0,0,0,0,0,0,0,0,3,311,16
optical4,omni_endpoint_30005,0,0,0,0,0,0,0,0,2,287,15
short_clear,omni_endpoint_30005,0,0,0,0,0,0,0,0,2,287,15
JSO_p50,omni_endpoint_30005,20,8,2,16,0,0,0,0,6,295,19
JSO_r160,omni_endpoint_30005,18,10,2,16,0,0,0,0,8,293,21
JSO_p85,omni_endpoint_30005,11,11,1,11,0,0,0,0,10,292,23
JSO_r120,omni_endpoint_30005,19,8,2,17,0,0,0,0,6,293,19
JSO_outer1980,omni_endpoint_30005,19,9,3,17,0,0,0,0,6,293,19
JSO_compact,omni_endpoint_30005,19,8,2,17,0,0,0,0,6,293,19
J,omni_endpoint_30006,0,0,0,0,0,0,0,0,2,366,12
previous_best,omni_endpoint_30006,0,0,0,0,0,0,0,0,2,365,12
baseline,omni_endpoint_30006,0,0,0,0,0,0,0,0,7,323,17
SO_doptimal,omni_endpoint_30005,10,2,1,8,0,0,0,0,1,310,14
JS,omni_endpoint_30006,11,0,0,11,0,0,0,0,2,369,12
S_doptimal,omni_endpoint_30005,10,0,0,8,0,0,0,0,1,310,14
O,omni_endpoint_30006,0,7,0,0,0,0,0,0,7,323,17
S,omni_endpoint_30006,9,0,0,9,0,0,0,0,5,319,15
JSO_compact_dopt,omni_endpoint_30005,19,6,1,17,0,0,0,0,5,294,18
S_dopt_short,omni_endpoint_30005,12,0,0,11,0,0,0,0,2,314,15
JSO,omni_endpoint_30006,10,7,0,10,0,0,0,0,7,344,17
JO,omni_endpoint_30006,0,5,2,0,0,0,0,0,3,367,13
insert200,omni_endpoint_30006,0,0,0,0,0,0,0,0,3,338,13
insert80,omni_endpoint_30006,0,0,0,0,0,0,0,0,3,337,13
insert400,omni_endpoint_30006,0,0,0,0,0,0,0,0,4,338,14
aligned,omni_endpoint_30006,0,0,0,0,0,0,0,0,7,325,17
SO,omni_endpoint_30006,10,8,0,10,0,0,0,0,8,321,18
bracket,omni_endpoint_30006,0,0,0,0,0,0,0,0,7,323,17
optical2,omni_endpoint_30006,0,0,0,0,0,0,0,0,7,323,17
optical4,omni_endpoint_30006,0,0,0,0,4,4,16,4,13,319,23
doptimal,omni_endpoint_30006,0,0,0,0,0,0,0,0,2,351,12
short_clear,omni_endpoint_30006,0,0,0,0,0,0,0,0,5,324,15
JSO_p85,omni_endpoint_30006,10,6,1,10,0,0,0,0,5,370,15
JSO_r120,omni_endpoint_30006,10,7,0,10,0,0,0,0,7,344,17
JSO_r160,omni_endpoint_30006,10,7,0,10,0,0,0,0,7,344,17
JSO_p50,omni_endpoint_30006,13,5,1,13,0,0,0,0,4,368,14
JSO_outer1980,omni_endpoint_30006,10,7,0,10,0,0,0,0,7,344,17
JSO_compact,omni_endpoint_30006,10,7,0,10,0,0,0,0,7,344,17
S_doptimal,omni_endpoint_30006,11,0,0,11,0,0,0,0,1,354,11
S_dopt_short,omni_endpoint_30006,9,0,0,9,0,0,0,0,1,352,11
SO_doptimal,omni_endpoint_30006,10,5,2,10,0,0,0,0,3,355,13
J,omni_endpoint_30007,0,0,0,0,0,0,0,0,5,62,21
JSO_compact_dopt,omni_endpoint_30006,9,7,1,9,0,0,0,0,6,342,16
baseline,omni_endpoint_30007,0,0,0,0,0,0,0,0,4,135,20
S,omni_endpoint_30007,20,0,0,20,0,0,0,0,5,112,21
previous_best,omni_endpoint_30007,0,0,0,0,0,0,0,0,5,136,21
O,omni_endpoint_30007,0,5,0,0,0,0,0,0,5,136,21
JS,omni_endpoint_30007,16,0,0,16,0,0,0,0,5,83,21
JSO,omni_endpoint_30007,14,11,8,14,0,0,0,0,3,79,19
SO,omni_endpoint_30007,15,10,6,15,0,0,0,0,4,108,20
insert80,omni_endpoint_30007,0,0,0,0,0,0,0,0,4,132,20
JO,omni_endpoint_30007,0,11,5,0,0,0,0,0,6,63,22
insert200,omni_endpoint_30007,0,0,0,0,0,0,0,0,5,152,21
bracket,omni_endpoint_30007,0,0,0,0,0,0,0,0,4,135,20
insert400,omni_endpoint_30007,0,0,0,0,0,0,0,0,5,152,21
optical2,omni_endpoint_30007,0,0,0,0,0,0,0,0,4,135,20
aligned,omni_endpoint_30007,0,0,0,0,0,0,0,0,5,113,21
short_clear,omni_endpoint_30007,0,0,0,0,0,0,0,0,3,113,19
optical4,omni_endpoint_30007,0,0,0,0,0,0,0,0,4,135,20
JSO_p50,omni_endpoint_30007,17,11,7,17,0,0,0,0,4,86,20
JSO_p85,omni_endpoint_30007,13,11,4,13,0,0,0,0,7,84,23
JSO_r120,omni_endpoint_30007,14,11,8,14,0,0,0,0,3,79,19
JSO_r160,omni_endpoint_30007,14,11,8,14,0,0,0,0,3,79,19
JSO_compact,omni_endpoint_30007,14,11,8,14,0,0,0,0,3,79,19
JSO_outer1980,omni_endpoint_30007,14,11,8,14,0,0,0,0,3,79,19
doptimal,omni_endpoint_30007,0,0,0,0,0,0,0,0,4,112,20
previous_best,omni_endpoint_30008,0,0,0,0,0,0,0,0,1,229,14
JSO_compact_dopt,omni_endpoint_30007,14,11,8,14,0,0,0,0,3,79,19
S_dopt_short,omni_endpoint_30007,16,0,0,16,0,0,0,0,4,115,20
S_doptimal,omni_endpoint_30007,16,0,0,16,0,0,0,0,4,115,20
baseline,omni_endpoint_30008,0,0,0,0,0,0,0,0,4,250,17
SO_doptimal,omni_endpoint_30007,12,9,4,12,0,0,0,0,5,113,21
J,omni_endpoint_30008,0,0,0,0,0,0,0,0,7,227,20
O,omni_endpoint_30008,0,2,0,0,0,0,0,0,2,250,15
S,omni_endpoint_30008,20,0,0,19,0,0,0,0,7,271,20
JS,omni_endpoint_30008,21,0,0,21,0,0,0,0,8,250,21
JO,omni_endpoint_30008,0,7,1,0,0,0,0,0,6,226,19
insert200,omni_endpoint_30008,0,0,0,0,0,0,0,0,6,257,19
insert400,omni_endpoint_30008,0,0,0,0,0,0,0,0,9,258,22
insert80,omni_endpoint_30008,0,0,0,0,0,0,0,0,3,253,16
aligned,omni_endpoint_30008,0,0,0,0,0,0,0,0,2,234,15
SO,omni_endpoint_30008,19,9,1,18,0,0,0,0,8,274,21
JSO,omni_endpoint_30008,19,9,0,19,0,0,0,0,9,253,22
optical2,omni_endpoint_30008,0,0,0,0,0,0,0,0,4,250,17
bracket,omni_endpoint_30008,0,0,0,0,0,0,0,0,4,250,17
optical4,omni_endpoint_30008,0,0,0,0,1,1,4,1,6,249,19
JSO_p85,omni_endpoint_30008,13,9,3,13,0,0,0,0,6,245,19
short_clear,omni_endpoint_30008,0,0,0,0,0,0,0,0,4,250,17
JSO_p50,omni_endpoint_30008,21,8,0,21,0,0,0,0,8,239,21
JSO_r120,omni_endpoint_30008,17,9,1,17,0,0,0,0,8,249,21
JSO_compact,omni_endpoint_30008,20,10,2,20,0,0,0,0,8,250,21
JSO_r160,omni_endpoint_30008,17,9,1,17,0,0,0,0,8,249,21
JSO_outer1980,omni_endpoint_30008,19,9,1,19,0,0,0,0,8,250,21
doptimal,omni_endpoint_30008,0,0,0,0,0,0,0,0,5,251,18
previous_best,omni_endpoint_30009,0,0,0,0,0,0,0,0,10,235,23
S_doptimal,omni_endpoint_30008,13,0,0,13,0,0,0,0,3,235,16
J,omni_endpoint_30009,0,0,0,0,0,0,0,0,11,238,24
baseline,omni_endpoint_30009,0,0,0,0,0,0,0,0,6,253,19
S_dopt_short,omni_endpoint_30008,16,0,0,16,0,0,0,0,1,264,14
SO_doptimal,omni_endpoint_30008,12,5,1,12,0,0,0,0,4,234,17
O,omni_endpoint_30009,0,3,0,0,0,0,0,0,3,282,16
S,omni_endpoint_30009,21,0,0,21,0,0,0,0,4,258,17
JS,omni_endpoint_30009,24,0,0,24,0,0,0,0,3,246,16
JSO_compact_dopt,omni_endpoint_30008,19,8,2,19,0,0,0,0,6,262,19
JO,omni_endpoint_30009,0,11,4,0,0,0,0,0,7,237,20
insert80,omni_endpoint_30009,0,0,0,0,0,0,0,0,4,233,17
JSO,omni_endpoint_30009,21,10,3,21,0,0,0,0,7,248,20
SO,omni_endpoint_30009,17,4,0,17,0,0,0,0,4,252,17
insert200,omni_endpoint_30009,0,0,0,0,0,0,0,0,5,248,18
aligned,omni_endpoint_30009,0,0,0,0,0,0,0,0,2,255,15
insert400,omni_endpoint_30009,0,0,0,0,0,0,0,0,5,246,18
bracket,omni_endpoint_30009,0,0,0,0,0,0,0,0,6,253,19
optical4,omni_endpoint_30009,0,0,0,0,1,1,4,1,7,252,20
doptimal,omni_endpoint_30009,0,0,0,0,0,0,0,0,3,245,16
optical2,omni_endpoint_30009,0,0,0,0,0,0,0,0,6,253,19
JSO_p85,omni_endpoint_30009,19,10,4,19,0,0,0,0,6,246,19
JSO_p50,omni_endpoint_30009,21,10,3,21,0,0,0,0,7,248,20
JSO_r120,omni_endpoint_30009,16,11,5,16,0,0,0,0,6,241,19
short_clear,omni_endpoint_30009,0,0,0,0,0,0,0,0,7,257,20
JSO_compact,omni_endpoint_30009,21,10,3,21,0,0,0,0,7,248,20
JSO_r160,omni_endpoint_30009,15,12,5,15,0,0,0,0,7,240,20
JSO_outer1980,omni_endpoint_30009,21,10,4,21,0,0,0,0,6,247,19
SO_doptimal,omni_endpoint_30009,14,9,4,14,0,0,0,0,5,250,18
J,omni_endpoint_30010,0,0,0,0,0,0,0,0,6,268,17
S_dopt_short,omni_endpoint_30009,19,0,0,19,0,0,0,0,2,272,15
S,omni_endpoint_30010,17,0,0,16,0,0,0,0,3,296,14
O,omni_endpoint_30010,0,3,0,0,0,0,0,0,3,281,14
baseline,omni_endpoint_30010,0,0,0,0,0,0,0,0,2,282,13
JSO_compact_dopt,omni_endpoint_30009,25,9,1,25,0,0,0,0,8,248,21
previous_best,omni_endpoint_30010,0,0,0,0,0,0,0,0,3,290,14
S_doptimal,omni_endpoint_30009,19,0,0,19,0,0,0,0,6,255,19
JS,omni_endpoint_30010,18,0,0,18,0,0,0,0,8,274,19
JO,omni_endpoint_30010,0,7,1,0,0,0,0,0,6,268,17
insert80,omni_endpoint_30010,0,0,0,0,0,0,0,0,5,277,16
JSO,omni_endpoint_30010,18,9,1,18,0,0,0,0,8,274,19
insert200,omni_endpoint_30010,0,0,0,0,0,0,0,0,6,277,17
SO,omni_endpoint_30010,16,3,0,15,0,0,0,0,3,298,14
insert400,omni_endpoint_30010,0,0,0,0,0,0,0,0,7,276,18
aligned,omni_endpoint_30010,0,0,0,0,0,0,0,0,2,268,13
doptimal,omni_endpoint_30010,0,0,0,0,0,0,0,0,5,309,16
bracket,omni_endpoint_30010,0,0,0,0,0,0,0,0,2,282,13
optical4,omni_endpoint_30010,0,0,0,0,0,0,0,0,2,282,13
optical2,omni_endpoint_30010,0,0,0,0,0,0,0,0,2,282,13
JSO_p50,omni_endpoint_30010,20,9,0,20,0,0,0,0,9,277,20
JSO_r120,omni_endpoint_30010,18,9,1,18,0,0,0,0,8,274,19
short_clear,omni_endpoint_30010,0,0,0,0,0,0,0,0,1,283,12
JSO_p85,omni_endpoint_30010,19,9,2,19,0,0,0,0,7,274,18
JSO_r160,omni_endpoint_30010,15,9,2,15,0,0,0,0,7,270,18
JSO_compact,omni_endpoint_30010,19,9,1,19,0,0,0,0,8,275,19
JSO_outer1980,omni_endpoint_30010,18,9,1,18,0,0,0,0,8,274,19
J,omni_endpoint_30011,0,0,0,0,0,0,0,0,3,315,13
S_doptimal,omni_endpoint_30010,13,0,0,13,0,0,0,0,1,292,12
previous_best,omni_endpoint_30011,0,0,0,0,0,0,0,0,4,317,14
O,omni_endpoint_30011,0,1,1,0,0,0,0,0,0,331,10
S_dopt_short,omni_endpoint_30010,14,0,0,14,0,0,0,0,4,289,15
SO_doptimal,omni_endpoint_30010,12,5,0,12,0,0,0,0,5,295,16
baseline,omni_endpoint_30011,0,0,0,0,0,0,0,0,0,331,10
S,omni_endpoint_30011,15,0,0,14,0,0,0,0,4,317,14
JS,omni_endpoint_30011,14,0,0,12,0,0,0,0,5,319,15
JO,omni_endpoint_30011,0,4,0,0,0,0,0,0,4,316,14
JSO_compact_dopt,omni_endpoint_30010,19,9,1,19,0,0,0,0,8,276,19
insert200,omni_endpoint_30011,0,0,0,0,0,0,0,0,3,313,13
insert80,omni_endpoint_30011,0,0,0,0,0,0,0,0,3,312,13
JSO,omni_endpoint_30011,14,7,0,12,0,0,0,0,7,323,17
aligned,omni_endpoint_30011,0,0,0,0,0,0,0,0,4,312,14
SO,omni_endpoint_30011,12,6,3,11,0,0,0,0,3,313,13
insert400,omni_endpoint_30011,0,0,0,0,0,0,0,0,4,321,14
bracket,omni_endpoint_30011,0,0,0,0,0,0,0,0,0,331,10
optical2,omni_endpoint_30011,0,0,0,0,0,0,0,0,0,331,10
short_clear,omni_endpoint_30011,0,0,0,0,0,0,0,0,0,331,10
JSO_p50,omni_endpoint_30011,16,7,0,12,0,0,0,0,7,326,17
JSO_p85,omni_endpoint_30011,10,6,0,9,0,0,0,0,6,320,16
optical4,omni_endpoint_30011,0,0,0,0,0,0,0,0,0,331,10
JSO_r120,omni_endpoint_30011,14,7,0,12,0,0,0,0,7,323,17
JSO_r160,omni_endpoint_30011,14,7,0,12,0,0,0,0,7,323,17
doptimal,omni_endpoint_30011,0,0,0,0,0,0,0,0,1,318,11
JSO_compact,omni_endpoint_30011,13,8,1,11,0,0,0,0,7,322,17
JSO_outer1980,omni_endpoint_30011,14,7,0,12,0,0,0,0,7,323,17
baseline,omni_endpoint_30012,0,0,0,0,0,0,0,0,3,274,15
previous_best,omni_endpoint_30012,0,0,0,0,0,0,0,0,6,265,18
SO_doptimal,omni_endpoint_30011,14,5,1,14,0,0,0,0,4,320,14
O,omni_endpoint_30012,0,5,2,0,0,0,0,0,3,274,15
S_dopt_short,omni_endpoint_30011,15,0,0,15,0,0,0,0,1,320,11
S_doptimal,omni_endpoint_30011,15,0,0,15,0,0,0,0,1,320,11
S,omni_endpoint_30012,18,0,0,18,0,0,0,0,4,268,16
J,omni_endpoint_30012,0,0,0,0,0,0,0,0,6,266,18
JS,omni_endpoint_30012,25,0,0,25,0,0,0,0,5,289,17
JSO_compact_dopt,omni_endpoint_30011,15,8,2,14,0,0,0,0,6,329,16
JO,omni_endpoint_30012,0,7,2,0,0,0,0,0,5,266,17
insert200,omni_endpoint_30012,0,0,0,0,0,0,0,0,3,282,15
SO,omni_endpoint_30012,16,6,0,16,0,0,0,0,6,290,18
JSO,omni_endpoint_30012,20,7,0,20,0,0,0,0,7,287,19
insert400,omni_endpoint_30012,0,0,0,0,0,0,0,0,5,288,17
insert80,omni_endpoint_30012,0,0,0,0,0,0,0,0,3,287,15
optical2,omni_endpoint_30012,0,0,0,0,0,0,0,0,3,274,15
aligned,omni_endpoint_30012,0,0,0,0,0,0,0,0,3,299,15
bracket,omni_endpoint_30012,0,0,0,0,0,0,0,0,3,274,15
optical4,omni_endpoint_30012,0,0,0,0,0,0,0,0,3,274,15
short_clear,omni_endpoint_30012,0,0,0,0,0,0,0,0,3,274,15
JSO_p50,omni_endpoint_30012,20,7,0,20,0,0,0,0,7,287,19
JSO_p85,omni_endpoint_30012,19,7,1,19,0,0,0,0,6,286,18
JSO_r120,omni_endpoint_30012,20,7,0,20,0,0,0,0,7,287,19
JSO_compact,omni_endpoint_30012,20,7,0,20,0,0,0,0,7,287,19
JSO_r160,omni_endpoint_30012,20,10,3,20,0,0,0,0,7,284,19
JSO_outer1980,omni_endpoint_30012,20,7,0,20,0,0,0,0,7,287,19
doptimal,omni_endpoint_30012,0,0,0,0,0,0,0,0,4,271,16
previous_best,omni_endpoint_30013,0,0,0,0,0,0,0,0,8,179,24
S_doptimal,omni_endpoint_30012,15,0,0,15,0,0,0,0,6,273,18
J,omni_endpoint_30013,0,0,0,0,0,0,0,0,5,158,21
S_dopt_short,omni_endpoint_30012,13,0,0,13,0,0,0,0,4,270,16
SO_doptimal,omni_endpoint_30012,13,6,2,13,0,0,0,0,4,271,16
baseline,omni_endpoint_30013,0,0,0,0,0,0,0,0,5,157,21
O,omni_endpoint_30013,0,8,5,0,0,0,0,0,3,156,19
JS,omni_endpoint_30013,21,0,0,21,0,0,0,0,9,207,25
S,omni_endpoint_30013,22,0,0,21,0,0,0,0,7,175,23
JO,omni_endpoint_30013,0,8,4,0,0,0,0,0,4,157,20
JSO_compact_dopt,omni_endpoint_30012,16,9,3,15,0,0,0,0,6,274,18
JSO,omni_endpoint_30013,19,12,7,19,0,0,0,0,5,201,21
SO,omni_endpoint_30013,21,9,5,21,0,0,0,0,4,188,20
bracket,omni_endpoint_30013,0,0,0,0,0,0,0,0,5,157,21
insert80,omni_endpoint_30013,0,0,0,0,0,0,0,0,7,205,23
insert400,omni_endpoint_30013,0,0,0,0,0,0,0,0,8,181,24
insert200,omni_endpoint_30013,0,0,0,0,0,0,0,0,7,205,23
optical2,omni_endpoint_30013,0,0,0,0,0,0,0,0,5,157,21
JSO_p50,omni_endpoint_30013,21,12,7,20,0,0,0,0,5,185,21
optical4,omni_endpoint_30013,0,0,0,0,2,2,8,2,7,155,23
aligned,omni_endpoint_30013,0,0,0,0,0,0,0,0,5,204,21
short_clear,omni_endpoint_30013,0,0,0,0,0,0,0,0,5,157,21
JSO_r160,omni_endpoint_30013,18,14,9,18,0,0,0,0,5,203,21
JSO_r120,omni_endpoint_30013,17,14,10,17,0,0,0,0,4,195,20
JSO_p85,omni_endpoint_30013,16,11,6,16,0,0,0,0,5,163,21
JSO_compact,omni_endpoint_30013,19,12,7,19,0,0,0,0,5,201,21
JSO_outer1980,omni_endpoint_30013,20,13,6,20,0,0,0,0,7,204,23
doptimal,omni_endpoint_30013,0,0,0,0,0,0,0,0,6,233,22
previous_best,omni_endpoint_30014,0,0,0,0,0,0,0,0,7,283,22
J,omni_endpoint_30014,0,0,0,0,0,0,0,0,10,289,25
JSO_compact_dopt,omni_endpoint_30013,22,13,5,22,0,0,0,0,8,191,24
SO_doptimal,omni_endpoint_30013,16,9,3,16,0,0,0,0,6,178,22
S_doptimal,omni_endpoint_30013,19,0,0,19,0,0,0,0,7,181,23
S,omni_endpoint_30014,27,0,0,26,0,0,0,0,10,224,25
baseline,omni_endpoint_30014,0,0,0,0,0,0,0,0,7,305,22
O,omni_endpoint_30014,0,7,2,0,0,0,0,0,5,304,20
S_dopt_short,omni_endpoint_30013,17,0,0,17,0,0,0,0,6,151,22
JS,omni_endpoint_30014,26,0,0,26,0,0,0,0,8,305,23
JO,omni_endpoint_30014,0,10,2,0,0,0,0,0,8,288,23
insert80,omni_endpoint_30014,0,0,0,0,0,0,0,0,1,272,16
SO,omni_endpoint_30014,20,8,2,19,0,0,0,0,6,220,21
JSO,omni_endpoint_30014,26,12,3,26,0,0,0,0,9,307,24
aligned,omni_endpoint_30014,0,0,0,0,0,0,0,0,5,220,20
insert400,omni_endpoint_30014,0,0,0,0,0,0,0,0,5,274,20
insert200,omni_endpoint_30014,0,0,0,0,0,0,0,0,2,291,17
bracket,omni_endpoint_30014,0,0,0,0,0,0,0,0,7,305,22
optical2,omni_endpoint_30014,0,0,0,0,0,0,0,0,7,305,22
optical4,omni_endpoint_30014,0,0,0,0,5,5,20,5,14,300,29
short_clear,omni_endpoint_30014,0,0,0,0,0,0,0,0,6,300,21
JSO_p50,omni_endpoint_30014,23,12,2,21,0,0,0,0,10,306,25
JSO_r160,omni_endpoint_30014,22,13,4,22,0,0,0,0,9,303,24
JSO_r120,omni_endpoint_30014,22,13,4,22,0,0,0,0,9,303,24
JSO_compact,omni_endpoint_30014,23,13,4,21,0,0,0,0,9,292,24
JSO_p85,omni_endpoint_30014,18,11,1,18,0,0,0,0,10,299,25
JSO_outer1980,omni_endpoint_30014,20,13,5,20,0,0,0,0,8,299,23
doptimal,omni_endpoint_30014,0,0,0,0,0,0,0,0,7,258,22
baseline,omni_endpoint_30015,0,0,0,0,0,0,0,0,3,253,16
J,omni_endpoint_30015,0,0,0,0,0,0,0,0,7,254,20
previous_best,omni_endpoint_30015,0,0,0,0,0,0,0,0,7,253,20
S,omni_endpoint_30015,26,0,0,26,0,0,0,0,2,278,15
O,omni_endpoint_30015,0,5,3,0,0,0,0,0,2,252,15
JS,omni_endpoint_30015,23,0,0,22,0,0,0,0,4,257,17
S_doptimal,omni_endpoint_30014,27,0,0,27,0,0,0,0,3,231,18
JSO_compact_dopt,omni_endpoint_30014,24,11,2,22,0,0,0,0,9,307,24
JO,omni_endpoint_30015,0,8,2,0,0,0,0,0,6,254,19
SO_doptimal,omni_endpoint_30014,20,11,4,20,0,0,0,0,7,226,22
S_dopt_short,omni_endpoint_30014,26,0,0,26,0,0,0,0,3,238,18
SO,omni_endpoint_30015,21,5,2,21,0,0,0,0,3,257,16
insert80,omni_endpoint_30015,0,0,0,0,0,0,0,0,8,253,21
JSO,omni_endpoint_30015,22,9,3,21,0,0,0,0,6,258,19
aligned,omni_endpoint_30015,0,0,0,0,0,0,0,0,2,248,15
insert200,omni_endpoint_30015,0,0,0,0,0,0,0,0,5,236,18
insert400,omni_endpoint_30015,0,0,0,0,0,0,0,0,7,240,20
optical2,omni_endpoint_30015,0,0,0,0,0,0,0,0,3,253,16
bracket,omni_endpoint_30015,0,0,0,0,0,0,0,0,3,253,16
optical4,omni_endpoint_30015,0,0,0,0,3,3,12,3,7,250,20
short_clear,omni_endpoint_30015,0,0,0,0,0,0,0,0,4,264,17
JSO_p50,omni_endpoint_30015,22,9,4,21,0,0,0,0,5,256,18
JSO_p85,omni_endpoint_30015,17,9,4,17,0,0,0,0,5,252,18
JSO_r160,omni_endpoint_30015,18,9,3,17,0,0,0,0,6,230,19
JSO_r120,omni_endpoint_30015,22,9,3,21,0,0,0,0,6,258,19
JSO_compact,omni_endpoint_30015,22,8,2,21,0,0,0,0,6,258,19
doptimal,omni_endpoint_30015,0,0,0,0,0,0,0,0,6,257,19
JSO_outer1980,omni_endpoint_30015,21,9,3,21,0,0,0,0,6,257,19
previous_best,omni_endpoint_30016,0,0,0,0,0,0,0,0,5,198,21
baseline,omni_endpoint_30016,0,0,0,0,0,0,0,0,6,161,22
S_doptimal,omni_endpoint_30015,25,0,0,25,0,0,0,0,2,274,15
JSO_compact_dopt,omni_endpoint_30015,17,8,5,17,0,0,0,0,3,248,16
SO_doptimal,omni_endpoint_30015,19,5,2,19,0,0,0,0,3,272,16
S_dopt_short,omni_endpoint_30015,26,0,0,26,0,0,0,0,4,247,17
J,omni_endpoint_30016,0,0,0,0,0,0,0,0,7,200,23
JS,omni_endpoint_30016,25,0,0,25,0,0,0,0,7,173,23
S,omni_endpoint_30016,23,0,0,23,0,0,0,0,6,209,22
O,omni_endpoint_30016,0,5,3,0,0,0,0,0,2,159,18
JO,omni_endpoint_30016,0,9,3,0,0,0,0,0,6,200,22
JSO,omni_endpoint_30016,24,9,0,24,0,0,0,0,9,174,25
insert80,omni_endpoint_30016,0,0,0,0,0,0,0,0,6,191,22
insert400,omni_endpoint_30016,0,0,0,0,0,0,0,0,6,178,22
SO,omni_endpoint_30016,24,10,4,24,0,0,0,0,6,156,22
aligned,omni_endpoint_30016,0,0,0,0,0,0,0,0,6,194,22
insert200,omni_endpoint_30016,0,0,0,0,0,0,0,0,5,194,21
bracket,omni_endpoint_30016,0,0,0,0,0,0,0,0,6,161,22
optical2,omni_endpoint_30016,0,0,0,0,0,0,0,0,6,161,22
optical4,omni_endpoint_30016,0,0,0,0,2,2,8,2,6,159,22
JSO_p50,omni_endpoint_30016,25,9,1,24,0,0,0,0,8,173,24
doptimal,omni_endpoint_30016,0,0,0,0,0,0,0,0,4,199,20
JSO_p85,omni_endpoint_30016,23,8,2,23,0,0,0,0,6,207,22
JSO_r120,omni_endpoint_30016,22,10,1,22,0,0,0,0,9,172,25
JSO_r160,omni_endpoint_30016,22,10,1,22,0,0,0,0,9,172,25
short_clear,omni_endpoint_30016,0,0,0,0,0,0,0,0,6,161,22
JSO_compact,omni_endpoint_30016,24,9,1,24,0,0,0,0,8,173,24
JSO_outer1980,omni_endpoint_30016,24,12,3,24,0,0,0,0,9,174,25
previous_best,omni_endpoint_30017,0,0,0,0,0,0,0,0,4,272,16
J,omni_endpoint_30017,0,0,0,0,0,0,0,0,6,274,18
S,omni_endpoint_30017,11,0,0,11,0,0,0,0,2,269,14
S_doptimal,omni_endpoint_30016,21,0,0,20,0,0,0,0,7,216,23
JS,omni_endpoint_30017,16,0,0,16,0,0,0,0,3,270,15
O,omni_endpoint_30017,0,3,0,0,0,0,0,0,3,308,15
JSO_compact_dopt,omni_endpoint_30016,21,9,3,21,0,0,0,0,6,155,22
baseline,omni_endpoint_30017,0,0,0,0,0,0,0,0,6,311,18
S_dopt_short,omni_endpoint_30016,21,0,0,20,0,0,0,0,7,216,23
SO_doptimal,omni_endpoint_30016,19,11,3,19,0,0,0,0,8,193,24
JO,omni_endpoint_30017,0,6,1,0,0,0,0,0,5,274,17
insert80,omni_endpoint_30017,0,0,0,0,0,0,0,0,2,288,14
insert200,omni_endpoint_30017,0,0,0,0,0,0,0,0,3,290,15
SO,omni_endpoint_30017,11,5,1,11,0,0,0,0,4,271,16
insert400,omni_endpoint_30017,0,0,0,0,0,0,0,0,3,289,15
JSO,omni_endpoint_30017,16,5,1,16,0,0,0,0,4,273,16
aligned,omni_endpoint_30017,0,0,0,0,0,0,0,0,2,287,14
optical2,omni_endpoint_30017,0,0,0,0,0,0,0,0,6,311,18
bracket,omni_endpoint_30017,0,0,0,0,0,0,0,0,6,311,18
short_clear,omni_endpoint_30017,0,0,0,0,0,0,0,0,3,267,15
JSO_p85,omni_endpoint_30017,13,9,4,13,0,0,0,0,5,272,17
optical4,omni_endpoint_30017,0,0,0,0,2,2,8,2,8,307,20
JSO_p50,omni_endpoint_30017,17,7,1,17,0,0,0,0,6,274,18
doptimal,omni_endpoint_30017,0,0,0,0,0,0,0,0,3,253,15
JSO_compact,omni_endpoint_30017,16,5,1,16,0,0,0,0,4,274,16
JSO_r120,omni_endpoint_30017,16,5,1,16,0,0,0,0,4,273,16
JSO_r160,omni_endpoint_30017,16,7,1,16,0,0,0,0,6,275,18
JSO_outer1980,omni_endpoint_30017,15,6,2,14,0,0,0,0,4,291,16
S_doptimal,omni_endpoint_30017,11,0,0,11,0,0,0,0,3,309,15
SO_doptimal,omni_endpoint_30017,14,4,1,14,0,0,0,0,3,290,15
S_dopt_short,omni_endpoint_30017,11,0,0,11,0,0,0,0,2,308,14
J,omni_endpoint_30018,0,0,0,0,0,0,0,0,12,113,28
previous_best,omni_endpoint_30018,0,0,0,0,0,0,0,0,12,117,28
baseline,omni_endpoint_30018,0,0,0,0,0,0,0,0,6,143,22
JSO_compact_dopt,omni_endpoint_30017,16,5,1,16,0,0,0,0,4,274,16
JS,omni_endpoint_30018,26,0,0,26,0,0,0,0,11,120,27
S,omni_endpoint_30018,29,0,0,28,0,0,0,0,7,162,23
O,omni_endpoint_30018,0,6,0,0,0,0,0,0,6,143,22
JO,omni_endpoint_30018,0,12,1,0,0,0,0,0,11,113,27
insert200,omni_endpoint_30018,0,0,0,0,0,0,0,0,11,122,27
SO,omni_endpoint_30018,23,8,3,22,0,0,0,0,5,155,21
JSO,omni_endpoint_30018,24,10,3,24,0,0,0,0,7,106,23
insert80,omni_endpoint_30018,0,0,0,0,0,0,0,0,11,122,27
aligned,omni_endpoint_30018,0,0,0,0,0,0,0,0,9,157,25
insert400,omni_endpoint_30018,0,0,0,0,0,0,0,0,11,133,27
bracket,omni_endpoint_30018,0,0,0,0,0,0,0,0,4,135,20
JSO_p50,omni_endpoint_30018,26,10,3,25,0,0,0,0,7,108,23
optical2,omni_endpoint_30018,0,0,0,0,0,0,0,0,6,143,22
JSO_p85,omni_endpoint_30018,22,14,3,22,0,0,0,0,11,121,27
optical4,omni_endpoint_30018,0,0,0,0,1,1,4,1,6,142,22
JSO_r120,omni_endpoint_30018,25,16,2,25,0,0,0,0,14,125,30
short_clear,omni_endpoint_30018,0,0,0,0,0,0,0,0,6,143,22
JSO_compact,omni_endpoint_30018,25,10,3,25,0,0,0,0,7,105,23
JSO_r160,omni_endpoint_30018,24,16,2,24,0,0,0,0,14,124,30
baseline,omni_endpoint_30019,0,0,0,0,0,0,0,0,3,257,15
JSO_outer1980,omni_endpoint_30018,23,10,3,23,0,0,0,0,7,112,23
doptimal,omni_endpoint_30018,0,0,0,0,0,0,0,0,7,160,23
previous_best,omni_endpoint_30019,0,0,0,0,0,0,0,0,6,288,18
J,omni_endpoint_30019,0,0,0,0,0,0,0,0,8,295,20
S,omni_endpoint_30019,12,0,0,12,0,0,0,0,6,297,18
JS,omni_endpoint_30019,20,0,0,18,0,0,0,0,5,279,17
O,omni_endpoint_30019,0,3,0,0,0,0,0,0,3,258,15
JO,omni_endpoint_30019,0,9,2,0,0,0,0,0,7,294,19
JSO_compact_dopt,omni_endpoint_30018,23,12,3,23,0,0,0,0,9,117,25
JSO,omni_endpoint_30019,16,8,2,15,0,0,0,0,6,297,18
insert80,omni_endpoint_30019,0,0,0,0,0,0,0,0,5,282,17
S_dopt_short,omni_endpoint_30018,30,0,0,30,0,0,0,0,2,175,18
SO,omni_endpoint_30019,14,7,1,14,0,0,0,0,6,298,18
S_doptimal,omni_endpoint_30018,28,0,0,28,0,0,0,0,5,173,21
bracket,omni_endpoint_30019,0,0,0,0,0,0,0,0,3,257,15
insert200,omni_endpoint_30019,0,0,0,0,0,0,0,0,6,298,18
aligned,omni_endpoint_30019,0,0,0,0,0,0,0,0,4,283,16
SO_doptimal,omni_endpoint_30018,25,6,0,25,0,0,0,0,6,173,22
insert400,omni_endpoint_30019,0,0,0,0,0,0,0,0,7,299,19
optical2,omni_endpoint_30019,0,0,0,0,0,0,0,0,3,257,15
optical4,omni_endpoint_30019,0,0,0,0,2,2,8,2,7,255,19
doptimal,omni_endpoint_30019,0,0,0,0,0,0,0,0,4,284,16
JSO_p50,omni_endpoint_30019,17,9,2,16,0,0,0,0,7,298,19
short_clear,omni_endpoint_30019,0,0,0,0,0,0,0,0,4,266,16
JSO_r120,omni_endpoint_30019,16,8,2,15,0,0,0,0,6,297,18
JSO_compact,omni_endpoint_30019,17,6,2,16,0,0,0,0,4,295,16
JSO_r160,omni_endpoint_30019,16,8,2,15,0,0,0,0,6,297,18
JSO_p85,omni_endpoint_30019,13,9,1,13,0,0,0,0,8,300,20
JSO_outer1980,omni_endpoint_30019,16,7,2,15,0,0,0,0,5,296,17
JSO_compact_dopt,omni_endpoint_30019,15,5,2,15,0,0,0,0,3,296,15
S,omni_endpoint_30020,20,0,0,20,0,0,0,0,8,218,23
J,omni_endpoint_30020,0,0,0,0,0,0,0,0,5,198,20
SO_doptimal,omni_endpoint_30019,9,9,3,9,0,0,0,0,6,281,18
previous_best,omni_endpoint_30020,0,0,0,0,0,0,0,0,5,223,20
baseline,omni_endpoint_30020,0,0,0,0,0,0,0,0,8,242,23
JS,omni_endpoint_30020,22,0,0,21,0,0,0,0,6,206,21
O,omni_endpoint_30020,0,8,3,0,0,0,0,0,5,240,20
S_doptimal,omni_endpoint_30019,12,0,0,12,0,0,0,0,7,285,19
S_dopt_short,omni_endpoint_30019,14,0,0,14,0,0,0,0,6,286,18
JSO,omni_endpoint_30020,20,9,4,19,0,0,0,0,5,205,20
JO,omni_endpoint_30020,0,5,0,0,0,0,0,0,5,198,20
insert80,omni_endpoint_30020,0,0,0,0,0,0,0,0,5,256,20
insert200,omni_endpoint_30020,0,0,0,0,0,0,0,0,7,258,22
aligned,omni_endpoint_30020,0,0,0,0,0,0,0,0,4,214,19
insert400,omni_endpoint_30020,0,0,0,0,0,0,0,0,6,255,21
SO,omni_endpoint_30020,20,8,0,20,0,0,0,0,8,221,23
bracket,omni_endpoint_30020,0,0,0,0,0,0,0,0,8,242,23
optical2,omni_endpoint_30020,0,0,0,0,0,0,0,0,8,242,23
JSO_r120,omni_endpoint_30020,20,10,4,19,0,0,0,0,6,206,21
JSO_p50,omni_endpoint_30020,21,11,4,20,0,0,0,0,7,209,22
JSO_p85,omni_endpoint_30020,16,10,4,16,0,0,0,0,6,205,21
JSO_r160,omni_endpoint_30020,20,10,4,19,0,0,0,0,6,206,21
optical4,omni_endpoint_30020,0,0,0,0,1,1,4,1,8,241,23
JSO_compact,omni_endpoint_30020,19,10,4,19,0,0,0,0,6,222,21
short_clear,omni_endpoint_30020,0,0,0,0,0,0,0,0,8,242,23
doptimal,omni_endpoint_30020,0,0,0,0,0,0,0,0,5,198,20
JSO_outer1980,omni_endpoint_30020,19,9,5,18,0,0,0,0,4,203,19
S_doptimal,omni_endpoint_30020,19,0,0,19,0,0,0,0,5,234,20
J,omni_endpoint_30021,0,0,0,0,0,0,0,0,5,179,21
previous_best,omni_endpoint_30021,0,0,0,0,0,0,0,0,5,177,21
JSO_compact_dopt,omni_endpoint_30020,21,10,2,20,0,0,0,0,8,214,23
S,omni_endpoint_30021,24,0,0,23,0,0,0,0,9,198,25
O,omni_endpoint_30021,0,5,2,0,0,0,0,0,3,197,19
baseline,omni_endpoint_30021,0,0,0,0,0,0,0,0,3,197,19
JO,omni_endpoint_30021,0,10,5,0,0,0,0,0,5,179,21
JS,omni_endpoint_30021,27,0,0,25,0,0,0,0,11,190,27
S_dopt_short,omni_endpoint_30020,19,0,0,19,0,0,0,0,5,252,20
SO_doptimal,omni_endpoint_30020,18,7,2,18,0,0,0,0,5,237,20
JSO,omni_endpoint_30021,25,13,2,23,0,0,0,0,11,182,27
SO,omni_endpoint_30021,21,6,1,20,0,0,0,0,5,195,21
insert80,omni_endpoint_30021,0,0,0,0,0,0,0,0,7,180,23
insert400,omni_endpoint_30021,0,0,0,0,0,0,0,0,7,152,23
aligned,omni_endpoint_30021,0,0,0,0,0,0,0,0,2,182,18
insert200,omni_endpoint_30021,0,0,0,0,0,0,0,0,6,198,22
bracket,omni_endpoint_30021,0,0,0,0,0,0,0,0,3,210,19
optical2,omni_endpoint_30021,0,0,0,0,0,0,0,0,3,197,19
optical4,omni_endpoint_30021,0,0,0,0,2,2,8,2,3,195,19
JSO_p50,omni_endpoint_30021,27,13,2,24,0,0,0,0,11,191,27
short_clear,omni_endpoint_30021,0,0,0,0,0,0,0,0,3,209,19
JSO_p85,omni_endpoint_30021,21,12,3,21,0,0,0,0,9,151,25
doptimal,omni_endpoint_30021,0,0,0,0,0,0,0,0,6,168,22
JSO_r120,omni_endpoint_30021,24,13,2,22,0,0,0,0,11,181,27
JSO_compact,omni_endpoint_30021,25,13,4,23,0,0,0,0,9,180,25
JSO_r160,omni_endpoint_30021,24,13,2,22,0,0,0,0,11,181,27
JSO_outer1980,omni_endpoint_30021,25,13,4,23,0,0,0,0,9,180,25
baseline,omni_endpoint_30022,0,0,0,0,0,0,0,0,1,308,12
J,omni_endpoint_30022,0,0,0,0,0,0,0,0,11,291,22
previous_best,omni_endpoint_30022,0,0,0,0,0,0,0,0,9,287,20
S_doptimal,omni_endpoint_30021,16,0,0,16,0,0,0,0,3,163,19
S,omni_endpoint_30022,13,0,0,13,0,0,0,0,2,303,13
O,omni_endpoint_30022,0,1,0,0,0,0,0,0,1,308,12
JS,omni_endpoint_30022,16,0,0,15,0,0,0,0,7,293,18
JSO_compact_dopt,omni_endpoint_30021,26,12,4,24,0,0,0,0,8,186,24
S_dopt_short,omni_endpoint_30021,15,0,0,15,0,0,0,0,3,163,19
JO,omni_endpoint_30022,0,9,1,0,0,0,0,0,8,291,19
SO,omni_endpoint_30022,12,4,1,12,0,0,0,0,3,304,14
JSO,omni_endpoint_30022,15,10,2,14,0,0,0,0,8,293,19
insert80,omni_endpoint_30022,0,0,0,0,0,0,0,0,7,301,18
aligned,omni_endpoint_30022,0,0,0,0,0,0,0,0,5,308,16
insert200,omni_endpoint_30022,0,0,0,0,0,0,0,0,7,303,18
SO_doptimal,omni_endpoint_30021,17,4,0,17,0,0,0,0,4,180,20
insert400,omni_endpoint_30022,0,0,0,0,0,0,0,0,7,302,18
short_clear,omni_endpoint_30022,0,0,0,0,0,0,0,0,3,303,14
bracket,omni_endpoint_30022,0,0,0,0,0,0,0,0,1,308,12
optical2,omni_endpoint_30022,0,0,0,0,0,0,0,0,1,308,12
doptimal,omni_endpoint_30022,0,0,0,0,0,0,0,0,4,293,15
optical4,omni_endpoint_30022,0,0,0,0,0,0,0,0,1,308,12
JSO_r120,omni_endpoint_30022,15,10,2,14,0,0,0,0,8,293,19
JSO_r160,omni_endpoint_30022,15,10,2,14,0,0,0,0,8,293,19
JSO_p50,omni_endpoint_30022,17,11,3,15,0,0,0,0,8,289,19
JSO_compact,omni_endpoint_30022,15,10,3,14,0,0,0,0,7,292,18
JSO_p85,omni_endpoint_30022,13,10,3,13,0,0,0,0,7,291,18
JSO_outer1980,omni_endpoint_30022,15,10,2,14,0,0,0,0,8,293,19
baseline,omni_endpoint_30023,0,0,0,0,0,0,0,0,3,251,16
J,omni_endpoint_30023,0,0,0,0,0,0,0,0,3,221,16
previous_best,omni_endpoint_30023,0,0,0,0,0,0,0,0,4,221,17
SO_doptimal,omni_endpoint_30022,18,3,0,18,0,0,0,0,3,284,14
S_dopt_short,omni_endpoint_30022,22,0,0,22,0,0,0,0,2,292,13
S_doptimal,omni_endpoint_30022,22,0,0,22,0,0,0,0,2,292,13
O,omni_endpoint_30023,0,2,0,0,0,0,0,0,2,251,15
S,omni_endpoint_30023,19,0,0,19,0,0,0,0,6,241,19
JO,omni_endpoint_30023,0,5,2,0,0,0,0,0,3,221,16
JSO_compact_dopt,omni_endpoint_30022,15,10,3,14,0,0,0,0,7,292,18
JS,omni_endpoint_30023,22,0,0,22,0,0,0,0,3,231,16
insert400,omni_endpoint_30023,0,0,0,0,0,0,0,0,2,233,15
SO,omni_endpoint_30023,17,9,1,17,0,0,0,0,8,240,21
insert200,omni_endpoint_30023,0,0,0,0,0,0,0,0,5,231,18
insert80,omni_endpoint_30023,0,0,0,0,0,0,0,0,6,231,19
JSO,omni_endpoint_30023,22,10,0,22,0,0,0,0,10,237,23
optical2,omni_endpoint_30023,0,0,0,0,0,0,0,0,3,251,16
aligned,omni_endpoint_30023,0,0,0,0,0,0,0,0,3,226,16
bracket,omni_endpoint_30023,0,0,0,0,0,0,0,0,3,251,16
optical4,omni_endpoint_30023,0,0,0,0,2,2,8,2,5,249,18
JSO_r160,omni_endpoint_30023,18,12,3,18,0,0,0,0,9,231,22
doptimal,omni_endpoint_30023,0,0,0,0,0,0,0,0,7,240,20
short_clear,omni_endpoint_30023,0,0,0,0,0,0,0,0,3,243,16
JSO_r120,omni_endpoint_30023,19,12,3,19,0,0,0,0,9,233,22
JSO_p85,omni_endpoint_30023,18,8,1,18,0,0,0,0,7,232,20
JSO_p50,omni_endpoint_30023,23,11,1,23,0,0,0,0,10,238,23
JSO_outer1980,omni_endpoint_30023,22,10,0,22,0,0,0,0,10,237,23
JSO_compact,omni_endpoint_30023,22,10,0,22,0,0,0,0,10,237,23
previous_best,omni_endpoint_30024,0,0,0,0,0,0,0,0,1,317,11
baseline,omni_endpoint_30024,0,0,0,0,0,0,0,0,3,308,13
S_doptimal,omni_endpoint_30023,18,0,0,18,0,0,0,0,4,242,17
J,omni_endpoint_30024,0,0,0,0,0,0,0,0,1,317,11
SO_doptimal,omni_endpoint_30023,16,7,0,15,0,0,0,0,7,247,20
S,omni_endpoint_30024,13,0,0,13,0,0,0,0,5,327,15
S_dopt_short,omni_endpoint_30023,18,0,0,18,0,0,0,0,5,243,18
JSO_compact_dopt,omni_endpoint_30023,18,10,4,18,0,0,0,0,6,230,19
JS,omni_endpoint_30024,14,0,0,14,0,0,0,0,5,305,15
O,omni_endpoint_30024,0,3,0,0,0,0,0,0,3,309,13
JO,omni_endpoint_30024,0,2,1,0,0,0,0,0,1,317,11
JSO,omni_endpoint_30024,12,5,1,12,0,0,0,0,4,304,14
insert80,omni_endpoint_30024,0,0,0,0,0,0,0,0,6,315,16
insert200,omni_endpoint_30024,0,0,0,0,0,0,0,0,6,323,16
SO,omni_endpoint_30024,10,5,2,10,0,0,0,0,3,324,13
aligned,omni_endpoint_30024,0,0,0,0,0,0,0,0,2,319,12
insert400,omni_endpoint_30024,0,0,0,0,0,0,0,0,6,323,16
bracket,omni_endpoint_30024,0,0,0,0,0,0,0,0,3,308,13
JSO_p50,omni_endpoint_30024,12,5,1,12,0,0,0,0,4,304,14
optical2,omni_endpoint_30024,0,0,0,0,0,0,0,0,3,308,13
optical4,omni_endpoint_30024,0,0,0,0,1,1,4,1,3,305,13
short_clear,omni_endpoint_30024,0,0,0,0,0,0,0,0,3,312,13
JSO_r120,omni_endpoint_30024,12,6,1,12,0,0,0,0,5,304,15
JSO_p85,omni_endpoint_30024,11,6,2,11,0,0,0,0,4,303,14
JSO_r160,omni_endpoint_30024,11,7,2,11,0,0,0,0,5,303,15
doptimal,omni_endpoint_30024,0,0,0,0,0,0,0,0,3,329,13
JSO_compact,omni_endpoint_30024,12,5,1,12,0,0,0,0,4,304,14
JSO_outer1980,omni_endpoint_30024,12,5,1,12,0,0,0,0,4,304,14
S_doptimal,omni_endpoint_30024,12,0,0,12,0,0,0,0,2,317,12
S_dopt_short,omni_endpoint_30024,12,0,0,12,0,0,0,0,2,317,12
JSO_compact_dopt,omni_endpoint_30024,13,5,2,13,0,0,0,0,3,294,13
SO_doptimal,omni_endpoint_30024,12,6,2,12,0,0,0,0,4,317,14
J,omni_endpoint_30025,0,0,0,0,0,0,0,0,10,219,26
S,omni_endpoint_30025,20,0,0,18,0,0,0,0,3,208,19
O,omni_endpoint_30025,0,5,1,0,0,0,0,0,4,229,20
baseline,omni_endpoint_30025,0,0,0,0,0,0,0,0,5,225,21
JS,omni_endpoint_30025,21,0,0,21,0,0,0,0,10,219,26
previous_best,omni_endpoint_30025,0,0,0,0,0,0,0,0,9,215,25
insert80,omni_endpoint_30025,0,0,0,0,0,0,0,0,8,177,24
JO,omni_endpoint_30025,0,11,1,0,0,0,0,0,10,219,26
JSO,omni_endpoint_30025,24,12,3,24,0,0,0,0,9,219,25
SO,omni_endpoint_30025,19,6,1,17,0,0,0,0,5,210,21
insert200,omni_endpoint_30025,0,0,0,0,0,0,0,0,6,224,22
insert400,omni_endpoint_30025,0,0,0,0,0,0,0,0,9,196,25
aligned,omni_endpoint_30025,0,0,0,0,0,0,0,0,9,172,25
optical2,omni_endpoint_30025,0,0,0,0,0,0,0,0,5,225,21
bracket,omni_endpoint_30025,0,0,0,0,0,0,0,0,5,225,21
JSO_p50,omni_endpoint_30025,24,12,3,24,0,0,0,0,9,218,25
optical4,omni_endpoint_30025,0,0,0,0,1,1,4,1,5,222,21
doptimal,omni_endpoint_30025,0,0,0,0,0,0,0,0,9,220,25
short_clear,omni_endpoint_30025,0,0,0,0,0,0,0,0,6,229,22
JSO_p85,omni_endpoint_30025,21,12,1,21,0,0,0,0,11,178,27
JSO_r120,omni_endpoint_30025,24,14,3,24,0,0,0,0,11,220,27
JSO_r160,omni_endpoint_30025,24,14,3,24,0,0,0,0,11,220,27
JSO_compact,omni_endpoint_30025,21,11,2,21,0,0,0,0,9,200,25
JSO_outer1980,omni_endpoint_30025,21,13,3,21,0,0,0,0,10,218,26
S,omni_endpoint_30026,30,0,0,29,0,0,0,0,7,139,23
previous_best,omni_endpoint_30026,0,0,0,0,0,0,0,0,10,108,26
J,omni_endpoint_30026,0,0,0,0,0,0,0,0,10,109,26
baseline,omni_endpoint_30026,0,0,0,0,0,0,0,0,7,102,23
S_doptimal,omni_endpoint_30025,24,0,0,22,0,0,0,0,3,137,19
SO_doptimal,omni_endpoint_30025,20,9,2,18,0,0,0,0,7,207,23
JSO_compact_dopt,omni_endpoint_30025,22,11,2,22,0,0,0,0,9,165,25
JS,omni_endpoint_30026,29,0,0,28,0,0,0,0,5,98,21
O,omni_endpoint_30026,0,6,2,0,0,0,0,0,4,183,20
S_dopt_short,omni_endpoint_30025,23,0,0,21,0,0,0,0,4,163,20
SO,omni_endpoint_30026,20,10,4,19,0,0,0,0,6,178,22
JO,omni_endpoint_30026,0,11,3,0,0,0,0,0,8,108,24
JSO,omni_endpoint_30026,26,10,2,24,0,0,0,0,8,100,24
insert80,omni_endpoint_30026,0,0,0,0,0,0,0,0,7,172,23
insert200,omni_endpoint_30026,0,0,0,0,0,0,0,0,8,173,24
bracket,omni_endpoint_30026,0,0,0,0,0,0,0,0,7,102,23
aligned,omni_endpoint_30026,0,0,0,0,0,0,0,0,7,189,23
insert400,omni_endpoint_30026,0,0,0,0,0,0,0,0,8,166,24
optical2,omni_endpoint_30026,0,0,0,0,0,0,0,0,7,102,23
JSO_p50,omni_endpoint_30026,33,11,1,30,0,0,0,0,10,150,26
optical4,omni_endpoint_30026,0,0,0,0,2,2,8,2,7,100,23
JSO_p85,omni_endpoint_30026,24,10,2,24,0,0,0,0,8,200,24
JSO_r120,omni_endpoint_30026,25,12,3,24,0,0,0,0,9,147,25
short_clear,omni_endpoint_30026,0,0,0,0,0,0,0,0,7,102,23
JSO_r160,omni_endpoint_30026,25,13,3,24,0,0,0,0,10,147,26
doptimal,omni_endpoint_30026,0,0,0,0,0,0,0,0,4,199,20
JSO_compact,omni_endpoint_30026,26,10,2,24,0,0,0,0,8,100,24
JSO_outer1980,omni_endpoint_30026,26,10,2,24,0,0,0,0,8,100,24
baseline,omni_endpoint_30027,0,0,0,0,0,0,0,0,2,267,13
J,omni_endpoint_30027,0,0,0,0,0,0,0,0,3,300,14
previous_best,omni_endpoint_30027,0,0,0,0,0,0,0,0,3,301,14
S,omni_endpoint_30027,21,0,0,21,0,0,0,0,5,283,16
JO,omni_endpoint_30027,0,4,1,0,0,0,0,0,3,300,14
S_doptimal,omni_endpoint_30026,23,0,0,23,0,0,0,0,6,96,22
JSO,omni_endpoint_30027,14,6,2,14,0,0,0,0,4,303,15
O,omni_endpoint_30027,0,3,1,0,0,0,0,0,2,267,13
JS,omni_endpoint_30027,15,0,0,15,0,0,0,0,4,305,15
insert80,omni_endpoint_30027,0,0,0,0,0,0,0,0,3,266,14
SO_doptimal,omni_endpoint_30026,17,3,1,17,0,0,0,0,2,211,18
insert200,omni_endpoint_30027,0,0,0,0,0,0,0,0,3,267,14
SO,omni_endpoint_30027,17,8,2,17,0,0,0,0,6,283,17
insert400,omni_endpoint_30027,0,0,0,0,0,0,0,0,5,265,16
S_dopt_short,omni_endpoint_30026,21,0,0,21,0,0,0,0,8,189,24
JSO_compact_dopt,omni_endpoint_30026,26,6,2,24,0,0,0,0,4,167,20
bracket,omni_endpoint_30027,0,0,0,0,0,0,0,0,2,267,13
optical2,omni_endpoint_30027,0,0,0,0,0,0,0,0,2,267,13
optical4,omni_endpoint_30027,0,0,0,0,0,0,0,0,2,267,13
JSO_p50,omni_endpoint_30027,18,5,2,17,0,0,0,0,3,305,14
short_clear,omni_endpoint_30027,0,0,0,0,0,0,0,0,3,275,14
aligned,omni_endpoint_30027,0,0,0,0,0,0,0,0,4,285,15
JSO_p85,omni_endpoint_30027,12,5,3,12,0,0,0,0,2,301,13
JSO_r120,omni_endpoint_30027,15,6,1,15,0,0,0,0,5,302,16
JSO_r160,omni_endpoint_30027,15,7,1,15,0,0,0,0,6,303,17
JSO_outer1980,omni_endpoint_30027,13,7,3,13,0,0,0,0,4,302,15
JSO_compact,omni_endpoint_30027,16,5,1,16,0,0,0,0,4,303,15
previous_best,omni_endpoint_30028,0,0,0,0,0,0,0,0,6,317,16
J,omni_endpoint_30028,0,0,0,0,0,0,0,0,5,316,15
baseline,omni_endpoint_30028,0,0,0,0,0,0,0,0,2,296,12
doptimal,omni_endpoint_30027,0,0,0,0,0,0,0,0,4,309,15
O,omni_endpoint_30028,0,4,2,0,0,0,0,0,2,296,12
JSO_compact_dopt,omni_endpoint_30027,16,5,1,16,0,0,0,0,4,303,15
S_doptimal,omni_endpoint_30027,12,0,0,12,0,0,0,0,6,307,17
SO_doptimal,omni_endpoint_30027,11,9,3,11,0,0,0,0,6,304,17
JO,omni_endpoint_30028,0,7,2,0,0,0,0,0,5,316,15
S_dopt_short,omni_endpoint_30027,12,0,0,12,0,0,0,0,6,307,17
JS,omni_endpoint_30028,13,0,0,12,0,0,0,0,6,317,16
S,omni_endpoint_30028,15,0,0,15,0,0,0,0,10,338,20
JSO,omni_endpoint_30028,12,9,3,11,0,0,0,0,6,315,16
SO,omni_endpoint_30028,12,5,1,12,0,0,0,0,4,319,14
insert80,omni_endpoint_30028,0,0,0,0,0,0,0,0,3,320,13
insert200,omni_endpoint_30028,0,0,0,0,0,0,0,0,3,324,13
bracket,omni_endpoint_30028,0,0,0,0,0,0,0,0,2,296,12
optical2,omni_endpoint_30028,0,0,0,0,0,0,0,0,2,296,12
insert400,omni_endpoint_30028,0,0,0,0,0,0,0,0,3,324,13
optical4,omni_endpoint_30028,0,0,0,0,0,0,0,0,2,296,12
aligned,omni_endpoint_30028,0,0,0,0,0,0,0,0,2,330,12
short_clear,omni_endpoint_30028,0,0,0,0,0,0,0,0,2,296,12
JSO_p50,omni_endpoint_30028,13,9,2,12,0,0,0,0,7,316,17
JSO_p85,omni_endpoint_30028,12,6,2,12,0,0,0,0,4,304,14
JSO_r120,omni_endpoint_30028,12,9,3,11,0,0,0,0,6,315,16
JSO_r160,omni_endpoint_30028,12,9,3,11,0,0,0,0,6,315,16
JSO_outer1980,omni_endpoint_30028,12,9,2,12,0,0,0,0,7,317,17
JSO_compact,omni_endpoint_30028,12,9,2,12,0,0,0,0,7,316,17
doptimal,omni_endpoint_30028,0,0,0,0,0,0,0,0,3,339,13
baseline,omni_endpoint_30029,0,0,0,0,0,0,0,0,3,243,15
JSO_compact_dopt,omni_endpoint_30028,11,9,3,11,0,0,0,0,6,314,16
previous_best,omni_endpoint_30029,0,0,0,0,0,0,0,0,3,264,15
J,omni_endpoint_30029,0,0,0,0,0,0,0,0,3,264,15
S_doptimal,omni_endpoint_30028,8,0,0,7,0,0,0,0,2,328,12
JS,omni_endpoint_30029,16,0,0,15,0,0,0,0,2,266,14
SO_doptimal,omni_endpoint_30028,6,4,2,5,0,0,0,0,2,328,12
O,omni_endpoint_30029,0,5,4,0,0,0,0,0,1,242,13
JSO,omni_endpoint_30029,15,6,4,14,0,0,0,0,2,264,14
S,omni_endpoint_30029,19,0,0,18,0,0,0,0,5,254,17
S_dopt_short,omni_endpoint_30028,8,0,0,7,0,0,0,0,2,329,12
JO,omni_endpoint_30029,0,6,4,0,0,0,0,0,2,264,14
insert400,omni_endpoint_30029,0,0,0,0,0,0,0,0,3,250,15
insert80,omni_endpoint_30029,0,0,0,0,0,0,0,0,3,268,15
SO,omni_endpoint_30029,15,5,2,14,0,0,0,0,3,247,15
insert200,omni_endpoint_30029,0,0,0,0,0,0,0,0,1,276,13
aligned,omni_endpoint_30029,0,0,0,0,0,0,0,0,2,255,14
bracket,omni_endpoint_30029,0,0,0,0,0,0,0,0,3,243,15
optical2,omni_endpoint_30029,0,0,0,0,0,0,0,0,3,243,15
JSO_p50,omni_endpoint_30029,15,7,4,14,0,0,0,0,3,241,15
optical4,omni_endpoint_30029,0,0,0,0,0,0,0,0,3,243,15
doptimal,omni_endpoint_30029,0,0,0,0,0,0,0,0,3,273,15
JSO_r120,omni_endpoint_30029,15,6,4,14,0,0,0,0,2,264,14
JSO_r160,omni_endpoint_30029,14,7,4,13,0,0,0,0,3,264,15
short_clear,omni_endpoint_30029,0,0,0,0,0,0,0,0,3,243,15
JSO_compact,omni_endpoint_30029,15,6,4,14,0,0,0,0,2,264,14
JSO_p85,omni_endpoint_30029,12,4,3,12,0,0,0,0,1,269,13
JSO_outer1980,omni_endpoint_30029,15,6,3,14,0,0,0,0,3,265,15
previous_best,omni_endpoint_30030,0,0,0,0,0,0,0,0,3,309,14
JSO_compact_dopt,omni_endpoint_30029,17,5,1,17,0,0,0,0,4,253,16
J,omni_endpoint_30030,0,0,0,0,0,0,0,0,4,309,15
baseline,omni_endpoint_30030,0,0,0,0,0,0,0,0,2,332,13
JS,omni_endpoint_30030,16,0,0,16,0,0,0,0,3,311,14
S,omni_endpoint_30030,13,0,0,13,0,0,0,0,6,338,17
O,omni_endpoint_30030,0,3,2,0,0,0,0,0,1,334,12
S_dopt_short,omni_endpoint_30029,17,0,0,17,0,0,0,0,4,274,16
SO_doptimal,omni_endpoint_30029,13,7,2,13,0,0,0,0,5,271,17
S_doptimal,omni_endpoint_30029,16,0,0,16,0,0,0,0,6,275,18
JO,omni_endpoint_30030,0,4,1,0,0,0,0,0,3,311,14
JSO,omni_endpoint_30030,14,4,1,14,0,0,0,0,3,309,14
insert80,omni_endpoint_30030,0,0,0,0,0,0,0,0,4,350,15
insert200,omni_endpoint_30030,0,0,0,0,0,0,0,0,4,349,15
SO,omni_endpoint_30030,9,8,2,9,0,0,0,0,6,335,17
aligned,omni_endpoint_30030,0,0,0,0,0,0,0,0,2,327,13
insert400,omni_endpoint_30030,0,0,0,0,0,0,0,0,3,310,14
doptimal,omni_endpoint_30030,0,0,0,0,0,0,0,0,3,309,14
JSO_p85,omni_endpoint_30030,11,5,3,11,0,0,0,0,2,307,13
JSO_p50,omni_endpoint_30030,15,4,1,15,0,0,0,0,3,311,14
bracket,omni_endpoint_30030,0,0,0,0,0,0,0,0,2,332,13
short_clear,omni_endpoint_30030,0,0,0,0,0,0,0,0,2,332,13
optical2,omni_endpoint_30030,0,0,0,0,0,0,0,0,2,332,13
JSO_r120,omni_endpoint_30030,14,5,1,14,0,0,0,0,4,310,15
optical4,omni_endpoint_30030,0,0,0,0,1,1,4,1,3,331,14
JSO_r160,omni_endpoint_30030,14,5,1,14,0,0,0,0,4,310,15
JSO_compact,omni_endpoint_30030,15,4,1,15,0,0,0,0,3,310,14
JSO_outer1980,omni_endpoint_30030,14,4,0,14,0,0,0,0,4,310,15
previous_best,omni_endpoint_30031,0,0,0,0,0,0,0,0,7,286,18
SO_doptimal,omni_endpoint_30030,11,7,2,11,0,0,0,0,5,313,16
J,omni_endpoint_30031,0,0,0,0,0,0,0,0,7,286,18
baseline,omni_endpoint_30031,0,0,0,0,0,0,0,0,6,277,17
S_doptimal,omni_endpoint_30030,12,0,0,12,0,0,0,0,4,314,15
S_dopt_short,omni_endpoint_30030,12,0,0,12,0,0,0,0,5,315,16
JSO_compact_dopt,omni_endpoint_30030,14,4,1,14,0,0,0,0,3,309,14
S,omni_endpoint_30031,14,0,0,14,0,0,0,0,4,289,15
O,omni_endpoint_30031,0,6,3,0,0,0,0,0,3,275,14
JS,omni_endpoint_30031,18,0,0,17,0,0,0,0,4,290,15
JO,omni_endpoint_30031,0,8,2,0,0,0,0,0,6,285,17
JSO,omni_endpoint_30031,16,7,2,15,0,0,0,0,5,288,16
SO,omni_endpoint_30031,12,6,2,12,0,0,0,0,4,287,15
insert200,omni_endpoint_30031,0,0,0,0,0,0,0,0,7,296,18
insert80,omni_endpoint_30031,0,0,0,0,0,0,0,0,7,295,18
bracket,omni_endpoint_30031,0,0,0,0,0,0,0,0,6,277,17
aligned,omni_endpoint_30031,0,0,0,0,0,0,0,0,7,286,18
optical2,omni_endpoint_30031,0,0,0,0,0,0,0,0,6,277,17
insert400,omni_endpoint_30031,0,0,0,0,0,0,0,0,6,296,17
optical4,omni_endpoint_30031,0,0,0,0,3,3,12,3,7,274,18
JSO_p50,omni_endpoint_30031,16,8,2,15,0,0,0,0,6,289,17
short_clear,omni_endpoint_30031,0,0,0,0,0,0,0,0,6,277,17
doptimal,omni_endpoint_30031,0,0,0,0,0,0,0,0,2,285,13
JSO_r120,omni_endpoint_30031,15,8,3,14,0,0,0,0,5,287,16
JSO_p85,omni_endpoint_30031,11,6,1,11,0,0,0,0,5,290,16
JSO_compact,omni_endpoint_30031,16,7,2,15,0,0,0,0,5,288,16
JSO_r160,omni_endpoint_30031,15,8,3,14,0,0,0,0,5,287,16
JSO_outer1980,omni_endpoint_30031,16,7,2,15,0,0,0,0,5,288,16
previous_best,omni_endpoint_30032,0,0,0,0,0,0,0,0,6,273,17
J,omni_endpoint_30032,0,0,0,0,0,0,0,0,6,274,17
S_doptimal,omni_endpoint_30031,16,0,0,16,0,0,0,0,4,291,15
baseline,omni_endpoint_30032,0,0,0,0,0,0,0,0,3,287,14
JSO_compact_dopt,omni_endpoint_30031,15,8,2,14,0,0,0,0,6,287,17
JS,omni_endpoint_30032,19,0,0,19,0,0,0,0,4,277,15
S_dopt_short,omni_endpoint_30031,16,0,0,16,0,0,0,0,4,291,15
S,omni_endpoint_30032,17,0,0,17,0,0,0,0,7,307,18
O,omni_endpoint_30032,0,3,1,0,0,0,0,0,2,288,13
JO,omni_endpoint_30032,0,7,2,0,0,0,0,0,5,274,16
SO_doptimal,omni_endpoint_30031,12,8,3,12,0,0,0,0,5,290,16
JSO,omni_endpoint_30032,17,9,4,17,0,0,0,0,5,276,16
SO,omni_endpoint_30032,15,9,1,15,0,0,0,0,8,308,19
aligned,omni_endpoint_30032,0,0,0,0,0,0,0,0,4,278,15
insert200,omni_endpoint_30032,0,0,0,0,0,0,0,0,7,284,18
insert80,omni_endpoint_30032,0,0,0,0,0,0,0,0,10,283,21
insert400,omni_endpoint_30032,0,0,0,0,0,0,0,0,6,294,17
bracket,omni_endpoint_30032,0,0,0,0,0,0,0,0,3,287,14
JSO_p50,omni_endpoint_30032,17,9,3,17,0,0,0,0,6,277,17
optical2,omni_endpoint_30032,0,0,0,0,0,0,0,0,3,287,14
doptimal,omni_endpoint_30032,0,0,0,0,0,0,0,0,3,283,14
optical4,omni_endpoint_30032,0,0,0,0,1,1,4,1,3,286,14
JSO_r120,omni_endpoint_30032,14,8,4,14,0,0,0,0,4,271,15
JSO_r160,omni_endpoint_30032,14,9,4,14,0,0,0,0,5,271,16
short_clear,omni_endpoint_30032,0,0,0,0,0,0,0,0,3,287,14
JSO_compact,omni_endpoint_30032,17,9,4,17,0,0,0,0,5,276,16
JSO_p85,omni_endpoint_30032,15,9,5,15,0,0,0,0,4,279,15
JSO_outer1980,omni_endpoint_30032,17,9,4,17,0,0,0,0,5,276,16
J,omni_endpoint_30033,0,0,0,0,0,0,0,0,5,232,20
S_dopt_short,omni_endpoint_30032,12,0,0,12,0,0,0,0,2,311,13
SO_doptimal,omni_endpoint_30032,11,4,1,11,0,0,0,0,3,310,14
previous_best,omni_endpoint_30033,0,0,0,0,0,0,0,0,4,232,19
JSO_compact_dopt,omni_endpoint_30032,12,7,5,12,0,0,0,0,2,268,13
S_doptimal,omni_endpoint_30032,15,0,0,15,0,0,0,0,4,313,15
baseline,omni_endpoint_30033,0,0,0,0,0,0,0,0,4,207,19
S,omni_endpoint_30033,21,0,0,21,0,0,0,0,5,235,20
O,omni_endpoint_30033,0,4,1,0,0,0,0,0,3,207,18
JS,omni_endpoint_30033,22,0,0,22,0,0,0,0,7,228,22
JO,omni_endpoint_30033,0,9,4,0,0,0,0,0,5,232,20
JSO,omni_endpoint_30033,23,14,4,22,0,0,0,0,10,232,25
insert80,omni_endpoint_30033,0,0,0,0,0,0,0,0,4,239,19
insert400,omni_endpoint_30033,0,0,0,0,0,0,0,0,5,246,20
SO,omni_endpoint_30033,22,11,0,22,0,0,0,0,11,241,26
aligned,omni_endpoint_30033,0,0,0,0,0,0,0,0,2,205,17
insert200,omni_endpoint_30033,0,0,0,0,0,0,0,0,4,244,19
bracket,omni_endpoint_30033,0,0,0,0,0,0,0,0,11,231,26
optical2,omni_endpoint_30033,0,0,0,0,0,0,0,0,4,207,19
optical4,omni_endpoint_30033,0,0,0,0,1,1,4,1,3,205,18
doptimal,omni_endpoint_30033,0,0,0,0,0,0,0,0,1,225,16
JSO_p50,omni_endpoint_30033,21,13,5,20,0,0,0,0,8,227,23
short_clear,omni_endpoint_30033,0,0,0,0,0,0,0,0,4,207,19
JSO_r160,omni_endpoint_30033,20,11,4,19,0,0,0,0,7,235,22
JSO_compact,omni_endpoint_30033,22,10,4,21,0,0,0,0,6,237,21
JSO_r120,omni_endpoint_30033,23,14,4,22,0,0,0,0,10,232,25
JSO_p85,omni_endpoint_30033,17,12,4,17,0,0,0,0,8,233,23
JSO_outer1980,omni_endpoint_30033,22,13,5,21,0,0,0,0,8,230,23
previous_best,omni_endpoint_30034,0,0,0,0,0,0,0,0,2,284,13
J,omni_endpoint_30034,0,0,0,0,0,0,0,0,4,286,15
baseline,omni_endpoint_30034,0,0,0,0,0,0,0,0,5,306,16
S_doptimal,omni_endpoint_30033,26,0,0,26,0,0,0,0,3,235,18
JS,omni_endpoint_30034,13,0,0,13,0,0,0,0,4,288,15
S,omni_endpoint_30034,14,0,0,14,0,0,0,0,4,326,15
S_dopt_short,omni_endpoint_30033,26,0,0,26,0,0,0,0,4,236,19
O,omni_endpoint_30034,0,5,1,0,0,0,0,0,4,306,15
JO,omni_endpoint_30034,0,5,2,0,0,0,0,0,3,286,14
SO_doptimal,omni_endpoint_30033,20,10,4,20,0,0,0,0,6,223,21
JSO_compact_dopt,omni_endpoint_30033,20,11,4,20,0,0,0,0,7,234,22
SO,omni_endpoint_30034,14,3,0,14,0,0,0,0,3,331,14
insert80,omni_endpoint_30034,0,0,0,0,0,0,0,0,3,319,14
JSO,omni_endpoint_30034,12,7,2,12,0,0,0,0,5,287,16
insert200,omni_endpoint_30034,0,0,0,0,0,0,0,0,2,322,13
insert400,omni_endpoint_30034,0,0,0,0,0,0,0,0,3,322,14
aligned,omni_endpoint_30034,0,0,0,0,0,0,0,0,5,330,16
JSO_p50,omni_endpoint_30034,13,7,2,12,0,0,0,0,5,288,16
bracket,omni_endpoint_30034,0,0,0,0,0,0,0,0,5,306,16
JSO_p85,omni_endpoint_30034,9,10,3,9,0,0,0,0,7,287,18
optical4,omni_endpoint_30034,0,0,0,0,1,1,4,1,6,305,17
optical2,omni_endpoint_30034,0,0,0,0,0,0,0,0,5,306,16
doptimal,omni_endpoint_30034,0,0,0,0,0,0,0,0,6,314,17
short_clear,omni_endpoint_30034,0,0,0,0,0,0,0,0,5,306,16
JSO_compact,omni_endpoint_30034,12,7,2,12,0,0,0,0,5,287,16
JSO_r120,omni_endpoint_30034,11,8,3,11,0,0,0,0,5,286,16
JSO_r160,omni_endpoint_30034,11,8,3,11,0,0,0,0,5,286,16
JSO_outer1980,omni_endpoint_30034,12,7,2,12,0,0,0,0,5,287,16
S_doptimal,omni_endpoint_30034,10,0,0,10,0,0,0,0,8,320,19
S_dopt_short,omni_endpoint_30034,10,0,0,10,0,0,0,0,8,320,19
baseline,omni_endpoint_30035,0,0,0,0,0,0,0,0,7,73,23
SO_doptimal,omni_endpoint_30034,11,7,0,11,0,0,0,0,7,321,18
previous_best,omni_endpoint_30035,0,0,0,0,0,0,0,0,11,85,27
JSO_compact_dopt,omni_endpoint_30034,12,8,3,12,0,0,0,0,5,287,16
JS,omni_endpoint_30035,31,0,0,29,0,0,0,0,7,155,23
J,omni_endpoint_30035,0,0,0,0,0,0,0,0,11,87,27
S,omni_endpoint_30035,27,0,0,26,0,0,0,0,7,107,23
O,omni_endpoint_30035,0,7,2,0,0,0,0,0,5,73,21
JO,omni_endpoint_30035,0,9,0,0,0,0,0,0,9,87,25
JSO,omni_endpoint_30035,27,13,5,26,0,0,0,0,8,151,24
insert200,omni_endpoint_30035,0,0,0,0,0,0,0,0,6,122,22
insert80,omni_endpoint_30035,0,0,0,0,0,0,0,0,6,107,22
SO,omni_endpoint_30035,23,9,0,22,0,0,0,0,9,104,25
insert400,omni_endpoint_30035,0,0,0,0,0,0,0,0,6,123,22
aligned,omni_endpoint_30035,0,0,0,0,0,0,0,0,6,74,22
bracket,omni_endpoint_30035,0,0,0,0,0,0,0,0,7,73,23
optical2,omni_endpoint_30035,0,0,0,0,0,0,0,0,7,73,23
optical4,omni_endpoint_30035,0,0,0,0,2,2,8,2,9,71,25
short_clear,omni_endpoint_30035,0,0,0,0,0,0,0,0,7,73,23
JSO_p50,omni_endpoint_30035,28,13,5,27,0,0,0,0,8,152,24
JSO_r120,omni_endpoint_30035,24,14,6,22,0,0,0,0,8,148,24
JSO_p85,omni_endpoint_30035,21,8,3,20,0,0,0,0,5,84,21
JSO_r160,omni_endpoint_30035,21,14,7,19,0,0,0,0,7,142,23
JSO_compact,omni_endpoint_30035,27,13,5,26,0,0,0,0,8,151,24
JSO_outer1980,omni_endpoint_30035,27,13,5,26,0,0,0,0,8,151,24
doptimal,omni_endpoint_30035,0,0,0,0,0,0,0,0,8,75,24
previous_best,omni_endpoint_30036,0,0,0,0,0,0,0,0,3,180,18
baseline,omni_endpoint_30036,0,0,0,0,0,0,0,0,5,244,20
J,omni_endpoint_30036,0,0,0,0,0,0,0,0,8,180,23
JSO_compact_dopt,omni_endpoint_30035,25,12,5,23,0,0,0,0,7,149,23
SO_doptimal,omni_endpoint_30035,20,10,2,19,0,0,0,0,8,95,24
S,omni_endpoint_30036,22,0,0,22,0,0,0,0,5,252,20
S_dopt_short,omni_endpoint_30035,26,0,0,24,0,0,0,0,5,101,21
S_doptimal,omni_endpoint_30035,29,0,0,28,0,0,0,0,8,102,24
JS,omni_endpoint_30036,21,0,0,19,0,0,0,0,5,241,20
O,omni_endpoint_30036,0,4,0,0,0,0,0,0,4,245,19
JO,omni_endpoint_30036,0,9,2,0,0,0,0,0,7,181,22
insert80,omni_endpoint_30036,0,0,0,0,0,0,0,0,5,216,20
JSO,omni_endpoint_30036,21,7,2,19,0,0,0,0,5,241,20
SO,omni_endpoint_30036,19,7,2,19,0,0,0,0,5,250,20
insert200,omni_endpoint_30036,0,0,0,0,0,0,0,0,5,226,20
aligned,omni_endpoint_30036,0,0,0,0,0,0,0,0,3,199,18
bracket,omni_endpoint_30036,0,0,0,0,0,0,0,0,5,244,20
insert400,omni_endpoint_30036,0,0,0,0,0,0,0,0,6,226,21
JSO_p50,omni_endpoint_30036,24,8,1,22,0,0,0,0,7,248,22
optical2,omni_endpoint_30036,0,0,0,0,0,0,0,0,5,244,20
doptimal,omni_endpoint_30036,0,0,0,0,0,0,0,0,2,180,17
JSO_p85,omni_endpoint_30036,18,7,1,17,0,0,0,0,6,248,21
JSO_r120,omni_endpoint_30036,21,8,2,19,0,0,0,0,6,241,21
short_clear,omni_endpoint_30036,0,0,0,0,0,0,0,0,5,244,20
optical4,omni_endpoint_30036,0,0,0,0,3,3,12,3,8,241,23
JSO_r160,omni_endpoint_30036,20,9,0,19,0,0,0,0,9,252,24
JSO_compact,omni_endpoint_30036,24,6,1,23,0,0,0,0,5,249,20
JSO_outer1980,omni_endpoint_30036,20,7,1,19,0,0,0,0,6,249,21
previous_best,omni_endpoint_30037,0,0,0,0,0,0,0,0,5,271,18
J,omni_endpoint_30037,0,0,0,0,0,0,0,0,5,265,18
baseline,omni_endpoint_30037,0,0,0,0,0,0,0,0,3,248,16
S_doptimal,omni_endpoint_30036,19,0,0,19,0,0,0,0,3,254,18
S_dopt_short,omni_endpoint_30036,22,0,0,22,0,0,0,0,3,256,18
JSO_compact_dopt,omni_endpoint_30036,25,7,1,24,0,0,0,0,6,252,21
JS,omni_endpoint_30037,13,0,0,13,0,0,0,0,5,263,18
S,omni_endpoint_30037,20,0,0,20,0,0,0,0,2,255,15
O,omni_endpoint_30037,0,3,0,0,0,0,0,0,3,248,16
SO_doptimal,omni_endpoint_30036,23,9,2,22,0,0,0,0,7,197,22
JO,omni_endpoint_30037,0,6,0,0,0,0,0,0,6,268,19
insert200,omni_endpoint_30037,0,0,0,0,0,0,0,0,5,302,18
JSO,omni_endpoint_30037,13,8,0,13,0,0,0,0,8,268,21
aligned,omni_endpoint_30037,0,0,0,0,0,0,0,0,3,276,16
insert80,omni_endpoint_30037,0,0,0,0,0,0,0,0,7,294,20
insert400,omni_endpoint_30037,0,0,0,0,0,0,0,0,7,293,20
SO,omni_endpoint_30037,20,6,1,20,0,0,0,0,5,253,18
bracket,omni_endpoint_30037,0,0,0,0,0,0,0,0,3,248,16
optical2,omni_endpoint_30037,0,0,0,0,0,0,0,0,3,248,16
doptimal,omni_endpoint_30037,0,0,0,0,0,0,0,0,3,287,16
optical4,omni_endpoint_30037,0,0,0,0,1,1,4,1,3,247,16
JSO_p50,omni_endpoint_30037,15,10,0,13,0,0,0,0,10,272,23
JSO_compact,omni_endpoint_30037,17,10,2,16,0,0,0,0,8,274,21
short_clear,omni_endpoint_30037,0,0,0,0,0,0,0,0,3,248,16
JSO_p85,omni_endpoint_30037,17,10,2,17,0,0,0,0,8,276,21
JSO_r120,omni_endpoint_30037,13,8,0,13,0,0,0,0,8,268,21
JSO_r160,omni_endpoint_30037,13,8,0,13,0,0,0,0,8,268,21
JSO_outer1980,omni_endpoint_30037,17,9,0,16,0,0,0,0,9,268,22
baseline,omni_endpoint_30038,0,0,0,0,0,0,0,0,3,254,15
J,omni_endpoint_30038,0,0,0,0,0,0,0,0,8,249,20
S,omni_endpoint_30038,19,0,0,18,0,0,0,0,6,262,18
O,omni_endpoint_30038,0,4,1,0,0,0,0,0,3,254,15
previous_best,omni_endpoint_30038,0,0,0,0,0,0,0,0,8,248,20
S_doptimal,omni_endpoint_30037,7,0,0,7,0,0,0,0,4,287,17
JSO_compact_dopt,omni_endpoint_30037,17,10,2,16,0,0,0,0,8,274,21
SO_doptimal,omni_endpoint_30037,7,6,2,7,0,0,0,0,4,287,17
JS,omni_endpoint_30038,24,0,0,24,0,0,0,0,4,278,16
S_dopt_short,omni_endpoint_30037,7,0,0,7,0,0,0,0,4,287,17
insert200,omni_endpoint_30038,0,0,0,0,0,0,0,0,2,274,14
JO,omni_endpoint_30038,0,8,2,0,0,0,0,0,6,250,18
SO,omni_endpoint_30038,16,6,3,15,0,0,0,0,3,250,15
insert80,omni_endpoint_30038,0,0,0,0,0,0,0,0,5,267,17
JSO,omni_endpoint_30038,20,7,3,20,0,0,0,0,4,274,16
insert400,omni_endpoint_30038,0,0,0,0,0,0,0,0,2,274,14
aligned,omni_endpoint_30038,0,0,0,0,0,0,0,0,2,244,14
bracket,omni_endpoint_30038,0,0,0,0,0,0,0,0,3,254,15
JSO_p50,omni_endpoint_30038,20,7,3,20,0,0,0,0,4,274,16
optical2,omni_endpoint_30038,0,0,0,0,0,0,0,0,3,254,15
optical4,omni_endpoint_30038,0,0,0,0,1,1,4,1,4,251,16
JSO_r120,omni_endpoint_30038,20,9,4,20,0,0,0,0,5,269,17
JSO_r160,omni_endpoint_30038,18,9,4,18,0,0,0,0,5,267,17
JSO_p85,omni_endpoint_30038,20,8,2,20,0,0,0,0,6,273,18
short_clear,omni_endpoint_30038,0,0,0,0,0,0,0,0,3,254,15
JSO_compact,omni_endpoint_30038,20,8,4,20,0,0,0,0,4,264,16
doptimal,omni_endpoint_30038,0,0,0,0,0,0,0,0,3,267,15
JSO_outer1980,omni_endpoint_30038,20,8,3,20,0,0,0,0,5,275,17
previous_best,omni_endpoint_30039,0,0,0,0,0,0,0,0,5,247,17
J,omni_endpoint_30039,0,0,0,0,0,0,0,0,5,249,17
baseline,omni_endpoint_30039,0,0,0,0,0,0,0,0,2,283,14
S_doptimal,omni_endpoint_30038,16,0,0,16,0,0,0,0,4,281,16
JSO_compact_dopt,omni_endpoint_30038,16,8,1,16,0,0,0,0,7,248,19
SO_doptimal,omni_endpoint_30038,12,4,1,12,0,0,0,0,3,282,15
S_dopt_short,omni_endpoint_30038,17,0,0,17,0,0,0,0,0,268,12
JS,omni_endpoint_30039,23,0,0,22,0,0,0,0,3,273,15
O,omni_endpoint_30039,0,4,1,0,0,0,0,0,3,282,15
S,omni_endpoint_30039,21,0,0,21,0,0,0,0,10,276,22
JO,omni_endpoint_30039,0,9,5,0,0,0,0,0,4,249,16
JSO,omni_endpoint_30039,20,8,4,19,0,0,0,0,4,271,16
insert80,omni_endpoint_30039,0,0,0,0,0,0,0,0,4,274,16
aligned,omni_endpoint_30039,0,0,0,0,0,0,0,0,6,253,18
insert200,omni_endpoint_30039,0,0,0,0,0,0,0,0,4,276,16
insert400,omni_endpoint_30039,0,0,0,0,0,0,0,0,8,278,20
SO,omni_endpoint_30039,19,7,3,19,0,0,0,0,4,272,16
optical2,omni_endpoint_30039,0,0,0,0,0,0,0,0,2,283,14
bracket,omni_endpoint_30039,0,0,0,0,0,0,0,0,1,283,13
optical4,omni_endpoint_30039,0,0,0,0,1,1,4,1,2,282,14
JSO_p85,omni_endpoint_30039,18,9,5,17,0,0,0,0,4,270,16
JSO_compact,omni_endpoint_30039,20,8,4,19,0,0,0,0,4,271,16
JSO_p50,omni_endpoint_30039,22,5,2,21,0,0,0,0,3,273,15
short_clear,omni_endpoint_30039,0,0,0,0,0,0,0,0,2,283,14
doptimal,omni_endpoint_30039,0,0,0,0,0,0,0,0,3,280,15
JSO_r120,omni_endpoint_30039,19,7,1,19,0,0,0,0,6,273,18
JSO_r160,omni_endpoint_30039,20,12,3,20,0,0,0,0,9,273,21
JSO_outer1980,omni_endpoint_30039,17,8,3,16,0,0,0,0,5,283,17
S_doptimal,omni_endpoint_30039,20,0,0,20,0,0,0,0,1,288,13
JSO_compact_dopt,omni_endpoint_30039,12,9,3,11,0,0,0,0,6,256,18
previous_best,omni_endpoint_30040,0,0,0,0,0,0,0,0,8,202,23
baseline,omni_endpoint_30040,0,0,0,0,0,0,0,0,3,215,18
S,omni_endpoint_30040,22,0,0,21,0,0,0,0,7,233,22
J,omni_endpoint_30040,0,0,0,0,0,0,0,0,8,201,23
S_dopt_short,omni_endpoint_30039,21,0,0,21,0,0,0,0,3,272,15
SO_doptimal,omni_endpoint_30039,18,7,1,18,0,0,0,0,6,267,18
O,omni_endpoint_30040,0,5,2,0,0,0,0,0,3,215,18
JS,omni_endpoint_30040,23,0,0,22,0,0,0,0,9,223,24
JSO,omni_endpoint_30040,24,9,3,23,0,0,0,0,6,225,21
aligned,omni_endpoint_30040,0,0,0,0,0,0,0,0,4,235,19
JO,omni_endpoint_30040,0,9,3,0,0,0,0,0,6,200,21
insert80,omni_endpoint_30040,0,0,0,0,0,0,0,0,7,246,22
SO,omni_endpoint_30040,17,8,3,16,0,0,0,0,5,252,20
bracket,omni_endpoint_30040,0,0,0,0,0,0,0,0,3,215,18
insert400,omni_endpoint_30040,0,0,0,0,0,0,0,0,7,276,22
insert200,omni_endpoint_30040,0,0,0,0,0,0,0,0,4,265,19
optical2,omni_endpoint_30040,0,0,0,0,0,0,0,0,3,215,18
short_clear,omni_endpoint_30040,0,0,0,0,0,0,0,0,3,215,18
optical4,omni_endpoint_30040,0,0,0,0,3,3,12,3,7,244,22
doptimal,omni_endpoint_30040,0,0,0,0,0,0,0,0,5,248,20
JSO_p50,omni_endpoint_30040,25,9,3,23,0,0,0,0,6,226,21
JSO_p85,omni_endpoint_30040,22,9,3,21,0,0,0,0,6,224,21
JSO_r120,omni_endpoint_30040,21,11,3,21,0,0,0,0,8,234,23
JSO_r160,omni_endpoint_30040,21,12,3,21,0,0,0,0,9,234,24
JSO_compact,omni_endpoint_30040,24,9,3,23,0,0,0,0,6,225,21
JSO_outer1980,omni_endpoint_30040,24,9,3,23,0,0,0,0,6,225,21
previous_best,omni_endpoint_30041,0,0,0,0,0,0,0,0,5,233,18
baseline,omni_endpoint_30041,0,0,0,0,0,0,0,0,3,265,16
J,omni_endpoint_30041,0,0,0,0,0,0,0,0,6,257,19
JSO_compact_dopt,omni_endpoint_30040,22,10,4,21,0,0,0,0,6,221,21
O,omni_endpoint_30041,0,3,1,0,0,0,0,0,2,265,15
JS,omni_endpoint_30041,20,0,0,20,0,0,0,0,6,263,19
S,omni_endpoint_30041,21,0,0,21,0,0,0,0,4,280,17
S_dopt_short,omni_endpoint_30040,13,0,0,13,0,0,0,0,10,255,25
S_doptimal,omni_endpoint_30040,13,0,0,13,0,0,0,0,9,254,24
SO_doptimal,omni_endpoint_30040,18,10,1,18,0,0,0,0,9,283,24
JO,omni_endpoint_30041,0,6,1,0,0,0,0,0,5,257,18
insert80,omni_endpoint_30041,0,0,0,0,0,0,0,0,4,262,17
JSO,omni_endpoint_30041,18,9,2,18,0,0,0,0,7,263,20
insert200,omni_endpoint_30041,0,0,0,0,0,0,0,0,5,266,18
insert400,omni_endpoint_30041,0,0,0,0,0,0,0,0,5,261,18
aligned,omni_endpoint_30041,0,0,0,0,0,0,0,0,7,260,20
SO,omni_endpoint_30041,21,7,0,21,0,0,0,0,7,285,20
bracket,omni_endpoint_30041,0,0,0,0,0,0,0,0,3,265,16
optical2,omni_endpoint_30041,0,0,0,0,0,0,0,0,3,265,16
optical4,omni_endpoint_30041,0,0,0,0,2,2,8,2,3,261,16
doptimal,omni_endpoint_30041,0,0,0,0,0,0,0,0,6,271,19
JSO_p50,omni_endpoint_30041,21,9,1,19,0,0,0,0,8,268,21
short_clear,omni_endpoint_30041,0,0,0,0,0,0,0,0,3,265,16
JSO_p85,omni_endpoint_30041,12,10,3,12,0,0,0,0,7,233,20
JSO_r160,omni_endpoint_30041,17,11,4,17,0,0,0,0,7,247,20
JSO_r120,omni_endpoint_30041,17,11,4,17,0,0,0,0,7,247,20
JSO_compact,omni_endpoint_30041,18,9,1,18,0,0,0,0,8,262,21
JSO_outer1980,omni_endpoint_30041,18,8,1,18,0,0,0,0,7,248,20
previous_best,omni_endpoint_30042,0,0,0,0,0,0,0,0,3,228,16
S_doptimal,omni_endpoint_30041,14,0,0,14,0,0,0,0,3,280,16
J,omni_endpoint_30042,0,0,0,0,0,0,0,0,3,228,16
SO_doptimal,omni_endpoint_30041,14,4,1,14,0,0,0,0,3,280,16
S_dopt_short,omni_endpoint_30041,14,0,0,14,0,0,0,0,3,280,16
baseline,omni_endpoint_30042,0,0,0,0,0,0,0,0,6,254,19
S,omni_endpoint_30042,15,0,0,15,0,0,0,0,2,278,15
JS,omni_endpoint_30042,17,0,0,17,0,0,0,0,3,240,16
JSO_compact_dopt,omni_endpoint_30041,19,8,3,19,0,0,0,0,5,231,18
O,omni_endpoint_30042,0,8,2,0,0,0,0,0,6,254,19
JO,omni_endpoint_30042,0,8,5,0,0,0,0,0,3,235,16
JSO,omni_endpoint_30042,15,10,3,14,0,0,0,0,7,247,20
aligned,omni_endpoint_30042,0,0,0,0,0,0,0,0,1,251,14
SO,omni_endpoint_30042,12,4,1,12,0,0,0,0,3,275,16
insert80,omni_endpoint_30042,0,0,0,0,0,0,0,0,4,286,17
insert200,omni_endpoint_30042,0,0,0,0,0,0,0,0,4,286,17
bracket,omni_endpoint_30042,0,0,0,0,0,0,0,0,6,254,19
optical2,omni_endpoint_30042,0,0,0,0,0,0,0,0,6,254,19
insert400,omni_endpoint_30042,0,0,0,0,0,0,0,0,5,288,18
doptimal,omni_endpoint_30042,0,0,0,0,0,0,0,0,0,252,13
optical4,omni_endpoint_30042,0,0,0,0,1,1,4,1,8,253,21
JSO_p50,omni_endpoint_30042,21,9,4,20,0,0,0,0,5,244,18
JSO_p85,omni_endpoint_30042,14,9,4,14,0,0,0,0,5,232,18
JSO_r120,omni_endpoint_30042,15,10,3,14,0,0,0,0,7,247,20
JSO_r160,omni_endpoint_30042,15,10,3,14,0,0,0,0,7,247,20
short_clear,omni_endpoint_30042,0,0,0,0,0,0,0,0,6,257,19
JSO_compact,omni_endpoint_30042,15,10,3,14,0,0,0,0,7,247,20
JSO_outer1980,omni_endpoint_30042,15,10,3,14,0,0,0,0,7,247,20
previous_best,omni_endpoint_30043,0,0,0,0,0,0,0,0,4,277,14
baseline,omni_endpoint_30043,0,0,0,0,0,0,0,0,3,285,13
J,omni_endpoint_30043,0,0,0,0,0,0,0,0,4,279,14
S_doptimal,omni_endpoint_30042,16,0,0,16,0,0,0,0,6,271,19
SO_doptimal,omni_endpoint_30042,14,5,1,14,0,0,0,0,4,290,17
JS,omni_endpoint_30043,13,0,0,13,0,0,0,0,3,279,13
JSO_compact_dopt,omni_endpoint_30042,15,10,6,15,0,0,0,0,4,248,17
S,omni_endpoint_30043,22,0,0,22,0,0,0,0,3,292,13
O,omni_endpoint_30043,0,3,0,0,0,0,0,0,3,285,13
S_dopt_short,omni_endpoint_30042,12,0,0,12,0,0,0,0,2,266,15
JO,omni_endpoint_30043,0,5,1,0,0,0,0,0,4,280,14
SO,omni_endpoint_30043,19,5,3,19,0,0,0,0,2,286,12
JSO,omni_endpoint_30043,13,5,0,13,0,0,0,0,5,281,15
insert80,omni_endpoint_30043,0,0,0,0,0,0,0,0,3,279,13
insert200,omni_endpoint_30043,0,0,0,0,0,0,0,0,6,281,16
insert400,omni_endpoint_30043,0,0,0,0,0,0,0,0,6,280,16
aligned,omni_endpoint_30043,0,0,0,0,0,0,0,0,6,282,16
bracket,omni_endpoint_30043,0,0,0,0,0,0,0,0,3,285,13
optical2,omni_endpoint_30043,0,0,0,0,0,0,0,0,3,285,13
JSO_p85,omni_endpoint_30043,13,5,0,13,0,0,0,0,5,281,15
JSO_p50,omni_endpoint_30043,13,5,0,13,0,0,0,0,5,281,15
short_clear,omni_endpoint_30043,0,0,0,0,0,0,0,0,3,287,13
JSO_r120,omni_endpoint_30043,14,6,0,14,0,0,0,0,6,282,16
optical4,omni_endpoint_30043,0,0,0,0,0,0,0,0,3,285,13
JSO_r160,omni_endpoint_30043,14,6,0,14,0,0,0,0,6,282,16
JSO_compact,omni_endpoint_30043,13,5,0,13,0,0,0,0,5,281,15
JSO_outer1980,omni_endpoint_30043,13,5,0,13,0,0,0,0,5,281,15
doptimal,omni_endpoint_30043,0,0,0,0,0,0,0,0,2,288,12
JSO_compact_dopt,omni_endpoint_30043,13,5,0,13,0,0,0,0,5,280,15
SO_doptimal,omni_endpoint_30043,9,5,2,9,0,0,0,0,3,284,13
previous_best,omni_endpoint_30044,0,0,0,0,0,0,0,0,6,245,21
S_dopt_short,omni_endpoint_30043,10,0,0,10,0,0,0,0,3,286,13
S_doptimal,omni_endpoint_30043,11,0,0,11,0,0,0,0,2,286,12
J,omni_endpoint_30044,0,0,0,0,0,0,0,0,8,245,23
JS,omni_endpoint_30044,31,0,0,30,0,0,0,0,4,249,19
baseline,omni_endpoint_30044,0,0,0,0,0,0,0,0,6,218,21
S,omni_endpoint_30044,19,0,0,19,0,0,0,0,5,277,20
O,omni_endpoint_30044,0,3,1,0,0,0,0,0,2,212,17
JO,omni_endpoint_30044,0,10,3,0,0,0,0,0,7,245,22
JSO,omni_endpoint_30044,27,12,6,26,0,0,0,0,6,247,21
insert200,omni_endpoint_30044,0,0,0,0,0,0,0,0,6,238,21
insert80,omni_endpoint_30044,0,0,0,0,0,0,0,0,7,235,22
insert400,omni_endpoint_30044,0,0,0,0,0,0,0,0,7,241,22
SO,omni_endpoint_30044,16,8,0,16,0,0,0,0,8,262,23
aligned,omni_endpoint_30044,0,0,0,0,0,0,0,0,4,208,19
bracket,omni_endpoint_30044,0,0,0,0,0,0,0,0,6,218,21
JSO_r160,omni_endpoint_30044,24,15,6,23,0,0,0,0,9,247,24
JSO_p50,omni_endpoint_30044,28,12,6,26,0,0,0,0,6,248,21
JSO_p85,omni_endpoint_30044,25,12,3,25,0,0,0,0,9,248,24
optical2,omni_endpoint_30044,0,0,0,0,0,0,0,0,6,218,21
JSO_r120,omni_endpoint_30044,24,15,6,23,0,0,0,0,9,247,24
optical4,omni_endpoint_30044,0,0,0,0,4,4,16,4,11,213,26
short_clear,omni_endpoint_30044,0,0,0,0,0,0,0,0,6,218,21
doptimal,omni_endpoint_30044,0,0,0,0,0,0,0,0,3,259,18
JSO_compact,omni_endpoint_30044,27,12,6,26,0,0,0,0,6,250,21
JSO_outer1980,omni_endpoint_30044,26,10,4,26,0,0,0,0,6,245,21
SO_doptimal,omni_endpoint_30044,15,6,2,15,0,0,0,0,4,247,19
baseline,omni_endpoint_30045,0,0,0,0,0,0,0,0,3,83,19
JSO_compact_dopt,omni_endpoint_30044,28,12,6,27,0,0,0,0,6,251,21
J,omni_endpoint_30045,0,0,0,0,0,0,0,0,7,66,23
previous_best,omni_endpoint_30045,0,0,0,0,0,0,0,0,8,66,24
S_doptimal,omni_endpoint_30044,24,0,0,23,0,0,0,0,4,254,19
S,omni_endpoint_30045,31,0,0,31,0,0,0,0,3,153,19
S_dopt_short,omni_endpoint_30044,27,0,0,27,0,0,0,0,5,224,20
O,omni_endpoint_30045,0,3,0,0,0,0,0,0,3,83,19
JS,omni_endpoint_30045,24,0,0,23,0,0,0,0,9,116,25
JSO,omni_endpoint_30045,20,14,5,19,0,0,0,0,9,112,25
insert80,omni_endpoint_30045,0,0,0,0,0,0,0,0,5,105,21
insert200,omni_endpoint_30045,0,0,0,0,0,0,0,0,8,104,24
JO,omni_endpoint_30045,0,10,3,0,0,0,0,0,7,67,23
SO,omni_endpoint_30045,25,8,4,24,0,0,0,0,4,148,20
aligned,omni_endpoint_30045,0,0,0,0,0,0,0,0,2,140,18
insert400,omni_endpoint_30045,0,0,0,0,0,0,0,0,9,104,25
bracket,omni_endpoint_30045,0,0,0,0,0,0,0,0,3,83,19
optical2,omni_endpoint_30045,0,0,0,0,0,0,0,0,3,83,19
JSO_r120,omni_endpoint_30045,21,15,5,20,0,0,0,0,10,113,26
JSO_p85,omni_endpoint_30045,18,15,5,17,0,0,0,0,10,111,26
JSO_p50,omni_endpoint_30045,24,14,6,22,0,0,0,0,8,115,24
optical4,omni_endpoint_30045,0,0,0,0,0,0,0,0,3,83,19
short_clear,omni_endpoint_30045,0,0,0,0,0,0,0,0,3,83,19
JSO_r160,omni_endpoint_30045,20,15,5,19,0,0,0,0,10,112,26
JSO_outer1980,omni_endpoint_30045,20,14,5,19,0,0,0,0,9,112,25
JSO_compact,omni_endpoint_30045,20,14,5,19,0,0,0,0,9,113,25
doptimal,omni_endpoint_30045,0,0,0,0,0,0,0,0,5,96,21
previous_best,omni_endpoint_30046,0,0,0,0,0,0,0,0,5,239,19
baseline,omni_endpoint_30046,0,0,0,0,0,0,0,0,6,221,20
J,omni_endpoint_30046,0,0,0,0,0,0,0,0,5,240,19
JSO_compact_dopt,omni_endpoint_30045,19,13,5,18,0,0,0,0,8,112,24
JS,omni_endpoint_30046,20,0,0,20,0,0,0,0,8,232,22
O,omni_endpoint_30046,0,7,2,0,0,0,0,0,5,221,19
S_doptimal,omni_endpoint_30045,34,0,0,33,0,0,0,0,5,157,21
S,omni_endpoint_30046,17,0,0,16,0,0,0,0,9,224,23
SO_doptimal,omni_endpoint_30045,22,12,4,21,0,0,0,0,8,132,24
JO,omni_endpoint_30046,0,7,4,0,0,0,0,0,3,240,17
SO,omni_endpoint_30046,20,8,2,19,0,0,0,0,6,223,20
S_dopt_short,omni_endpoint_30045,34,0,0,33,0,0,0,0,5,157,21
JSO,omni_endpoint_30046,16,10,6,16,0,0,0,0,4,225,18
insert200,omni_endpoint_30046,0,0,0,0,0,0,0,0,6,238,20
insert80,omni_endpoint_30046,0,0,0,0,0,0,0,0,6,238,20
aligned,omni_endpoint_30046,0,0,0,0,0,0,0,0,3,238,17
JSO_p50,omni_endpoint_30046,20,10,5,18,0,0,0,0,5,228,19
insert400,omni_endpoint_30046,0,0,0,0,0,0,0,0,6,238,20
bracket,omni_endpoint_30046,0,0,0,0,0,0,0,0,6,221,20
optical2,omni_endpoint_30046,0,0,0,0,0,0,0,0,6,221,20
optical4,omni_endpoint_30046,0,0,0,0,2,2,8,2,6,218,20
short_clear,omni_endpoint_30046,0,0,0,0,0,0,0,0,6,221,20
JSO_r120,omni_endpoint_30046,16,10,5,16,0,0,0,0,5,224,19
JSO_p85,omni_endpoint_30046,18,10,6,18,0,0,0,0,4,231,18
JSO_compact,omni_endpoint_30046,16,10,6,16,0,0,0,0,4,225,18
JSO_r160,omni_endpoint_30046,16,12,4,16,0,0,0,0,8,228,22
doptimal,omni_endpoint_30046,0,0,0,0,0,0,0,0,4,231,18
JSO_outer1980,omni_endpoint_30046,16,10,6,16,0,0,0,0,4,225,18
baseline,omni_endpoint_30047,0,0,0,0,0,0,0,0,3,310,13
previous_best,omni_endpoint_30047,0,0,0,0,0,0,0,0,5,308,15
JSO_compact_dopt,omni_endpoint_30046,16,9,5,16,0,0,0,0,4,223,18
J,omni_endpoint_30047,0,0,0,0,0,0,0,0,6,309,16
SO_doptimal,omni_endpoint_30046,11,10,6,11,0,0,0,0,4,251,18
S_doptimal,omni_endpoint_30046,19,0,0,19,0,0,0,0,4,259,18
S,omni_endpoint_30047,11,0,0,11,0,0,0,0,1,306,11
S_dopt_short,omni_endpoint_30046,19,0,0,19,0,0,0,0,6,261,20
JS,omni_endpoint_30047,19,0,0,19,0,0,0,0,1,309,11
O,omni_endpoint_30047,0,3,2,0,0,0,0,0,1,310,11
JO,omni_endpoint_30047,0,5,2,0,0,0,0,0,3,309,13
insert80,omni_endpoint_30047,0,0,0,0,0,0,0,0,3,295,13
SO,omni_endpoint_30047,10,2,1,10,0,0,0,0,1,305,11
insert200,omni_endpoint_30047,0,0,0,0,0,0,0,0,3,297,13
JSO,omni_endpoint_30047,12,8,3,12,0,0,0,0,5,302,15
insert400,omni_endpoint_30047,0,0,0,0,0,0,0,0,4,298,14
bracket,omni_endpoint_30047,0,0,0,0,0,0,0,0,3,310,13
aligned,omni_endpoint_30047,0,0,0,0,0,0,0,0,7,303,17
optical2,omni_endpoint_30047,0,0,0,0,0,0,0,0,3,310,13
optical4,omni_endpoint_30047,0,0,0,0,1,1,4,1,4,309,14
JSO_r160,omni_endpoint_30047,12,8,3,12,0,0,0,0,5,301,15
JSO_p85,omni_endpoint_30047,10,5,1,10,0,0,0,0,4,296,14
JSO_r120,omni_endpoint_30047,12,8,3,12,0,0,0,0,5,302,15
JSO_p50,omni_endpoint_30047,14,8,1,14,0,0,0,0,7,293,17
JSO_compact,omni_endpoint_30047,11,8,5,11,0,0,0,0,3,299,13
short_clear,omni_endpoint_30047,0,0,0,0,0,0,0,0,2,310,12
JSO_outer1980,omni_endpoint_30047,11,8,5,11,0,0,0,0,3,299,13
doptimal,omni_endpoint_30047,0,0,0,0,0,0,0,0,2,299,12
baseline,omni_endpoint_30048,0,0,0,0,0,0,0,0,5,266,18
S_doptimal,omni_endpoint_30047,12,0,0,12,0,0,0,0,1,301,11
JSO_compact_dopt,omni_endpoint_30047,17,6,1,17,0,0,0,0,5,317,15
JS,omni_endpoint_30048,22,0,0,22,0,0,0,0,4,240,17
J,omni_endpoint_30048,0,0,0,0,0,0,0,0,8,244,21
S_dopt_short,omni_endpoint_30047,13,0,0,13,0,0,0,0,4,315,14
previous_best,omni_endpoint_30048,0,0,0,0,0,0,0,0,8,244,21
SO_doptimal,omni_endpoint_30047,10,4,0,10,0,0,0,0,4,303,14
O,omni_endpoint_30048,0,6,4,0,0,0,0,0,2,265,15
S,omni_endpoint_30048,23,0,0,23,0,0,0,0,5,261,18
JSO,omni_endpoint_30048,14,10,5,14,0,0,0,0,5,233,18
JO,omni_endpoint_30048,0,6,0,0,0,0,0,0,6,244,19
insert200,omni_endpoint_30048,0,0,0,0,0,0,0,0,7,233,20
insert400,omni_endpoint_30048,0,0,0,0,0,0,0,0,7,237,20
insert80,omni_endpoint_30048,0,0,0,0,0,0,0,0,4,234,17
SO,omni_endpoint_30048,16,8,2,16,0,0,0,0,6,258,19
aligned,omni_endpoint_30048,0,0,0,0,0,0,0,0,3,231,16
optical2,omni_endpoint_30048,0,0,0,0,0,0,0,0,5,266,18
bracket,omni_endpoint_30048,0,0,0,0,0,0,0,0,5,266,18
doptimal,omni_endpoint_30048,0,0,0,0,0,0,0,0,5,251,18
JSO_p50,omni_endpoint_30048,14,10,5,14,0,0,0,0,5,233,18
JSO_p85,omni_endpoint_30048,15,7,5,15,0,0,0,0,2,228,15
JSO_r120,omni_endpoint_30048,14,10,5,14,0,0,0,0,5,233,18
JSO_r160,omni_endpoint_30048,14,10,5,14,0,0,0,0,5,233,18
JSO_compact,omni_endpoint_30048,14,10,5,14,0,0,0,0,5,233,18
short_clear,omni_endpoint_30048,0,0,0,0,0,0,0,0,5,266,18
optical4,omni_endpoint_30048,0,0,0,0,2,2,8,2,8,264,21
JSO_outer1980,omni_endpoint_30048,14,10,4,14,0,0,0,0,6,235,19
J,omni_endpoint_30049,0,0,0,0,0,0,0,0,5,298,16
previous_best,omni_endpoint_30049,0,0,0,0,0,0,0,0,5,297,16
S,omni_endpoint_30049,15,0,0,15,0,0,0,0,4,339,15
S_doptimal,omni_endpoint_30048,20,0,0,20,0,0,0,0,2,251,15
baseline,omni_endpoint_30049,0,0,0,0,0,0,0,0,0,336,11
JS,omni_endpoint_30049,12,0,0,12,0,0,0,0,5,297,16
S_dopt_short,omni_endpoint_30048,20,0,0,20,0,0,0,0,3,251,16
SO_doptimal,omni_endpoint_30048,18,8,1,18,0,0,0,0,7,254,20
JO,omni_endpoint_30049,0,5,2,0,0,0,0,0,3,296,14
O,omni_endpoint_30049,0,1,1,0,0,0,0,0,0,336,11
JSO_compact_dopt,omni_endpoint_30048,20,10,4,20,0,0,0,0,6,232,19
JSO,omni_endpoint_30049,12,5,2,12,0,0,0,0,3,297,14
insert80,omni_endpoint_30049,0,0,0,0,0,0,0,0,2,293,13
insert400,omni_endpoint_30049,0,0,0,0,0,0,0,0,2,294,13
SO,omni_endpoint_30049,10,5,1,10,0,0,0,0,4,338,15
insert200,omni_endpoint_30049,0,0,0,0,0,0,0,0,1,333,12
aligned,omni_endpoint_30049,0,0,0,0,0,0,0,0,2,319,13
doptimal,omni_endpoint_30049,0,0,0,0,0,0,0,0,1,320,12
optical2,omni_endpoint_30049,0,0,0,0,0,0,0,0,0,336,11
JSO_p50,omni_endpoint_30049,12,5,2,12,0,0,0,0,3,299,14
bracket,omni_endpoint_30049,0,0,0,0,0,0,0,0,0,336,11
JSO_r120,omni_endpoint_30049,12,5,2,12,0,0,0,0,3,297,14
optical4,omni_endpoint_30049,0,0,0,0,0,0,0,0,0,336,11
JSO_p85,omni_endpoint_30049,9,6,3,9,0,0,0,0,3,279,14
JSO_r160,omni_endpoint_30049,12,5,2,12,0,0,0,0,3,297,14
short_clear,omni_endpoint_30049,0,0,0,0,0,0,0,0,0,336,11
JSO_compact,omni_endpoint_30049,12,5,2,12,0,0,0,0,3,297,14
JSO_outer1980,omni_endpoint_30049,12,5,2,12,0,0,0,0,3,297,14
S_doptimal,omni_endpoint_30049,16,0,0,16,0,0,0,0,2,326,13
baseline,boundary_endpoint_30000,0,0,0,0,0,0,0,0,0,252,16
S_dopt_short,omni_endpoint_30049,14,0,0,14,0,0,0,0,2,324,13
J,boundary_endpoint_30000,0,0,0,0,0,0,0,0,3,340,19
SO_doptimal,omni_endpoint_30049,12,6,0,12,0,0,0,0,6,326,17
S,boundary_endpoint_30000,4,0,0,1,0,0,0,0,0,252,16
JSO_compact_dopt,omni_endpoint_30049,14,7,1,14,0,0,0,0,6,346,17
previous_best,boundary_endpoint_30000,0,0,0,0,0,0,0,0,4,327,20
JS,boundary_endpoint_30000,9,0,0,1,0,0,0,0,2,340,18
O,boundary_endpoint_30000,0,2,2,0,0,0,0,0,0,252,16
JO,boundary_endpoint_30000,0,5,3,0,0,0,0,0,2,339,18
JSO,boundary_endpoint_30000,9,3,2,1,0,0,0,0,1,339,17
SO,boundary_endpoint_30000,4,2,2,1,0,0,0,0,0,252,16
aligned,boundary_endpoint_30000,0,0,0,0,0,0,0,0,1,264,17
doptimal,boundary_endpoint_30000,0,0,0,0,0,0,0,0,1,262,17
bracket,boundary_endpoint_30000,0,0,0,0,0,0,0,0,0,252,16
optical2,boundary_endpoint_30000,0,0,0,0,0,0,0,0,0,252,16
insert200,boundary_endpoint_30000,0,0,0,0,0,0,0,0,1,324,17
insert400,boundary_endpoint_30000,0,0,0,0,0,0,0,0,1,326,17
JSO_p85,boundary_endpoint_30000,5,4,3,1,0,0,0,0,1,337,17
short_clear,boundary_endpoint_30000,0,0,0,0,0,0,0,0,0,253,16
optical4,boundary_endpoint_30000,0,0,0,0,0,0,0,0,0,252,16
insert80,boundary_endpoint_30000,0,0,0,0,0,0,0,0,1,340,17
JSO_p50,boundary_endpoint_30000,10,3,2,1,0,0,0,0,1,340,17
JSO_r120,boundary_endpoint_30000,9,3,2,1,0,0,0,0,1,339,17
JSO_r160,boundary_endpoint_30000,9,4,3,1,0,0,0,0,1,338,17
JSO_compact,boundary_endpoint_30000,14,1,1,0,0,0,0,0,0,332,16
JSO_outer1980,boundary_endpoint_30000,9,3,3,2,0,0,0,0,0,343,16
previous_best,boundary_endpoint_30001,0,0,0,0,0,0,0,0,0,360,15
baseline,boundary_endpoint_30001,0,0,0,0,0,0,0,0,4,344,19
SO_doptimal,boundary_endpoint_30000,2,3,2,1,0,0,0,0,1,262,17
S_doptimal,boundary_endpoint_30000,3,0,0,2,0,0,0,0,1,263,17
S_dopt_short,boundary_endpoint_30000,3,0,0,2,0,0,0,0,1,263,17
J,boundary_endpoint_30001,0,0,0,0,0,0,0,0,3,334,18
S,boundary_endpoint_30001,6,0,0,2,0,0,0,0,6,348,21
JSO_compact_dopt,boundary_endpoint_30000,12,3,2,1,0,0,0,0,1,326,17
JS,boundary_endpoint_30001,11,0,0,2,0,0,0,0,3,334,18
O,boundary_endpoint_30001,0,1,1,0,0,0,0,0,0,344,15
JO,boundary_endpoint_30001,0,2,2,0,0,0,0,0,0,334,15
JSO,boundary_endpoint_30001,11,1,1,2,0,0,0,0,0,334,15
SO,boundary_endpoint_30001,5,2,2,2,0,0,0,0,0,344,15
insert400,boundary_endpoint_30001,0,0,0,0,0,0,0,0,4,357,19
insert80,boundary_endpoint_30001,0,0,0,0,0,0,0,0,4,348,19
insert200,boundary_endpoint_30001,0,0,0,0,0,0,0,0,3,347,18
aligned,boundary_endpoint_30001,0,0,0,0,0,0,0,0,4,335,19
bracket,boundary_endpoint_30001,0,0,0,0,0,0,0,0,4,344,19
optical2,boundary_endpoint_30001,0,0,0,0,0,0,0,0,4,344,19
doptimal,boundary_endpoint_30001,0,0,0,0,0,0,0,0,3,332,18
optical4,boundary_endpoint_30001,0,0,0,0,1,1,4,1,6,343,21
JSO_p50,boundary_endpoint_30001,12,1,1,2,0,0,0,0,0,335,15
short_clear,boundary_endpoint_30001,0,0,0,0,0,0,0,0,4,344,19
JSO_r120,boundary_endpoint_30001,11,1,1,2,0,0,0,0,0,334,15
JSO_p85,boundary_endpoint_30001,8,1,1,2,0,0,0,0,0,332,15
JSO_r160,boundary_endpoint_30001,11,1,1,2,0,0,0,0,0,334,15
JSO_compact,boundary_endpoint_30001,4,3,3,0,0,0,0,0,0,360,15
JSO_outer1980,boundary_endpoint_30001,8,5,1,0,0,0,0,0,4,357,19
baseline,boundary_endpoint_30002,0,0,0,0,0,0,0,0,2,385,17
JSO_compact_dopt,boundary_endpoint_30001,3,2,2,1,0,0,0,0,0,359,15
S_doptimal,boundary_endpoint_30001,6,0,0,1,0,0,0,0,5,335,20
J,boundary_endpoint_30002,0,0,0,0,0,0,0,0,4,335,19
SO_doptimal,boundary_endpoint_30001,5,1,1,1,0,0,0,0,0,334,15
S,boundary_endpoint_30002,1,0,0,0,0,0,0,0,2,385,17
S_dopt_short,boundary_endpoint_30001,6,0,0,1,0,0,0,0,5,335,20
O,boundary_endpoint_30002,0,2,0,0,0,0,0,0,2,385,17
previous_best,boundary_endpoint_30002,0,0,0,0,0,0,0,0,6,321,21
JO,boundary_endpoint_30002,0,3,2,0,0,0,0,0,1,334,16
SO,boundary_endpoint_30002,1,2,0,0,0,0,0,0,2,385,17
JS,boundary_endpoint_30002,9,0,0,0,0,0,0,0,4,336,19
JSO,boundary_endpoint_30002,9,3,2,0,0,0,0,0,1,335,16
aligned,boundary_endpoint_30002,0,0,0,0,0,0,0,0,4,320,19
insert200,boundary_endpoint_30002,0,0,0,0,0,0,0,0,3,408,18
insert400,boundary_endpoint_30002,0,0,0,0,0,0,0,0,3,407,18
doptimal,boundary_endpoint_30002,0,0,0,0,0,0,0,0,3,316,18
insert80,boundary_endpoint_30002,0,0,0,0,0,0,0,0,5,409,20
optical2,boundary_endpoint_30002,0,0,0,0,0,0,0,0,2,385,17
optical4,boundary_endpoint_30002,0,0,0,0,1,1,4,1,2,384,17
bracket,boundary_endpoint_30002,0,0,0,0,0,0,0,0,3,386,18
short_clear,boundary_endpoint_30002,0,0,0,0,0,0,0,0,2,385,17
JSO_p50,boundary_endpoint_30002,11,3,2,0,0,0,0,0,1,336,16
JSO_p85,boundary_endpoint_30002,7,3,2,0,0,0,0,0,1,334,16
JSO_r120,boundary_endpoint_30002,9,4,3,0,0,0,0,0,1,333,16
JSO_r160,boundary_endpoint_30002,9,5,4,0,0,0,0,0,1,331,16
JSO_outer1980,boundary_endpoint_30002,10,3,2,0,0,0,0,0,1,319,16
S_dopt_short,boundary_endpoint_30002,2,0,0,0,0,0,0,0,3,316,18
S_doptimal,boundary_endpoint_30002,2,0,0,0,0,0,0,0,3,316,18
baseline,boundary_endpoint_30003,0,0,0,0,0,0,0,0,4,450,14
JSO_compact,boundary_endpoint_30002,15,6,2,0,0,0,0,0,4,324,19
previous_best,boundary_endpoint_30003,0,0,0,0,0,0,0,0,4,444,14
S,boundary_endpoint_30003,4,0,0,3,0,0,0,0,2,445,12
J,boundary_endpoint_30003,0,0,0,0,0,0,0,0,4,451,14
SO_doptimal,boundary_endpoint_30002,1,2,1,0,0,0,0,0,1,310,16
JS,boundary_endpoint_30003,5,0,0,3,0,0,0,0,2,446,12
SO,boundary_endpoint_30003,4,2,1,3,0,0,0,0,1,444,11
O,boundary_endpoint_30003,0,4,1,0,0,0,0,0,3,449,13
JSO,boundary_endpoint_30003,5,2,1,3,0,0,0,0,1,445,11
JO,boundary_endpoint_30003,0,4,1,0,0,0,0,0,3,450,13
insert200,boundary_endpoint_30003,0,0,0,0,0,0,0,0,0,442,10
insert80,boundary_endpoint_30003,0,0,0,0,0,0,0,0,1,446,11
insert400,boundary_endpoint_30003,0,0,0,0,0,0,0,0,1,445,11
aligned,boundary_endpoint_30003,0,0,0,0,0,0,0,0,4,450,14
doptimal,boundary_endpoint_30003,0,0,0,0,0,0,0,0,4,448,14
optical2,boundary_endpoint_30003,0,0,0,0,0,0,0,0,4,450,14
JSO_compact_dopt,boundary_endpoint_30002,14,4,2,1,0,0,0,0,2,317,17
bracket,boundary_endpoint_30003,0,0,0,0,0,0,0,0,4,450,14
short_clear,boundary_endpoint_30003,0,0,0,0,0,0,0,0,4,450,14
JSO_p85,boundary_endpoint_30003,5,2,1,3,0,0,0,0,1,445,11
optical4,boundary_endpoint_30003,0,0,0,0,0,0,0,0,4,450,14
JSO_p50,boundary_endpoint_30003,7,2,1,3,0,0,0,0,1,449,11
JSO_compact,boundary_endpoint_30003,2,0,0,1,0,0,0,0,0,444,10
JSO_r120,boundary_endpoint_30003,5,3,1,3,0,0,0,0,2,445,12
JSO_r160,boundary_endpoint_30003,5,3,1,3,0,0,0,0,2,445,12
JSO_outer1980,boundary_endpoint_30003,4,3,2,2,0,0,0,0,1,442,11
S_doptimal,boundary_endpoint_30003,4,0,0,3,0,0,0,0,3,446,13
S_dopt_short,boundary_endpoint_30003,4,0,0,3,0,0,0,0,3,446,13
JSO_compact_dopt,boundary_endpoint_30003,2,0,0,1,0,0,0,0,0,446,10
SO_doptimal,boundary_endpoint_30003,4,3,1,3,0,0,0,0,2,445,12
S,boundary_endpoint_30004,2,0,0,2,0,0,0,0,2,412,13
J,boundary_endpoint_30004,0,0,0,0,0,0,0,0,2,415,13
baseline,boundary_endpoint_30004,0,0,0,0,0,0,0,0,3,413,14
O,boundary_endpoint_30004,0,3,1,0,0,0,0,0,2,413,13
JS,boundary_endpoint_30004,4,0,0,2,0,0,0,0,3,414,14
previous_best,boundary_endpoint_30004,0,0,0,0,0,0,0,0,6,419,17
JO,boundary_endpoint_30004,0,0,0,0,0,0,0,0,0,415,11
JSO,boundary_endpoint_30004,4,2,0,2,0,0,0,0,2,414,13
SO,boundary_endpoint_30004,2,3,1,2,0,0,0,0,2,412,13
insert400,boundary_endpoint_30004,0,0,0,0,0,0,0,0,3,413,14
insert200,boundary_endpoint_30004,0,0,0,0,0,0,0,0,2,413,13
insert80,boundary_endpoint_30004,0,0,0,0,0,0,0,0,2,414,13
doptimal,boundary_endpoint_30004,0,0,0,0,0,0,0,0,2,413,13
aligned,boundary_endpoint_30004,0,0,0,0,0,0,0,0,3,413,14
bracket,boundary_endpoint_30004,0,0,0,0,0,0,0,0,3,413,14
optical2,boundary_endpoint_30004,0,0,0,0,0,0,0,0,3,413,14
JSO_p50,boundary_endpoint_30004,4,2,0,2,0,0,0,0,2,414,13
short_clear,boundary_endpoint_30004,0,0,0,0,0,0,0,0,3,413,14
optical4,boundary_endpoint_30004,0,0,0,0,1,1,4,1,3,412,14
JSO_p85,boundary_endpoint_30004,3,2,0,2,0,0,0,0,2,414,13
JSO_r120,boundary_endpoint_30004,4,2,0,2,0,0,0,0,2,414,13
JSO_compact,boundary_endpoint_30004,2,4,2,1,0,0,0,0,2,415,13
JSO_outer1980,boundary_endpoint_30004,4,3,2,2,0,0,0,0,1,415,12
JSO_r160,boundary_endpoint_30004,4,2,0,2,0,0,0,0,2,414,13
SO_doptimal,boundary_endpoint_30004,2,3,1,2,0,0,0,0,2,413,13
S_doptimal,boundary_endpoint_30004,2,0,0,2,0,0,0,0,2,413,13
S_dopt_short,boundary_endpoint_30004,2,0,0,2,0,0,0,0,2,413,13
JSO_compact_dopt,boundary_endpoint_30004,2,3,1,0,0,0,0,0,2,418,13
J,boundary_endpoint_30005,0,0,0,0,0,0,0,0,3,330,16
baseline,boundary_endpoint_30005,0,0,0,0,0,0,0,0,6,390,19
S,boundary_endpoint_30005,2,0,0,1,0,0,0,0,5,390,18
previous_best,boundary_endpoint_30005,0,0,0,0,0,0,0,0,3,342,16
JS,boundary_endpoint_30005,6,0,0,1,0,0,0,0,3,329,16
O,boundary_endpoint_30005,0,4,0,0,0,0,0,0,4,391,17
JO,boundary_endpoint_30005,0,2,0,0,0,0,0,0,2,330,15
SO,boundary_endpoint_30005,2,4,0,1,0,0,0,0,4,390,17
JSO,boundary_endpoint_30005,6,2,0,1,0,0,0,0,2,329,15
insert80,boundary_endpoint_30005,0,0,0,0,0,0,0,0,1,360,14
insert200,boundary_endpoint_30005,0,0,0,0,0,0,0,0,2,363,15
aligned,boundary_endpoint_30005,0,0,0,0,0,0,0,0,6,390,19
bracket,boundary_endpoint_30005,0,0,0,0,0,0,0,0,6,390,19
insert400,boundary_endpoint_30005,0,0,0,0,0,0,0,0,2,363,15
doptimal,boundary_endpoint_30005,0,0,0,0,0,0,0,0,6,388,19
optical2,boundary_endpoint_30005,0,0,0,0,0,0,0,0,6,390,19
optical4,boundary_endpoint_30005,0,0,0,0,1,1,4,1,8,389,21
short_clear,boundary_endpoint_30005,0,0,0,0,0,0,0,0,6,390,19
JSO_p50,boundary_endpoint_30005,6,2,0,1,0,0,0,0,2,329,15
JSO_p85,boundary_endpoint_30005,5,2,0,1,0,0,0,0,2,329,15
JSO_r120,boundary_endpoint_30005,6,2,0,1,0,0,0,0,2,329,15
JSO_r160,boundary_endpoint_30005,6,2,0,1,0,0,0,0,2,329,15
JSO_outer1980,boundary_endpoint_30005,6,1,1,1,0,0,0,0,0,364,13
baseline,boundary_endpoint_30006,0,0,0,0,0,0,0,0,4,408,14
JSO_compact,boundary_endpoint_30005,6,1,1,1,0,0,0,0,0,340,13
S_doptimal,boundary_endpoint_30005,3,0,0,1,0,0,0,0,5,389,18
SO_doptimal,boundary_endpoint_30005,3,3,0,1,0,0,0,0,3,389,16
previous_best,boundary_endpoint_30006,0,0,0,0,0,0,0,0,4,401,14
S_dopt_short,boundary_endpoint_30005,3,0,0,0,0,0,0,0,6,391,19
J,boundary_endpoint_30006,0,0,0,0,0,0,0,0,3,408,13
JSO_compact_dopt,boundary_endpoint_30005,6,1,1,1,0,0,0,0,0,342,13
O,boundary_endpoint_30006,0,0,0,0,0,1,4,0,0,410,10
S,boundary_endpoint_30006,3,0,0,2,0,0,0,0,3,409,13
JS,boundary_endpoint_30006,9,0,0,1,0,0,0,0,3,409,13
JSO,boundary_endpoint_30006,6,0,0,0,0,0,0,0,0,405,10
SO,boundary_endpoint_30006,2,0,0,2,0,0,0,0,0,405,10
JO,boundary_endpoint_30006,0,0,0,0,0,0,0,0,0,405,10
insert80,boundary_endpoint_30006,0,0,0,0,0,0,0,0,1,406,11
insert400,boundary_endpoint_30006,0,0,0,0,0,0,0,0,4,406,14
optical2,boundary_endpoint_30006,0,0,0,0,0,0,0,0,4,408,14
doptimal,boundary_endpoint_30006,0,0,0,0,0,0,0,0,3,404,13
aligned,boundary_endpoint_30006,0,0,0,0,0,0,0,0,4,408,14
bracket,boundary_endpoint_30006,0,0,0,0,0,0,0,0,4,408,14
short_clear,boundary_endpoint_30006,0,0,0,0,0,0,0,0,4,408,14
JSO_p50,boundary_endpoint_30006,6,0,0,0,0,0,0,0,0,405,10
optical4,boundary_endpoint_30006,0,0,0,0,0,0,0,0,4,408,14
insert200,boundary_endpoint_30006,0,0,0,0,0,0,0,0,2,404,12
JSO_p85,boundary_endpoint_30006,5,0,0,0,0,0,0,0,0,405,10
JSO_r160,boundary_endpoint_30006,6,2,1,0,0,0,0,0,1,403,11
JSO_r120,boundary_endpoint_30006,6,1,1,0,0,0,0,0,0,404,10
JSO_compact,boundary_endpoint_30006,6,2,2,1,0,0,0,0,0,400,10
JSO_outer1980,boundary_endpoint_30006,6,1,1,0,0,0,0,0,0,407,10
S_doptimal,boundary_endpoint_30006,5,0,0,2,0,0,0,0,2,405,12
S_dopt_short,boundary_endpoint_30006,5,0,0,2,0,0,0,0,2,405,12
SO_doptimal,boundary_endpoint_30006,4,0,0,2,0,0,0,0,0,404,10
JSO_compact_dopt,boundary_endpoint_30006,5,3,2,1,0,0,0,0,1,405,11
baseline,boundary_endpoint_30007,0,0,0,0,0,0,0,0,4,369,20
previous_best,boundary_endpoint_30007,0,0,0,0,0,0,0,0,5,390,21
J,boundary_endpoint_30007,0,0,0,0,0,0,0,0,4,390,20
O,boundary_endpoint_30007,0,0,0,0,0,0,0,0,0,368,16
JS,boundary_endpoint_30007,3,0,0,0,0,0,0,0,4,390,20
JO,boundary_endpoint_30007,0,2,2,0,0,0,0,0,0,388,16
JSO,boundary_endpoint_30007,3,2,2,0,0,0,0,0,0,388,16
S,boundary_endpoint_30007,3,0,0,1,0,0,0,0,6,371,22
SO,boundary_endpoint_30007,4,2,1,2,0,0,0,0,1,370,17
aligned,boundary_endpoint_30007,0,0,0,0,0,0,0,0,4,370,20
optical2,boundary_endpoint_30007,0,0,0,0,0,0,0,0,4,369,20
bracket,boundary_endpoint_30007,0,0,0,0,0,0,0,0,4,370,20
optical4,boundary_endpoint_30007,0,0,0,0,2,2,8,2,4,365,20
insert80,boundary_endpoint_30007,0,0,0,0,0,0,0,0,4,332,20
doptimal,boundary_endpoint_30007,0,0,0,0,0,0,0,0,7,375,23
insert200,boundary_endpoint_30007,0,0,0,0,0,0,0,0,4,369,20
short_clear,boundary_endpoint_30007,0,0,0,0,0,0,0,0,4,369,20
JSO_p50,boundary_endpoint_30007,4,2,2,1,0,0,0,0,0,388,16
insert400,boundary_endpoint_30007,0,0,0,0,0,0,0,0,4,370,20
JSO_p85,boundary_endpoint_30007,1,2,2,0,0,0,0,0,0,388,16
JSO_compact,boundary_endpoint_30007,2,3,2,0,0,0,0,0,1,386,17
JSO_r160,boundary_endpoint_30007,3,3,3,0,0,0,0,0,0,386,16
JSO_r120,boundary_endpoint_30007,3,2,2,0,0,0,0,0,0,388,16
JSO_outer1980,boundary_endpoint_30007,4,1,0,0,0,0,0,0,1,393,17
SO_doptimal,boundary_endpoint_30007,3,2,1,1,0,0,0,0,1,374,17
baseline,boundary_endpoint_30008,0,0,0,0,0,0,0,0,2,394,15
JSO_compact_dopt,boundary_endpoint_30007,2,2,1,0,0,0,0,0,1,391,17
previous_best,boundary_endpoint_30008,0,0,0,0,0,0,0,0,6,374,19
J,boundary_endpoint_30008,0,0,0,0,0,0,0,0,1,375,14
S_dopt_short,boundary_endpoint_30007,4,0,0,1,0,0,0,0,7,377,23
S_doptimal,boundary_endpoint_30007,4,0,0,1,0,0,0,0,7,377,23
S,boundary_endpoint_30008,2,0,0,1,0,0,0,0,2,396,15
O,boundary_endpoint_30008,0,3,2,0,0,0,0,0,1,396,14
JO,boundary_endpoint_30008,0,2,2,0,0,0,0,0,0,375,13
JS,boundary_endpoint_30008,2,0,0,1,0,0,0,0,0,373,13
JSO,boundary_endpoint_30008,2,2,2,1,0,0,0,0,0,373,13
SO,boundary_endpoint_30008,1,2,2,0,0,0,0,0,0,397,13
insert400,boundary_endpoint_30008,0,0,0,0,0,0,0,0,1,392,14
aligned,boundary_endpoint_30008,0,0,0,0,0,0,0,0,1,392,14
bracket,boundary_endpoint_30008,0,0,0,0,0,0,0,0,2,395,15
insert200,boundary_endpoint_30008,0,0,0,0,0,0,0,0,2,394,15
optical4,boundary_endpoint_30008,0,0,0,0,1,1,4,1,4,393,17
insert80,boundary_endpoint_30008,0,0,0,0,0,0,0,0,2,393,15
JSO_p50,boundary_endpoint_30008,2,2,2,1,0,0,0,0,0,373,13
short_clear,boundary_endpoint_30008,0,0,0,0,0,0,0,0,2,394,15
optical2,boundary_endpoint_30008,0,0,0,0,0,0,0,0,2,394,15
doptimal,boundary_endpoint_30008,0,0,0,0,0,0,0,0,1,391,14
JSO_p85,boundary_endpoint_30008,2,2,2,1,0,0,0,0,0,373,13
JSO_r160,boundary_endpoint_30008,2,4,4,0,0,0,0,0,0,373,13
JSO_r120,boundary_endpoint_30008,2,2,2,1,0,0,0,0,0,373,13
JSO_compact,boundary_endpoint_30008,3,2,2,1,0,0,0,0,0,370,13
JSO_outer1980,boundary_endpoint_30008,4,3,1,1,0,0,0,0,2,398,15
S_doptimal,boundary_endpoint_30008,2,0,0,1,0,0,0,0,1,393,14
SO_doptimal,boundary_endpoint_30008,1,2,2,0,0,0,0,0,0,393,13
JSO_compact_dopt,boundary_endpoint_30008,3,0,0,1,0,0,0,0,0,371,13
S_dopt_short,boundary_endpoint_30008,2,0,0,1,0,0,0,0,1,393,14
baseline,boundary_endpoint_30009,0,0,0,0,0,1,4,0,6,422,19
previous_best,boundary_endpoint_30009,0,0,0,0,0,0,0,0,5,418,18
O,boundary_endpoint_30009,0,2,0,0,0,0,0,0,2,416,15
S,boundary_endpoint_30009,2,0,0,2,0,0,0,0,6,421,19
J,boundary_endpoint_30009,0,0,0,0,0,1,4,0,6,424,19
JO,boundary_endpoint_30009,0,2,0,0,0,0,0,0,2,418,15
SO,boundary_endpoint_30009,2,3,0,2,0,0,0,0,3,418,16
JSO,boundary_endpoint_30009,4,3,0,1,0,0,0,0,3,418,16
JS,boundary_endpoint_30009,4,0,0,1,0,1,4,0,6,422,19
insert80,boundary_endpoint_30009,0,0,0,0,0,0,0,0,4,420,17
insert200,boundary_endpoint_30009,0,0,0,0,0,0,0,0,3,422,16
insert400,boundary_endpoint_30009,0,0,0,0,0,0,0,0,5,423,18
aligned,boundary_endpoint_30009,0,0,0,0,0,1,4,0,7,422,20
bracket,boundary_endpoint_30009,0,0,0,0,0,1,4,0,6,422,19
optical2,boundary_endpoint_30009,0,0,0,0,0,1,4,0,6,422,19
doptimal,boundary_endpoint_30009,0,0,0,0,0,0,0,0,6,415,19
JSO_p50,boundary_endpoint_30009,10,2,0,2,0,0,0,0,2,422,15
optical4,boundary_endpoint_30009,0,0,0,0,0,1,4,1,6,422,19
short_clear,boundary_endpoint_30009,0,0,0,0,0,1,4,0,6,422,19
JSO_p85,boundary_endpoint_30009,4,3,0,1,0,0,0,0,3,418,16
JSO_r120,boundary_endpoint_30009,4,3,0,1,0,0,0,0,3,418,16
JSO_r160,boundary_endpoint_30009,4,3,0,1,0,0,0,0,3,418,16
JSO_compact,boundary_endpoint_30009,4,3,3,1,0,0,0,0,0,418,13
JSO_outer1980,boundary_endpoint_30009,3,2,2,1,0,0,0,0,0,411,13
J,boundary_endpoint_30010,0,0,0,0,0,0,0,0,1,406,12
baseline,boundary_endpoint_30010,0,0,0,0,0,0,0,0,1,397,12
previous_best,boundary_endpoint_30010,0,0,0,0,0,0,0,0,2,408,13
S_doptimal,boundary_endpoint_30009,3,0,0,2,0,0,0,0,6,419,19
JSO_compact_dopt,boundary_endpoint_30009,3,2,2,1,0,0,0,0,0,415,13
SO_doptimal,boundary_endpoint_30009,3,2,0,2,0,0,0,0,2,418,15
JS,boundary_endpoint_30010,1,0,0,0,0,0,0,0,1,406,12
S,boundary_endpoint_30010,0,0,0,0,0,0,0,0,1,397,12
O,boundary_endpoint_30010,0,1,1,0,0,0,0,0,0,397,11
S_dopt_short,boundary_endpoint_30009,3,0,0,2,0,0,0,0,6,419,19
SO,boundary_endpoint_30010,0,1,1,0,0,0,0,0,0,397,11
JSO,boundary_endpoint_30010,1,1,1,0,0,0,0,0,0,406,11
JO,boundary_endpoint_30010,0,1,1,0,0,0,0,0,0,406,11
insert200,boundary_endpoint_30010,0,0,0,0,0,0,0,0,0,396,11
insert400,boundary_endpoint_30010,0,0,0,0,0,0,0,0,0,396,11
aligned,boundary_endpoint_30010,0,0,0,0,0,0,0,0,1,397,12
bracket,boundary_endpoint_30010,0,0,0,0,0,0,0,0,1,397,12
insert80,boundary_endpoint_30010,0,0,0,0,0,0,0,0,0,396,11
doptimal,boundary_endpoint_30010,0,0,0,0,0,0,0,0,1,397,12
optical2,boundary_endpoint_30010,0,0,0,0,0,0,0,0,1,397,12
JSO_p50,boundary_endpoint_30010,3,1,1,0,0,0,0,0,0,406,11
short_clear,boundary_endpoint_30010,0,0,0,0,0,0,0,0,1,397,12
optical4,boundary_endpoint_30010,0,0,0,0,0,0,0,0,1,397,12
JSO_r160,boundary_endpoint_30010,1,2,2,0,0,0,0,0,0,405,11
JSO_r120,boundary_endpoint_30010,1,2,2,0,0,0,0,0,0,405,11
JSO_p85,boundary_endpoint_30010,0,1,1,0,0,0,0,0,0,406,11
JSO_compact,boundary_endpoint_30010,4,2,1,0,0,0,0,0,1,409,12
JSO_outer1980,boundary_endpoint_30010,2,1,1,1,0,0,0,0,0,404,11
baseline,boundary_endpoint_30011,0,0,0,0,0,0,0,0,1,393,11
S_doptimal,boundary_endpoint_30010,0,0,0,0,0,0,0,0,1,397,12
SO_doptimal,boundary_endpoint_30010,0,1,1,0,0,0,0,0,0,397,11
S,boundary_endpoint_30011,0,0,0,0,0,0,0,0,1,393,11
J,boundary_endpoint_30011,0,0,0,0,0,0,0,0,1,396,11
previous_best,boundary_endpoint_30011,0,0,0,0,0,0,0,0,1,398,11
S_dopt_short,boundary_endpoint_30010,0,0,0,0,0,0,0,0,1,397,12
JSO_compact_dopt,boundary_endpoint_30010,4,1,1,0,0,0,0,0,0,408,11
O,boundary_endpoint_30011,0,3,3,0,0,0,0,0,0,392,10
JS,boundary_endpoint_30011,4,0,0,0,0,0,0,0,1,396,11
JO,boundary_endpoint_30011,0,3,3,0,0,0,0,0,0,395,10
SO,boundary_endpoint_30011,0,3,3,0,0,0,0,0,0,392,10
JSO,boundary_endpoint_30011,4,3,3,0,0,0,0,0,0,395,10
aligned,boundary_endpoint_30011,0,0,0,0,0,0,0,0,1,393,11
bracket,boundary_endpoint_30011,0,0,0,0,0,0,0,0,1,393,11
optical2,boundary_endpoint_30011,0,0,0,0,0,0,0,0,1,393,11
insert400,boundary_endpoint_30011,0,0,0,0,0,0,0,0,1,393,11
doptimal,boundary_endpoint_30011,0,0,0,0,0,0,0,0,1,393,11
insert200,boundary_endpoint_30011,0,0,0,0,0,0,0,0,1,397,11
optical4,boundary_endpoint_30011,0,0,0,0,1,1,4,1,3,392,13
short_clear,boundary_endpoint_30011,0,0,0,0,0,0,0,0,1,393,11
insert80,boundary_endpoint_30011,0,0,0,0,0,0,0,0,1,387,11
JSO_p50,boundary_endpoint_30011,4,3,3,0,0,0,0,0,0,395,10
JSO_r160,boundary_endpoint_30011,4,3,3,0,0,0,0,0,0,395,10
JSO_p85,boundary_endpoint_30011,3,3,3,0,0,0,0,0,0,395,10
JSO_compact,boundary_endpoint_30011,4,3,3,0,0,0,0,0,0,397,10
JSO_r120,boundary_endpoint_30011,4,3,3,0,0,0,0,0,0,395,10
S_doptimal,boundary_endpoint_30011,0,0,0,0,0,0,0,0,1,393,11
JSO_outer1980,boundary_endpoint_30011,4,2,2,0,0,0,0,0,0,396,10
S_dopt_short,boundary_endpoint_30011,0,0,0,0,0,0,0,0,1,393,11
SO_doptimal,boundary_endpoint_30011,0,3,3,0,0,0,0,0,0,392,10
JSO_compact_dopt,boundary_endpoint_30011,4,3,3,0,0,0,0,0,0,398,10
previous_best,boundary_endpoint_30012,0,0,0,0,0,0,0,0,3,425,15
baseline,boundary_endpoint_30012,0,0,0,0,0,0,0,0,3,429,15
O,boundary_endpoint_30012,0,2,1,0,0,0,0,0,1,426,13
S,boundary_endpoint_30012,1,0,0,0,0,0,0,0,3,429,15
JO,boundary_endpoint_30012,0,3,2,0,0,0,0,0,1,427,13
JS,boundary_endpoint_30012,1,0,0,0,0,0,0,0,4,431,16
J,boundary_endpoint_30012,0,0,0,0,0,0,0,0,4,431,16
SO,boundary_endpoint_30012,1,2,1,0,0,0,0,0,1,426,13
JSO,boundary_endpoint_30012,1,3,2,0,0,0,0,0,1,427,13
insert400,boundary_endpoint_30012,0,0,0,0,0,0,0,0,2,418,14
insert200,boundary_endpoint_30012,0,0,0,0,0,0,0,0,2,426,14
insert80,boundary_endpoint_30012,0,0,0,0,0,0,0,0,0,382,12
aligned,boundary_endpoint_30012,0,0,0,0,0,0,0,0,3,428,15
bracket,boundary_endpoint_30012,0,0,0,0,0,0,0,0,4,430,16
doptimal,boundary_endpoint_30012,0,0,0,0,0,0,0,0,3,424,15
optical4,boundary_endpoint_30012,0,0,0,0,1,1,4,1,5,428,17
optical2,boundary_endpoint_30012,0,0,0,0,0,0,0,0,3,429,15
short_clear,boundary_endpoint_30012,0,0,0,0,0,0,0,0,3,429,15
JSO_p50,boundary_endpoint_30012,2,2,1,0,0,0,0,0,1,427,13
JSO_compact,boundary_endpoint_30012,1,1,1,0,0,0,0,0,0,424,12
JSO_p85,boundary_endpoint_30012,0,3,2,0,0,0,0,0,1,427,13
JSO_r160,boundary_endpoint_30012,1,4,3,0,0,0,0,0,1,424,13
JSO_r120,boundary_endpoint_30012,1,4,3,0,0,0,0,0,1,425,13
JSO_outer1980,boundary_endpoint_30012,0,1,1,0,0,0,0,0,0,422,12
S_doptimal,boundary_endpoint_30012,0,0,0,0,0,0,0,0,3,424,15
SO_doptimal,boundary_endpoint_30012,0,2,1,0,0,0,0,0,1,423,13
JSO_compact_dopt,boundary_endpoint_30012,1,1,1,0,0,0,0,0,0,426,12
S_dopt_short,boundary_endpoint_30012,0,0,0,0,0,0,0,0,3,424,15
previous_best,boundary_endpoint_30013,0,0,0,0,0,0,0,0,9,363,25
baseline,boundary_endpoint_30013,0,0,0,0,0,0,0,0,8,393,24
JS,boundary_endpoint_30013,6,0,0,3,0,0,0,0,5,386,21
J,boundary_endpoint_30013,0,0,0,0,0,0,0,0,5,387,21
S,boundary_endpoint_30013,6,0,0,3,0,0,0,0,5,394,21
O,boundary_endpoint_30013,0,5,1,0,0,0,0,0,4,393,20
JO,boundary_endpoint_30013,0,3,2,0,0,0,0,0,1,386,17
JSO,boundary_endpoint_30013,5,3,2,2,0,0,0,0,1,386,17
SO,boundary_endpoint_30013,3,4,2,1,0,0,0,0,2,392,18
insert400,boundary_endpoint_30013,0,0,0,0,0,0,0,0,8,383,24
insert80,boundary_endpoint_30013,0,0,0,0,0,0,0,0,5,378,21
JSO_p50,boundary_endpoint_30013,8,2,2,2,0,0,0,0,0,387,16
aligned,boundary_endpoint_30013,0,0,0,0,0,0,0,0,8,393,24
doptimal,boundary_endpoint_30013,0,0,0,0,0,0,0,0,6,395,22
insert200,boundary_endpoint_30013,0,0,0,0,0,0,0,0,7,382,23
optical2,boundary_endpoint_30013,0,0,0,0,0,0,0,0,8,393,24
optical4,boundary_endpoint_30013,0,0,0,0,2,2,8,2,11,391,27
bracket,boundary_endpoint_30013,0,0,0,0,0,0,0,0,8,393,24
short_clear,boundary_endpoint_30013,0,0,0,0,0,0,0,0,8,408,24
JSO_p85,boundary_endpoint_30013,4,3,2,2,0,0,0,0,1,385,17
JSO_r120,boundary_endpoint_30013,5,3,2,2,0,0,0,0,1,386,17
JSO_compact,boundary_endpoint_30013,9,4,3,3,0,0,0,0,1,355,17
JSO_r160,boundary_endpoint_30013,5,5,4,1,0,0,0,0,1,386,17
JSO_outer1980,boundary_endpoint_30013,8,0,0,3,0,0,0,0,0,388,16
baseline,boundary_endpoint_30014,0,0,0,0,0,0,0,0,4,395,19
JSO_compact_dopt,boundary_endpoint_30013,10,4,3,2,0,0,0,0,1,356,17
S_doptimal,boundary_endpoint_30013,6,0,0,3,0,0,0,0,5,395,21
S_dopt_short,boundary_endpoint_30013,7,0,0,3,0,0,0,0,5,409,21
SO_doptimal,boundary_endpoint_30013,3,4,2,1,0,0,0,0,2,393,18
S,boundary_endpoint_30014,2,0,0,0,0,0,0,0,4,395,19
previous_best,boundary_endpoint_30014,0,0,0,0,0,0,0,0,7,437,22
O,boundary_endpoint_30014,0,2,1,0,0,0,0,0,1,395,16
JS,boundary_endpoint_30014,4,0,0,2,0,0,0,0,7,442,22
J,boundary_endpoint_30014,0,0,0,0,0,0,0,0,8,442,23
SO,boundary_endpoint_30014,2,1,0,1,0,0,0,0,1,394,16
JO,boundary_endpoint_30014,0,5,1,0,0,0,0,0,4,438,19
aligned,boundary_endpoint_30014,0,0,0,0,0,0,0,0,5,333,20
JSO,boundary_endpoint_30014,3,4,1,2,0,0,0,0,3,436,18
optical2,boundary_endpoint_30014,0,0,0,0,0,0,0,0,4,395,19
optical4,boundary_endpoint_30014,0,0,0,0,2,2,8,2,6,393,21
bracket,boundary_endpoint_30014,0,0,0,0,0,0,0,0,4,395,19
insert80,boundary_endpoint_30014,0,0,0,0,0,0,0,0,5,432,20
insert200,boundary_endpoint_30014,0,0,0,0,0,0,0,0,5,432,20
insert400,boundary_endpoint_30014,0,0,0,0,0,0,0,0,5,432,20
short_clear,boundary_endpoint_30014,0,0,0,0,0,0,0,0,4,395,19
doptimal,boundary_endpoint_30014,0,0,0,0,0,0,0,0,6,437,21
JSO_p85,boundary_endpoint_30014,2,4,1,1,0,0,0,0,3,436,18
JSO_p50,boundary_endpoint_30014,5,4,1,2,0,0,0,0,3,438,18
JSO_r120,boundary_endpoint_30014,3,5,2,2,0,0,0,0,3,435,18
JSO_outer1980,boundary_endpoint_30014,2,6,5,1,0,0,0,0,1,433,16
JSO_compact,boundary_endpoint_30014,4,4,1,3,0,0,0,0,3,432,18
JSO_r160,boundary_endpoint_30014,3,5,2,2,0,0,0,0,3,435,18
previous_best,boundary_endpoint_30015,0,0,0,0,0,0,0,0,2,419,15
baseline,boundary_endpoint_30015,0,0,0,0,0,0,0,0,4,394,17
JSO_compact_dopt,boundary_endpoint_30014,4,2,1,3,0,0,0,0,1,433,16
SO_doptimal,boundary_endpoint_30014,3,3,1,0,0,0,0,0,2,436,17
S_doptimal,boundary_endpoint_30014,4,0,0,0,0,0,0,0,6,439,21
S,boundary_endpoint_30015,5,0,0,3,0,0,0,0,3,392,16
O,boundary_endpoint_30015,0,2,2,0,0,0,0,0,0,393,13
J,boundary_endpoint_30015,0,0,0,0,0,0,0,0,4,394,17
JS,boundary_endpoint_30015,4,0,0,2,0,0,0,0,4,393,17
S_dopt_short,boundary_endpoint_30014,4,0,0,1,0,0,0,0,6,438,21
SO,boundary_endpoint_30015,3,2,2,2,0,0,0,0,0,392,13
JO,boundary_endpoint_30015,0,2,2,0,0,0,0,0,0,393,13
JSO,boundary_endpoint_30015,3,1,1,2,0,0,0,0,0,392,13
aligned,boundary_endpoint_30015,0,0,0,0,0,0,0,0,4,394,17
bracket,boundary_endpoint_30015,0,0,0,0,0,0,0,0,5,396,18
doptimal,boundary_endpoint_30015,0,0,0,0,0,0,0,0,4,392,17
optical2,boundary_endpoint_30015,0,0,0,0,0,0,0,0,4,394,17
JSO_p50,boundary_endpoint_30015,3,1,1,2,0,0,0,0,0,392,13
short_clear,boundary_endpoint_30015,0,0,0,0,0,0,0,0,4,394,17
insert80,boundary_endpoint_30015,0,0,0,0,0,0,0,0,2,372,15
optical4,boundary_endpoint_30015,0,0,0,0,0,0,0,0,4,394,17
insert200,boundary_endpoint_30015,0,0,0,0,0,0,0,0,4,400,17
insert400,boundary_endpoint_30015,0,0,0,0,0,0,0,0,4,399,17
JSO_r120,boundary_endpoint_30015,3,3,3,2,0,0,0,0,0,389,13
JSO_r160,boundary_endpoint_30015,3,3,3,2,0,0,0,0,0,389,13
JSO_compact,boundary_endpoint_30015,3,2,2,2,0,0,0,0,0,418,13
JSO_p85,boundary_endpoint_30015,3,1,1,2,0,0,0,0,0,392,13
S_doptimal,boundary_endpoint_30015,5,0,0,3,0,0,0,0,3,390,16
SO_doptimal,boundary_endpoint_30015,2,2,2,2,0,0,0,0,0,390,13
JSO_outer1980,boundary_endpoint_30015,3,2,1,1,0,0,0,0,1,395,14
S_dopt_short,boundary_endpoint_30015,5,0,0,3,0,0,0,0,3,390,16
baseline,boundary_endpoint_30016,0,0,0,0,0,0,0,0,5,375,21
previous_best,boundary_endpoint_30016,0,0,0,0,0,0,0,0,6,340,22
JSO_compact_dopt,boundary_endpoint_30015,2,3,3,1,0,0,0,0,0,422,13
O,boundary_endpoint_30016,0,2,2,0,0,0,0,0,0,373,16
J,boundary_endpoint_30016,0,0,0,0,0,0,0,0,2,371,18
JS,boundary_endpoint_30016,2,0,0,1,0,0,0,0,2,371,18
S,boundary_endpoint_30016,1,0,0,0,0,0,0,0,5,375,21
JSO,boundary_endpoint_30016,2,2,2,1,0,0,0,0,0,369,16
SO,boundary_endpoint_30016,1,2,2,0,0,0,0,0,0,373,16
JO,boundary_endpoint_30016,0,2,2,0,0,0,0,0,0,369,16
aligned,boundary_endpoint_30016,0,0,0,0,0,0,0,0,7,290,23
insert400,boundary_endpoint_30016,0,0,0,0,0,0,0,0,6,318,22
doptimal,boundary_endpoint_30016,0,0,0,0,0,0,0,0,4,288,20
insert200,boundary_endpoint_30016,0,0,0,0,0,0,0,0,5,304,21
insert80,boundary_endpoint_30016,0,0,0,0,0,0,0,0,2,310,18
short_clear,boundary_endpoint_30016,0,0,0,0,0,0,0,0,6,322,22
bracket,boundary_endpoint_30016,0,0,0,0,0,0,0,0,5,376,21
optical4,boundary_endpoint_30016,0,0,0,0,2,2,8,2,7,373,23
JSO_p50,boundary_endpoint_30016,3,2,2,1,0,0,0,0,0,369,16
optical2,boundary_endpoint_30016,0,0,0,0,0,0,0,0,5,375,21
JSO_p85,boundary_endpoint_30016,1,2,2,0,0,0,0,0,0,369,16
JSO_r120,boundary_endpoint_30016,2,2,2,1,0,0,0,0,0,369,16
JSO_compact,boundary_endpoint_30016,5,6,6,2,0,0,0,0,0,370,16
JSO_r160,boundary_endpoint_30016,2,3,3,1,0,0,0,0,0,367,16
JSO_outer1980,boundary_endpoint_30016,2,2,2,0,0,0,0,0,0,373,16
S_doptimal,boundary_endpoint_30016,2,0,0,1,0,0,0,0,3,287,19
SO_doptimal,boundary_endpoint_30016,1,1,1,1,0,0,0,0,0,287,16
baseline,boundary_endpoint_30017,0,0,0,0,0,0,0,0,6,359,18
S_dopt_short,boundary_endpoint_30016,2,0,0,1,0,0,0,0,3,287,19
previous_best,boundary_endpoint_30017,0,0,0,0,0,0,0,0,10,385,22
JSO_compact_dopt,boundary_endpoint_30016,5,5,3,3,0,0,0,0,2,376,18
JS,boundary_endpoint_30017,2,0,0,1,0,0,0,0,4,381,16
J,boundary_endpoint_30017,0,0,0,0,0,0,0,0,5,384,17
JSO,boundary_endpoint_30017,2,4,2,1,0,0,0,0,2,381,14
O,boundary_endpoint_30017,0,4,2,0,0,0,0,0,2,359,14
JO,boundary_endpoint_30017,0,4,2,0,0,0,0,0,2,383,14
S,boundary_endpoint_30017,8,0,0,2,0,0,0,0,6,363,18
SO,boundary_endpoint_30017,7,4,2,2,0,0,0,0,2,362,14
insert80,boundary_endpoint_30017,0,0,0,0,0,0,0,0,4,400,16
aligned,boundary_endpoint_30017,0,0,0,0,0,0,0,0,6,356,18
insert200,boundary_endpoint_30017,0,0,0,0,0,0,0,0,4,402,16
insert400,boundary_endpoint_30017,0,0,0,0,0,0,0,0,7,407,19
doptimal,boundary_endpoint_30017,0,0,0,0,0,0,0,0,9,388,21
bracket,boundary_endpoint_30017,0,0,0,0,0,0,0,0,6,361,18
optical4,boundary_endpoint_30017,0,0,0,0,0,0,0,0,6,359,18
JSO_p50,boundary_endpoint_30017,4,3,2,1,0,0,0,0,1,381,13
short_clear,boundary_endpoint_30017,0,0,0,0,0,0,0,0,6,359,18
optical2,boundary_endpoint_30017,0,0,0,0,0,0,0,0,6,359,18
JSO_p85,boundary_endpoint_30017,0,4,2,0,0,0,0,0,2,381,14
JSO_r120,boundary_endpoint_30017,2,5,2,1,0,0,0,0,3,380,15
JSO_r160,boundary_endpoint_30017,2,5,2,1,0,0,0,0,3,380,15
JSO_compact,boundary_endpoint_30017,3,5,2,1,0,0,0,0,3,384,15
JSO_outer1980,boundary_endpoint_30017,3,3,1,1,0,0,0,0,2,385,14
S_doptimal,boundary_endpoint_30017,2,0,0,0,0,0,0,0,9,388,21
SO_doptimal,boundary_endpoint_30017,1,4,2,1,0,0,0,0,2,387,14
S_dopt_short,boundary_endpoint_30017,2,0,0,0,0,0,0,0,9,388,21
JSO_compact_dopt,boundary_endpoint_30017,3,5,2,1,0,0,0,0,3,389,15
baseline,boundary_endpoint_30018,0,0,0,0,0,0,0,0,1,375,17
previous_best,boundary_endpoint_30018,0,0,0,0,0,0,0,0,4,371,20
J,boundary_endpoint_30018,0,0,0,0,0,0,0,0,1,359,17
S,boundary_endpoint_30018,9,0,0,5,0,0,0,0,2,374,18
O,boundary_endpoint_30018,0,2,1,0,0,0,0,0,1,375,17
JS,boundary_endpoint_30018,10,0,0,3,0,0,0,0,3,251,19
JO,boundary_endpoint_30018,0,3,2,0,0,0,0,0,1,359,17
SO,boundary_endpoint_30018,7,4,3,3,0,0,0,0,1,372,17
insert80,boundary_endpoint_30018,0,0,0,0,0,0,0,0,3,356,19
JSO,boundary_endpoint_30018,13,2,1,4,0,0,0,0,1,250,17
aligned,boundary_endpoint_30018,0,0,0,0,0,0,0,0,2,369,18
insert200,boundary_endpoint_30018,0,0,0,0,0,0,0,0,2,355,18
doptimal,boundary_endpoint_30018,0,0,0,0,0,0,0,0,1,366,17
insert400,boundary_endpoint_30018,0,0,0,0,0,0,0,0,1,360,17
bracket,boundary_endpoint_30018,0,0,0,0,0,0,0,0,1,376,17
optical2,boundary_endpoint_30018,0,0,0,0,0,0,0,0,1,375,17
optical4,boundary_endpoint_30018,0,0,0,0,1,1,4,1,3,374,19
short_clear,boundary_endpoint_30018,0,0,0,0,0,0,0,0,1,374,17
JSO_p85,boundary_endpoint_30018,4,3,2,1,0,0,0,0,1,358,17
JSO_p50,boundary_endpoint_30018,15,2,1,4,0,0,0,0,1,251,17
JSO_r120,boundary_endpoint_30018,11,3,2,3,0,0,0,0,1,248,17
JSO_compact,boundary_endpoint_30018,10,2,1,4,0,0,0,0,1,257,17
JSO_r160,boundary_endpoint_30018,11,3,2,3,0,0,0,0,1,248,17
JSO_outer1980,boundary_endpoint_30018,9,2,1,4,0,0,0,0,1,361,17
baseline,boundary_endpoint_30019,0,0,0,0,0,0,0,0,3,369,15
previous_best,boundary_endpoint_30019,0,0,0,0,0,0,0,0,1,370,13
S_doptimal,boundary_endpoint_30018,5,0,0,4,0,0,0,0,2,367,18
SO_doptimal,boundary_endpoint_30018,5,3,1,3,0,0,0,0,2,367,18
J,boundary_endpoint_30019,0,0,0,0,0,0,0,0,3,352,15
S_dopt_short,boundary_endpoint_30018,5,0,0,4,0,0,0,0,2,366,18
S,boundary_endpoint_30019,0,0,0,0,0,0,0,0,3,369,15
O,boundary_endpoint_30019,0,3,1,0,0,0,0,0,2,371,14
JS,boundary_endpoint_30019,5,0,0,0,0,0,0,0,3,353,15
SO,boundary_endpoint_30019,0,3,1,0,0,0,0,0,2,371,14
JO,boundary_endpoint_30019,0,4,2,0,0,0,0,0,2,358,14
JSO,boundary_endpoint_30019,5,4,2,0,0,0,0,0,2,359,14
insert200,boundary_endpoint_30019,0,0,0,0,0,0,0,0,2,368,14
insert400,boundary_endpoint_30019,0,0,0,0,0,0,0,0,3,364,15
aligned,boundary_endpoint_30019,0,0,0,0,0,0,0,0,3,365,15
doptimal,boundary_endpoint_30019,0,0,0,0,0,0,0,0,3,363,15
JSO_compact_dopt,boundary_endpoint_30018,6,2,0,4,0,0,0,0,2,253,18
bracket,boundary_endpoint_30019,0,0,0,0,0,0,0,0,3,370,15
optical4,boundary_endpoint_30019,0,0,0,0,0,0,0,0,3,369,15
insert80,boundary_endpoint_30019,0,0,0,0,0,0,0,0,2,372,14
optical2,boundary_endpoint_30019,0,0,0,0,0,0,0,0,3,369,15
short_clear,boundary_endpoint_30019,0,0,0,0,0,0,0,0,3,365,15
JSO_p50,boundary_endpoint_30019,5,4,2,0,0,0,0,0,2,359,14
JSO_compact,boundary_endpoint_30019,4,3,3,1,0,0,0,0,0,371,12
JSO_p85,boundary_endpoint_30019,3,4,2,0,0,0,0,0,2,358,14
JSO_r120,boundary_endpoint_30019,5,5,3,0,0,0,0,0,2,357,14
JSO_r160,boundary_endpoint_30019,5,5,3,0,0,0,0,0,2,357,14
JSO_outer1980,boundary_endpoint_30019,6,2,0,0,0,0,0,0,2,373,14
S_doptimal,boundary_endpoint_30019,1,0,0,0,0,0,0,0,3,363,15
S_dopt_short,boundary_endpoint_30019,1,0,0,0,0,0,0,0,3,363,15
SO_doptimal,boundary_endpoint_30019,0,3,1,0,0,0,0,0,2,367,14
JSO_compact_dopt,boundary_endpoint_30019,4,4,4,0,0,0,0,0,0,372,12
previous_best,boundary_endpoint_30020,0,0,0,0,0,0,0,0,7,410,22
baseline,boundary_endpoint_30020,0,0,0,0,0,0,0,0,2,396,17
O,boundary_endpoint_30020,0,2,2,0,0,0,0,0,0,397,15
S,boundary_endpoint_30020,3,0,0,0,0,0,0,0,4,401,19
JO,boundary_endpoint_30020,0,2,2,0,0,0,0,0,0,399,15
J,boundary_endpoint_30020,0,0,0,0,0,0,0,0,2,398,17
SO,boundary_endpoint_30020,1,2,2,0,0,0,0,0,0,400,15
JS,boundary_endpoint_30020,4,0,0,0,0,0,0,0,3,405,18
insert80,boundary_endpoint_30020,0,0,0,0,0,0,0,0,2,394,17
JSO,boundary_endpoint_30020,3,2,2,0,0,0,0,0,0,404,15
insert200,boundary_endpoint_30020,0,0,0,0,0,0,0,0,2,398,17
insert400,boundary_endpoint_30020,0,0,0,0,0,0,0,0,1,396,16
aligned,boundary_endpoint_30020,0,0,0,0,0,0,0,0,2,396,17
optical2,boundary_endpoint_30020,0,0,0,0,0,0,0,0,2,396,17
optical4,boundary_endpoint_30020,0,0,0,0,0,0,0,0,2,396,17
JSO_p50,boundary_endpoint_30020,5,3,3,2,0,0,0,0,0,402,15
bracket,boundary_endpoint_30020,0,0,0,0,0,0,0,0,3,398,18
short_clear,boundary_endpoint_30020,0,0,0,0,0,0,0,0,2,396,17
JSO_p85,boundary_endpoint_30020,1,2,2,0,0,0,0,0,0,399,15
doptimal,boundary_endpoint_30020,0,0,0,0,0,0,0,0,2,402,17
JSO_r160,boundary_endpoint_30020,3,3,3,0,0,0,0,0,0,402,15
JSO_compact,boundary_endpoint_30020,6,1,0,4,0,0,0,0,1,404,16
JSO_r120,boundary_endpoint_30020,3,2,2,0,0,0,0,0,0,404,15
JSO_outer1980,boundary_endpoint_30020,4,3,1,1,0,0,0,0,2,405,17
JSO_compact_dopt,boundary_endpoint_30020,6,1,0,3,0,0,0,0,1,405,16
previous_best,boundary_endpoint_30021,0,0,0,0,0,0,0,0,2,380,18
S_doptimal,boundary_endpoint_30020,1,0,0,0,0,0,0,0,3,403,18
baseline,boundary_endpoint_30021,0,0,0,0,0,0,0,0,9,385,25
S_dopt_short,boundary_endpoint_30020,1,0,0,0,0,0,0,0,3,403,18
SO_doptimal,boundary_endpoint_30020,0,2,2,0,0,0,0,0,0,403,15
J,boundary_endpoint_30021,0,0,0,0,0,1,4,0,10,388,26
O,boundary_endpoint_30021,0,7,3,0,0,0,0,0,4,381,20
S,boundary_endpoint_30021,16,0,0,7,0,1,4,0,11,400,27
JS,boundary_endpoint_30021,7,0,0,5,0,1,4,0,10,388,26
JO,boundary_endpoint_30021,0,6,0,0,0,0,0,0,6,383,22
JSO,boundary_endpoint_30021,5,6,1,5,0,0,0,0,5,379,21
insert400,boundary_endpoint_30021,0,0,0,0,0,0,0,0,3,372,19
SO,boundary_endpoint_30021,12,6,2,7,0,0,0,0,4,386,20
insert200,boundary_endpoint_30021,0,0,0,0,0,0,0,0,3,372,19
insert80,boundary_endpoint_30021,0,0,0,0,0,0,0,0,5,375,21
aligned,boundary_endpoint_30021,0,0,0,0,0,0,0,0,8,379,24
doptimal,boundary_endpoint_30021,0,0,0,0,0,0,0,0,8,381,24
JSO_p85,boundary_endpoint_30021,5,6,1,5,0,0,0,0,5,379,21
bracket,boundary_endpoint_30021,0,0,0,0,0,0,0,0,9,385,25
optical2,boundary_endpoint_30021,0,0,0,0,0,0,0,0,9,385,25
optical4,boundary_endpoint_30021,0,0,0,0,3,3,12,3,13,382,29
JSO_p50,boundary_endpoint_30021,6,6,1,5,0,0,0,0,5,382,21
JSO_r120,boundary_endpoint_30021,5,6,1,5,0,0,0,0,5,379,21
short_clear,boundary_endpoint_30021,0,0,0,0,0,0,0,0,9,385,25
JSO_r160,boundary_endpoint_30021,5,6,1,5,0,0,0,0,5,379,21
JSO_compact,boundary_endpoint_30021,8,4,4,7,0,0,0,0,0,378,16
baseline,boundary_endpoint_30022,0,0,0,0,0,0,0,0,0,378,11
J,boundary_endpoint_30022,0,0,0,0,0,0,0,0,1,380,12
previous_best,boundary_endpoint_30022,0,0,0,0,0,0,0,0,4,390,15
S,boundary_endpoint_30022,2,0,0,1,0,0,0,0,0,382,11
JSO_outer1980,boundary_endpoint_30021,8,4,1,4,0,0,0,0,3,389,19
JSO_compact_dopt,boundary_endpoint_30021,9,3,2,6,0,0,0,0,1,381,17
O,boundary_endpoint_30022,0,2,2,0,0,0,0,0,0,378,11
JS,boundary_endpoint_30022,4,0,0,1,0,0,0,0,1,384,12
S_doptimal,boundary_endpoint_30021,15,0,0,6,0,0,0,0,9,395,25
JO,boundary_endpoint_30022,0,3,2,0,0,0,0,0,1,380,12
SO_doptimal,boundary_endpoint_30021,12,5,2,6,0,0,0,0,3,389,19
S_dopt_short,boundary_endpoint_30021,14,0,0,8,0,0,0,0,8,392,24
JSO,boundary_endpoint_30022,4,2,2,1,0,0,0,0,0,384,11
SO,boundary_endpoint_30022,2,2,2,1,0,0,0,0,0,382,11
insert200,boundary_endpoint_30022,0,0,0,0,0,0,0,0,1,376,12
insert400,boundary_endpoint_30022,0,0,0,0,0,0,0,0,1,374,12
aligned,boundary_endpoint_30022,0,0,0,0,0,0,0,0,0,377,11
bracket,boundary_endpoint_30022,0,0,0,0,0,0,0,0,0,378,11
short_clear,boundary_endpoint_30022,0,0,0,0,0,0,0,0,0,379,11
optical4,boundary_endpoint_30022,0,0,0,0,0,0,0,0,0,378,11
doptimal,boundary_endpoint_30022,0,0,0,0,0,0,0,0,0,383,11
optical2,boundary_endpoint_30022,0,0,0,0,0,0,0,0,0,378,11
insert80,boundary_endpoint_30022,0,0,0,0,0,0,0,0,1,381,12
JSO_p50,boundary_endpoint_30022,4,2,2,1,0,0,0,0,0,384,11
JSO_p85,boundary_endpoint_30022,2,2,2,1,0,0,0,0,0,380,11
JSO_r120,boundary_endpoint_30022,4,2,2,1,0,0,0,0,0,384,11
JSO_r160,boundary_endpoint_30022,4,2,2,1,0,0,0,0,0,384,11
JSO_outer1980,boundary_endpoint_30022,6,2,2,1,0,0,0,0,0,382,11
JSO_compact,boundary_endpoint_30022,4,2,1,0,0,0,0,0,1,392,12
SO_doptimal,boundary_endpoint_30022,2,2,2,1,0,0,0,0,0,380,11
S_dopt_short,boundary_endpoint_30022,3,0,0,1,0,0,0,0,0,381,11
S_doptimal,boundary_endpoint_30022,3,0,0,1,0,0,0,0,0,381,11
baseline,boundary_endpoint_30023,0,0,0,0,0,0,0,0,2,328,15
JSO_compact_dopt,boundary_endpoint_30022,3,2,1,0,0,0,0,0,1,391,12
J,boundary_endpoint_30023,0,0,0,0,0,0,0,0,3,312,16
S,boundary_endpoint_30023,6,0,0,1,0,0,0,0,1,329,14
previous_best,boundary_endpoint_30023,0,0,0,0,0,0,0,0,4,319,17
O,boundary_endpoint_30023,0,1,1,0,0,0,0,0,0,329,13
JO,boundary_endpoint_30023,0,1,1,0,0,0,0,0,0,314,13
JS,boundary_endpoint_30023,13,0,0,0,0,0,0,0,3,313,16
JSO,boundary_endpoint_30023,12,1,1,2,0,0,0,0,0,314,13
SO,boundary_endpoint_30023,5,1,1,1,0,0,0,0,0,329,13
insert200,boundary_endpoint_30023,0,0,0,0,0,0,0,0,2,309,15
insert400,boundary_endpoint_30023,0,0,0,0,0,0,0,0,2,311,15
insert80,boundary_endpoint_30023,0,0,0,0,0,0,0,0,2,310,15
optical4,boundary_endpoint_30023,0,0,0,0,0,0,0,0,2,328,15
optical2,boundary_endpoint_30023,0,0,0,0,0,0,0,0,2,328,15
aligned,boundary_endpoint_30023,0,0,0,0,0,0,0,0,2,329,15
bracket,boundary_endpoint_30023,0,0,0,0,0,0,0,0,2,328,15
JSO_p50,boundary_endpoint_30023,12,1,1,2,0,0,0,0,0,314,13
JSO_p85,boundary_endpoint_30023,11,1,1,2,0,0,0,0,0,311,13
short_clear,boundary_endpoint_30023,0,0,0,0,0,0,0,0,2,328,15
doptimal,boundary_endpoint_30023,0,0,0,0,0,0,0,0,2,318,15
JSO_r120,boundary_endpoint_30023,12,1,1,2,0,0,0,0,0,314,13
JSO_r160,boundary_endpoint_30023,12,1,1,2,0,0,0,0,0,314,13
JSO_compact,boundary_endpoint_30023,13,1,1,2,0,0,0,0,0,321,13
JSO_outer1980,boundary_endpoint_30023,14,3,2,0,0,0,0,0,1,320,14
previous_best,boundary_endpoint_30024,0,0,0,0,0,0,0,0,6,389,16
baseline,boundary_endpoint_30024,0,0,0,0,0,0,0,0,7,390,17
J,boundary_endpoint_30024,0,0,0,0,0,0,0,0,5,389,15
S_doptimal,boundary_endpoint_30023,10,0,0,1,0,0,0,0,2,322,15
SO_doptimal,boundary_endpoint_30023,8,1,1,1,0,0,0,0,0,321,13
S_dopt_short,boundary_endpoint_30023,9,0,0,1,0,0,0,0,2,320,15
S,boundary_endpoint_30024,5,0,0,3,0,0,0,0,6,393,16
JSO_compact_dopt,boundary_endpoint_30023,13,1,1,2,0,0,0,0,0,322,13
O,boundary_endpoint_30024,0,3,2,0,0,0,0,0,1,390,11
JS,boundary_endpoint_30024,6,0,0,2,0,0,0,0,5,389,15
JO,boundary_endpoint_30024,0,2,2,0,0,0,0,0,0,389,10
SO,boundary_endpoint_30024,3,3,2,2,0,0,0,0,1,390,11
JSO,boundary_endpoint_30024,5,3,2,2,0,0,0,0,1,388,11
insert80,boundary_endpoint_30024,0,0,0,0,0,0,0,0,5,389,15
insert200,boundary_endpoint_30024,0,0,0,0,0,0,0,0,6,391,16
doptimal,boundary_endpoint_30024,0,0,0,0,0,0,0,0,6,402,16
aligned,boundary_endpoint_30024,0,0,0,0,0,0,0,0,8,392,18
insert400,boundary_endpoint_30024,0,0,0,0,0,0,0,0,5,389,15
JSO_p50,boundary_endpoint_30024,6,3,2,2,0,0,0,0,1,390,11
optical2,boundary_endpoint_30024,0,0,0,0,0,0,0,0,7,390,17
optical4,boundary_endpoint_30024,0,0,0,0,1,1,4,1,8,388,18
short_clear,boundary_endpoint_30024,0,0,0,0,0,0,0,0,6,391,16
JSO_p85,boundary_endpoint_30024,5,3,2,2,0,0,0,0,1,388,11
bracket,boundary_endpoint_30024,0,0,0,0,0,0,0,0,7,391,17
JSO_r120,boundary_endpoint_30024,5,3,2,2,0,0,0,0,1,388,11
JSO_r160,boundary_endpoint_30024,5,3,2,2,0,0,0,0,1,388,11
JSO_compact,boundary_endpoint_30024,5,3,2,3,0,0,0,0,1,391,11
S_doptimal,boundary_endpoint_30024,4,0,0,2,0,0,0,0,5,403,15
S_dopt_short,boundary_endpoint_30024,4,0,0,2,0,0,0,0,5,403,15
SO_doptimal,boundary_endpoint_30024,2,3,2,2,0,0,0,0,1,386,11
JSO_outer1980,boundary_endpoint_30024,8,1,1,2,0,0,0,0,0,393,10
JSO_compact_dopt,boundary_endpoint_30024,5,2,2,3,0,0,0,0,0,389,10
previous_best,boundary_endpoint_30025,0,0,0,0,0,0,0,0,3,415,19
baseline,boundary_endpoint_30025,0,0,0,0,0,0,0,0,3,425,19
J,boundary_endpoint_30025,0,0,0,0,0,0,0,0,1,422,17
O,boundary_endpoint_30025,0,2,1,0,0,0,0,0,1,424,17
S,boundary_endpoint_30025,4,0,0,0,0,0,0,0,3,425,19
JS,boundary_endpoint_30025,6,0,0,0,0,0,0,0,1,425,17
JO,boundary_endpoint_30025,0,2,2,0,0,0,0,0,0,421,16
SO,boundary_endpoint_30025,4,2,1,0,0,0,0,0,1,424,17
JSO,boundary_endpoint_30025,6,2,2,0,0,0,0,0,0,424,16
insert80,boundary_endpoint_30025,0,0,0,0,0,0,0,0,2,364,18
aligned,boundary_endpoint_30025,0,0,0,0,0,0,0,0,3,423,19
bracket,boundary_endpoint_30025,0,0,0,0,0,0,0,0,4,426,20
optical4,boundary_endpoint_30025,0,0,0,0,0,0,0,0,3,425,19
optical2,boundary_endpoint_30025,0,0,0,0,0,0,0,0,3,425,19
insert200,boundary_endpoint_30025,0,0,0,0,0,0,0,0,0,421,16
short_clear,boundary_endpoint_30025,0,0,0,0,0,0,0,0,3,425,19
doptimal,boundary_endpoint_30025,0,0,0,0,0,0,0,0,3,423,19
JSO_p50,boundary_endpoint_30025,6,2,2,0,0,0,0,0,0,424,16
insert400,boundary_endpoint_30025,0,0,0,0,0,0,0,0,0,422,16
JSO_p85,boundary_endpoint_30025,4,2,2,0,0,0,0,0,0,422,16
JSO_r120,boundary_endpoint_30025,6,4,4,0,0,0,0,0,0,421,16
JSO_r160,boundary_endpoint_30025,6,4,4,0,0,0,0,0,0,421,16
JSO_compact,boundary_endpoint_30025,5,1,1,1,0,0,0,0,0,417,16
JSO_outer1980,boundary_endpoint_30025,5,2,1,0,0,0,0,0,1,427,17
SO_doptimal,boundary_endpoint_30025,3,2,1,1,0,0,0,0,1,421,17
baseline,boundary_endpoint_30026,0,0,0,0,0,0,0,0,4,401,20
S_doptimal,boundary_endpoint_30025,3,0,0,1,0,0,0,0,3,422,19
previous_best,boundary_endpoint_30026,0,0,0,0,0,0,0,0,5,363,21
JSO_compact_dopt,boundary_endpoint_30025,4,1,1,3,0,0,0,0,0,414,16
S_dopt_short,boundary_endpoint_30025,3,0,0,1,0,0,0,0,2,420,18
J,boundary_endpoint_30026,0,0,0,0,0,0,0,0,4,404,20
S,boundary_endpoint_30026,4,0,0,1,0,0,0,0,4,403,20
O,boundary_endpoint_30026,0,6,4,0,0,0,0,0,2,400,18
JS,boundary_endpoint_30026,5,0,0,1,0,0,0,0,4,403,20
JSO,boundary_endpoint_30026,5,5,3,1,0,0,0,0,2,403,18
JO,boundary_endpoint_30026,0,6,4,0,0,0,0,0,2,404,18
SO,boundary_endpoint_30026,2,6,4,0,0,0,0,0,2,400,18
aligned,boundary_endpoint_30026,0,0,0,0,0,0,0,0,5,404,21
bracket,boundary_endpoint_30026,0,0,0,0,0,0,0,0,4,401,20
doptimal,boundary_endpoint_30026,0,0,0,0,0,0,0,0,4,406,20
insert200,boundary_endpoint_30026,0,0,0,0,0,0,0,0,5,406,21
insert80,boundary_endpoint_30026,0,0,0,0,0,0,0,0,6,413,22
optical2,boundary_endpoint_30026,0,0,0,0,0,0,0,0,4,401,20
JSO_p50,boundary_endpoint_30026,6,5,3,1,0,0,0,0,2,404,18
short_clear,boundary_endpoint_30026,0,0,0,0,0,0,0,0,4,401,20
optical4,boundary_endpoint_30026,0,0,0,0,1,1,4,1,6,400,22
insert400,boundary_endpoint_30026,0,0,0,0,0,0,0,0,3,407,19
JSO_p85,boundary_endpoint_30026,5,5,3,1,0,0,0,0,2,404,18
JSO_r160,boundary_endpoint_30026,5,5,3,1,0,0,0,0,2,403,18
baseline,boundary_endpoint_30027,0,0,0,0,0,0,0,0,2,339,13
JSO_r120,boundary_endpoint_30026,5,5,3,1,0,0,0,0,2,403,18
JSO_compact,boundary_endpoint_30026,6,7,5,2,0,0,0,0,2,275,18
previous_best,boundary_endpoint_30027,0,0,0,0,0,0,0,0,2,392,13
JSO_outer1980,boundary_endpoint_30026,4,5,2,0,0,0,0,0,3,401,19
SO_doptimal,boundary_endpoint_30026,4,5,3,1,0,0,0,0,2,405,18
S_doptimal,boundary_endpoint_30026,7,0,0,4,0,0,0,0,4,409,20
J,boundary_endpoint_30027,0,0,0,0,0,0,0,0,2,391,13
S,boundary_endpoint_30027,1,0,0,1,0,0,0,0,2,393,13
S_dopt_short,boundary_endpoint_30026,7,0,0,4,0,0,0,0,4,409,20
O,boundary_endpoint_30027,0,2,2,0,0,0,0,0,0,339,11
JS,boundary_endpoint_30027,1,0,0,0,0,0,0,0,2,391,13
JO,boundary_endpoint_30027,0,3,2,0,0,0,0,0,1,391,12
JSO,boundary_endpoint_30027,1,3,2,0,0,0,0,0,1,391,12
JSO_compact_dopt,boundary_endpoint_30026,4,5,5,1,0,0,0,0,0,271,16
SO,boundary_endpoint_30027,4,2,2,1,0,0,0,0,0,340,11
aligned,boundary_endpoint_30027,0,0,0,0,0,0,0,0,1,378,12
insert400,boundary_endpoint_30027,0,0,0,0,0,0,0,0,3,391,14
insert200,boundary_endpoint_30027,0,0,0,0,0,0,0,0,2,390,13
bracket,boundary_endpoint_30027,0,0,0,0,0,0,0,0,2,340,13
doptimal,boundary_endpoint_30027,0,0,0,0,0,0,0,0,1,390,12
optical2,boundary_endpoint_30027,0,0,0,0,0,0,0,0,2,339,13
insert80,boundary_endpoint_30027,0,0,0,0,0,0,0,0,2,411,13
optical4,boundary_endpoint_30027,0,0,0,0,0,0,0,0,2,339,13
JSO_p50,boundary_endpoint_30027,2,3,2,0,0,0,0,0,1,391,12
JSO_p85,boundary_endpoint_30027,0,3,2,0,0,0,0,0,1,391,12
short_clear,boundary_endpoint_30027,0,0,0,0,0,0,0,0,2,339,13
JSO_r160,boundary_endpoint_30027,1,3,2,0,0,0,0,0,1,391,12
JSO_r120,boundary_endpoint_30027,1,3,2,0,0,0,0,0,1,391,12
JSO_outer1980,boundary_endpoint_30027,2,3,3,0,0,0,0,0,0,395,11
JSO_compact,boundary_endpoint_30027,1,3,2,0,0,0,0,0,1,392,12
S_doptimal,boundary_endpoint_30027,1,0,0,0,0,0,0,0,1,391,12
SO_doptimal,boundary_endpoint_30027,1,2,2,0,0,0,0,0,0,391,11
S_dopt_short,boundary_endpoint_30027,1,0,0,0,0,0,0,0,1,380,12
previous_best,boundary_endpoint_30028,0,0,0,0,0,0,0,0,3,416,13
baseline,boundary_endpoint_30028,0,0,0,0,0,0,0,0,0,415,10
JSO_compact_dopt,boundary_endpoint_30027,1,2,1,0,0,0,0,0,1,391,12
J,boundary_endpoint_30028,0,0,0,0,0,0,0,0,0,417,10
S,boundary_endpoint_30028,5,0,0,2,0,0,0,0,1,420,11
O,boundary_endpoint_30028,0,3,3,0,0,0,0,0,0,415,10
JS,boundary_endpoint_30028,3,0,0,1,0,0,0,0,0,416,10
JO,boundary_endpoint_30028,0,1,1,0,0,0,0,0,0,417,10
SO,boundary_endpoint_30028,2,4,3,1,0,0,0,0,1,417,11
JSO,boundary_endpoint_30028,3,2,2,1,0,0,0,0,0,416,10
aligned,boundary_endpoint_30028,0,0,0,0,0,0,0,0,0,415,10
insert80,boundary_endpoint_30028,0,0,0,0,0,0,0,0,2,415,12
insert200,boundary_endpoint_30028,0,0,0,0,0,0,0,0,2,415,12
optical2,boundary_endpoint_30028,0,0,0,0,0,0,0,0,0,415,10
bracket,boundary_endpoint_30028,0,0,0,0,0,0,0,0,0,415,10
doptimal,boundary_endpoint_30028,0,0,0,0,0,0,0,0,0,415,10
insert400,boundary_endpoint_30028,0,0,0,0,0,0,0,0,3,421,13
short_clear,boundary_endpoint_30028,0,0,0,0,0,0,0,0,0,415,10
optical4,boundary_endpoint_30028,0,0,0,0,0,0,0,0,0,415,10
JSO_p50,boundary_endpoint_30028,3,2,2,1,0,0,0,0,0,416,10
JSO_r120,boundary_endpoint_30028,3,2,2,1,0,0,0,0,0,416,10
JSO_p85,boundary_endpoint_30028,2,1,1,1,0,0,0,0,0,417,10
JSO_r160,boundary_endpoint_30028,2,4,3,1,0,0,0,0,1,414,11
JSO_compact,boundary_endpoint_30028,3,2,2,1,0,0,0,0,0,417,10
JSO_outer1980,boundary_endpoint_30028,4,3,2,2,0,0,0,0,1,422,11
baseline,boundary_endpoint_30029,0,0,0,0,0,0,0,0,5,356,17
S_doptimal,boundary_endpoint_30028,4,0,0,1,0,0,0,0,1,419,11
SO_doptimal,boundary_endpoint_30028,2,4,3,1,0,0,0,0,1,417,11
JSO_compact_dopt,boundary_endpoint_30028,3,2,1,0,0,0,0,0,1,421,11
S_dopt_short,boundary_endpoint_30028,4,0,0,1,0,0,0,0,1,419,11
previous_best,boundary_endpoint_30029,0,0,0,0,0,0,0,0,5,357,17
J,boundary_endpoint_30029,0,0,0,0,0,0,0,0,5,358,17
S,boundary_endpoint_30029,5,0,0,1,0,0,0,0,4,358,16
O,boundary_endpoint_30029,0,6,1,0,0,0,0,0,5,356,17
JO,boundary_endpoint_30029,0,5,1,0,0,0,0,0,4,358,16
JS,boundary_endpoint_30029,10,0,0,0,0,0,0,0,4,361,16
JSO,boundary_endpoint_30029,9,5,2,0,0,0,0,0,3,360,15
SO,boundary_endpoint_30029,5,6,2,1,0,0,0,0,4,358,16
aligned,boundary_endpoint_30029,0,0,0,0,0,0,0,0,4,364,16
insert400,boundary_endpoint_30029,0,0,0,0,0,0,0,0,2,366,14
bracket,boundary_endpoint_30029,0,0,0,0,0,0,0,0,5,356,17
insert200,boundary_endpoint_30029,0,0,0,0,0,0,0,0,4,362,16
insert80,boundary_endpoint_30029,0,0,0,0,0,0,0,0,4,353,16
optical2,boundary_endpoint_30029,0,0,0,0,0,0,0,0,5,356,17
short_clear,boundary_endpoint_30029,0,0,0,0,0,0,0,0,4,355,16
doptimal,boundary_endpoint_30029,0,0,0,0,0,0,0,0,3,367,15
optical4,boundary_endpoint_30029,0,0,0,0,1,1,4,1,5,355,17
JSO_p50,boundary_endpoint_30029,10,5,2,0,0,0,0,0,3,361,15
JSO_p85,boundary_endpoint_30029,5,5,1,0,0,0,0,0,4,359,16
JSO_r120,boundary_endpoint_30029,9,5,2,0,0,0,0,0,3,360,15
JSO_compact,boundary_endpoint_30029,7,4,3,1,0,0,0,0,1,358,13
JSO_r160,boundary_endpoint_30029,9,6,3,0,0,0,0,0,3,359,15
JSO_outer1980,boundary_endpoint_30029,8,3,1,0,0,0,0,0,2,358,14
baseline,boundary_endpoint_30030,0,0,0,0,0,1,4,0,3,394,14
S_doptimal,boundary_endpoint_30029,4,0,0,1,0,0,0,0,1,356,13
S_dopt_short,boundary_endpoint_30029,4,0,0,1,0,0,0,0,1,356,13
previous_best,boundary_endpoint_30030,0,0,0,0,0,0,0,0,2,390,13
JSO_compact_dopt,boundary_endpoint_30029,8,4,3,1,0,0,0,0,1,362,13
J,boundary_endpoint_30030,0,0,0,0,0,1,8,0,4,395,15
SO_doptimal,boundary_endpoint_30029,5,6,2,2,0,0,0,0,4,371,16
O,boundary_endpoint_30030,0,1,0,0,0,0,0,0,1,389,12
JS,boundary_endpoint_30030,0,0,0,0,0,1,8,0,4,395,15
S,boundary_endpoint_30030,2,0,0,0,0,1,4,0,3,396,14
JO,boundary_endpoint_30030,0,2,0,0,0,0,0,0,2,390,13
JSO,boundary_endpoint_30030,0,2,0,0,0,0,0,0,2,390,13
SO,boundary_endpoint_30030,2,1,0,0,0,0,0,0,1,391,12
insert400,boundary_endpoint_30030,0,0,0,0,0,0,0,0,3,387,14
aligned,boundary_endpoint_30030,0,0,0,0,0,0,0,0,2,388,13
doptimal,boundary_endpoint_30030,0,0,0,0,0,0,0,0,2,388,13
bracket,boundary_endpoint_30030,0,0,0,0,0,1,4,0,3,394,14
insert200,boundary_endpoint_30030,0,0,0,0,0,0,0,0,3,390,14
optical2,boundary_endpoint_30030,0,0,0,0,0,1,4,0,3,394,14
insert80,boundary_endpoint_30030,0,0,0,0,0,0,0,0,3,391,14
optical4,boundary_endpoint_30030,0,0,0,0,0,1,4,1,3,394,14
JSO_p50,boundary_endpoint_30030,2,2,0,0,0,0,0,0,2,389,13
short_clear,boundary_endpoint_30030,0,0,0,0,0,1,4,0,3,394,14
JSO_p85,boundary_endpoint_30030,0,2,0,0,0,0,0,0,2,390,13
JSO_r120,boundary_endpoint_30030,0,2,0,0,0,0,0,0,2,390,13
JSO_outer1980,boundary_endpoint_30030,0,3,2,0,0,0,0,0,1,388,12
JSO_r160,boundary_endpoint_30030,0,2,0,0,0,0,0,0,2,390,13
JSO_compact,boundary_endpoint_30030,0,2,1,0,0,0,0,0,1,390,12
baseline,boundary_endpoint_30031,0,0,0,0,0,0,0,0,1,362,12
JSO_compact_dopt,boundary_endpoint_30030,1,2,1,1,0,0,0,0,1,389,12
SO_doptimal,boundary_endpoint_30030,2,1,0,0,0,0,0,0,1,391,12
S,boundary_endpoint_30031,1,0,0,0,0,0,0,0,1,362,12
S_doptimal,boundary_endpoint_30030,2,0,0,0,0,0,0,0,2,390,13
previous_best,boundary_endpoint_30031,0,0,0,0,0,0,0,0,3,379,14
JS,boundary_endpoint_30031,8,0,0,0,0,0,0,0,1,365,12
J,boundary_endpoint_30031,0,0,0,0,0,0,0,0,1,365,12
S_dopt_short,boundary_endpoint_30030,3,0,0,2,0,0,0,0,3,391,14
O,boundary_endpoint_30031,0,2,2,0,0,0,0,0,0,363,11
JO,boundary_endpoint_30031,0,2,2,0,0,0,0,0,0,365,11
SO,boundary_endpoint_30031,1,2,2,0,0,0,0,0,0,363,11
JSO,boundary_endpoint_30031,8,2,2,0,0,0,0,0,0,365,11
aligned,boundary_endpoint_30031,0,0,0,0,0,0,0,0,0,360,11
optical2,boundary_endpoint_30031,0,0,0,0,0,0,0,0,1,362,12
insert400,boundary_endpoint_30031,0,0,0,0,0,0,0,0,2,357,13
doptimal,boundary_endpoint_30031,0,0,0,0,0,0,0,0,0,358,11
bracket,boundary_endpoint_30031,0,0,0,0,0,0,0,0,1,362,12
short_clear,boundary_endpoint_30031,0,0,0,0,0,0,0,0,1,362,12
insert80,boundary_endpoint_30031,0,0,0,0,0,0,0,0,1,378,12
insert200,boundary_endpoint_30031,0,0,0,0,0,0,0,0,2,358,13
optical4,boundary_endpoint_30031,0,0,0,0,0,0,0,0,1,362,12
JSO_r160,boundary_endpoint_30031,8,3,3,0,0,0,0,0,0,364,11
JSO_r120,boundary_endpoint_30031,8,3,3,0,0,0,0,0,0,364,11
JSO_p85,boundary_endpoint_30031,4,2,1,0,0,0,0,0,1,364,12
JSO_p50,boundary_endpoint_30031,9,2,2,0,0,0,0,0,0,366,11
JSO_compact,boundary_endpoint_30031,7,2,1,0,0,0,0,0,1,380,12
JSO_outer1980,boundary_endpoint_30031,8,2,2,0,0,0,0,0,0,367,11
S_doptimal,boundary_endpoint_30031,1,0,0,0,0,0,0,0,0,358,11
SO_doptimal,boundary_endpoint_30031,0,2,2,0,0,0,0,0,0,358,11
S_dopt_short,boundary_endpoint_30031,1,0,0,0,0,0,0,0,0,358,11
baseline,boundary_endpoint_30032,0,0,0,0,0,0,0,0,2,392,13
JSO_compact_dopt,boundary_endpoint_30031,6,2,1,0,0,0,0,0,1,378,12
S,boundary_endpoint_30032,1,0,0,0,0,0,0,0,2,393,13
previous_best,boundary_endpoint_30032,0,0,0,0,0,0,0,0,4,368,15
O,boundary_endpoint_30032,0,2,2,0,0,0,0,0,0,392,11
J,boundary_endpoint_30032,0,0,0,0,0,0,0,0,3,366,14
SO,boundary_endpoint_30032,2,2,2,0,0,0,0,0,0,394,11
JS,boundary_endpoint_30032,5,0,0,0,0,0,0,0,3,367,14
JO,boundary_endpoint_30032,0,2,2,0,0,0,0,0,0,365,11
JSO,boundary_endpoint_30032,5,1,1,1,0,0,0,0,0,365,11
aligned,boundary_endpoint_30032,0,0,0,0,0,0,0,0,2,391,13
insert400,boundary_endpoint_30032,0,0,0,0,0,0,0,0,2,377,13
bracket,boundary_endpoint_30032,0,0,0,0,0,0,0,0,2,392,13
insert200,boundary_endpoint_30032,0,0,0,0,0,0,0,0,1,375,12
doptimal,boundary_endpoint_30032,0,0,0,0,0,0,0,0,2,391,13
optical4,boundary_endpoint_30032,0,0,0,0,0,0,0,0,2,392,13
insert80,boundary_endpoint_30032,0,0,0,0,0,0,0,0,1,362,12
optical2,boundary_endpoint_30032,0,0,0,0,0,0,0,0,2,392,13
short_clear,boundary_endpoint_30032,0,0,0,0,0,0,0,0,2,392,13
JSO_p50,boundary_endpoint_30032,6,1,1,2,0,0,0,0,0,364,11
JSO_r120,boundary_endpoint_30032,5,1,1,1,0,0,0,0,0,365,11
JSO_p85,boundary_endpoint_30032,4,1,1,1,0,0,0,0,0,365,11
JSO_r160,boundary_endpoint_30032,5,1,1,1,0,0,0,0,0,365,11
JSO_compact,boundary_endpoint_30032,7,1,1,2,0,0,0,0,0,367,11
JSO_outer1980,boundary_endpoint_30032,2,1,1,1,0,0,0,0,0,368,11
S_dopt_short,boundary_endpoint_30032,4,0,0,0,0,0,0,0,2,393,13
SO_doptimal,boundary_endpoint_30032,3,2,2,0,0,0,0,0,0,395,11
S_doptimal,boundary_endpoint_30032,3,0,0,0,0,0,0,0,2,392,13
JSO_compact_dopt,boundary_endpoint_30032,7,1,1,2,0,0,0,0,0,367,11
baseline,boundary_endpoint_30033,0,0,0,0,0,0,0,0,4,357,19
previous_best,boundary_endpoint_30033,0,0,0,0,0,0,0,0,3,353,18
S,boundary_endpoint_30033,5,0,0,1,0,0,0,0,3,356,18
J,boundary_endpoint_30033,0,0,0,0,0,0,0,0,5,337,20
O,boundary_endpoint_30033,0,3,2,0,0,0,0,0,1,358,16
SO,boundary_endpoint_30033,5,3,2,1,0,0,0,0,1,356,16
JS,boundary_endpoint_30033,15,0,0,3,0,0,0,0,4,338,19
JO,boundary_endpoint_30033,0,2,1,0,0,0,0,0,1,339,16
JSO,boundary_endpoint_30033,13,2,1,1,0,0,0,0,1,339,16
bracket,boundary_endpoint_30033,0,0,0,0,0,0,0,0,5,358,20
aligned,boundary_endpoint_30033,0,0,0,0,0,0,0,0,4,355,19
optical2,boundary_endpoint_30033,0,0,0,0,0,0,0,0,4,357,19
insert400,boundary_endpoint_30033,0,0,0,0,0,0,0,0,3,353,18
short_clear,boundary_endpoint_30033,0,0,0,0,0,0,0,0,4,357,19
insert200,boundary_endpoint_30033,0,0,0,0,0,0,0,0,2,368,17
doptimal,boundary_endpoint_30033,0,0,0,0,0,0,0,0,4,354,19
insert80,boundary_endpoint_30033,0,0,0,0,0,0,0,0,4,342,19
optical4,boundary_endpoint_30033,0,0,0,0,0,0,0,0,4,357,19
JSO_p50,boundary_endpoint_30033,16,2,1,1,0,0,0,0,1,342,16
JSO_compact,boundary_endpoint_30033,11,4,2,3,0,0,0,0,2,351,17
JSO_r160,boundary_endpoint_30033,13,3,2,1,0,0,0,0,1,337,16
JSO_r120,boundary_endpoint_30033,13,3,2,1,0,0,0,0,1,337,16
baseline,boundary_endpoint_30034,0,0,0,0,0,0,0,0,1,403,12
JSO_p85,boundary_endpoint_30033,9,2,1,0,0,0,0,0,1,338,16
S_doptimal,boundary_endpoint_30033,4,0,0,1,0,0,0,0,3,354,18
JSO_outer1980,boundary_endpoint_30033,8,3,2,1,0,0,0,0,1,349,16
SO_doptimal,boundary_endpoint_30033,4,2,1,1,0,0,0,0,1,355,16
S_dopt_short,boundary_endpoint_30033,5,0,0,1,0,0,0,0,3,355,18
JSO_compact_dopt,boundary_endpoint_30033,10,3,2,2,0,0,0,0,1,349,16
previous_best,boundary_endpoint_30034,0,0,0,0,0,0,0,0,1,403,12
S,boundary_endpoint_30034,1,0,0,0,0,0,0,0,1,403,12
O,boundary_endpoint_30034,0,2,1,0,0,0,0,0,1,403,12
J,boundary_endpoint_30034,0,0,0,0,0,0,0,0,3,406,14
JS,boundary_endpoint_30034,2,0,0,0,0,0,0,0,3,406,14
JSO,boundary_endpoint_30034,2,2,1,1,0,0,0,0,1,404,12
JO,boundary_endpoint_30034,0,3,2,0,0,0,0,0,1,405,12
SO,boundary_endpoint_30034,1,2,1,0,0,0,0,0,1,403,12
insert400,boundary_endpoint_30034,0,0,0,0,0,0,0,0,1,390,12
aligned,boundary_endpoint_30034,0,0,0,0,0,0,0,0,2,403,13
bracket,boundary_endpoint_30034,0,0,0,0,0,0,0,0,1,403,12
insert200,boundary_endpoint_30034,0,0,0,0,0,0,0,0,1,392,12
optical2,boundary_endpoint_30034,0,0,0,0,0,0,0,0,1,403,12
insert80,boundary_endpoint_30034,0,0,0,0,0,0,0,0,1,390,12
doptimal,boundary_endpoint_30034,0,0,0,0,0,0,0,0,1,401,12
short_clear,boundary_endpoint_30034,0,0,0,0,0,0,0,0,1,403,12
optical4,boundary_endpoint_30034,0,0,0,0,0,0,0,0,1,403,12
JSO_p50,boundary_endpoint_30034,3,2,1,1,0,0,0,0,1,407,12
JSO_p85,boundary_endpoint_30034,1,2,1,1,0,0,0,0,1,404,12
JSO_compact,boundary_endpoint_30034,2,2,2,2,0,0,0,0,0,401,11
JSO_r120,boundary_endpoint_30034,2,2,1,1,0,0,0,0,1,404,12
JSO_r160,boundary_endpoint_30034,2,2,1,1,0,0,0,0,1,404,12
JSO_outer1980,boundary_endpoint_30034,0,4,2,0,0,0,0,0,2,402,13
S_doptimal,boundary_endpoint_30034,1,0,0,1,0,0,0,0,1,401,12
SO_doptimal,boundary_endpoint_30034,1,3,2,1,0,0,0,0,1,401,12
S_dopt_short,boundary_endpoint_30034,1,0,0,1,0,0,0,0,1,401,12
JSO_compact_dopt,boundary_endpoint_30034,2,3,2,1,0,0,0,0,1,401,12
previous_best,boundary_endpoint_30035,0,0,0,0,0,0,0,0,3,387,19
J,boundary_endpoint_30035,0,0,0,0,0,0,0,0,2,390,18
JS,boundary_endpoint_30035,4,0,0,2,0,0,0,0,1,390,17
baseline,boundary_endpoint_30035,0,0,0,0,0,0,0,0,7,363,23
JO,boundary_endpoint_30035,0,2,1,0,0,0,0,0,1,390,17
O,boundary_endpoint_30035,0,2,1,0,0,0,0,0,1,361,17
S,boundary_endpoint_30035,3,0,0,1,0,0,0,0,7,365,23
JSO,boundary_endpoint_30035,4,1,1,2,0,0,0,0,0,390,16
SO,boundary_endpoint_30035,3,2,1,2,0,0,0,0,1,362,17
JSO_p50,boundary_endpoint_30035,4,1,1,2,0,0,0,0,0,390,16
aligned,boundary_endpoint_30035,0,0,0,0,0,0,0,0,7,362,23
insert400,boundary_endpoint_30035,0,0,0,0,0,0,0,0,4,335,20
insert80,boundary_endpoint_30035,0,0,0,0,0,0,0,0,1,364,17
insert200,boundary_endpoint_30035,0,0,0,0,0,0,0,0,1,366,17
bracket,boundary_endpoint_30035,0,0,0,0,0,0,0,0,8,365,24
optical4,boundary_endpoint_30035,0,0,0,0,2,2,8,2,6,359,22
optical2,boundary_endpoint_30035,0,0,0,0,0,0,0,0,7,363,23
doptimal,boundary_endpoint_30035,0,0,0,0,0,0,0,0,6,358,22
short_clear,boundary_endpoint_30035,0,0,0,0,0,0,0,0,7,363,23
JSO_r120,boundary_endpoint_30035,4,1,1,2,0,0,0,0,0,390,16
JSO_compact,boundary_endpoint_30035,4,1,1,3,0,0,0,0,0,384,16
JSO_r160,boundary_endpoint_30035,4,2,2,2,0,0,0,0,0,388,16
JSO_p85,boundary_endpoint_30035,3,2,1,1,0,0,0,0,1,392,17
JSO_outer1980,boundary_endpoint_30035,4,2,2,2,0,0,0,0,0,392,16
baseline,boundary_endpoint_30036,0,0,0,0,0,0,0,0,3,381,18
JSO_compact_dopt,boundary_endpoint_30035,5,3,2,2,0,0,0,0,1,390,17
J,boundary_endpoint_30036,0,0,0,0,0,0,0,0,3,380,18
previous_best,boundary_endpoint_30036,0,0,0,0,0,0,0,0,3,380,18
SO_doptimal,boundary_endpoint_30035,4,2,1,2,0,0,0,0,1,361,17
O,boundary_endpoint_30036,0,1,1,0,0,0,0,0,0,288,15
S,boundary_endpoint_30036,5,0,0,2,0,0,0,0,3,385,18
S_doptimal,boundary_endpoint_30035,3,0,0,1,0,0,0,0,6,359,22
S_dopt_short,boundary_endpoint_30035,3,0,0,1,0,0,0,0,6,359,22
JS,boundary_endpoint_30036,6,0,0,0,0,0,0,0,3,381,18
JO,boundary_endpoint_30036,0,0,0,0,0,0,0,0,0,382,15
SO,boundary_endpoint_30036,5,1,1,1,0,0,0,0,0,290,15
JSO,boundary_endpoint_30036,6,1,1,0,0,0,0,0,0,382,15
insert400,boundary_endpoint_30036,0,0,0,0,0,0,0,0,2,390,17
aligned,boundary_endpoint_30036,0,0,0,0,0,0,0,0,3,381,18
doptimal,boundary_endpoint_30036,0,0,0,0,0,0,0,0,2,379,17
insert80,boundary_endpoint_30036,0,0,0,0,0,0,0,0,3,365,18
bracket,boundary_endpoint_30036,0,0,0,0,0,0,0,0,3,381,18
insert200,boundary_endpoint_30036,0,0,0,0,0,0,0,0,3,361,18
optical2,boundary_endpoint_30036,0,0,0,0,0,0,0,0,3,381,18
optical4,boundary_endpoint_30036,0,0,0,0,0,0,0,0,3,381,18
short_clear,boundary_endpoint_30036,0,0,0,0,0,0,0,0,3,381,18
JSO_p50,boundary_endpoint_30036,6,1,1,0,0,0,0,0,0,382,15
JSO_r120,boundary_endpoint_30036,6,2,2,0,0,0,0,0,0,381,15
JSO_p85,boundary_endpoint_30036,4,0,0,0,0,0,0,0,0,382,15
JSO_r160,boundary_endpoint_30036,6,2,2,0,0,0,0,0,0,381,15
JSO_outer1980,boundary_endpoint_30036,5,0,0,1,0,0,0,0,0,362,15
JSO_compact,boundary_endpoint_30036,7,3,2,0,0,0,0,0,1,383,16
baseline,boundary_endpoint_30037,0,0,0,0,0,0,0,0,5,406,18
S_doptimal,boundary_endpoint_30036,4,0,0,1,0,0,0,0,3,382,18
O,boundary_endpoint_30037,0,5,5,0,0,0,0,0,0,403,13
J,boundary_endpoint_30037,0,0,0,0,0,0,0,0,2,409,15
previous_best,boundary_endpoint_30037,0,0,0,0,0,0,0,0,6,419,19
S_dopt_short,boundary_endpoint_30036,4,0,0,1,0,0,0,0,3,382,18
S,boundary_endpoint_30037,6,0,0,3,0,0,0,0,6,409,19
JS,boundary_endpoint_30037,1,0,0,1,0,0,0,0,2,409,15
JSO_compact_dopt,boundary_endpoint_30036,7,2,2,0,0,0,0,0,0,348,15
JO,boundary_endpoint_30037,0,2,2,0,0,0,0,0,0,409,13
JSO,boundary_endpoint_30037,1,2,2,1,0,0,0,0,0,408,13
SO_doptimal,boundary_endpoint_30036,4,1,1,1,0,0,0,0,0,291,15
SO,boundary_endpoint_30037,2,5,5,1,0,0,0,0,0,402,13
aligned,boundary_endpoint_30037,0,0,0,0,0,0,0,0,5,406,18
insert80,boundary_endpoint_30037,0,0,0,0,0,0,0,0,3,413,16
bracket,boundary_endpoint_30037,0,0,0,0,0,0,0,0,6,409,19
insert400,boundary_endpoint_30037,0,0,0,0,0,0,0,0,3,414,16
optical2,boundary_endpoint_30037,0,0,0,0,0,0,0,0,5,406,18
insert200,boundary_endpoint_30037,0,0,0,0,0,0,0,0,3,414,16
short_clear,boundary_endpoint_30037,0,0,0,0,0,0,0,0,3,410,16
optical4,boundary_endpoint_30037,0,0,0,0,1,1,4,1,7,405,20
doptimal,boundary_endpoint_30037,0,0,0,0,0,0,0,0,5,406,18
JSO_p50,boundary_endpoint_30037,2,3,3,1,0,0,0,0,0,406,13
JSO_p85,boundary_endpoint_30037,0,2,2,0,0,0,0,0,0,409,13
JSO_r160,boundary_endpoint_30037,1,3,2,1,0,0,0,0,1,407,14
JSO_r120,boundary_endpoint_30037,1,3,2,1,0,0,0,0,1,407,14
JSO_outer1980,boundary_endpoint_30037,1,5,4,1,0,0,0,0,1,410,14
JSO_compact,boundary_endpoint_30037,4,6,5,2,0,0,0,0,1,413,14
SO_doptimal,boundary_endpoint_30037,3,5,5,1,0,0,0,0,0,404,13
baseline,boundary_endpoint_30038,0,0,0,0,0,0,0,0,5,447,17
S_dopt_short,boundary_endpoint_30037,5,0,0,2,0,0,0,0,4,415,17
JSO_compact_dopt,boundary_endpoint_30037,4,6,5,2,0,0,0,0,1,414,14
S_doptimal,boundary_endpoint_30037,7,0,0,3,0,0,0,0,6,411,19
previous_best,boundary_endpoint_30038,0,0,0,0,0,0,0,0,6,445,18
S,boundary_endpoint_30038,1,0,0,0,0,0,0,0,5,448,17
JS,boundary_endpoint_30038,4,0,0,3,0,0,0,0,4,443,16
J,boundary_endpoint_30038,0,0,0,0,0,0,0,0,5,448,17
O,boundary_endpoint_30038,0,6,1,0,0,0,0,0,5,447,17
SO,boundary_endpoint_30038,0,6,1,0,0,0,0,0,5,447,17
JO,boundary_endpoint_30038,0,5,1,0,0,0,0,0,4,448,16
JSO,boundary_endpoint_30038,4,4,1,3,0,0,0,0,3,443,15
aligned,boundary_endpoint_30038,0,0,0,0,0,0,0,0,6,449,18
insert400,boundary_endpoint_30038,0,0,0,0,0,0,0,0,4,400,16
doptimal,boundary_endpoint_30038,0,0,0,0,0,0,0,0,4,448,16
optical2,boundary_endpoint_30038,0,0,0,0,0,0,0,0,5,447,17
bracket,boundary_endpoint_30038,0,0,0,0,0,0,0,0,5,447,17
insert80,boundary_endpoint_30038,0,0,0,0,0,0,0,0,4,405,16
optical4,boundary_endpoint_30038,0,0,0,0,1,1,4,1,7,446,19
short_clear,boundary_endpoint_30038,0,0,0,0,0,0,0,0,5,447,17
JSO_p50,boundary_endpoint_30038,5,4,1,3,0,0,0,0,3,445,15
insert200,boundary_endpoint_30038,0,0,0,0,0,0,0,0,5,410,17
JSO_p85,boundary_endpoint_30038,3,5,1,2,0,0,0,0,4,444,16
JSO_r160,boundary_endpoint_30038,4,4,1,2,0,0,0,0,3,443,15
JSO_outer1980,boundary_endpoint_30038,4,3,0,0,0,0,0,0,3,396,15
JSO_r120,boundary_endpoint_30038,4,4,1,2,0,0,0,0,3,443,15
JSO_compact,boundary_endpoint_30038,4,5,1,3,0,0,0,0,4,444,16
S_doptimal,boundary_endpoint_30038,1,0,0,0,0,0,0,0,4,449,16
SO_doptimal,boundary_endpoint_30038,1,4,1,0,0,0,0,0,3,449,15
JSO_compact_dopt,boundary_endpoint_30038,4,3,1,3,0,0,0,0,2,443,14
previous_best,boundary_endpoint_30039,0,0,0,0,0,0,0,0,3,410,15
S_dopt_short,boundary_endpoint_30038,1,0,0,0,0,0,0,0,4,449,16
baseline,boundary_endpoint_30039,0,0,0,0,0,0,0,0,2,396,14
S,boundary_endpoint_30039,2,0,0,0,0,0,0,0,2,395,14
J,boundary_endpoint_30039,0,0,0,0,0,0,0,0,2,403,14
O,boundary_endpoint_30039,0,1,1,0,0,0,0,0,0,396,12
JS,boundary_endpoint_30039,5,0,0,0,0,0,0,0,2,403,14
JSO,boundary_endpoint_30039,5,1,1,0,0,0,0,0,0,404,12
JO,boundary_endpoint_30039,0,1,1,0,0,0,0,0,0,404,12
SO,boundary_endpoint_30039,2,2,1,0,0,0,0,0,1,398,13
aligned,boundary_endpoint_30039,0,0,0,0,0,0,0,0,2,393,14
insert80,boundary_endpoint_30039,0,0,0,0,0,0,0,0,3,428,15
bracket,boundary_endpoint_30039,0,0,0,0,0,0,0,0,2,396,14
doptimal,boundary_endpoint_30039,0,0,0,0,0,0,0,0,3,394,15
insert200,boundary_endpoint_30039,0,0,0,0,0,0,0,0,3,429,15
optical2,boundary_endpoint_30039,0,0,0,0,0,0,0,0,2,396,14
optical4,boundary_endpoint_30039,0,0,0,0,1,1,4,1,2,395,14
insert400,boundary_endpoint_30039,0,0,0,0,0,0,0,0,2,428,14
short_clear,boundary_endpoint_30039,0,0,0,0,0,0,0,0,2,396,14
JSO_p50,boundary_endpoint_30039,6,1,1,0,0,0,0,0,0,404,12
JSO_p85,boundary_endpoint_30039,5,1,1,0,0,0,0,0,0,404,12
JSO_r120,boundary_endpoint_30039,5,1,1,0,0,0,0,0,0,404,12
JSO_r160,boundary_endpoint_30039,5,1,1,0,0,0,0,0,0,404,12
JSO_outer1980,boundary_endpoint_30039,5,2,2,0,0,0,0,0,0,402,12
JSO_compact,boundary_endpoint_30039,9,3,2,1,0,0,0,0,1,401,13
SO_doptimal,boundary_endpoint_30039,1,1,1,0,0,0,0,0,0,394,12
S_dopt_short,boundary_endpoint_30039,1,0,0,0,0,0,0,0,3,394,15
S_doptimal,boundary_endpoint_30039,1,0,0,0,0,0,0,0,3,394,15
baseline,boundary_endpoint_30040,0,0,0,0,0,0,0,0,4,393,19
J,boundary_endpoint_30040,0,0,0,0,0,0,0,0,4,394,19
S,boundary_endpoint_30040,3,0,0,0,0,0,0,0,4,397,19
JSO_compact_dopt,boundary_endpoint_30039,8,3,2,1,0,0,0,0,1,399,13
previous_best,boundary_endpoint_30040,0,0,0,0,0,0,0,0,6,403,21
O,boundary_endpoint_30040,0,3,3,0,0,0,0,0,0,393,15
JO,boundary_endpoint_30040,0,3,3,0,0,0,0,0,0,393,15
JS,boundary_endpoint_30040,3,0,0,0,0,0,0,0,3,395,18
SO,boundary_endpoint_30040,2,3,3,0,0,0,0,0,0,396,15
JSO,boundary_endpoint_30040,3,3,3,0,0,0,0,0,0,395,15
insert200,boundary_endpoint_30040,0,0,0,0,0,0,0,0,5,394,20
optical2,boundary_endpoint_30040,0,0,0,0,0,0,0,0,4,393,19
optical4,boundary_endpoint_30040,0,0,0,0,1,1,4,1,6,390,21
insert400,boundary_endpoint_30040,0,0,0,0,0,0,0,0,5,395,20
aligned,boundary_endpoint_30040,0,0,0,0,0,0,0,0,5,398,20
bracket,boundary_endpoint_30040,0,0,0,0,0,0,0,0,4,393,19
short_clear,boundary_endpoint_30040,0,0,0,0,0,0,0,0,4,393,19
insert80,boundary_endpoint_30040,0,0,0,0,0,0,0,0,3,346,18
doptimal,boundary_endpoint_30040,0,0,0,0,0,0,0,0,4,392,19
JSO_p50,boundary_endpoint_30040,6,3,3,0,0,0,0,0,0,397,15
JSO_p85,boundary_endpoint_30040,0,3,3,0,0,0,0,0,0,393,15
JSO_r120,boundary_endpoint_30040,3,3,3,0,0,0,0,0,0,395,15
JSO_r160,boundary_endpoint_30040,3,3,3,0,0,0,0,0,0,395,15
JSO_compact,boundary_endpoint_30040,6,6,4,1,0,0,0,0,2,400,17
S_doptimal,boundary_endpoint_30040,3,0,0,1,0,0,0,0,4,393,19
JSO_outer1980,boundary_endpoint_30040,4,3,3,1,0,0,0,0,0,397,15
SO_doptimal,boundary_endpoint_30040,2,3,3,1,0,0,0,0,0,392,15
baseline,boundary_endpoint_30041,0,0,0,0,0,0,0,0,5,330,18
S_dopt_short,boundary_endpoint_30040,3,0,0,1,0,0,0,0,4,392,19
previous_best,boundary_endpoint_30041,0,0,0,0,0,0,0,0,6,335,19
S,boundary_endpoint_30041,7,0,0,4,0,0,0,0,5,335,18
O,boundary_endpoint_30041,0,4,2,0,0,0,0,0,2,331,15
JSO_compact_dopt,boundary_endpoint_30040,6,4,3,2,0,0,0,0,1,402,16
SO,boundary_endpoint_30041,1,4,2,1,0,0,0,0,2,331,15
JS,boundary_endpoint_30041,6,0,0,3,0,0,0,0,4,338,17
J,boundary_endpoint_30041,0,0,0,0,0,0,0,0,5,341,18
JO,boundary_endpoint_30041,0,4,2,0,0,0,0,0,2,341,15
JSO,boundary_endpoint_30041,5,2,0,3,0,0,0,0,2,337,15
optical2,boundary_endpoint_30041,0,0,0,0,0,0,0,0,5,330,18
insert80,boundary_endpoint_30041,0,0,0,0,0,0,0,0,2,395,15
bracket,boundary_endpoint_30041,0,0,0,0,0,0,0,0,5,330,18
optical4,boundary_endpoint_30041,0,0,0,0,1,1,4,1,7,329,20
aligned,boundary_endpoint_30041,0,0,0,0,0,0,0,0,6,370,19
insert200,boundary_endpoint_30041,0,0,0,0,0,0,0,0,2,395,15
doptimal,boundary_endpoint_30041,0,0,0,0,0,0,0,0,3,367,16
JSO_p50,boundary_endpoint_30041,9,1,0,4,0,0,0,0,1,340,14
short_clear,boundary_endpoint_30041,0,0,0,0,0,0,0,0,5,400,18
JSO_compact,boundary_endpoint_30041,6,1,0,3,0,0,0,0,1,328,14
insert400,boundary_endpoint_30041,0,0,0,0,0,0,0,0,4,331,17
JSO_outer1980,boundary_endpoint_30041,6,3,0,2,0,0,0,0,3,339,16
JSO_p85,boundary_endpoint_30041,5,2,0,3,0,0,0,0,2,337,15
JSO_r160,boundary_endpoint_30041,5,4,2,2,0,0,0,0,2,336,15
JSO_r120,boundary_endpoint_30041,5,2,0,3,0,0,0,0,2,337,15
S_doptimal,boundary_endpoint_30041,3,0,0,1,0,0,0,0,2,367,15
S_dopt_short,boundary_endpoint_30041,5,0,0,3,0,0,0,0,2,397,15
JSO_compact_dopt,boundary_endpoint_30041,6,1,0,3,0,0,0,0,1,328,14
SO_doptimal,boundary_endpoint_30041,2,4,2,1,0,0,0,0,2,367,15
baseline,boundary_endpoint_30042,0,0,0,0,0,0,0,0,1,420,14
O,boundary_endpoint_30042,0,3,2,0,0,0,0,0,1,420,14
J,boundary_endpoint_30042,0,0,0,0,0,0,0,0,1,425,14
previous_best,boundary_endpoint_30042,0,0,0,0,0,0,0,0,1,428,14
S,boundary_endpoint_30042,0,0,0,0,0,0,0,0,1,420,14
JS,boundary_endpoint_30042,5,0,0,1,0,0,0,0,0,423,13
JO,boundary_endpoint_30042,0,3,2,0,0,0,0,0,1,425,14
SO,boundary_endpoint_30042,0,3,2,0,0,0,0,0,1,420,14
JSO,boundary_endpoint_30042,5,1,1,1,0,0,0,0,0,423,13
aligned,boundary_endpoint_30042,0,0,0,0,0,0,0,0,1,420,14
insert400,boundary_endpoint_30042,0,0,0,0,0,0,0,0,1,424,14
bracket,boundary_endpoint_30042,0,0,0,0,0,0,0,0,1,420,14
optical2,boundary_endpoint_30042,0,0,0,0,0,0,0,0,1,420,14
insert200,boundary_endpoint_30042,0,0,0,0,0,0,0,0,1,424,14
doptimal,boundary_endpoint_30042,0,0,0,0,0,0,0,0,1,421,14
optical4,boundary_endpoint_30042,0,0,0,0,1,1,4,1,3,418,16
short_clear,boundary_endpoint_30042,0,0,0,0,0,0,0,0,1,420,14
JSO_p50,boundary_endpoint_30042,6,1,1,3,0,0,0,0,0,421,13
insert80,boundary_endpoint_30042,0,0,0,0,0,0,0,0,1,425,14
JSO_p85,boundary_endpoint_30042,3,3,2,0,0,0,0,0,1,425,14
JSO_r160,boundary_endpoint_30042,5,1,1,1,0,0,0,0,0,423,13
JSO_compact,boundary_endpoint_30042,4,1,1,0,0,0,0,0,0,428,13
JSO_r120,boundary_endpoint_30042,5,1,1,1,0,0,0,0,0,423,13
JSO_outer1980,boundary_endpoint_30042,5,2,0,2,0,0,0,0,2,425,15
baseline,boundary_endpoint_30043,0,0,0,0,0,0,0,0,1,394,11
SO_doptimal,boundary_endpoint_30042,0,3,2,0,0,0,0,0,1,421,14
previous_best,boundary_endpoint_30043,0,0,0,0,0,0,0,0,3,419,13
S_doptimal,boundary_endpoint_30042,0,0,0,0,0,0,0,0,1,421,14
S,boundary_endpoint_30043,2,0,0,1,0,0,0,0,3,421,13
J,boundary_endpoint_30043,0,0,0,0,0,0,0,0,2,417,12
JSO_compact_dopt,boundary_endpoint_30042,4,1,1,0,0,0,0,0,0,428,13
JS,boundary_endpoint_30043,0,0,0,0,0,0,0,0,2,417,12
JO,boundary_endpoint_30043,0,2,1,0,0,0,0,0,1,417,11
S_dopt_short,boundary_endpoint_30042,0,0,0,0,0,0,0,0,1,421,14
O,boundary_endpoint_30043,0,1,0,0,0,0,0,0,1,394,11
JSO,boundary_endpoint_30043,0,2,1,0,0,0,0,0,1,417,11
SO,boundary_endpoint_30043,2,2,0,1,0,0,0,0,2,422,12
aligned,boundary_endpoint_30043,0,0,0,0,0,0,0,0,1,394,11
optical2,boundary_endpoint_30043,0,0,0,0,0,0,0,0,1,394,11
insert80,boundary_endpoint_30043,0,0,0,0,0,0,0,0,1,387,11
short_clear,boundary_endpoint_30043,0,0,0,0,0,0,0,0,1,394,11
bracket,boundary_endpoint_30043,0,0,0,0,0,0,0,0,1,394,11
optical4,boundary_endpoint_30043,0,0,0,0,0,0,0,0,1,394,11
JSO_p50,boundary_endpoint_30043,1,2,1,1,0,0,0,0,1,417,11
doptimal,boundary_endpoint_30043,0,0,0,0,0,0,0,0,2,396,12
insert200,boundary_endpoint_30043,0,0,0,0,0,0,0,0,1,392,11
insert400,boundary_endpoint_30043,0,0,0,0,0,0,0,0,1,392,11
JSO_p85,boundary_endpoint_30043,0,2,1,0,0,0,0,0,1,417,11
JSO_r160,boundary_endpoint_30043,0,2,1,0,0,0,0,0,1,417,11
JSO_r120,boundary_endpoint_30043,0,2,1,0,0,0,0,0,1,417,11
JSO_compact,boundary_endpoint_30043,0,2,1,0,0,0,0,0,1,417,11
JSO_outer1980,boundary_endpoint_30043,0,1,1,0,0,0,0,0,0,419,10
S_doptimal,boundary_endpoint_30043,1,0,0,1,0,0,0,0,4,420,14
S_dopt_short,boundary_endpoint_30043,1,0,0,1,0,0,0,0,4,420,14
SO_doptimal,boundary_endpoint_30043,1,2,0,1,0,0,0,0,2,421,12
JSO_compact_dopt,boundary_endpoint_30043,1,1,1,1,0,0,0,0,0,420,10
baseline,boundary_endpoint_30044,0,0,0,0,0,0,0,0,6,404,21
J,boundary_endpoint_30044,0,0,0,0,0,0,0,0,5,382,20
previous_best,boundary_endpoint_30044,0,0,0,0,0,0,0,0,3,367,18
JS,boundary_endpoint_30044,6,0,0,1,0,0,0,0,3,378,18
O,boundary_endpoint_30044,0,3,1,0,0,0,0,0,2,398,17
SO,boundary_endpoint_30044,2,3,2,1,0,0,0,0,1,395,16
JSO,boundary_endpoint_30044,6,3,2,1,0,0,0,0,1,378,16
S,boundary_endpoint_30044,3,0,0,2,0,0,0,0,3,401,18
JO,boundary_endpoint_30044,0,3,1,0,0,0,0,0,2,382,17
insert80,boundary_endpoint_30044,0,0,0,0,0,0,0,0,3,390,18
aligned,boundary_endpoint_30044,0,0,0,0,0,0,0,0,6,405,21
JSO_p50,boundary_endpoint_30044,9,3,2,2,0,0,0,0,1,377,16
bracket,boundary_endpoint_30044,0,0,0,0,0,0,0,0,7,405,22
doptimal,boundary_endpoint_30044,0,0,0,0,0,0,0,0,7,386,22
insert400,boundary_endpoint_30044,0,0,0,0,0,0,0,0,4,382,19
optical4,boundary_endpoint_30044,0,0,0,0,1,1,4,1,6,402,21
optical2,boundary_endpoint_30044,0,0,0,0,0,0,0,0,6,404,21
short_clear,boundary_endpoint_30044,0,0,0,0,0,0,0,0,6,404,21
insert200,boundary_endpoint_30044,0,0,0,0,0,0,0,0,4,359,19
JSO_r160,boundary_endpoint_30044,6,4,3,1,0,0,0,0,1,376,16
JSO_r120,boundary_endpoint_30044,6,3,2,1,0,0,0,0,1,378,16
JSO_p85,boundary_endpoint_30044,5,2,0,1,0,0,0,0,2,380,17
JSO_outer1980,boundary_endpoint_30044,6,4,2,2,0,0,0,0,2,377,17
JSO_compact,boundary_endpoint_30044,7,3,0,3,0,0,0,0,3,365,18
S_dopt_short,boundary_endpoint_30044,4,0,0,1,0,0,0,0,7,388,22
SO_doptimal,boundary_endpoint_30044,2,3,1,1,0,0,0,0,2,399,17
S_doptimal,boundary_endpoint_30044,4,0,0,1,0,0,0,0,7,388,22
baseline,boundary_endpoint_30045,0,0,0,0,0,0,0,0,3,378,19
previous_best,boundary_endpoint_30045,0,0,0,0,0,0,0,0,0,376,16
O,boundary_endpoint_30045,0,2,1,0,0,0,0,0,1,376,17
S,boundary_endpoint_30045,2,0,0,0,0,0,0,0,4,380,20
J,boundary_endpoint_30045,0,0,0,0,0,0,0,0,2,378,18
JSO_compact_dopt,boundary_endpoint_30044,6,5,1,2,0,0,0,0,4,365,19
JS,boundary_endpoint_30045,3,0,0,0,0,0,0,0,2,378,18
JO,boundary_endpoint_30045,0,2,2,0,0,0,0,0,0,376,16
SO,boundary_endpoint_30045,2,2,1,0,0,0,0,0,1,378,17
JSO,boundary_endpoint_30045,3,2,2,0,0,0,0,0,0,376,16
aligned,boundary_endpoint_30045,0,0,0,0,0,0,0,0,3,378,19
bracket,boundary_endpoint_30045,0,0,0,0,0,0,0,0,3,378,19
insert80,boundary_endpoint_30045,0,0,0,0,0,0,0,0,3,376,19
optical2,boundary_endpoint_30045,0,0,0,0,0,0,0,0,3,378,19
optical4,boundary_endpoint_30045,0,0,0,0,2,2,8,2,3,374,19
doptimal,boundary_endpoint_30045,0,0,0,0,0,0,0,0,2,376,18
insert200,boundary_endpoint_30045,0,0,0,0,0,0,0,0,3,376,19
short_clear,boundary_endpoint_30045,0,0,0,0,0,0,0,0,3,378,19
JSO_p50,boundary_endpoint_30045,3,2,2,0,0,0,0,0,0,376,16
insert400,boundary_endpoint_30045,0,0,0,0,0,0,0,0,2,374,18
JSO_p85,boundary_endpoint_30045,3,2,2,0,0,0,0,0,0,376,16
JSO_r120,boundary_endpoint_30045,3,2,2,0,0,0,0,0,0,376,16
JSO_compact,boundary_endpoint_30045,3,2,2,2,0,0,0,0,0,376,16
baseline,boundary_endpoint_30046,0,0,0,0,0,0,0,0,2,381,16
JSO_r160,boundary_endpoint_30045,3,2,2,0,0,0,0,0,0,376,16
JSO_outer1980,boundary_endpoint_30045,3,4,2,1,0,0,0,0,2,379,18
SO_doptimal,boundary_endpoint_30045,2,1,1,0,0,0,0,0,0,377,16
S_doptimal,boundary_endpoint_30045,2,0,0,0,0,0,0,0,3,378,19
S_dopt_short,boundary_endpoint_30045,2,0,0,0,0,0,0,0,3,378,19
JSO_compact_dopt,boundary_endpoint_30045,2,2,2,0,0,0,0,0,0,382,16
previous_best,boundary_endpoint_30046,0,0,0,0,0,0,0,0,4,390,18
J,boundary_endpoint_30046,0,0,0,0,0,0,0,0,2,397,16
JS,boundary_endpoint_30046,5,0,0,3,0,0,0,0,3,392,17
S,boundary_endpoint_30046,4,0,0,2,0,0,0,0,2,381,16
O,boundary_endpoint_30046,0,4,2,0,0,0,0,0,2,382,16
SO,boundary_endpoint_30046,4,4,2,2,0,0,0,0,2,382,16
JO,boundary_endpoint_30046,0,1,0,0,0,0,0,0,1,398,15
JSO,boundary_endpoint_30046,5,4,1,3,0,0,0,0,3,393,17
insert400,boundary_endpoint_30046,0,0,0,0,0,0,0,0,2,384,16
aligned,boundary_endpoint_30046,0,0,0,0,0,0,0,0,3,382,17
bracket,boundary_endpoint_30046,0,0,0,0,0,0,0,0,2,381,16
optical4,boundary_endpoint_30046,0,0,0,0,1,1,4,1,2,380,16
optical2,boundary_endpoint_30046,0,0,0,0,0,0,0,0,2,381,16
doptimal,boundary_endpoint_30046,0,0,0,0,0,0,0,0,3,380,17
insert80,boundary_endpoint_30046,0,0,0,0,0,0,0,0,2,387,16
short_clear,boundary_endpoint_30046,0,0,0,0,0,0,0,0,2,375,16
JSO_p50,boundary_endpoint_30046,5,4,1,3,0,0,0,0,3,393,17
insert200,boundary_endpoint_30046,0,0,0,0,0,0,0,0,2,388,16
JSO_compact,boundary_endpoint_30046,4,2,2,3,0,0,0,0,0,388,14
JSO_p85,boundary_endpoint_30046,3,4,1,3,0,0,0,0,3,394,17
JSO_r160,boundary_endpoint_30046,5,4,1,3,0,0,0,0,3,393,17
S_doptimal,boundary_endpoint_30046,5,0,0,4,0,0,0,0,3,379,17
JSO_r120,boundary_endpoint_30046,5,4,1,3,0,0,0,0,3,393,17
JSO_outer1980,boundary_endpoint_30046,5,3,1,2,0,0,0,0,2,396,16
SO_doptimal,boundary_endpoint_30046,5,5,2,4,0,0,0,0,3,381,17
S_dopt_short,boundary_endpoint_30046,3,0,0,2,0,0,0,0,2,373,16
previous_best,boundary_endpoint_30047,0,0,0,0,0,0,0,0,2,430,12
JSO_compact_dopt,boundary_endpoint_30046,4,2,2,3,0,0,0,0,0,388,14
baseline,boundary_endpoint_30047,0,0,0,0,0,0,0,0,3,438,13
J,boundary_endpoint_30047,0,0,0,0,0,0,0,0,3,438,13
S,boundary_endpoint_30047,0,0,0,0,0,0,0,0,3,438,13
O,boundary_endpoint_30047,0,0,0,0,0,0,0,0,0,435,10
JO,boundary_endpoint_30047,0,0,0,0,0,0,0,0,0,435,10
JS,boundary_endpoint_30047,0,0,0,0,0,0,0,0,3,438,13
SO,boundary_endpoint_30047,1,0,0,1,0,0,0,0,0,434,10
JSO,boundary_endpoint_30047,1,0,0,1,0,0,0,0,0,434,10
insert400,boundary_endpoint_30047,0,0,0,0,0,0,0,0,2,434,12
insert200,boundary_endpoint_30047,0,0,0,0,0,0,0,0,2,434,12
insert80,boundary_endpoint_30047,0,0,0,0,0,0,0,0,2,394,12
aligned,boundary_endpoint_30047,0,0,0,0,0,0,0,0,3,438,13
bracket,boundary_endpoint_30047,0,0,0,0,0,0,0,0,4,439,14
doptimal,boundary_endpoint_30047,0,0,0,0,0,0,0,0,2,434,12
optical4,boundary_endpoint_30047,0,0,0,0,1,1,4,1,5,435,15
short_clear,boundary_endpoint_30047,0,0,0,0,0,0,0,0,3,438,13
optical2,boundary_endpoint_30047,0,0,0,0,0,0,0,0,3,438,13
JSO_p50,boundary_endpoint_30047,1,0,0,1,0,0,0,0,0,434,10
JSO_compact,boundary_endpoint_30047,0,0,0,0,0,0,0,0,0,430,10
JSO_r120,boundary_endpoint_30047,1,1,1,1,0,0,0,0,0,432,10
JSO_p85,boundary_endpoint_30047,0,0,0,0,0,0,0,0,0,435,10
JSO_r160,boundary_endpoint_30047,1,1,1,1,0,0,0,0,0,432,10
JSO_outer1980,boundary_endpoint_30047,0,1,0,0,0,0,0,0,1,434,11
S_doptimal,boundary_endpoint_30047,1,0,0,1,0,0,0,0,2,433,12
JSO_compact_dopt,boundary_endpoint_30047,0,0,0,0,0,0,0,0,0,430,10
SO_doptimal,boundary_endpoint_30047,0,0,0,0,0,0,0,0,0,433,10
baseline,boundary_endpoint_30048,0,0,0,0,0,0,0,0,3,370,16
S_dopt_short,boundary_endpoint_30047,1,0,0,1,0,0,0,0,2,433,12
S,boundary_endpoint_30048,1,0,0,0,0,0,0,0,3,370,16
O,boundary_endpoint_30048,0,2,1,0,0,0,0,0,1,370,14
J,boundary_endpoint_30048,0,0,0,0,0,0,0,0,3,370,16
previous_best,boundary_endpoint_30048,0,0,0,0,0,0,0,0,2,376,15
SO,boundary_endpoint_30048,1,2,1,0,0,0,0,0,1,370,14
JO,boundary_endpoint_30048,0,2,1,0,0,0,0,0,1,370,14
JS,boundary_endpoint_30048,4,0,0,0,0,0,0,0,3,371,16
JSO,boundary_endpoint_30048,4,2,1,0,0,0,0,0,1,371,14
insert80,boundary_endpoint_30048,0,0,0,0,0,0,0,0,3,356,16
insert200,boundary_endpoint_30048,0,0,0,0,0,0,0,0,2,361,15
aligned,boundary_endpoint_30048,0,0,0,0,0,0,0,0,4,366,17
insert400,boundary_endpoint_30048,0,0,0,0,0,0,0,0,3,363,16
optical4,boundary_endpoint_30048,0,0,0,0,1,1,4,1,3,369,16
bracket,boundary_endpoint_30048,0,0,0,0,0,0,0,0,4,371,17
optical2,boundary_endpoint_30048,0,0,0,0,0,0,0,0,3,370,16
short_clear,boundary_endpoint_30048,0,0,0,0,0,0,0,0,3,370,16
doptimal,boundary_endpoint_30048,0,0,0,0,0,0,0,0,4,366,17
JSO_p85,boundary_endpoint_30048,2,2,1,0,0,0,0,0,1,371,14
JSO_p50,boundary_endpoint_30048,5,2,1,0,0,0,0,0,1,372,14
JSO_r120,boundary_endpoint_30048,4,3,2,0,0,0,0,0,1,369,14
JSO_compact,boundary_endpoint_30048,3,5,4,0,0,0,0,0,1,375,14
JSO_r160,boundary_endpoint_30048,4,3,2,0,0,0,0,0,1,369,14
JSO_outer1980,boundary_endpoint_30048,6,3,2,0,0,0,0,0,1,373,14
S_dopt_short,boundary_endpoint_30048,2,0,0,1,0,0,0,0,3,366,16
SO_doptimal,boundary_endpoint_30048,1,2,1,0,0,0,0,0,1,365,14
baseline,boundary_endpoint_30049,0,0,0,0,0,0,0,0,3,384,14
S_doptimal,boundary_endpoint_30048,1,0,0,0,0,0,0,0,4,366,17
previous_best,boundary_endpoint_30049,0,0,0,0,0,0,0,0,2,377,13
JSO_compact_dopt,boundary_endpoint_30048,3,5,4,0,0,0,0,0,1,374,14
S,boundary_endpoint_30049,6,0,0,2,0,0,0,0,3,385,14
J,boundary_endpoint_30049,0,0,0,0,0,0,0,0,3,388,14
O,boundary_endpoint_30049,0,0,0,0,0,0,0,0,0,387,11
SO,boundary_endpoint_30049,7,0,0,2,0,0,0,0,0,388,11
JS,boundary_endpoint_30049,11,0,0,2,0,0,0,0,3,386,14
JSO,boundary_endpoint_30049,11,1,1,2,0,0,0,0,0,390,11
JO,boundary_endpoint_30049,0,0,0,0,0,0,0,0,0,392,11
insert80,boundary_endpoint_30049,0,0,0,0,0,0,0,0,3,380,14
insert200,boundary_endpoint_30049,0,0,0,0,0,0,0,0,1,411,12
bracket,boundary_endpoint_30049,0,0,0,0,0,0,0,0,3,385,14
insert400,boundary_endpoint_30049,0,0,0,0,0,0,0,0,3,373,14
aligned,boundary_endpoint_30049,0,0,0,0,0,0,0,0,4,384,15
optical2,boundary_endpoint_30049,0,0,0,0,0,0,0,0,3,384,14
optical4,boundary_endpoint_30049,0,0,0,0,0,0,0,0,3,384,14
short_clear,boundary_endpoint_30049,0,0,0,0,0,0,0,0,3,383,14
doptimal,boundary_endpoint_30049,0,0,0,0,0,0,0,0,3,384,14
JSO_p50,boundary_endpoint_30049,13,1,1,2,0,0,0,0,0,392,11
JSO_p85,boundary_endpoint_30049,9,0,0,1,0,0,0,0,0,391,11
JSO_compact,boundary_endpoint_30049,7,0,0,3,0,0,0,0,0,379,11
JSO_r120,boundary_endpoint_30049,11,1,1,2,0,0,0,0,0,390,11
S_doptimal,boundary_endpoint_30049,7,0,0,4,0,0,0,0,5,382,16
JSO_outer1980,boundary_endpoint_30049,11,0,0,2,0,0,0,0,0,389,11
JSO_r160,boundary_endpoint_30049,11,1,1,2,0,0,0,0,0,390,11
SO_doptimal,boundary_endpoint_30049,4,0,0,2,0,0,0,0,0,385,11
S_dopt_short,boundary_endpoint_30049,7,0,0,4,0,0,0,0,5,382,16
JSO_compact_dopt,boundary_endpoint_30049,8,1,0,2,0,0,0,0,1,381,12
previous_best,mixed_smooth_30000,0,0,0,0,0,0,0,0,6,187,22
JS,mixed_smooth_30000,21,0,0,16,0,0,0,0,2,208,18
S,mixed_smooth_30000,22,0,0,21,0,0,0,0,1,212,17
baseline,mixed_smooth_30000,0,0,0,0,0,0,0,0,2,110,18
J,mixed_smooth_30000,0,0,0,0,0,0,0,0,5,189,21
JO,mixed_smooth_30000,0,6,2,0,0,0,0,0,4,189,20
O,mixed_smooth_30000,0,7,4,0,0,0,0,0,3,187,19
JSO,mixed_smooth_30000,21,9,6,19,0,0,0,0,3,178,19
SO,mixed_smooth_30000,21,9,5,20,0,0,0,0,4,170,20
insert80,mixed_smooth_30000,0,0,0,0,0,0,0,0,1,200,17
insert200,mixed_smooth_30000,0,0,0,0,0,0,0,0,0,222,16
aligned,mixed_smooth_30000,0,0,0,0,0,0,0,0,3,205,19
insert400,mixed_smooth_30000,0,0,0,0,0,0,0,0,0,220,16
bracket,mixed_smooth_30000,0,0,0,0,0,0,0,0,2,218,18
optical2,mixed_smooth_30000,0,0,0,0,0,0,0,0,2,110,18
JSO_p50,mixed_smooth_30000,18,11,6,16,0,0,0,0,5,232,21
short_clear,mixed_smooth_30000,0,0,0,0,0,0,0,0,2,110,18
optical4,mixed_smooth_30000,0,0,0,0,0,0,0,0,2,110,18
JSO_r160,mixed_smooth_30000,17,12,7,14,0,0,0,0,5,131,21
JSO_p85,mixed_smooth_30000,17,12,6,17,0,0,0,0,6,183,22
JSO_r120,mixed_smooth_30000,22,14,6,18,0,0,0,0,8,187,24
JSO_compact,mixed_smooth_30000,21,9,6,19,0,0,0,0,3,178,19
JSO_outer1980,mixed_smooth_30000,21,9,6,19,0,0,0,0,3,178,19
doptimal,mixed_smooth_30000,0,0,0,0,0,0,0,0,3,205,19
baseline,mixed_smooth_30001,0,0,0,0,0,0,0,0,3,232,18
J,mixed_smooth_30001,0,0,0,0,0,0,0,0,2,263,17
previous_best,mixed_smooth_30001,0,0,0,0,0,0,0,0,1,265,16
S_doptimal,mixed_smooth_30000,22,0,0,21,0,0,0,0,2,186,18
O,mixed_smooth_30001,0,7,5,0,0,0,0,0,2,232,17
JSO_compact_dopt,mixed_smooth_30000,22,8,5,20,0,0,0,0,3,205,19
JS,mixed_smooth_30001,25,0,0,23,0,0,0,0,3,277,18
SO_doptimal,mixed_smooth_30000,20,11,3,18,0,0,0,0,8,190,24
S_dopt_short,mixed_smooth_30000,22,0,0,21,0,0,0,0,2,186,18
S,mixed_smooth_30001,17,0,0,16,0,0,0,0,4,287,19
JSO,mixed_smooth_30001,22,8,7,20,0,0,0,0,1,274,16
JO,mixed_smooth_30001,0,8,7,0,0,0,0,0,1,263,16
insert80,mixed_smooth_30001,0,0,0,0,0,0,0,0,3,216,18
insert200,mixed_smooth_30001,0,0,0,0,0,0,0,0,3,221,18
insert400,mixed_smooth_30001,0,0,0,0,0,0,0,0,1,226,16
optical2,mixed_smooth_30001,0,0,0,0,0,0,0,0,3,232,18
aligned,mixed_smooth_30001,0,0,0,0,0,0,0,0,4,232,19
SO,mixed_smooth_30001,16,10,4,15,0,0,0,0,6,291,21
bracket,mixed_smooth_30001,0,0,0,0,0,0,0,0,4,239,19
JSO_p50,mixed_smooth_30001,25,9,8,22,0,0,0,0,1,274,16
optical4,mixed_smooth_30001,0,0,0,0,0,0,0,0,3,232,18
short_clear,mixed_smooth_30001,0,0,0,0,0,0,0,0,3,232,18
JSO_r120,mixed_smooth_30001,22,8,6,20,0,0,0,0,2,274,17
JSO_p85,mixed_smooth_30001,13,10,5,12,0,0,0,0,5,250,20
JSO_compact,mixed_smooth_30001,23,8,7,21,0,0,0,0,1,275,16
JSO_outer1980,mixed_smooth_30001,22,8,7,20,0,0,0,0,1,274,16
JSO_r160,mixed_smooth_30001,21,9,7,19,0,0,0,0,2,272,17
doptimal,mixed_smooth_30001,0,0,0,0,0,0,0,0,2,262,17
JSO_compact_dopt,mixed_smooth_30001,24,11,5,22,0,0,0,0,6,280,21
baseline,mixed_smooth_30002,0,0,0,0,0,0,0,0,3,244,18
S_doptimal,mixed_smooth_30001,21,0,0,20,0,0,0,0,3,229,18
J,mixed_smooth_30002,0,0,0,0,0,0,0,0,8,208,23
S,mixed_smooth_30002,20,0,0,20,0,0,0,0,5,241,20
previous_best,mixed_smooth_30002,0,0,0,0,0,0,0,0,8,213,23
O,mixed_smooth_30002,0,5,1,0,0,0,0,0,4,223,19
S_dopt_short,mixed_smooth_30001,21,0,0,20,0,0,0,0,3,229,18
JS,mixed_smooth_30002,23,0,0,22,0,0,0,0,10,211,25
SO_doptimal,mixed_smooth_30001,14,10,5,11,0,0,0,0,5,283,20
SO,mixed_smooth_30002,20,10,4,20,0,0,0,0,6,241,21
JO,mixed_smooth_30002,0,10,4,0,0,0,0,0,6,208,21
insert80,mixed_smooth_30002,0,0,0,0,0,0,0,0,4,246,19
insert200,mixed_smooth_30002,0,0,0,0,0,0,0,0,2,231,17
JSO,mixed_smooth_30002,20,12,4,19,0,0,0,0,8,207,23
insert400,mixed_smooth_30002,0,0,0,0,0,0,0,0,2,231,17
aligned,mixed_smooth_30002,0,0,0,0,0,0,0,0,2,256,17
bracket,mixed_smooth_30002,0,0,0,0,0,0,0,0,3,220,18
optical4,mixed_smooth_30002,0,0,0,0,1,1,4,1,5,243,20
short_clear,mixed_smooth_30002,0,0,0,0,0,0,0,0,3,244,18
optical2,mixed_smooth_30002,0,0,0,0,0,0,0,0,3,244,18
JSO_r120,mixed_smooth_30002,19,12,4,18,0,0,0,0,8,206,23
JSO_p50,mixed_smooth_30002,24,12,4,20,0,0,0,0,8,211,23
JSO_p85,mixed_smooth_30002,20,14,6,19,0,0,0,0,8,210,23
JSO_r160,mixed_smooth_30002,19,12,4,18,0,0,0,0,8,206,23
JSO_compact,mixed_smooth_30002,20,13,4,18,0,0,0,0,9,211,24
doptimal,mixed_smooth_30002,0,0,0,0,0,0,0,0,2,273,17
J,mixed_smooth_30003,0,0,0,0,0,0,0,0,4,314,14
JSO_outer1980,mixed_smooth_30002,19,12,5,18,0,0,0,0,7,212,22
previous_best,mixed_smooth_30003,0,0,0,0,0,0,0,0,3,313,13
baseline,mixed_smooth_30003,0,0,0,0,0,0,0,0,4,328,14
JO,mixed_smooth_30003,0,8,5,0,0,0,0,0,3,316,13
S,mixed_smooth_30003,9,0,0,8,0,0,0,0,4,303,14
JS,mixed_smooth_30003,15,0,0,15,0,0,0,0,2,330,12
S_doptimal,mixed_smooth_30002,27,0,0,27,0,0,0,0,2,242,17
SO_doptimal,mixed_smooth_30002,15,11,6,13,0,0,0,0,5,232,20
JSO,mixed_smooth_30003,12,9,6,11,0,0,0,0,3,328,13
S_dopt_short,mixed_smooth_30002,27,0,0,27,0,0,0,0,2,242,17
O,mixed_smooth_30003,0,6,5,0,0,0,0,0,1,305,11
SO,mixed_smooth_30003,11,10,4,10,0,1,7,0,8,314,18
JSO_compact_dopt,mixed_smooth_30002,20,11,4,18,0,0,0,0,7,206,22
insert200,mixed_smooth_30003,0,0,0,0,0,0,0,0,1,305,11
insert80,mixed_smooth_30003,0,0,0,0,0,0,0,0,1,309,11
insert400,mixed_smooth_30003,0,0,0,0,0,0,0,0,3,303,13
aligned,mixed_smooth_30003,0,0,0,0,0,0,0,0,3,327,13
doptimal,mixed_smooth_30003,0,0,0,0,0,0,0,0,0,322,10
JSO_p50,mixed_smooth_30003,14,9,6,12,0,0,0,0,3,330,13
JSO_p85,mixed_smooth_30003,12,9,4,11,0,0,0,0,5,315,15
JSO_r120,mixed_smooth_30003,12,9,6,11,0,0,0,0,3,328,13
optical2,mixed_smooth_30003,0,0,0,0,0,0,0,0,4,328,14
JSO_compact,mixed_smooth_30003,13,9,6,12,0,0,0,0,3,329,13
optical4,mixed_smooth_30003,0,0,0,0,1,1,4,1,4,325,14
bracket,mixed_smooth_30003,0,0,0,0,0,0,0,0,4,328,14
JSO_r160,mixed_smooth_30003,12,9,6,11,0,0,0,0,3,328,13
short_clear,mixed_smooth_30003,0,0,0,0,0,0,0,0,4,328,14
JSO_outer1980,mixed_smooth_30003,12,9,6,11,0,0,0,0,3,328,13
J,mixed_smooth_30004,0,0,0,0,0,0,0,0,1,328,12
JSO_compact_dopt,mixed_smooth_30003,13,9,6,12,0,0,0,0,3,329,13
previous_best,mixed_smooth_30004,0,0,0,0,0,0,0,0,1,328,12
S_doptimal,mixed_smooth_30003,15,0,0,15,0,0,0,0,2,344,12
S_dopt_short,mixed_smooth_30003,15,0,0,15,0,0,0,0,2,344,12
JS,mixed_smooth_30004,15,0,0,14,0,0,0,0,2,334,13
baseline,mixed_smooth_30004,0,0,0,0,0,0,0,0,1,328,12
SO_doptimal,mixed_smooth_30003,11,6,4,11,0,0,0,0,2,341,12
O,mixed_smooth_30004,0,5,3,0,0,0,0,0,2,330,13
JSO,mixed_smooth_30004,12,8,6,11,0,0,0,0,2,331,13
JO,mixed_smooth_30004,0,6,5,0,0,0,0,0,1,328,12
S,mixed_smooth_30004,17,0,0,14,0,0,0,0,2,325,13
insert80,mixed_smooth_30004,0,0,0,0,0,0,0,0,1,339,12
insert200,mixed_smooth_30004,0,0,0,0,0,0,0,0,1,339,12
SO,mixed_smooth_30004,12,8,3,9,0,0,0,0,5,323,16
insert400,mixed_smooth_30004,0,0,0,0,0,0,0,0,1,339,12
aligned,mixed_smooth_30004,0,0,0,0,0,0,0,0,1,325,12
bracket,mixed_smooth_30004,0,0,0,0,0,0,0,0,1,328,12
optical4,mixed_smooth_30004,0,0,0,0,0,0,0,0,1,328,12
JSO_p50,mixed_smooth_30004,13,7,5,11,0,0,0,0,2,332,13
optical2,mixed_smooth_30004,0,0,0,0,0,0,0,0,1,328,12
doptimal,mixed_smooth_30004,0,0,0,0,0,0,0,0,3,307,14
short_clear,mixed_smooth_30004,0,0,0,0,0,0,0,0,1,328,12
JSO_p85,mixed_smooth_30004,10,7,5,10,0,0,0,0,2,327,13
JSO_r120,mixed_smooth_30004,12,8,6,11,0,0,0,0,2,330,13
JSO_r160,mixed_smooth_30004,12,8,5,11,0,0,0,0,3,330,14
JSO_compact,mixed_smooth_30004,13,7,5,11,0,0,0,0,2,332,13
JSO_outer1980,mixed_smooth_30004,12,8,6,11,0,0,0,0,2,331,13
previous_best,mixed_smooth_30005,0,0,0,0,0,0,0,0,2,314,15
S_dopt_short,mixed_smooth_30004,11,0,0,11,0,0,0,0,2,303,13
SO_doptimal,mixed_smooth_30004,10,9,6,10,0,0,0,0,3,300,14
baseline,mixed_smooth_30005,0,0,0,0,0,0,0,0,4,323,17
JSO_compact_dopt,mixed_smooth_30004,17,7,2,14,0,0,0,0,5,331,16
JS,mixed_smooth_30005,15,0,0,13,0,0,0,0,0,315,13
J,mixed_smooth_30005,0,0,0,0,0,0,0,0,0,314,13
S_doptimal,mixed_smooth_30004,11,0,0,11,0,0,0,0,1,328,12
O,mixed_smooth_30005,0,7,4,0,0,0,0,0,3,325,16
S,mixed_smooth_30005,13,0,0,11,0,0,0,0,5,317,18
insert80,mixed_smooth_30005,0,0,0,0,0,0,0,0,3,298,16
insert200,mixed_smooth_30005,0,0,0,0,0,0,0,0,3,298,16
JO,mixed_smooth_30005,0,6,6,0,0,0,0,0,0,319,13
JSO,mixed_smooth_30005,13,10,8,11,0,0,0,0,2,320,15
insert400,mixed_smooth_30005,0,0,0,0,0,0,0,0,4,305,17
SO,mixed_smooth_30005,12,8,4,10,0,0,0,0,4,311,17
optical2,mixed_smooth_30005,0,0,0,0,0,0,0,0,4,323,17
aligned,mixed_smooth_30005,0,0,0,0,0,0,0,0,3,332,16
bracket,mixed_smooth_30005,0,0,0,0,0,0,0,0,4,328,17
doptimal,mixed_smooth_30005,0,0,0,0,0,0,0,0,2,328,15
optical4,mixed_smooth_30005,0,0,0,0,2,2,8,2,8,321,21
JSO_p50,mixed_smooth_30005,19,12,9,15,0,0,0,0,3,322,16
short_clear,mixed_smooth_30005,0,0,0,0,0,0,0,0,4,323,17
JSO_p85,mixed_smooth_30005,6,11,9,6,0,0,0,0,2,316,15
JSO_r120,mixed_smooth_30005,14,11,8,12,0,0,0,0,3,321,16
JSO_compact,mixed_smooth_30005,13,9,7,11,0,0,0,0,2,321,15
JSO_r160,mixed_smooth_30005,14,13,8,12,0,0,0,0,5,321,18
JSO_outer1980,mixed_smooth_30005,13,10,8,11,0,0,0,0,2,320,15
previous_best,mixed_smooth_30006,0,0,0,0,0,0,0,0,2,376,12
J,mixed_smooth_30006,0,0,0,0,0,0,0,0,2,378,12
baseline,mixed_smooth_30006,0,0,0,0,0,0,0,0,7,333,17
JSO_compact_dopt,mixed_smooth_30005,13,10,8,12,0,0,0,0,2,318,15
S_doptimal,mixed_smooth_30005,11,0,0,11,0,0,0,0,2,333,15
S_dopt_short,mixed_smooth_30005,11,0,0,11,0,0,0,0,2,333,15
JS,mixed_smooth_30006,13,0,0,9,0,0,0,0,3,380,13
S,mixed_smooth_30006,7,0,0,5,0,0,0,0,5,333,15
O,mixed_smooth_30006,0,7,4,0,0,0,0,0,3,330,13
JO,mixed_smooth_30006,0,5,4,0,0,0,0,0,1,377,11
SO_doptimal,mixed_smooth_30005,11,13,10,10,0,0,0,0,3,328,16
JSO,mixed_smooth_30006,12,6,3,8,0,0,0,0,3,380,13
insert80,mixed_smooth_30006,0,0,0,0,0,0,0,0,1,358,11
insert200,mixed_smooth_30006,0,0,0,0,0,0,0,0,1,359,11
SO,mixed_smooth_30006,6,6,4,4,0,0,0,0,2,332,12
insert400,mixed_smooth_30006,0,0,0,0,0,0,0,0,3,361,13
aligned,mixed_smooth_30006,0,0,0,0,0,0,0,0,3,364,13
optical4,mixed_smooth_30006,0,0,0,0,2,2,8,2,11,327,21
optical2,mixed_smooth_30006,0,0,0,0,0,0,0,0,7,333,17
JSO_p50,mixed_smooth_30006,12,6,3,8,0,0,0,0,3,380,13
bracket,mixed_smooth_30006,0,0,0,0,0,0,0,0,8,337,18
JSO_p85,mixed_smooth_30006,7,5,3,5,0,0,0,0,2,376,12
doptimal,mixed_smooth_30006,0,0,0,0,0,0,0,0,3,366,13
JSO_r120,mixed_smooth_30006,12,6,3,8,0,0,0,0,3,380,13
short_clear,mixed_smooth_30006,0,0,0,0,0,0,0,0,7,333,17
JSO_r160,mixed_smooth_30006,13,6,2,9,0,0,0,0,4,381,14
JSO_compact,mixed_smooth_30006,12,6,3,8,0,0,0,0,3,380,13
JSO_outer1980,mixed_smooth_30006,12,6,3,8,0,0,0,0,3,380,13
JSO_compact_dopt,mixed_smooth_30006,11,7,4,7,0,0,0,0,3,379,13
S_doptimal,mixed_smooth_30006,11,0,0,11,0,0,0,0,2,370,12
J,mixed_smooth_30007,0,0,0,0,0,0,0,0,2,140,18
S_dopt_short,mixed_smooth_30006,11,0,0,11,0,0,0,0,2,370,12
SO_doptimal,mixed_smooth_30006,7,9,3,6,0,0,0,0,6,392,16
baseline,mixed_smooth_30007,0,0,0,0,0,0,0,0,2,197,18
previous_best,mixed_smooth_30007,0,0,0,0,0,0,0,0,5,198,21
S,mixed_smooth_30007,27,0,0,26,0,0,0,0,5,176,21
JS,mixed_smooth_30007,19,0,0,18,0,0,0,0,4,171,20
O,mixed_smooth_30007,0,7,4,0,0,0,0,0,3,205,19
JO,mixed_smooth_30007,0,7,6,0,0,0,0,0,1,141,17
JSO,mixed_smooth_30007,16,10,7,15,0,0,0,0,3,211,19
insert400,mixed_smooth_30007,0,0,0,0,0,0,0,0,1,196,17
insert200,mixed_smooth_30007,0,0,0,0,0,0,0,0,2,170,18
insert80,mixed_smooth_30007,0,0,0,0,0,0,0,0,2,212,18
aligned,mixed_smooth_30007,0,0,0,0,0,0,0,0,3,196,19
bracket,mixed_smooth_30007,0,0,0,0,0,0,0,0,2,197,18
SO,mixed_smooth_30007,20,10,4,19,0,0,0,0,6,212,22
optical2,mixed_smooth_30007,0,0,0,0,0,0,0,0,2,197,18
short_clear,mixed_smooth_30007,0,0,0,0,0,0,0,0,2,197,18
JSO_p50,mixed_smooth_30007,17,10,7,15,0,0,0,0,3,212,19
optical4,mixed_smooth_30007,0,0,0,0,0,0,0,0,2,197,18
JSO_r120,mixed_smooth_30007,16,10,5,15,0,0,0,0,5,168,21
doptimal,mixed_smooth_30007,0,0,0,0,0,0,0,0,2,183,18
JSO_r160,mixed_smooth_30007,16,10,5,15,0,0,0,0,5,167,21
JSO_p85,mixed_smooth_30007,11,10,6,10,0,1,8,0,8,160,24
JSO_compact,mixed_smooth_30007,16,10,7,15,0,0,0,0,3,211,19
JSO_outer1980,mixed_smooth_30007,16,10,7,15,0,0,0,0,3,211,19
J,mixed_smooth_30008,0,0,0,0,0,0,0,0,2,229,15
previous_best,mixed_smooth_30008,0,0,0,0,0,0,0,0,3,230,16
JSO_compact_dopt,mixed_smooth_30007,17,9,6,16,0,0,0,0,3,171,19
S_doptimal,mixed_smooth_30007,26,0,0,25,0,0,0,0,2,218,18
S_dopt_short,mixed_smooth_30007,25,0,0,24,0,0,0,0,2,217,18
baseline,mixed_smooth_30008,0,0,0,0,0,0,0,0,3,267,16
JS,mixed_smooth_30008,22,0,0,22,0,0,0,0,2,254,15
SO_doptimal,mixed_smooth_30007,16,11,8,15,0,0,0,0,3,174,19
O,mixed_smooth_30008,0,8,5,0,0,0,0,0,3,267,16
S,mixed_smooth_30008,16,0,0,15,0,0,0,0,5,272,18
JO,mixed_smooth_30008,0,10,7,0,0,0,0,0,3,230,16
SO,mixed_smooth_30008,11,10,5,10,0,0,0,0,5,265,18
insert80,mixed_smooth_30008,0,0,0,0,0,0,0,0,2,259,15
JSO,mixed_smooth_30008,18,9,7,18,0,0,0,0,2,249,15
insert400,mixed_smooth_30008,0,0,0,0,0,0,0,0,4,260,17
aligned,mixed_smooth_30008,0,0,0,0,0,0,0,0,0,245,13
insert200,mixed_smooth_30008,0,0,0,0,0,0,0,0,2,259,15
bracket,mixed_smooth_30008,0,0,0,0,0,0,0,0,3,267,16
optical4,mixed_smooth_30008,0,0,0,0,1,1,4,1,5,266,18
JSO_p50,mixed_smooth_30008,19,10,8,19,0,0,0,0,2,243,15
JSO_p85,mixed_smooth_30008,17,8,6,17,0,0,0,0,2,249,15
optical2,mixed_smooth_30008,0,0,0,0,0,0,0,0,3,267,16
JSO_r160,mixed_smooth_30008,14,10,7,14,0,0,0,0,3,232,16
short_clear,mixed_smooth_30008,0,0,0,0,0,0,0,0,3,267,16
JSO_r120,mixed_smooth_30008,18,9,6,17,0,0,0,0,3,265,16
JSO_compact,mixed_smooth_30008,18,9,7,18,0,0,0,0,2,249,15
JSO_outer1980,mixed_smooth_30008,18,9,7,18,0,0,0,0,2,249,15
previous_best,mixed_smooth_30009,0,0,0,0,0,0,0,0,3,296,16
doptimal,mixed_smooth_30008,0,0,0,0,0,0,0,0,2,270,15
baseline,mixed_smooth_30009,0,0,0,0,0,0,0,0,2,275,15
J,mixed_smooth_30009,0,0,0,0,0,0,0,0,1,299,14
S_doptimal,mixed_smooth_30008,19,0,0,19,0,0,0,0,2,248,15
S_dopt_short,mixed_smooth_30008,19,0,0,19,0,0,0,0,2,249,15
JSO_compact_dopt,mixed_smooth_30008,13,10,5,12,0,0,0,0,5,258,18
S,mixed_smooth_30009,26,0,0,25,0,0,0,0,4,292,17
JS,mixed_smooth_30009,13,0,0,10,0,0,0,0,0,237,13
SO_doptimal,mixed_smooth_30008,11,12,6,10,0,0,0,0,6,278,19
JO,mixed_smooth_30009,0,8,7,0,0,1,4,0,1,303,14
O,mixed_smooth_30009,0,8,4,0,0,1,4,0,4,280,17
JSO,mixed_smooth_30009,11,5,4,8,0,0,0,0,1,236,14
insert80,mixed_smooth_30009,0,0,0,0,0,0,0,0,3,251,16
SO,mixed_smooth_30009,21,12,5,20,0,1,4,0,7,294,20
insert400,mixed_smooth_30009,0,0,0,0,0,0,0,0,6,280,19
aligned,mixed_smooth_30009,0,0,0,0,0,0,0,0,1,269,14
insert200,mixed_smooth_30009,0,0,0,0,0,0,0,0,4,279,17
bracket,mixed_smooth_30009,0,0,0,0,0,0,0,0,2,275,15
optical4,mixed_smooth_30009,0,0,0,0,0,0,0,0,2,275,15
optical2,mixed_smooth_30009,0,0,0,0,0,0,0,0,2,275,15
short_clear,mixed_smooth_30009,0,0,0,0,0,0,0,0,2,275,15
doptimal,mixed_smooth_30009,0,0,0,0,0,0,0,0,1,270,14
JSO_r160,mixed_smooth_30009,12,7,5,8,0,0,0,0,2,235,15
JSO_p50,mixed_smooth_30009,13,6,3,11,0,0,0,0,3,238,16
JSO_r120,mixed_smooth_30009,11,6,5,8,0,0,0,0,1,235,14
JSO_p85,mixed_smooth_30009,9,6,4,8,0,1,4,0,2,239,15
JSO_compact,mixed_smooth_30009,12,6,4,9,0,0,0,0,2,237,15
JSO_outer1980,mixed_smooth_30009,12,5,3,9,0,0,0,0,2,237,15
S_doptimal,mixed_smooth_30009,13,0,0,13,0,0,0,0,1,273,14
S_dopt_short,mixed_smooth_30009,13,0,0,13,0,0,0,0,2,274,15
SO_doptimal,mixed_smooth_30009,12,8,5,12,0,0,0,0,3,273,16
J,mixed_smooth_30010,0,0,0,0,0,0,0,0,2,289,13
previous_best,mixed_smooth_30010,0,0,0,0,0,0,0,0,2,296,13
baseline,mixed_smooth_30010,0,0,0,0,0,0,0,0,4,331,15
JO,mixed_smooth_30010,0,7,5,0,0,0,0,0,2,290,13
JS,mixed_smooth_30010,21,0,0,19,0,0,0,0,4,301,15
S,mixed_smooth_30010,17,0,0,15,0,0,0,0,5,309,16
O,mixed_smooth_30010,0,7,3,0,0,0,0,0,4,331,15
insert200,mixed_smooth_30010,0,0,0,0,0,0,0,0,2,303,13
insert80,mixed_smooth_30010,0,0,0,0,0,0,0,0,1,304,12
JSO_compact_dopt,mixed_smooth_30009,13,7,5,10,0,0,0,0,2,234,15
SO,mixed_smooth_30010,12,9,5,10,0,0,0,0,4,340,15
insert400,mixed_smooth_30010,0,0,0,0,0,0,0,0,2,305,13
JSO,mixed_smooth_30010,13,10,4,10,0,1,8,0,6,307,17
aligned,mixed_smooth_30010,0,0,0,0,0,0,0,0,1,338,12
bracket,mixed_smooth_30010,0,0,0,0,0,0,0,0,5,318,16
optical2,mixed_smooth_30010,0,0,0,0,0,0,0,0,4,331,15
optical4,mixed_smooth_30010,0,0,0,0,1,1,4,1,4,330,15
short_clear,mixed_smooth_30010,0,0,0,0,0,0,0,0,4,331,15
JSO_p50,mixed_smooth_30010,14,10,4,11,0,1,8,0,6,308,17
JSO_p85,mixed_smooth_30010,12,10,4,10,0,1,8,0,6,306,17
JSO_compact,mixed_smooth_30010,13,10,4,10,0,1,8,0,6,307,17
doptimal,mixed_smooth_30010,0,0,0,0,0,0,0,0,2,309,13
JSO_r160,mixed_smooth_30010,11,11,4,8,0,1,8,0,7,308,18
JSO_r120,mixed_smooth_30010,11,11,4,8,0,1,8,0,7,308,18
J,mixed_smooth_30011,0,0,0,0,0,0,0,0,2,318,12
JSO_outer1980,mixed_smooth_30010,13,10,4,10,0,1,8,0,6,307,17
previous_best,mixed_smooth_30011,0,0,0,0,0,0,0,0,3,318,13
baseline,mixed_smooth_30011,0,0,0,0,0,0,0,0,0,334,10
S_doptimal,mixed_smooth_30010,15,0,0,15,0,0,0,0,3,337,14
S,mixed_smooth_30011,16,0,0,15,0,0,0,0,2,339,12
JSO_compact_dopt,mixed_smooth_30010,13,8,3,10,0,0,0,0,5,297,16
O,mixed_smooth_30011,0,3,3,0,0,0,0,0,0,335,10
S_dopt_short,mixed_smooth_30010,14,0,0,14,0,0,0,0,3,336,14
JO,mixed_smooth_30011,0,5,3,0,0,0,0,0,2,318,12
SO_doptimal,mixed_smooth_30010,11,8,3,9,0,0,0,0,5,330,16
JS,mixed_smooth_30011,12,0,0,10,0,0,0,0,1,319,11
insert80,mixed_smooth_30011,0,0,0,0,0,0,0,0,2,314,12
JSO,mixed_smooth_30011,12,7,2,9,0,0,0,0,5,322,15
insert200,mixed_smooth_30011,0,0,0,0,0,0,0,0,3,315,13
SO,mixed_smooth_30011,8,8,4,7,0,0,0,0,4,321,14
insert400,mixed_smooth_30011,0,0,0,0,0,0,0,0,4,323,14
aligned,mixed_smooth_30011,0,0,0,0,0,0,0,0,4,328,14
JSO_p50,mixed_smooth_30011,14,7,2,9,0,0,0,0,5,325,15
bracket,mixed_smooth_30011,0,0,0,0,0,0,0,0,2,336,12
optical4,mixed_smooth_30011,0,0,0,0,0,0,0,0,0,334,10
JSO_p85,mixed_smooth_30011,9,7,2,6,0,0,0,0,5,323,15
optical2,mixed_smooth_30011,0,0,0,0,0,0,0,0,0,334,10
short_clear,mixed_smooth_30011,0,0,0,0,0,0,0,0,0,334,10
JSO_r120,mixed_smooth_30011,12,8,3,9,0,0,0,0,5,321,15
JSO_r160,mixed_smooth_30011,12,8,3,9,0,0,0,0,5,320,15
JSO_compact,mixed_smooth_30011,12,8,3,9,0,0,0,0,5,322,15
doptimal,mixed_smooth_30011,0,0,0,0,0,0,0,0,1,335,11
JSO_outer1980,mixed_smooth_30011,12,7,2,9,0,0,0,0,5,323,15
previous_best,mixed_smooth_30012,0,0,0,0,0,0,0,0,3,299,15
J,mixed_smooth_30012,0,0,0,0,0,0,0,0,3,294,15
baseline,mixed_smooth_30012,0,0,0,0,0,0,0,0,3,298,15
S_doptimal,mixed_smooth_30011,16,0,0,14,0,0,0,0,2,336,12
JSO_compact_dopt,mixed_smooth_30011,16,8,3,14,0,0,0,0,5,327,15
SO_doptimal,mixed_smooth_30011,12,6,2,11,0,0,0,0,4,333,14
S_dopt_short,mixed_smooth_30011,16,0,0,14,0,0,0,0,2,336,12
S,mixed_smooth_30012,16,0,0,16,0,0,0,0,4,306,16
JS,mixed_smooth_30012,19,0,0,19,0,0,0,0,2,292,14
O,mixed_smooth_30012,0,6,3,0,0,0,0,0,3,298,15
JO,mixed_smooth_30012,0,9,4,0,0,0,0,0,5,296,17
JSO,mixed_smooth_30012,18,7,4,18,0,0,0,0,3,294,15
SO,mixed_smooth_30012,14,11,3,14,0,0,0,0,8,313,20
insert200,mixed_smooth_30012,0,0,0,0,0,0,0,0,3,293,15
insert80,mixed_smooth_30012,0,0,0,0,0,0,0,0,4,308,16
aligned,mixed_smooth_30012,0,0,0,0,0,0,0,0,2,264,14
optical2,mixed_smooth_30012,0,0,0,0,0,0,0,0,3,298,15
bracket,mixed_smooth_30012,0,0,0,0,0,0,0,0,3,298,15
insert400,mixed_smooth_30012,0,0,0,0,0,0,0,0,6,299,18
doptimal,mixed_smooth_30012,0,0,0,0,0,0,0,0,4,303,16
short_clear,mixed_smooth_30012,0,0,0,0,0,0,0,0,3,298,15
optical4,mixed_smooth_30012,0,0,0,0,0,0,0,0,3,298,15
JSO_p50,mixed_smooth_30012,19,7,4,19,0,0,0,0,3,291,15
JSO_p85,mixed_smooth_30012,16,6,3,16,0,0,0,0,3,292,15
JSO_r120,mixed_smooth_30012,16,9,4,16,0,0,0,0,5,293,17
JSO_r160,mixed_smooth_30012,16,9,4,16,0,0,0,0,5,293,17
JSO_compact,mixed_smooth_30012,18,7,4,18,0,0,0,0,3,294,15
JSO_outer1980,mixed_smooth_30012,18,7,4,18,0,0,0,0,3,294,15
JSO_compact_dopt,mixed_smooth_30012,14,10,5,13,0,0,0,0,5,279,17
S_doptimal,mixed_smooth_30012,16,0,0,16,0,0,0,0,2,299,14
previous_best,mixed_smooth_30013,0,0,0,0,0,0,0,0,4,236,20
S_dopt_short,mixed_smooth_30012,16,0,0,16,0,0,0,0,2,299,14
SO_doptimal,mixed_smooth_30012,14,8,5,14,0,0,0,0,3,299,15
J,mixed_smooth_30013,0,0,0,0,0,0,0,0,4,236,20
baseline,mixed_smooth_30013,0,0,0,0,0,0,0,0,4,208,20
JS,mixed_smooth_30013,23,0,0,21,0,0,0,0,5,199,21
S,mixed_smooth_30013,23,0,0,20,0,0,0,0,3,232,19
O,mixed_smooth_30013,0,8,3,0,0,0,0,0,5,202,21
JSO,mixed_smooth_30013,20,11,8,18,0,0,0,0,3,196,19
JO,mixed_smooth_30013,0,10,6,0,0,0,0,0,4,236,20
SO,mixed_smooth_30013,22,9,6,20,0,0,0,0,3,192,19
insert80,mixed_smooth_30013,0,0,0,0,0,0,0,0,2,190,18
insert200,mixed_smooth_30013,0,0,0,0,0,0,0,0,2,191,18
aligned,mixed_smooth_30013,0,0,0,0,0,0,0,0,3,258,19
bracket,mixed_smooth_30013,0,0,0,0,0,0,0,0,6,204,22
insert400,mixed_smooth_30013,0,0,0,0,0,0,0,0,3,195,19
optical2,mixed_smooth_30013,0,0,0,0,0,0,0,0,4,208,20
JSO_p85,mixed_smooth_30013,15,10,9,15,0,0,0,0,1,205,17
short_clear,mixed_smooth_30013,0,0,0,0,0,0,0,0,4,205,20
optical4,mixed_smooth_30013,0,0,0,0,0,0,0,0,4,208,20
JSO_p50,mixed_smooth_30013,20,14,9,17,0,0,0,0,5,211,21
JSO_r120,mixed_smooth_30013,18,12,8,16,0,0,0,0,4,195,20
JSO_r160,mixed_smooth_30013,18,12,8,16,0,0,0,0,4,195,20
JSO_compact,mixed_smooth_30013,20,11,8,17,0,0,0,0,3,197,19
doptimal,mixed_smooth_30013,0,0,0,0,0,0,0,0,1,232,17
JSO_outer1980,mixed_smooth_30013,20,11,8,18,0,0,0,0,3,247,19
previous_best,mixed_smooth_30014,0,0,0,0,0,0,0,0,3,230,18
J,mixed_smooth_30014,0,0,0,0,0,0,0,0,3,233,18
JSO_compact_dopt,mixed_smooth_30013,19,10,6,18,0,0,0,0,4,228,20
baseline,mixed_smooth_30014,0,0,0,0,0,0,0,0,2,265,17
S_doptimal,mixed_smooth_30013,17,0,0,16,0,0,0,0,5,203,21
SO_doptimal,mixed_smooth_30013,13,13,4,12,0,0,0,0,9,207,25
JS,mixed_smooth_30014,15,0,0,13,0,0,0,0,4,234,19
S_dopt_short,mixed_smooth_30013,17,0,0,16,0,0,0,0,5,203,21
S,mixed_smooth_30014,25,0,0,24,0,0,0,0,8,263,23
O,mixed_smooth_30014,0,8,6,0,0,0,0,0,2,266,17
JO,mixed_smooth_30014,0,10,8,0,0,0,0,0,2,231,17
insert80,mixed_smooth_30014,0,0,0,0,0,0,0,0,0,303,15
JSO,mixed_smooth_30014,15,10,7,13,0,0,0,0,3,233,18
insert200,mixed_smooth_30014,0,0,0,0,0,0,0,0,0,307,15
insert400,mixed_smooth_30014,0,0,0,0,0,0,0,0,0,314,15
aligned,mixed_smooth_30014,0,0,0,0,0,0,0,0,0,235,15
SO,mixed_smooth_30014,23,14,4,20,0,0,0,0,10,282,25
bracket,mixed_smooth_30014,0,0,0,0,0,0,0,0,2,265,17
optical4,mixed_smooth_30014,0,0,0,0,0,0,0,0,2,265,17
JSO_p50,mixed_smooth_30014,17,10,7,13,0,0,0,0,3,236,18
optical2,mixed_smooth_30014,0,0,0,0,0,0,0,0,2,265,17
JSO_p85,mixed_smooth_30014,13,9,7,12,0,0,0,0,2,231,17
short_clear,mixed_smooth_30014,0,0,0,0,0,0,0,0,2,265,17
JSO_r120,mixed_smooth_30014,15,10,7,13,0,0,0,0,3,233,18
JSO_r160,mixed_smooth_30014,15,10,6,13,0,0,0,0,4,233,19
doptimal,mixed_smooth_30014,0,0,0,0,0,0,0,0,3,235,18
JSO_compact,mixed_smooth_30014,15,10,7,13,0,0,0,0,3,235,18
JSO_outer1980,mixed_smooth_30014,23,13,5,18,0,0,0,0,8,260,23
baseline,mixed_smooth_30015,0,0,0,0,0,0,0,0,5,303,18
previous_best,mixed_smooth_30015,0,0,0,0,0,0,0,0,2,279,15
J,mixed_smooth_30015,0,0,0,0,0,0,0,0,4,278,17
S,mixed_smooth_30015,13,0,0,13,0,0,0,0,5,272,18
S_doptimal,mixed_smooth_30014,15,0,0,14,0,0,0,0,2,241,17
JS,mixed_smooth_30015,14,0,0,13,0,0,0,0,4,276,17
S_dopt_short,mixed_smooth_30014,15,0,0,14,0,0,0,0,2,242,17
SO_doptimal,mixed_smooth_30014,14,11,6,14,0,0,0,0,5,238,20
O,mixed_smooth_30015,0,8,3,0,0,0,0,0,5,302,18
JSO_compact_dopt,mixed_smooth_30014,15,12,8,13,0,0,0,0,4,231,19
SO,mixed_smooth_30015,10,9,5,10,0,0,0,0,4,268,17
JO,mixed_smooth_30015,0,9,5,0,0,0,0,0,4,278,17
JSO,mixed_smooth_30015,14,8,6,13,0,0,0,0,2,275,15
insert200,mixed_smooth_30015,0,0,0,0,0,0,0,0,2,299,15
insert80,mixed_smooth_30015,0,0,0,0,0,0,0,0,5,271,18
insert400,mixed_smooth_30015,0,0,0,0,0,0,0,0,5,286,18
aligned,mixed_smooth_30015,0,0,0,0,0,0,0,0,4,292,17
JSO_p50,mixed_smooth_30015,15,7,4,13,0,0,0,0,3,276,16
JSO_r120,mixed_smooth_30015,14,10,7,13,0,0,0,0,3,275,16
optical2,mixed_smooth_30015,0,0,0,0,0,0,0,0,5,303,18
bracket,mixed_smooth_30015,0,0,0,0,0,0,0,0,6,310,19
optical4,mixed_smooth_30015,0,0,0,0,1,1,4,1,5,302,18
JSO_p85,mixed_smooth_30015,15,7,4,14,0,0,0,0,3,264,16
short_clear,mixed_smooth_30015,0,0,0,0,0,0,0,0,5,303,18
JSO_r160,mixed_smooth_30015,14,10,7,13,0,0,0,0,3,275,16
JSO_outer1980,mixed_smooth_30015,14,10,8,13,0,0,0,0,2,275,15
doptimal,mixed_smooth_30015,0,0,0,0,0,0,0,0,1,277,14
JSO_compact,mixed_smooth_30015,14,9,6,13,0,0,0,0,3,275,16
previous_best,mixed_smooth_30016,0,0,0,0,0,0,0,0,5,219,21
J,mixed_smooth_30016,0,0,0,0,0,0,0,0,2,210,18
baseline,mixed_smooth_30016,0,0,0,0,0,0,0,0,6,197,22
JSO_compact_dopt,mixed_smooth_30015,15,7,4,14,0,0,0,0,3,275,16
JS,mixed_smooth_30016,21,0,0,19,0,0,0,0,1,227,17
S_doptimal,mixed_smooth_30015,23,0,0,19,0,0,0,0,4,290,17
S,mixed_smooth_30016,31,0,0,29,0,0,0,0,3,238,19
S_dopt_short,mixed_smooth_30015,24,0,0,20,0,0,0,0,1,281,14
SO_doptimal,mixed_smooth_30015,19,7,3,16,0,0,0,0,4,284,17
O,mixed_smooth_30016,0,9,6,0,0,0,0,0,3,195,19
JO,mixed_smooth_30016,0,10,8,0,0,0,0,0,2,211,18
JSO,mixed_smooth_30016,19,13,9,17,0,0,0,0,4,228,20
insert80,mixed_smooth_30016,0,0,0,0,0,0,0,0,1,193,17
insert200,mixed_smooth_30016,0,0,0,0,0,0,0,0,1,194,17
SO,mixed_smooth_30016,29,14,5,26,0,0,0,0,9,241,25
aligned,mixed_smooth_30016,0,0,0,0,0,0,0,0,3,210,19
insert400,mixed_smooth_30016,0,0,0,0,0,0,0,0,4,182,20
optical2,mixed_smooth_30016,0,0,0,0,0,0,0,0,6,197,22
bracket,mixed_smooth_30016,0,0,0,0,0,0,0,0,3,249,19
JSO_p50,mixed_smooth_30016,21,13,9,17,0,0,0,0,4,227,20
optical4,mixed_smooth_30016,0,0,0,0,0,0,0,0,6,197,22
short_clear,mixed_smooth_30016,0,0,0,0,0,0,0,0,6,197,22
JSO_r120,mixed_smooth_30016,19,14,9,17,0,0,0,0,5,225,21
JSO_p85,mixed_smooth_30016,17,10,5,15,0,0,0,0,5,222,21
JSO_r160,mixed_smooth_30016,17,14,9,16,0,0,0,0,5,223,21
JSO_compact,mixed_smooth_30016,19,12,8,17,0,0,0,0,4,228,20
JSO_outer1980,mixed_smooth_30016,19,12,8,17,0,0,0,0,4,228,20
doptimal,mixed_smooth_30016,0,0,0,0,0,0,0,0,1,182,17
J,mixed_smooth_30017,0,0,0,0,0,0,0,0,2,282,14
baseline,mixed_smooth_30017,0,0,0,0,0,0,0,0,2,334,14
previous_best,mixed_smooth_30017,0,0,0,0,0,0,0,0,8,281,20
O,mixed_smooth_30017,0,4,2,0,0,0,0,0,2,334,14
S,mixed_smooth_30017,14,0,0,13,0,0,0,0,2,320,14
JS,mixed_smooth_30017,20,0,0,18,0,0,0,0,3,289,15
JSO_compact_dopt,mixed_smooth_30016,20,10,4,20,0,0,0,0,6,166,22
S_doptimal,mixed_smooth_30016,33,0,0,32,0,0,0,0,1,248,17
SO_doptimal,mixed_smooth_30016,26,13,5,26,0,0,0,0,8,251,24
JO,mixed_smooth_30017,0,7,5,0,0,0,0,0,2,282,14
S_dopt_short,mixed_smooth_30016,33,0,0,32,0,0,0,0,1,248,17
JSO,mixed_smooth_30017,17,7,4,15,0,0,0,0,3,286,15
SO,mixed_smooth_30017,13,7,3,12,0,0,0,0,4,320,16
insert200,mixed_smooth_30017,0,0,0,0,0,0,0,0,1,304,13
insert80,mixed_smooth_30017,0,0,0,0,0,0,0,0,1,305,13
insert400,mixed_smooth_30017,0,0,0,0,0,0,0,0,2,318,14
aligned,mixed_smooth_30017,0,0,0,0,0,0,0,0,3,331,15
optical2,mixed_smooth_30017,0,0,0,0,0,0,0,0,2,334,14
optical4,mixed_smooth_30017,0,0,0,0,0,0,0,0,2,334,14
bracket,mixed_smooth_30017,0,0,0,0,0,0,0,0,3,336,15
short_clear,mixed_smooth_30017,0,0,0,0,0,0,0,0,2,334,14
JSO_r120,mixed_smooth_30017,14,9,5,12,0,0,0,0,4,281,16
doptimal,mixed_smooth_30017,0,0,0,0,0,0,0,0,3,333,15
JSO_p50,mixed_smooth_30017,19,7,4,16,0,0,0,0,3,286,15
JSO_r160,mixed_smooth_30017,14,9,4,12,0,0,0,0,5,282,17
JSO_p85,mixed_smooth_30017,10,10,6,8,0,0,0,0,4,287,16
JSO_outer1980,mixed_smooth_30017,17,7,4,15,0,0,0,0,3,286,15
JSO_compact,mixed_smooth_30017,13,10,5,12,0,0,0,0,5,274,17
JSO_compact_dopt,mixed_smooth_30017,10,8,5,9,0,0,0,0,3,270,15
S_dopt_short,mixed_smooth_30017,7,0,0,6,0,0,0,0,2,296,14
SO_doptimal,mixed_smooth_30017,8,3,0,6,0,0,0,0,3,299,15
J,mixed_smooth_30018,0,0,0,0,0,0,0,0,6,161,22
previous_best,mixed_smooth_30018,0,0,0,0,0,0,0,0,7,179,23
baseline,mixed_smooth_30018,0,0,0,0,0,0,0,0,3,166,19
S_doptimal,mixed_smooth_30017,8,0,0,7,0,0,0,0,1,295,13
O,mixed_smooth_30018,0,5,3,0,0,0,0,0,2,163,18
JS,mixed_smooth_30018,24,0,0,21,0,0,0,0,6,171,22
S,mixed_smooth_30018,29,0,0,25,0,0,0,0,5,141,21
JO,mixed_smooth_30018,0,11,5,0,0,0,0,0,6,163,22
JSO,mixed_smooth_30018,22,12,7,19,0,0,0,0,5,168,21
insert80,mixed_smooth_30018,0,0,0,0,0,0,0,0,9,171,25
SO,mixed_smooth_30018,25,11,3,19,0,0,0,0,8,152,24
insert200,mixed_smooth_30018,0,0,0,0,0,0,0,0,9,177,25
insert400,mixed_smooth_30018,0,0,0,0,0,0,0,0,7,174,23
bracket,mixed_smooth_30018,0,0,0,0,0,0,0,0,4,155,20
aligned,mixed_smooth_30018,0,0,0,0,0,0,0,0,3,214,19
optical2,mixed_smooth_30018,0,0,0,0,0,0,0,0,3,166,19
optical4,mixed_smooth_30018,0,0,0,0,0,0,0,0,3,166,19
JSO_p50,mixed_smooth_30018,25,12,7,21,0,0,0,0,5,167,21
JSO_p85,mixed_smooth_30018,19,11,6,17,0,0,0,0,5,166,21
short_clear,mixed_smooth_30018,0,0,0,0,0,0,0,0,3,173,19
JSO_r160,mixed_smooth_30018,22,15,6,19,0,0,0,0,9,167,25
JSO_compact,mixed_smooth_30018,22,12,7,19,0,0,0,0,5,168,21
JSO_r120,mixed_smooth_30018,22,15,7,19,0,0,0,0,8,168,24
JSO_outer1980,mixed_smooth_30018,22,13,9,19,0,0,0,0,4,167,20
doptimal,mixed_smooth_30018,0,0,0,0,0,0,0,0,4,217,20
previous_best,mixed_smooth_30019,0,0,0,0,0,0,0,0,4,292,16
J,mixed_smooth_30019,0,0,0,0,0,0,0,0,3,289,15
baseline,mixed_smooth_30019,0,0,0,0,0,0,0,0,5,311,17
S,mixed_smooth_30019,20,0,0,20,0,0,0,0,2,317,14
JS,mixed_smooth_30019,21,0,0,20,0,0,0,0,3,296,15
O,mixed_smooth_30019,0,6,1,0,0,0,0,0,5,312,17
JO,mixed_smooth_30019,0,6,3,0,0,0,0,0,3,289,15
JSO_compact_dopt,mixed_smooth_30018,22,9,5,20,0,0,0,0,4,152,20
S_doptimal,mixed_smooth_30018,19,0,0,18,0,0,0,0,4,192,20
JSO,mixed_smooth_30019,17,10,5,15,0,0,0,0,5,295,17
insert80,mixed_smooth_30019,0,0,0,0,0,0,0,0,3,286,15
SO,mixed_smooth_30019,15,9,3,15,0,0,0,0,6,314,18
S_dopt_short,mixed_smooth_30018,20,0,0,19,0,0,0,0,4,191,20
insert200,mixed_smooth_30019,0,0,0,0,0,0,0,0,3,293,15
SO_doptimal,mixed_smooth_30018,19,9,3,18,0,0,0,0,6,195,22
insert400,mixed_smooth_30019,0,0,0,0,0,0,0,0,5,305,17
aligned,mixed_smooth_30019,0,0,0,0,0,0,0,0,1,284,13
JSO_p85,mixed_smooth_30019,13,10,5,12,0,0,0,0,5,293,17
optical2,mixed_smooth_30019,0,0,0,0,0,0,0,0,5,311,17
JSO_p50,mixed_smooth_30019,20,9,4,16,0,0,0,0,5,296,17
optical4,mixed_smooth_30019,0,0,0,0,1,1,4,1,7,309,19
bracket,mixed_smooth_30019,0,0,0,0,0,0,0,0,6,325,18
short_clear,mixed_smooth_30019,0,0,0,0,0,0,0,0,5,311,17
JSO_r120,mixed_smooth_30019,16,10,5,14,0,0,0,0,5,294,17
JSO_r160,mixed_smooth_30019,16,11,5,14,0,0,0,0,6,295,18
JSO_compact,mixed_smooth_30019,17,11,5,15,0,0,0,0,6,296,18
JSO_outer1980,mixed_smooth_30019,17,11,5,15,0,0,0,0,6,296,18
doptimal,mixed_smooth_30019,0,0,0,0,0,0,0,0,4,307,16
JSO_compact_dopt,mixed_smooth_30019,17,9,4,15,0,0,0,0,5,298,17
J,mixed_smooth_30020,0,0,0,0,0,0,0,0,6,199,21
baseline,mixed_smooth_30020,0,0,0,0,0,0,0,0,4,241,19
S,mixed_smooth_30020,22,0,0,22,0,0,0,0,2,246,17
previous_best,mixed_smooth_30020,0,0,0,0,0,0,0,0,6,198,21
S_doptimal,mixed_smooth_30019,18,0,0,17,0,0,0,0,4,312,16
S_dopt_short,mixed_smooth_30019,18,0,0,17,0,0,0,0,4,312,16
JS,mixed_smooth_30020,22,0,0,20,0,0,0,0,5,224,20
SO_doptimal,mixed_smooth_30019,18,9,3,17,0,0,0,0,6,321,18
O,mixed_smooth_30020,0,6,5,0,0,0,0,0,1,240,16
JSO,mixed_smooth_30020,19,8,3,16,0,0,0,0,5,222,20
JO,mixed_smooth_30020,0,12,8,0,0,0,0,0,4,198,19
insert80,mixed_smooth_30020,0,0,0,0,0,0,0,0,5,250,20
insert400,mixed_smooth_30020,0,0,0,0,0,0,0,0,4,266,19
insert200,mixed_smooth_30020,0,0,0,0,0,0,0,0,4,248,19
aligned,mixed_smooth_30020,0,0,0,0,0,0,0,0,7,253,22
SO,mixed_smooth_30020,23,11,4,22,0,0,0,0,7,231,22
bracket,mixed_smooth_30020,0,0,0,0,0,0,0,0,2,246,17
optical2,mixed_smooth_30020,0,0,0,0,0,0,0,0,4,241,19
optical4,mixed_smooth_30020,0,0,0,0,1,1,4,1,4,240,19
JSO_p85,mixed_smooth_30020,14,7,3,13,0,0,0,0,4,257,19
JSO_p50,mixed_smooth_30020,20,9,4,17,0,0,0,0,5,222,20
JSO_r120,mixed_smooth_30020,19,9,3,16,0,0,0,0,6,223,21
JSO_compact,mixed_smooth_30020,18,8,4,15,0,0,0,0,4,222,19
JSO_outer1980,mixed_smooth_30020,17,8,4,14,0,0,0,0,4,219,19
JSO_r160,mixed_smooth_30020,19,9,3,16,0,0,0,0,6,223,21
short_clear,mixed_smooth_30020,0,0,0,0,0,0,0,0,4,241,19
doptimal,mixed_smooth_30020,0,0,0,0,0,0,0,0,4,249,19
J,mixed_smooth_30021,0,0,0,0,0,0,0,0,3,183,19
previous_best,mixed_smooth_30021,0,0,0,0,0,0,0,0,4,176,20
baseline,mixed_smooth_30021,0,0,0,0,0,0,0,0,6,226,22
JSO_compact_dopt,mixed_smooth_30020,20,9,6,19,0,0,0,0,3,243,18
S_doptimal,mixed_smooth_30020,23,0,0,22,0,0,0,0,4,266,19
O,mixed_smooth_30021,0,9,5,0,0,0,0,0,4,201,20
JS,mixed_smooth_30021,22,0,0,20,0,0,0,0,5,181,21
S,mixed_smooth_30021,26,0,0,24,0,0,0,0,4,261,20
SO_doptimal,mixed_smooth_30020,21,11,6,20,0,0,0,0,5,264,20
S_dopt_short,mixed_smooth_30020,20,0,0,20,0,0,0,0,6,277,21
JO,mixed_smooth_30021,0,8,5,0,0,0,0,0,3,184,19
JSO,mixed_smooth_30021,19,13,7,17,0,1,7,0,9,186,25
insert400,mixed_smooth_30021,0,0,0,0,0,0,0,0,6,230,22
insert200,mixed_smooth_30021,0,0,0,0,0,0,0,0,6,230,22
insert80,mixed_smooth_30021,0,0,0,0,0,0,0,0,6,229,22
aligned,mixed_smooth_30021,0,0,0,0,0,0,0,0,5,238,21
SO,mixed_smooth_30021,25,9,2,23,0,0,0,0,7,243,23
optical2,mixed_smooth_30021,0,0,0,0,0,0,0,0,6,226,22
bracket,mixed_smooth_30021,0,0,0,0,0,0,0,0,6,226,22
optical4,mixed_smooth_30021,0,0,0,0,1,1,4,1,6,224,22
doptimal,mixed_smooth_30021,0,0,0,0,0,0,0,0,6,189,22
short_clear,mixed_smooth_30021,0,0,0,0,0,0,0,0,6,226,22
JSO_p85,mixed_smooth_30021,18,11,7,17,0,0,0,0,4,187,20
JSO_p50,mixed_smooth_30021,22,12,6,18,0,1,7,0,9,188,25
JSO_r120,mixed_smooth_30021,16,16,6,14,0,1,7,0,13,182,29
JSO_r160,mixed_smooth_30021,16,16,6,14,0,1,7,0,13,182,29
JSO_compact,mixed_smooth_30021,19,13,7,17,0,1,7,0,9,186,25
JSO_outer1980,mixed_smooth_30021,19,13,7,17,0,1,7,0,9,186,25
previous_best,mixed_smooth_30022,0,0,0,0,0,0,0,0,3,317,14
baseline,mixed_smooth_30022,0,0,0,0,0,0,0,0,4,333,15
J,mixed_smooth_30022,0,0,0,0,0,0,0,0,2,325,13
S,mixed_smooth_30022,10,0,0,9,0,0,0,0,3,334,14
S_doptimal,mixed_smooth_30021,24,0,0,23,0,0,0,0,2,182,18
JS,mixed_smooth_30022,9,0,0,8,0,0,0,0,1,326,12
O,mixed_smooth_30022,0,6,4,0,0,0,0,0,2,310,13
SO,mixed_smooth_30022,9,8,3,7,0,0,0,0,5,335,16
JO,mixed_smooth_30022,0,3,0,0,0,0,0,0,3,330,14
JSO,mixed_smooth_30022,10,4,1,8,0,0,0,0,3,317,14
S_dopt_short,mixed_smooth_30021,20,0,0,19,0,0,0,0,3,202,19
SO_doptimal,mixed_smooth_30021,20,11,8,19,0,0,0,0,3,180,19
JSO_compact_dopt,mixed_smooth_30021,15,9,7,13,0,0,0,0,2,171,18
insert80,mixed_smooth_30022,0,0,0,0,0,0,0,0,3,320,14
aligned,mixed_smooth_30022,0,0,0,0,0,0,0,0,1,337,12
insert400,mixed_smooth_30022,0,0,0,0,0,0,0,0,2,315,13
optical2,mixed_smooth_30022,0,0,0,0,0,0,0,0,4,333,15
insert200,mixed_smooth_30022,0,0,0,0,0,0,0,0,4,332,15
short_clear,mixed_smooth_30022,0,0,0,0,0,0,0,0,2,319,13
JSO_p50,mixed_smooth_30022,12,4,1,8,0,0,0,0,3,319,14
bracket,mixed_smooth_30022,0,0,0,0,0,0,0,0,2,316,13
optical4,mixed_smooth_30022,0,0,0,0,0,0,0,0,4,333,15
JSO_p85,mixed_smooth_30022,9,5,3,7,0,0,0,0,2,312,13
doptimal,mixed_smooth_30022,0,0,0,0,0,0,0,0,5,311,16
JSO_r160,mixed_smooth_30022,11,5,1,9,0,0,0,0,4,321,15
JSO_compact,mixed_smooth_30022,8,4,0,7,0,0,0,0,4,317,15
JSO_r120,mixed_smooth_30022,10,4,1,8,0,0,0,0,3,317,14
S_doptimal,mixed_smooth_30022,8,0,0,8,0,0,0,0,4,318,15
JSO_outer1980,mixed_smooth_30022,10,4,1,7,0,0,0,0,3,318,14
previous_best,mixed_smooth_30023,0,0,0,0,0,0,0,0,2,243,15
S_dopt_short,mixed_smooth_30022,8,0,0,8,0,0,0,0,4,318,15
baseline,mixed_smooth_30023,0,0,0,0,0,0,0,0,3,265,16
JSO_compact_dopt,mixed_smooth_30022,10,5,2,9,0,0,0,0,3,325,14
J,mixed_smooth_30023,0,0,0,0,0,0,0,0,2,245,15
SO_doptimal,mixed_smooth_30022,7,7,1,7,0,0,0,0,6,331,17
O,mixed_smooth_30023,0,8,5,0,0,0,0,0,3,265,16
JS,mixed_smooth_30023,20,0,0,20,0,0,0,0,4,256,17
S,mixed_smooth_30023,23,0,0,23,0,0,0,0,3,282,16
JSO,mixed_smooth_30023,18,11,7,18,0,0,0,0,4,252,17
insert80,mixed_smooth_30023,0,0,0,0,0,0,0,0,3,253,16
JO,mixed_smooth_30023,0,9,6,0,0,0,0,0,3,249,16
SO,mixed_smooth_30023,9,11,8,9,0,0,0,0,3,270,16
insert200,mixed_smooth_30023,0,0,0,0,0,0,0,0,1,251,14
aligned,mixed_smooth_30023,0,0,0,0,0,0,0,0,1,266,14
JSO_p50,mixed_smooth_30023,20,11,6,18,0,0,0,0,5,255,18
insert400,mixed_smooth_30023,0,0,0,0,0,0,0,0,5,270,18
short_clear,mixed_smooth_30023,0,0,0,0,0,0,0,0,3,265,16
optical2,mixed_smooth_30023,0,0,0,0,0,0,0,0,3,265,16
optical4,mixed_smooth_30023,0,0,0,0,0,0,0,0,3,265,16
bracket,mixed_smooth_30023,0,0,0,0,0,0,0,0,4,261,17
doptimal,mixed_smooth_30023,0,0,0,0,0,1,44,0,28,268,41
JSO_p85,mixed_smooth_30023,12,11,7,12,0,0,0,0,4,255,17
JSO_r120,mixed_smooth_30023,16,13,6,15,0,1,4,0,7,261,20
JSO_r160,mixed_smooth_30023,14,14,6,13,0,1,4,0,8,260,21
JSO_compact,mixed_smooth_30023,18,11,7,18,0,0,0,0,4,252,17
JSO_outer1980,mixed_smooth_30023,18,11,7,18,0,0,0,0,4,252,17
previous_best,mixed_smooth_30024,0,0,0,0,0,0,0,0,1,345,11
baseline,mixed_smooth_30024,0,0,0,0,0,0,0,0,1,313,11
JSO_compact_dopt,mixed_smooth_30023,16,12,9,16,0,0,0,0,3,256,16
S_doptimal,mixed_smooth_30023,22,0,0,22,0,0,0,0,2,277,15
S_dopt_short,mixed_smooth_30023,22,0,0,22,0,0,0,0,2,277,15
J,mixed_smooth_30024,0,0,0,0,0,0,0,0,1,348,11
JS,mixed_smooth_30024,16,0,0,15,0,0,0,0,1,352,11
S,mixed_smooth_30024,12,0,0,12,0,0,0,0,2,308,12
O,mixed_smooth_30024,0,4,3,0,0,0,0,0,1,319,11
SO_doptimal,mixed_smooth_30023,15,10,4,15,0,0,0,0,6,275,19
JO,mixed_smooth_30024,0,8,7,0,0,0,0,0,1,348,11
JSO,mixed_smooth_30024,12,9,7,11,0,0,0,0,2,349,12
SO,mixed_smooth_30024,11,6,4,11,0,0,0,0,2,306,12
insert200,mixed_smooth_30024,0,0,0,0,0,0,0,0,2,330,12
insert80,mixed_smooth_30024,0,0,0,0,0,0,0,0,0,319,10
insert400,mixed_smooth_30024,0,0,0,0,0,0,0,0,2,332,12
aligned,mixed_smooth_30024,0,0,0,0,0,0,0,0,1,358,11
bracket,mixed_smooth_30024,0,0,0,0,0,0,0,0,1,313,11
optical4,mixed_smooth_30024,0,0,0,0,0,0,0,0,1,313,11
optical2,mixed_smooth_30024,0,0,0,0,0,0,0,0,1,313,11
JSO_p50,mixed_smooth_30024,14,9,7,12,0,0,0,0,2,351,12
short_clear,mixed_smooth_30024,0,0,0,0,0,0,0,0,1,313,11
doptimal,mixed_smooth_30024,0,0,0,0,0,0,0,0,0,356,10
JSO_r120,mixed_smooth_30024,12,9,7,11,0,0,0,0,2,349,12
JSO_compact,mixed_smooth_30024,13,9,7,12,0,0,0,0,2,350,12
JSO_r160,mixed_smooth_30024,11,9,6,10,0,0,0,0,3,349,13
JSO_p85,mixed_smooth_30024,11,9,7,10,0,0,0,0,2,349,12
JSO_outer1980,mixed_smooth_30024,12,9,7,11,0,0,0,0,2,349,12
JSO_compact_dopt,mixed_smooth_30024,10,8,7,10,0,0,0,0,1,345,11
S_doptimal,mixed_smooth_30024,14,0,0,14,0,0,0,0,1,343,11
S_dopt_short,mixed_smooth_30024,13,0,0,13,0,0,0,0,2,329,12
J,mixed_smooth_30025,0,0,0,0,0,0,0,0,3,239,19
SO_doptimal,mixed_smooth_30024,12,7,2,12,0,0,0,0,5,353,15
previous_best,mixed_smooth_30025,0,0,0,0,0,0,0,0,10,211,26
S,mixed_smooth_30025,21,0,0,18,0,0,0,0,1,224,17
baseline,mixed_smooth_30025,0,0,0,0,0,0,0,0,4,251,20
JS,mixed_smooth_30025,26,0,0,24,0,0,0,0,5,184,21
O,mixed_smooth_30025,0,9,6,0,0,1,7,0,6,246,22
JO,mixed_smooth_30025,0,9,6,0,0,0,0,0,3,239,19
JSO,mixed_smooth_30025,19,10,6,17,0,0,0,0,4,176,20
insert80,mixed_smooth_30025,0,0,0,0,0,0,0,0,3,195,19
SO,mixed_smooth_30025,17,5,3,14,0,0,0,0,2,224,18
insert200,mixed_smooth_30025,0,0,0,0,0,0,0,0,5,205,21
aligned,mixed_smooth_30025,0,0,0,0,0,0,0,0,6,229,22
insert400,mixed_smooth_30025,0,0,0,0,0,0,0,0,6,197,22
bracket,mixed_smooth_30025,0,0,0,0,0,0,0,0,4,251,20
JSO_p50,mixed_smooth_30025,19,10,6,16,0,0,0,0,4,178,20
optical4,mixed_smooth_30025,0,0,0,0,1,1,4,1,4,250,20
optical2,mixed_smooth_30025,0,0,0,0,0,0,0,0,4,251,20
doptimal,mixed_smooth_30025,0,0,0,0,0,0,0,0,9,222,25
short_clear,mixed_smooth_30025,0,0,0,0,0,0,0,0,4,251,20
JSO_p85,mixed_smooth_30025,13,13,8,12,0,0,0,0,5,183,21
JSO_r160,mixed_smooth_30025,19,12,5,17,0,0,0,0,7,180,23
JSO_compact,mixed_smooth_30025,21,10,5,19,0,0,0,0,5,179,21
JSO_r120,mixed_smooth_30025,19,12,6,17,0,0,0,0,6,179,22
JSO_outer1980,mixed_smooth_30025,21,12,7,20,0,0,0,0,5,193,21
baseline,mixed_smooth_30026,0,0,0,0,0,0,0,0,4,170,20
J,mixed_smooth_30026,0,0,0,0,0,0,0,0,5,178,21
JSO_compact_dopt,mixed_smooth_30025,23,12,5,21,0,0,0,0,7,203,23
previous_best,mixed_smooth_30026,0,0,0,0,0,0,0,0,7,177,23
O,mixed_smooth_30026,0,10,6,0,0,0,0,0,4,171,20
S,mixed_smooth_30026,33,0,0,30,0,0,0,0,3,119,19
SO_doptimal,mixed_smooth_30025,18,8,2,18,0,0,0,0,6,214,22
JS,mixed_smooth_30026,32,0,0,29,0,0,0,0,7,162,23
S_dopt_short,mixed_smooth_30025,23,0,0,21,0,0,0,0,2,235,18
S_doptimal,mixed_smooth_30025,25,0,0,23,0,0,0,0,1,235,17
JSO,mixed_smooth_30026,30,13,4,26,0,0,0,0,9,163,25
JO,mixed_smooth_30026,0,11,7,0,0,0,0,0,4,180,20
insert80,mixed_smooth_30026,0,0,0,0,0,0,0,0,4,187,20
SO,mixed_smooth_30026,24,13,8,22,0,0,0,0,5,114,21
insert400,mixed_smooth_30026,0,0,0,0,0,0,0,0,6,187,22
aligned,mixed_smooth_30026,0,0,0,0,0,0,0,0,0,169,16
insert200,mixed_smooth_30026,0,0,0,0,0,0,0,0,7,194,23
optical2,mixed_smooth_30026,0,0,0,0,0,0,0,0,4,170,20
optical4,mixed_smooth_30026,0,0,0,0,1,1,4,1,4,169,20
JSO_p85,mixed_smooth_30026,24,14,5,22,0,0,0,0,9,159,25
short_clear,mixed_smooth_30026,0,0,0,0,0,0,0,0,4,170,20
JSO_p50,mixed_smooth_30026,29,16,5,22,0,0,0,0,11,158,27
JSO_r160,mixed_smooth_30026,25,15,2,21,0,0,0,0,13,159,29
JSO_r120,mixed_smooth_30026,27,15,3,23,0,0,0,0,12,160,28
bracket,mixed_smooth_30026,0,0,0,0,0,0,0,0,5,160,21
JSO_compact,mixed_smooth_30026,29,13,4,25,0,0,0,0,9,162,25
doptimal,mixed_smooth_30026,0,0,0,0,0,0,0,0,3,215,19
J,mixed_smooth_30027,0,0,0,0,0,0,0,0,3,275,14
JSO_outer1980,mixed_smooth_30026,30,13,4,26,0,0,0,0,9,163,25
baseline,mixed_smooth_30027,0,0,0,0,0,0,0,0,1,296,12
S,mixed_smooth_30027,19,0,0,17,0,0,0,0,3,335,14
previous_best,mixed_smooth_30027,0,0,0,0,0,0,0,0,3,282,14
O,mixed_smooth_30027,0,8,6,0,0,0,0,0,2,297,13
JS,mixed_smooth_30027,16,0,0,14,0,0,0,0,1,296,12
JO,mixed_smooth_30027,0,8,4,0,0,0,0,0,4,276,15
insert80,mixed_smooth_30027,0,0,0,0,0,0,0,0,1,280,12
JSO,mixed_smooth_30027,13,6,4,11,0,0,0,0,2,294,13
insert200,mixed_smooth_30027,0,0,0,0,0,0,0,0,1,280,12
SO,mixed_smooth_30027,16,8,5,15,0,0,0,0,3,332,14
S_dopt_short,mixed_smooth_30026,30,0,0,26,0,0,0,0,5,213,21
S_doptimal,mixed_smooth_30026,27,0,0,26,0,0,0,0,4,118,20
JSO_compact_dopt,mixed_smooth_30026,22,10,7,19,0,1,38,0,29,204,45
insert400,mixed_smooth_30027,0,0,0,0,0,0,0,0,5,276,16
SO_doptimal,mixed_smooth_30026,20,12,6,19,0,0,0,0,6,115,22
bracket,mixed_smooth_30027,0,0,0,0,0,0,0,0,1,296,12
aligned,mixed_smooth_30027,0,0,0,0,0,0,0,0,3,288,14
optical4,mixed_smooth_30027,0,0,0,0,0,0,0,0,1,296,12
JSO_p50,mixed_smooth_30027,15,7,5,12,0,0,0,0,2,295,13
short_clear,mixed_smooth_30027,0,0,0,0,0,0,0,0,1,296,12
JSO_p85,mixed_smooth_30027,12,5,2,11,0,0,0,0,3,295,14
optical2,mixed_smooth_30027,0,0,0,0,0,0,0,0,1,296,12
JSO_r120,mixed_smooth_30027,12,8,4,10,0,0,0,0,4,296,15
JSO_compact,mixed_smooth_30027,13,6,4,11,0,0,0,0,2,294,13
JSO_r160,mixed_smooth_30027,12,9,4,10,0,0,0,0,5,297,16
JSO_outer1980,mixed_smooth_30027,13,6,4,11,0,0,0,0,2,294,13
doptimal,mixed_smooth_30027,0,0,0,0,0,0,0,0,0,301,11
baseline,mixed_smooth_30028,0,0,0,0,0,0,0,0,4,331,14
previous_best,mixed_smooth_30028,0,0,0,0,0,0,0,0,2,314,12
S_doptimal,mixed_smooth_30027,27,0,0,26,0,0,0,0,2,296,13
JSO_compact_dopt,mixed_smooth_30027,11,6,3,8,0,0,0,0,3,269,14
JS,mixed_smooth_30028,14,0,0,11,0,0,0,0,1,311,11
J,mixed_smooth_30028,0,0,0,0,0,1,8,0,7,319,17
S,mixed_smooth_30028,14,0,0,12,0,0,0,0,4,336,14
O,mixed_smooth_30028,0,8,6,0,0,0,0,0,2,328,12
SO_doptimal,mixed_smooth_30027,22,9,3,22,0,0,0,0,6,306,17
S_dopt_short,mixed_smooth_30027,27,0,0,26,0,0,0,0,2,296,13
JO,mixed_smooth_30028,0,8,6,0,0,1,8,0,6,321,16
JSO,mixed_smooth_30028,14,10,7,12,0,0,0,0,3,311,13
insert80,mixed_smooth_30028,0,0,0,0,0,0,0,0,3,323,13
SO,mixed_smooth_30028,13,9,5,11,0,0,0,0,4,335,14
insert200,mixed_smooth_30028,0,0,0,0,0,0,0,0,2,325,12
insert400,mixed_smooth_30028,0,0,0,0,0,0,0,0,3,327,13
bracket,mixed_smooth_30028,0,0,0,0,0,0,0,0,4,330,14
aligned,mixed_smooth_30028,0,0,0,0,0,0,0,0,4,339,14
optical2,mixed_smooth_30028,0,0,0,0,0,0,0,0,4,331,14
optical4,mixed_smooth_30028,0,0,0,0,1,1,4,1,5,328,15
JSO_p50,mixed_smooth_30028,16,8,6,13,0,0,0,0,2,324,12
JSO_r160,mixed_smooth_30028,9,10,8,8,0,0,0,0,2,317,12
JSO_p85,mixed_smooth_30028,11,8,6,11,0,0,0,0,2,307,12
short_clear,mixed_smooth_30028,0,0,0,0,0,0,0,0,4,331,14
JSO_r120,mixed_smooth_30028,13,10,7,11,0,0,0,0,3,311,13
JSO_outer1980,mixed_smooth_30028,13,10,7,11,0,0,0,0,3,312,13
JSO_compact,mixed_smooth_30028,14,10,6,12,0,0,0,0,4,313,14
doptimal,mixed_smooth_30028,0,0,0,0,0,0,0,0,4,343,14
JSO_compact_dopt,mixed_smooth_30028,13,9,7,12,0,0,0,0,2,307,12
baseline,mixed_smooth_30029,0,0,0,0,0,0,0,0,1,273,13
S,mixed_smooth_30029,11,0,0,10,0,0,0,0,1,274,13
previous_best,mixed_smooth_30029,0,0,0,0,0,0,0,0,3,279,15
J,mixed_smooth_30029,0,0,0,0,0,0,0,0,2,279,14
JS,mixed_smooth_30029,17,0,0,13,0,0,0,0,1,273,13
O,mixed_smooth_30029,0,10,8,0,0,0,0,0,2,274,14
S_doptimal,mixed_smooth_30028,13,0,0,12,0,0,0,0,4,348,14
SO_doptimal,mixed_smooth_30028,11,7,6,10,0,0,0,0,1,345,11
SO,mixed_smooth_30029,8,10,8,7,0,0,0,0,2,272,14
S_dopt_short,mixed_smooth_30028,13,0,0,12,0,0,0,0,4,348,14
JO,mixed_smooth_30029,0,6,4,0,0,0,0,0,2,279,14
JSO,mixed_smooth_30029,15,6,3,11,0,0,0,0,3,273,15
insert80,mixed_smooth_30029,0,0,0,0,0,0,0,0,3,277,15
insert200,mixed_smooth_30029,0,0,0,0,0,0,0,0,2,276,14
insert400,mixed_smooth_30029,0,0,0,0,0,0,0,0,4,278,16
aligned,mixed_smooth_30029,0,0,0,0,0,0,0,0,1,261,13
bracket,mixed_smooth_30029,0,0,0,0,0,0,0,0,1,273,13
optical4,mixed_smooth_30029,0,0,0,0,0,0,0,0,1,273,13
optical2,mixed_smooth_30029,0,0,0,0,0,0,0,0,1,273,13
short_clear,mixed_smooth_30029,0,0,0,0,0,0,0,0,1,273,13
doptimal,mixed_smooth_30029,0,0,0,0,0,0,0,0,4,274,16
JSO_p50,mixed_smooth_30029,18,6,3,12,0,0,0,0,3,275,15
JSO_r120,mixed_smooth_30029,14,9,3,9,0,0,0,0,6,274,18
JSO_p85,mixed_smooth_30029,12,7,4,11,0,0,0,0,3,267,15
JSO_r160,mixed_smooth_30029,13,9,3,8,0,0,0,0,6,273,18
JSO_compact,mixed_smooth_30029,15,6,3,11,0,0,0,0,3,273,15
JSO_outer1980,mixed_smooth_30029,15,6,3,12,0,0,0,0,3,273,15
JSO_compact_dopt,mixed_smooth_30029,14,6,4,12,0,0,0,0,2,254,14
S_doptimal,mixed_smooth_30029,16,0,0,15,0,0,0,0,2,283,14
SO_doptimal,mixed_smooth_30029,8,6,4,8,0,0,0,0,2,278,14
baseline,mixed_smooth_30030,0,0,0,0,0,0,0,0,2,354,13
J,mixed_smooth_30030,0,0,0,0,0,0,0,0,4,362,15
previous_best,mixed_smooth_30030,0,0,0,0,0,0,0,0,1,343,12
S_dopt_short,mixed_smooth_30029,16,0,0,15,0,0,0,0,2,283,14
S,mixed_smooth_30030,14,0,0,14,0,0,0,0,3,349,14
JS,mixed_smooth_30030,9,0,0,9,0,0,0,0,5,363,16
O,mixed_smooth_30030,0,5,4,0,0,0,0,0,1,353,12
insert80,mixed_smooth_30030,0,0,0,0,0,0,0,0,1,308,12
SO,mixed_smooth_30030,7,8,5,7,0,0,0,0,3,341,14
JSO,mixed_smooth_30030,8,5,3,8,0,0,0,0,2,361,13
JO,mixed_smooth_30030,0,5,2,0,0,0,0,0,3,362,14
insert400,mixed_smooth_30030,0,0,0,0,0,0,0,0,2,332,13
aligned,mixed_smooth_30030,0,0,0,0,0,0,0,0,6,342,17
insert200,mixed_smooth_30030,0,0,0,0,0,0,0,0,2,356,13
bracket,mixed_smooth_30030,0,0,0,0,0,0,0,0,2,354,13
optical2,mixed_smooth_30030,0,0,0,0,0,0,0,0,2,354,13
optical4,mixed_smooth_30030,0,0,0,0,0,0,0,0,2,354,13
doptimal,mixed_smooth_30030,0,0,0,0,0,0,0,0,2,356,13
JSO_p85,mixed_smooth_30030,5,6,4,5,0,0,0,0,2,321,13
short_clear,mixed_smooth_30030,0,0,0,0,0,0,0,0,2,354,13
JSO_p50,mixed_smooth_30030,10,5,4,10,0,0,0,0,1,359,12
JSO_r120,mixed_smooth_30030,9,5,2,9,0,0,0,0,3,362,14
JSO_r160,mixed_smooth_30030,9,7,3,9,0,0,0,0,4,361,15
JSO_compact,mixed_smooth_30030,10,7,4,10,0,0,0,0,3,311,14
JSO_outer1980,mixed_smooth_30030,8,5,2,8,0,0,0,0,3,362,14
JSO_compact_dopt,mixed_smooth_30030,10,5,4,10,0,0,0,0,1,348,12
previous_best,mixed_smooth_30031,0,0,0,0,0,0,0,0,3,287,14
J,mixed_smooth_30031,0,0,0,0,0,0,0,0,1,288,12
SO_doptimal,mixed_smooth_30030,10,9,3,10,0,0,0,0,6,362,17
baseline,mixed_smooth_30031,0,0,0,0,0,0,0,0,3,299,14
S_doptimal,mixed_smooth_30030,16,0,0,16,0,0,0,0,5,368,16
S_dopt_short,mixed_smooth_30030,16,0,0,16,0,0,0,0,5,368,16
O,mixed_smooth_30031,0,9,5,0,0,0,0,0,4,300,15
S,mixed_smooth_30031,15,0,0,15,0,0,0,0,2,311,13
JS,mixed_smooth_30031,16,0,0,14,0,0,0,0,1,291,12
JO,mixed_smooth_30031,0,6,4,0,0,0,0,0,2,290,13
JSO,mixed_smooth_30031,17,7,3,15,0,0,0,0,4,295,15
insert80,mixed_smooth_30031,0,0,0,0,0,0,0,0,3,306,14
insert200,mixed_smooth_30031,0,0,0,0,0,0,0,0,2,306,13
insert400,mixed_smooth_30031,0,0,0,0,0,0,0,0,2,306,13
SO,mixed_smooth_30031,14,11,5,13,0,0,0,0,6,313,17
aligned,mixed_smooth_30031,0,0,0,0,0,0,0,0,2,301,13
bracket,mixed_smooth_30031,0,0,0,0,0,0,0,0,3,302,14
optical2,mixed_smooth_30031,0,0,0,0,0,0,0,0,3,299,14
optical4,mixed_smooth_30031,0,0,0,0,0,0,0,0,3,299,14
JSO_r120,mixed_smooth_30031,13,9,4,11,0,0,0,0,5,291,16
JSO_p50,mixed_smooth_30031,18,7,3,15,0,0,0,0,4,295,15
JSO_r160,mixed_smooth_30031,12,9,4,10,0,0,0,0,5,289,16
short_clear,mixed_smooth_30031,0,0,0,0,0,0,0,0,3,299,14
JSO_p85,mixed_smooth_30031,16,8,4,14,0,0,0,0,4,296,15
doptimal,mixed_smooth_30031,0,0,0,0,0,0,0,0,3,308,14
JSO_compact,mixed_smooth_30031,17,7,3,15,0,0,0,0,4,295,15
JSO_outer1980,mixed_smooth_30031,17,7,3,15,0,0,0,0,4,295,15
S_doptimal,mixed_smooth_30031,13,0,0,12,0,0,0,0,3,310,14
J,mixed_smooth_30032,0,0,0,0,0,0,0,0,3,311,14
JSO_compact_dopt,mixed_smooth_30031,14,9,5,13,0,0,0,0,4,297,15
baseline,mixed_smooth_30032,0,0,0,0,0,0,0,0,4,295,15
JS,mixed_smooth_30032,14,0,0,9,0,0,0,0,4,316,15
SO_doptimal,mixed_smooth_30031,14,8,2,13,0,0,0,0,6,304,17
previous_best,mixed_smooth_30032,0,0,0,0,0,0,0,0,3,294,14
S,mixed_smooth_30032,20,0,0,19,0,0,0,0,2,354,13
S_dopt_short,mixed_smooth_30031,13,0,0,12,0,0,0,0,3,310,14
O,mixed_smooth_30032,0,7,2,0,0,0,0,0,5,298,16
JO,mixed_smooth_30032,0,8,5,0,0,0,0,0,3,312,14
insert80,mixed_smooth_30032,0,0,0,0,0,0,0,0,2,279,13
JSO,mixed_smooth_30032,12,8,4,7,0,0,0,0,4,313,15
insert200,mixed_smooth_30032,0,0,0,0,0,0,0,0,3,293,14
SO,mixed_smooth_30032,16,10,5,15,0,0,0,0,5,355,16
insert400,mixed_smooth_30032,0,0,0,0,0,0,0,0,3,287,14
aligned,mixed_smooth_30032,0,0,0,0,0,0,0,0,3,338,14
bracket,mixed_smooth_30032,0,0,0,0,0,0,0,0,4,295,15
optical2,mixed_smooth_30032,0,0,0,0,0,0,0,0,4,295,15
doptimal,mixed_smooth_30032,0,0,0,0,0,0,0,0,2,321,13
short_clear,mixed_smooth_30032,0,0,0,0,0,0,0,0,4,295,15
optical4,mixed_smooth_30032,0,0,0,0,0,0,0,0,4,295,15
JSO_p85,mixed_smooth_30032,7,7,4,6,0,0,0,0,3,309,14
JSO_r120,mixed_smooth_30032,12,8,4,7,0,0,0,0,4,313,15
JSO_p50,mixed_smooth_30032,14,7,3,8,0,0,0,0,4,296,15
JSO_r160,mixed_smooth_30032,12,8,4,7,0,0,0,0,4,313,15
JSO_outer1980,mixed_smooth_30032,11,8,5,7,0,0,0,0,3,310,14
JSO_compact,mixed_smooth_30032,13,8,3,8,0,0,0,0,5,315,16
previous_best,mixed_smooth_30033,0,0,0,0,0,0,0,0,2,227,17
baseline,mixed_smooth_30033,0,0,0,0,0,0,0,0,3,230,18
J,mixed_smooth_30033,0,0,0,0,0,0,0,0,2,227,17
JSO_compact_dopt,mixed_smooth_30032,11,8,7,9,0,0,0,0,1,288,12
S,mixed_smooth_30033,24,0,0,24,0,0,0,0,3,224,18
O,mixed_smooth_30033,0,11,7,0,0,0,0,0,4,232,19
S_doptimal,mixed_smooth_30032,14,0,0,14,0,0,0,0,1,306,12
JS,mixed_smooth_30033,25,0,0,22,0,0,0,0,4,239,19
SO_doptimal,mixed_smooth_30032,11,6,3,9,0,0,0,0,3,305,14
S_dopt_short,mixed_smooth_30032,14,0,0,14,0,0,0,0,1,306,12
JO,mixed_smooth_30033,0,13,10,0,0,0,0,0,3,231,18
SO,mixed_smooth_30033,19,10,5,16,0,1,100,0,65,227,80
JSO,mixed_smooth_30033,22,14,7,20,0,0,0,0,7,246,22
insert80,mixed_smooth_30033,0,0,0,0,0,0,0,0,3,245,18
insert400,mixed_smooth_30033,0,0,0,0,0,1,100,0,100,266,115
insert200,mixed_smooth_30033,0,0,0,0,0,1,100,0,8,258,23
bracket,mixed_smooth_30033,0,0,0,0,0,0,0,0,3,230,18
optical2,mixed_smooth_30033,0,0,0,0,0,0,0,0,3,230,18
aligned,mixed_smooth_30033,0,0,0,0,0,1,100,0,10,239,25
optical4,mixed_smooth_30033,0,0,0,0,0,0,0,0,3,230,18
JSO_p50,mixed_smooth_30033,21,10,7,18,0,1,100,0,101,232,116
short_clear,mixed_smooth_30033,0,0,0,0,0,0,0,0,3,230,18
JSO_p85,mixed_smooth_30033,18,13,9,18,0,0,0,0,4,243,19
JSO_r160,mixed_smooth_30033,20,14,9,17,0,0,0,0,5,243,20
doptimal,mixed_smooth_30033,0,0,0,0,0,0,0,0,4,238,19
JSO_r120,mixed_smooth_30033,20,14,8,18,0,0,0,0,6,242,21
JSO_outer1980,mixed_smooth_30033,17,12,9,13,0,0,0,0,3,232,18
JSO_compact,mixed_smooth_30033,20,13,8,17,0,0,0,0,5,234,20
J,mixed_smooth_30034,0,0,0,0,0,0,0,0,4,314,15
previous_best,mixed_smooth_30034,0,0,0,0,0,0,0,0,2,311,13
baseline,mixed_smooth_30034,0,0,0,0,0,0,0,0,1,322,12
O,mixed_smooth_30034,0,3,2,0,0,0,0,0,1,322,12
S,mixed_smooth_30034,10,0,0,10,0,0,0,0,2,327,13
JS,mixed_smooth_30034,15,0,0,12,0,0,0,0,5,318,16
S_doptimal,mixed_smooth_30033,13,0,0,12,0,0,0,0,3,238,18
JSO_compact_dopt,mixed_smooth_30033,15,14,10,12,0,0,0,0,4,245,19
JO,mixed_smooth_30034,0,8,4,0,0,0,0,0,4,316,15
JSO,mixed_smooth_30034,12,9,5,9,0,0,0,0,4,317,15
insert80,mixed_smooth_30034,0,0,0,0,0,0,0,0,3,322,14
SO,mixed_smooth_30034,9,6,3,9,0,0,0,0,3,330,14
S_dopt_short,mixed_smooth_30033,13,0,0,12,0,0,0,0,3,238,18
insert200,mixed_smooth_30034,0,0,0,0,0,0,0,0,3,325,14
SO_doptimal,mixed_smooth_30033,10,11,4,9,0,0,0,0,7,245,22
insert400,mixed_smooth_30034,0,0,0,0,0,0,0,0,3,325,14
optical2,mixed_smooth_30034,0,0,0,0,0,0,0,0,1,322,12
aligned,mixed_smooth_30034,0,0,0,0,0,0,0,0,2,330,13
optical4,mixed_smooth_30034,0,0,0,0,0,0,0,0,1,322,12
short_clear,mixed_smooth_30034,0,0,0,0,0,0,0,0,1,322,12
bracket,mixed_smooth_30034,0,0,0,0,0,0,0,0,1,322,12
JSO_p50,mixed_smooth_30034,14,8,4,11,0,0,0,0,4,317,15
JSO_r160,mixed_smooth_30034,10,9,6,7,0,0,0,0,3,313,14
JSO_r120,mixed_smooth_30034,11,9,6,8,0,0,0,0,3,314,14
doptimal,mixed_smooth_30034,0,0,0,0,0,0,0,0,3,342,14
JSO_p85,mixed_smooth_30034,9,8,6,6,0,0,0,0,2,328,13
JSO_compact,mixed_smooth_30034,12,9,5,9,0,0,0,0,4,316,15
JSO_outer1980,mixed_smooth_30034,12,9,5,9,0,0,0,0,4,317,15
S_doptimal,mixed_smooth_30034,8,0,0,7,0,0,0,0,4,333,15
JSO_compact_dopt,mixed_smooth_30034,9,8,6,6,0,0,0,0,2,307,13
SO_doptimal,mixed_smooth_30034,6,11,6,6,0,0,0,0,5,334,16
J,mixed_smooth_30035,0,0,0,0,0,0,0,0,6,183,22
S_dopt_short,mixed_smooth_30034,8,0,0,7,0,0,0,0,4,333,15
previous_best,mixed_smooth_30035,0,0,0,0,0,0,0,0,6,180,22
baseline,mixed_smooth_30035,0,0,0,0,0,0,0,0,5,215,21
JS,mixed_smooth_30035,23,0,0,19,0,0,0,0,2,182,18
O,mixed_smooth_30035,0,10,4,0,0,0,0,0,6,216,22
S,mixed_smooth_30035,35,0,0,34,0,0,0,0,5,213,21
JO,mixed_smooth_30035,0,8,4,0,0,0,0,0,4,181,20
insert80,mixed_smooth_30035,0,0,0,0,0,0,0,0,5,178,21
insert200,mixed_smooth_30035,0,0,0,0,0,0,0,0,6,159,22
JSO,mixed_smooth_30035,23,12,7,19,0,0,0,0,5,210,21
SO,mixed_smooth_30035,20,11,3,19,0,0,0,0,8,193,24
insert400,mixed_smooth_30035,0,0,0,0,0,0,0,0,6,163,22
bracket,mixed_smooth_30035,0,0,0,0,0,0,0,0,6,217,22
aligned,mixed_smooth_30035,0,0,0,0,0,0,0,0,5,147,21
optical2,mixed_smooth_30035,0,0,0,0,0,0,0,0,5,215,21
optical4,mixed_smooth_30035,0,0,0,0,0,0,0,0,5,215,21
doptimal,mixed_smooth_30035,0,0,0,0,0,0,0,0,7,145,23
short_clear,mixed_smooth_30035,0,0,0,0,0,0,0,0,5,215,21
JSO_p50,mixed_smooth_30035,26,11,7,19,0,0,0,0,4,200,20
JSO_p85,mixed_smooth_30035,21,9,4,17,0,0,0,0,5,205,21
JSO_r160,mixed_smooth_30035,18,13,5,15,0,0,0,0,8,132,24
JSO_compact,mixed_smooth_30035,23,12,7,19,0,0,0,0,5,210,21
JSO_r120,mixed_smooth_30035,21,13,3,18,0,0,0,0,10,164,26
JSO_outer1980,mixed_smooth_30035,23,12,7,19,0,0,0,0,5,210,21
S_doptimal,mixed_smooth_30035,25,0,0,23,0,0,0,0,4,227,20
J,mixed_smooth_30036,0,0,0,0,0,0,0,0,3,238,18
S_dopt_short,mixed_smooth_30035,18,0,0,18,0,0,0,0,4,135,20
previous_best,mixed_smooth_30036,0,0,0,0,0,0,0,0,3,238,18
SO_doptimal,mixed_smooth_30035,16,8,3,14,0,0,0,0,5,202,21
baseline,mixed_smooth_30036,0,0,0,0,0,0,0,0,3,221,18
JS,mixed_smooth_30036,18,0,0,17,0,0,0,0,1,245,16
JSO_compact_dopt,mixed_smooth_30035,18,7,3,15,0,0,0,0,4,212,20
S,mixed_smooth_30036,20,0,0,19,0,0,0,0,6,251,21
O,mixed_smooth_30036,0,7,2,0,0,0,0,0,5,226,20
JO,mixed_smooth_30036,0,11,8,0,0,0,0,0,3,238,18
JSO,mixed_smooth_30036,18,9,6,17,0,0,0,0,3,247,18
insert80,mixed_smooth_30036,0,0,0,0,0,0,0,0,2,221,17
insert200,mixed_smooth_30036,0,0,0,0,0,0,0,0,3,240,18
aligned,mixed_smooth_30036,0,0,0,0,0,0,0,0,1,242,16
SO,mixed_smooth_30036,17,11,4,15,0,0,0,0,7,252,22
insert400,mixed_smooth_30036,0,0,0,0,0,0,0,0,2,239,17
JSO_p50,mixed_smooth_30036,19,9,6,17,0,0,0,0,3,248,18
bracket,mixed_smooth_30036,0,0,0,0,0,0,0,0,5,222,20
optical2,mixed_smooth_30036,0,0,0,0,0,0,0,0,3,221,18
optical4,mixed_smooth_30036,0,0,0,0,1,1,4,1,5,220,20
doptimal,mixed_smooth_30036,0,0,0,0,0,0,0,0,4,264,19
short_clear,mixed_smooth_30036,0,0,0,0,0,0,0,0,4,226,19
JSO_r120,mixed_smooth_30036,21,9,4,20,0,0,0,0,5,253,20
JSO_r160,mixed_smooth_30036,21,10,4,20,0,0,0,0,6,254,21
JSO_compact,mixed_smooth_30036,18,10,7,17,0,0,0,0,3,247,18
JSO_p85,mixed_smooth_30036,16,12,6,15,0,0,0,0,6,245,21
JSO_outer1980,mixed_smooth_30036,21,9,5,19,0,0,0,0,4,252,19
previous_best,mixed_smooth_30037,0,0,0,0,0,0,0,0,4,263,17
J,mixed_smooth_30037,0,0,0,0,0,0,0,0,4,274,17
baseline,mixed_smooth_30037,0,0,0,0,0,0,0,0,3,314,16
JSO_compact_dopt,mixed_smooth_30036,18,10,7,17,0,0,0,0,3,247,18
S,mixed_smooth_30037,15,0,0,13,0,0,0,0,2,320,15
S_dopt_short,mixed_smooth_30036,19,0,0,19,0,0,0,0,3,269,18
O,mixed_smooth_30037,0,8,6,0,0,0,0,0,2,314,15
JS,mixed_smooth_30037,14,0,0,12,0,0,0,0,5,271,18
S_doptimal,mixed_smooth_30036,22,0,0,22,0,0,0,0,3,276,18
SO_doptimal,mixed_smooth_30036,15,11,4,14,0,0,0,0,7,272,22
JO,mixed_smooth_30037,0,11,5,0,0,0,0,0,6,278,19
insert80,mixed_smooth_30037,0,0,0,0,0,0,0,0,2,318,15
JSO,mixed_smooth_30037,14,10,4,12,0,0,0,0,6,273,19
SO,mixed_smooth_30037,10,9,5,9,0,0,0,0,4,322,17
insert200,mixed_smooth_30037,0,0,0,0,0,0,0,0,1,323,14
aligned,mixed_smooth_30037,0,0,0,0,0,0,0,0,2,309,15
insert400,mixed_smooth_30037,0,0,0,0,0,0,0,0,3,330,16
bracket,mixed_smooth_30037,0,0,0,0,0,0,0,0,3,315,16
optical2,mixed_smooth_30037,0,0,0,0,0,0,0,0,3,314,16
optical4,mixed_smooth_30037,0,0,0,0,1,1,4,1,5,313,18
JSO_p50,mixed_smooth_30037,15,11,7,14,0,0,0,0,4,279,17
JSO_p85,mixed_smooth_30037,11,10,5,11,0,0,0,0,5,268,18
short_clear,mixed_smooth_30037,0,0,0,0,0,0,0,0,3,314,16
doptimal,mixed_smooth_30037,0,0,0,0,0,0,0,0,1,308,14
JSO_r120,mixed_smooth_30037,17,11,2,15,0,0,0,0,9,276,22
JSO_outer1980,mixed_smooth_30037,14,10,5,13,0,0,0,0,5,268,18
JSO_r160,mixed_smooth_30037,17,11,2,15,0,0,0,0,9,276,22
JSO_compact,mixed_smooth_30037,14,10,5,12,0,0,0,0,5,270,18
S_doptimal,mixed_smooth_30037,16,0,0,14,0,0,0,0,4,298,17
previous_best,mixed_smooth_30038,0,0,0,0,0,0,0,0,3,281,15
baseline,mixed_smooth_30038,0,0,0,0,0,0,0,0,2,286,14
J,mixed_smooth_30038,0,0,0,0,0,0,0,0,2,280,14
JSO_compact_dopt,mixed_smooth_30037,11,5,2,7,0,0,0,0,3,312,16
S_dopt_short,mixed_smooth_30037,16,0,0,14,0,0,0,0,4,298,17
JS,mixed_smooth_30038,17,0,0,17,0,0,0,0,2,281,14
SO_doptimal,mixed_smooth_30037,14,11,5,13,0,0,0,0,6,299,19
S,mixed_smooth_30038,19,0,0,17,0,0,0,0,3,277,15
O,mixed_smooth_30038,0,4,3,0,0,0,0,0,1,292,13
JO,mixed_smooth_30038,0,7,5,0,0,0,0,0,2,280,14
JSO,mixed_smooth_30038,16,6,3,16,0,0,0,0,3,282,15
insert80,mixed_smooth_30038,0,0,0,0,0,0,0,0,2,283,14
SO,mixed_smooth_30038,12,7,4,10,0,0,0,0,3,270,15
insert200,mixed_smooth_30038,0,0,0,0,0,0,0,0,2,286,14
insert400,mixed_smooth_30038,0,0,0,0,0,0,0,0,2,286,14
aligned,mixed_smooth_30038,0,0,0,0,0,0,0,0,3,302,15
bracket,mixed_smooth_30038,0,0,0,0,0,0,0,0,2,286,14
JSO_p50,mixed_smooth_30038,18,6,3,17,0,0,0,0,3,284,15
short_clear,mixed_smooth_30038,0,0,0,0,0,0,0,0,2,286,14
JSO_p85,mixed_smooth_30038,14,5,3,14,0,0,0,0,2,280,14
optical2,mixed_smooth_30038,0,0,0,0,0,0,0,0,2,286,14
optical4,mixed_smooth_30038,0,0,0,0,0,0,0,0,2,286,14
JSO_outer1980,mixed_smooth_30038,16,6,3,16,0,0,0,0,3,282,15
JSO_r120,mixed_smooth_30038,16,7,2,15,0,1,4,0,5,291,17
JSO_compact,mixed_smooth_30038,15,8,4,14,0,0,0,0,4,284,16
JSO_r160,mixed_smooth_30038,15,8,3,14,0,1,4,0,5,289,17
doptimal,mixed_smooth_30038,0,0,0,0,0,0,0,0,2,297,14
baseline,mixed_smooth_30039,0,0,0,0,0,0,0,0,4,292,16
SO_doptimal,mixed_smooth_30038,11,6,3,8,0,0,0,0,3,304,15
J,mixed_smooth_30039,0,0,0,0,0,0,0,0,4,265,16
previous_best,mixed_smooth_30039,0,0,0,0,0,0,0,0,4,266,16
JS,mixed_smooth_30039,16,0,0,15,0,0,0,0,5,268,17
JSO_compact_dopt,mixed_smooth_30038,16,12,5,14,0,0,0,0,7,288,19
S_dopt_short,mixed_smooth_30038,20,0,0,17,0,0,0,0,4,295,16
S_doptimal,mixed_smooth_30038,22,0,0,19,0,0,0,0,3,307,15
O,mixed_smooth_30039,0,8,4,0,0,0,0,0,4,293,16
S,mixed_smooth_30039,22,0,0,22,0,0,0,0,5,302,17
JO,mixed_smooth_30039,0,9,5,0,0,0,0,0,4,265,16
JSO,mixed_smooth_30039,13,10,6,11,0,0,0,0,4,264,16
insert80,mixed_smooth_30039,0,0,0,0,0,0,0,0,4,283,16
insert200,mixed_smooth_30039,0,0,0,0,0,0,0,0,4,292,16
aligned,mixed_smooth_30039,0,0,0,0,0,0,0,0,0,301,12
insert400,mixed_smooth_30039,0,0,0,0,0,0,0,0,4,291,16
SO,mixed_smooth_30039,20,10,5,19,0,0,0,0,5,296,17
doptimal,mixed_smooth_30039,0,0,0,0,0,0,0,0,3,290,15
bracket,mixed_smooth_30039,0,0,0,0,0,0,0,0,3,266,15
optical2,mixed_smooth_30039,0,0,0,0,0,0,0,0,4,292,16
JSO_p50,mixed_smooth_30039,14,10,6,12,0,0,0,0,4,265,16
JSO_p85,mixed_smooth_30039,10,10,7,8,0,0,0,0,3,264,15
short_clear,mixed_smooth_30039,0,0,0,0,0,0,0,0,4,292,16
JSO_r160,mixed_smooth_30039,13,10,6,11,0,0,0,0,4,264,16
optical4,mixed_smooth_30039,0,0,0,0,2,2,8,2,4,290,16
JSO_r120,mixed_smooth_30039,13,10,6,11,0,0,0,0,4,264,16
JSO_compact,mixed_smooth_30039,14,10,6,12,0,0,0,0,4,265,16
JSO_outer1980,mixed_smooth_30039,13,10,6,11,0,0,0,0,4,264,16
JSO_compact_dopt,mixed_smooth_30039,14,9,6,12,0,0,0,0,3,263,15
J,mixed_smooth_30040,0,0,0,0,0,0,0,0,3,271,18
baseline,mixed_smooth_30040,0,0,0,0,0,0,0,0,2,252,17
previous_best,mixed_smooth_30040,0,0,0,0,0,0,0,0,5,250,20
S,mixed_smooth_30040,21,0,0,21,0,0,0,0,2,264,17
JS,mixed_smooth_30040,21,0,0,20,0,0,0,0,3,223,18
O,mixed_smooth_30040,0,7,4,0,0,0,0,0,3,273,18
SO_doptimal,mixed_smooth_30039,17,9,4,13,0,0,0,0,5,298,17
S_dopt_short,mixed_smooth_30039,21,0,0,17,0,0,0,0,3,300,15
S_doptimal,mixed_smooth_30039,21,0,0,17,0,0,0,0,2,299,14
JO,mixed_smooth_30040,0,9,6,0,0,0,0,0,3,272,18
JSO,mixed_smooth_30040,21,12,8,20,0,0,0,0,4,224,19
insert80,mixed_smooth_30040,0,0,0,0,0,0,0,0,7,260,22
SO,mixed_smooth_30040,17,11,6,16,0,0,0,0,5,262,20
insert200,mixed_smooth_30040,0,0,0,0,0,0,0,0,7,261,22
aligned,mixed_smooth_30040,0,0,0,0,0,0,0,0,1,228,16
insert400,mixed_smooth_30040,0,0,0,0,0,0,0,0,5,289,20
bracket,mixed_smooth_30040,0,0,0,0,0,0,0,0,2,252,17
doptimal,mixed_smooth_30040,0,0,0,0,0,0,0,0,2,250,17
optical4,mixed_smooth_30040,0,0,0,0,1,1,4,1,4,251,19
JSO_p85,mixed_smooth_30040,15,9,5,14,0,0,0,0,4,258,19
optical2,mixed_smooth_30040,0,0,0,0,0,0,0,0,2,252,17
JSO_p50,mixed_smooth_30040,27,9,7,21,0,0,0,0,2,246,17
short_clear,mixed_smooth_30040,0,0,0,0,0,0,0,0,3,250,18
JSO_r120,mixed_smooth_30040,18,14,10,17,0,0,0,0,4,220,19
JSO_r160,mixed_smooth_30040,19,14,8,18,0,0,0,0,6,223,21
JSO_compact,mixed_smooth_30040,21,12,8,20,0,0,0,0,4,224,19
JSO_outer1980,mixed_smooth_30040,21,12,8,20,0,0,0,0,4,223,19
previous_best,mixed_smooth_30041,0,0,0,0,0,0,0,0,2,304,15
baseline,mixed_smooth_30041,0,0,0,0,0,0,0,0,2,299,15
J,mixed_smooth_30041,0,0,0,0,0,0,0,0,2,253,15
S,mixed_smooth_30041,24,0,0,23,0,0,0,0,2,298,15
O,mixed_smooth_30041,0,8,6,0,0,0,0,0,2,299,15
JS,mixed_smooth_30041,19,0,0,18,0,0,0,0,3,256,16
JSO_compact_dopt,mixed_smooth_30040,19,13,5,18,0,0,0,0,8,220,23
JO,mixed_smooth_30041,0,7,6,0,0,0,0,0,1,254,14
S_doptimal,mixed_smooth_30040,25,0,0,23,0,0,0,0,5,293,20
S_dopt_short,mixed_smooth_30040,24,0,0,22,0,0,0,0,5,292,20
SO,mixed_smooth_30041,18,9,7,17,0,0,0,0,2,291,15
insert80,mixed_smooth_30041,0,0,0,0,0,0,0,0,1,295,14
insert200,mixed_smooth_30041,0,0,0,0,0,0,0,0,0,291,13
SO_doptimal,mixed_smooth_30040,17,12,3,14,0,0,0,0,9,290,24
JSO,mixed_smooth_30041,15,11,6,14,0,0,0,0,5,254,18
aligned,mixed_smooth_30041,0,0,0,0,0,0,0,0,3,287,16
insert400,mixed_smooth_30041,0,0,0,0,0,0,0,0,4,308,17
optical4,mixed_smooth_30041,0,0,0,0,0,0,0,0,2,299,15
bracket,mixed_smooth_30041,0,0,0,0,0,0,0,0,3,300,16
optical2,mixed_smooth_30041,0,0,0,0,0,0,0,0,2,299,15
short_clear,mixed_smooth_30041,0,0,0,0,0,0,0,0,2,301,15
JSO_p50,mixed_smooth_30041,16,11,7,15,0,0,0,0,4,253,17
JSO_r120,mixed_smooth_30041,14,11,6,13,0,0,0,0,5,252,18
JSO_p85,mixed_smooth_30041,14,9,2,14,0,0,0,0,7,302,20
doptimal,mixed_smooth_30041,0,0,0,0,0,0,0,0,1,264,14
JSO_r160,mixed_smooth_30041,13,12,7,12,0,0,0,0,5,251,18
JSO_outer1980,mixed_smooth_30041,15,11,6,14,0,0,0,0,5,254,18
JSO_compact,mixed_smooth_30041,19,8,3,18,0,0,0,0,5,280,18
S_doptimal,mixed_smooth_30041,18,0,0,16,0,0,0,0,2,266,15
S_dopt_short,mixed_smooth_30041,16,0,0,15,0,0,0,0,2,259,15
J,mixed_smooth_30042,0,0,0,0,0,0,0,0,2,300,15
JSO_compact_dopt,mixed_smooth_30041,21,6,2,21,0,0,0,0,4,285,17
previous_best,mixed_smooth_30042,0,0,0,0,0,0,0,0,0,290,13
baseline,mixed_smooth_30042,0,0,0,0,0,0,0,0,4,319,17
S,mixed_smooth_30042,20,0,0,20,0,0,0,0,4,273,17
JS,mixed_smooth_30042,21,0,0,17,0,0,0,0,3,310,16
SO_doptimal,mixed_smooth_30041,12,8,6,11,0,0,0,0,2,265,15
JO,mixed_smooth_30042,0,7,5,0,0,0,0,0,2,300,15
O,mixed_smooth_30042,0,8,5,0,0,0,0,0,3,319,16
JSO,mixed_smooth_30042,21,9,5,17,0,0,0,0,4,313,17
SO,mixed_smooth_30042,15,10,5,14,0,0,0,0,5,314,18
insert80,mixed_smooth_30042,0,0,0,0,0,0,0,0,2,312,15
insert200,mixed_smooth_30042,0,0,0,0,0,0,0,0,2,312,15
aligned,mixed_smooth_30042,0,0,0,0,0,0,0,0,1,312,14
insert400,mixed_smooth_30042,0,0,0,0,0,0,0,0,2,314,15
JSO_p50,mixed_smooth_30042,21,11,6,17,0,0,0,0,5,313,18
optical2,mixed_smooth_30042,0,0,0,0,0,0,0,0,4,319,17
optical4,mixed_smooth_30042,0,0,0,0,1,1,4,1,4,318,17
bracket,mixed_smooth_30042,0,0,0,0,0,0,0,0,4,319,17
short_clear,mixed_smooth_30042,0,0,0,0,0,0,0,0,4,319,17
doptimal,mixed_smooth_30042,0,0,0,0,0,0,0,0,1,320,14
JSO_r120,mixed_smooth_30042,18,11,6,15,0,0,0,0,5,310,18
JSO_p85,mixed_smooth_30042,12,9,3,11,0,0,0,0,6,312,19
JSO_compact,mixed_smooth_30042,13,8,6,11,0,0,0,0,2,260,15
JSO_r160,mixed_smooth_30042,18,11,6,15,0,0,0,0,5,310,18
JSO_outer1980,mixed_smooth_30042,20,9,6,16,0,0,0,0,3,311,16
J,mixed_smooth_30043,0,0,0,0,0,0,0,0,2,293,12
previous_best,mixed_smooth_30043,0,0,0,0,0,0,0,0,3,293,13
baseline,mixed_smooth_30043,0,0,0,0,0,0,0,0,2,296,12
S_doptimal,mixed_smooth_30042,19,0,0,19,0,0,0,0,2,329,15
S_dopt_short,mixed_smooth_30042,19,0,0,19,0,0,0,0,2,329,15
O,mixed_smooth_30043,0,7,5,0,0,0,0,0,2,297,12
JO,mixed_smooth_30043,0,6,5,0,0,0,0,0,1,292,11
JS,mixed_smooth_30043,21,0,0,20,0,0,0,0,2,305,12
JSO,mixed_smooth_30043,14,6,3,12,0,0,0,0,3,299,13
S,mixed_smooth_30043,18,0,0,18,0,1,7,0,7,305,17
insert80,mixed_smooth_30043,0,0,0,0,0,0,0,0,2,298,12
SO,mixed_smooth_30043,16,7,3,15,0,0,0,0,4,312,14
insert200,mixed_smooth_30043,0,0,0,0,0,0,0,0,3,294,13
insert400,mixed_smooth_30043,0,0,0,0,0,0,0,0,3,292,13
SO_doptimal,mixed_smooth_30042,18,8,3,17,0,0,0,0,5,328,18
JSO_compact_dopt,mixed_smooth_30042,13,7,5,11,0,0,0,0,2,265,15
aligned,mixed_smooth_30043,0,0,0,0,0,0,0,0,4,295,14
optical2,mixed_smooth_30043,0,0,0,0,0,0,0,0,2,296,12
JSO_r160,mixed_smooth_30043,12,8,4,11,0,0,0,0,4,296,14
bracket,mixed_smooth_30043,0,0,0,0,0,0,0,0,3,297,13
short_clear,mixed_smooth_30043,0,0,0,0,0,0,0,0,2,296,12
JSO_r120,mixed_smooth_30043,13,7,3,11,0,0,0,0,4,297,14
optical4,mixed_smooth_30043,0,0,0,0,0,0,0,0,2,296,12
doptimal,mixed_smooth_30043,0,0,0,0,0,0,0,0,2,293,12
JSO_p85,mixed_smooth_30043,14,8,3,13,0,0,0,0,5,296,15
JSO_p50,mixed_smooth_30043,15,7,2,15,0,0,0,0,5,300,15
JSO_compact,mixed_smooth_30043,14,6,3,12,0,0,0,0,3,299,13
JSO_outer1980,mixed_smooth_30043,14,6,3,12,0,0,0,0,3,299,13
J,mixed_smooth_30044,0,0,0,0,0,0,0,0,3,249,18
previous_best,mixed_smooth_30044,0,0,0,0,0,0,0,0,3,233,18
S_doptimal,mixed_smooth_30043,22,0,0,22,0,0,0,0,4,310,14
S_dopt_short,mixed_smooth_30043,22,0,0,22,0,0,0,0,4,310,14
baseline,mixed_smooth_30044,0,0,0,0,0,0,0,0,5,263,20
SO_doptimal,mixed_smooth_30043,19,10,0,17,0,0,0,0,10,312,20
JSO_compact_dopt,mixed_smooth_30043,17,6,1,16,0,0,0,0,5,304,15
O,mixed_smooth_30044,0,8,5,0,0,0,0,0,3,264,18
JS,mixed_smooth_30044,24,0,0,24,0,0,0,0,6,256,21
S,mixed_smooth_30044,21,0,0,21,0,0,0,0,8,271,23
JO,mixed_smooth_30044,0,8,3,0,0,0,0,0,5,251,20
JSO,mixed_smooth_30044,19,13,6,18,0,0,0,0,7,252,22
insert80,mixed_smooth_30044,0,0,0,0,0,0,0,0,3,236,18
SO,mixed_smooth_30044,15,13,7,15,0,0,0,0,6,255,21
insert200,mixed_smooth_30044,0,0,0,0,0,0,0,0,3,262,18
insert400,mixed_smooth_30044,0,0,0,0,0,0,0,0,4,260,19
aligned,mixed_smooth_30044,0,0,0,0,0,0,0,0,4,201,19
bracket,mixed_smooth_30044,0,0,0,0,0,0,0,0,5,263,20
optical2,mixed_smooth_30044,0,0,0,0,0,0,0,0,5,263,20
doptimal,mixed_smooth_30044,0,0,0,0,0,0,0,0,3,244,18
short_clear,mixed_smooth_30044,0,0,0,0,0,0,0,0,5,273,20
optical4,mixed_smooth_30044,0,0,0,0,1,1,4,1,7,262,22
JSO_compact,mixed_smooth_30044,22,13,7,20,0,0,0,0,6,253,21
JSO_p50,mixed_smooth_30044,21,12,6,20,0,0,0,0,6,255,21
JSO_r120,mixed_smooth_30044,18,14,6,17,0,0,0,0,8,254,23
JSO_p85,mixed_smooth_30044,19,11,6,19,0,0,0,0,5,253,20
JSO_r160,mixed_smooth_30044,16,14,7,15,0,0,0,0,7,252,22
JSO_outer1980,mixed_smooth_30044,19,13,7,18,0,0,0,0,6,251,21
previous_best,mixed_smooth_30045,0,0,0,0,0,0,0,0,1,70,17
baseline,mixed_smooth_30045,0,0,0,0,0,0,0,0,1,92,17
JSO_compact_dopt,mixed_smooth_30044,21,12,4,21,0,0,0,0,8,259,23
O,mixed_smooth_30045,0,8,6,0,0,0,0,0,2,94,18
J,mixed_smooth_30045,0,0,0,0,0,0,0,0,3,117,19
S,mixed_smooth_30045,27,0,0,24,0,0,0,0,4,157,20
S_doptimal,mixed_smooth_30044,22,0,0,20,0,0,0,0,4,230,19
JS,mixed_smooth_30045,19,0,0,19,0,0,0,0,4,116,20
S_dopt_short,mixed_smooth_30044,22,0,0,20,0,0,0,0,4,230,19
SO_doptimal,mixed_smooth_30044,19,13,1,18,0,0,0,0,12,217,27
JO,mixed_smooth_30045,0,12,8,0,0,0,0,0,4,118,20
insert80,mixed_smooth_30045,0,0,0,0,0,0,0,0,1,119,17
insert200,mixed_smooth_30045,0,0,0,0,0,0,0,0,1,120,17
insert400,mixed_smooth_30045,0,0,0,0,0,0,0,0,1,120,17
JSO,mixed_smooth_30045,14,12,6,14,0,0,0,0,6,116,22
SO,mixed_smooth_30045,21,12,4,17,0,0,0,0,8,150,24
aligned,mixed_smooth_30045,0,0,0,0,0,0,0,0,2,145,18
bracket,mixed_smooth_30045,0,0,0,0,0,0,0,0,1,92,17
optical2,mixed_smooth_30045,0,0,0,0,0,0,0,0,1,92,17
JSO_p50,mixed_smooth_30045,18,14,8,17,0,0,0,0,6,127,22
optical4,mixed_smooth_30045,0,0,0,0,0,0,0,0,1,92,17
JSO_p85,mixed_smooth_30045,16,16,10,15,0,0,0,0,6,125,22
JSO_r120,mixed_smooth_30045,14,12,6,14,0,0,0,0,6,116,22
short_clear,mixed_smooth_30045,0,0,0,0,0,0,0,0,1,91,17
JSO_compact,mixed_smooth_30045,13,13,10,12,0,0,0,0,3,123,19
JSO_r160,mixed_smooth_30045,14,12,6,14,0,0,0,0,6,116,22
JSO_outer1980,mixed_smooth_30045,14,12,6,14,0,0,0,0,6,116,22
J,mixed_smooth_30046,0,0,0,0,0,0,0,0,2,273,16
doptimal,mixed_smooth_30045,0,0,0,0,0,0,0,0,2,106,18
previous_best,mixed_smooth_30046,0,0,0,0,0,0,0,0,5,272,19
baseline,mixed_smooth_30046,0,0,0,0,0,1,8,0,8,238,22
JSO_compact_dopt,mixed_smooth_30045,13,13,10,12,0,0,0,0,3,124,19
O,mixed_smooth_30046,0,6,3,0,0,0,0,0,3,231,17
JS,mixed_smooth_30046,19,0,0,18,0,0,0,0,4,284,18
S,mixed_smooth_30046,21,0,0,19,0,0,0,0,5,226,19
JO,mixed_smooth_30046,0,7,5,0,0,0,0,0,2,274,16
S_doptimal,mixed_smooth_30045,19,0,0,16,0,0,0,0,2,99,18
S_dopt_short,mixed_smooth_30045,18,0,0,15,0,0,0,0,2,98,18
SO_doptimal,mixed_smooth_30045,16,11,3,13,0,0,0,0,8,99,24
JSO,mixed_smooth_30046,14,11,6,13,0,0,0,0,5,280,19
SO,mixed_smooth_30046,14,8,5,13,0,0,0,0,3,218,17
insert200,mixed_smooth_30046,0,0,0,0,0,0,0,0,3,263,17
insert80,mixed_smooth_30046,0,0,0,0,0,0,0,0,4,262,18
aligned,mixed_smooth_30046,0,0,0,0,0,0,0,0,3,290,17
insert400,mixed_smooth_30046,0,0,0,0,0,0,0,0,7,269,21
bracket,mixed_smooth_30046,0,0,0,0,0,1,8,0,5,238,19
JSO_p50,mixed_smooth_30046,16,11,6,15,0,0,0,0,5,281,19
JSO_p85,mixed_smooth_30046,13,10,3,12,0,0,0,0,7,284,21
JSO_r120,mixed_smooth_30046,14,11,6,13,0,0,0,0,5,280,19
optical4,mixed_smooth_30046,0,0,0,0,1,2,12,1,8,237,22
short_clear,mixed_smooth_30046,0,0,0,0,0,1,8,0,8,238,22
optical2,mixed_smooth_30046,0,0,0,0,0,1,8,0,8,238,22
JSO_r160,mixed_smooth_30046,14,11,6,13,0,0,0,0,5,280,19
doptimal,mixed_smooth_30046,0,0,0,0,0,0,0,0,3,280,17
JSO_outer1980,mixed_smooth_30046,14,11,6,13,0,0,0,0,5,280,19
JSO_compact,mixed_smooth_30046,14,13,6,12,0,0,0,0,7,275,21
baseline,mixed_smooth_30047,0,0,0,0,0,0,0,0,5,321,15
S,mixed_smooth_30047,12,0,0,11,0,0,0,0,3,331,13
previous_best,mixed_smooth_30047,0,0,0,0,0,0,0,0,4,305,14
J,mixed_smooth_30047,0,0,0,0,0,0,0,0,4,306,14
S_doptimal,mixed_smooth_30046,19,0,0,19,0,0,0,0,2,295,16
SO_doptimal,mixed_smooth_30046,13,13,10,13,0,0,0,0,3,289,17
S_dopt_short,mixed_smooth_30046,19,0,0,19,0,0,0,0,2,295,16
O,mixed_smooth_30047,0,5,2,0,0,0,0,0,3,314,13
JSO_compact_dopt,mixed_smooth_30046,14,11,8,12,0,0,0,0,3,274,17
JS,mixed_smooth_30047,9,0,0,9,0,0,0,0,5,306,15
insert80,mixed_smooth_30047,0,0,0,0,0,0,0,0,5,308,15
JO,mixed_smooth_30047,0,6,3,0,0,0,0,0,3,306,13
SO,mixed_smooth_30047,11,5,1,10,0,0,0,0,4,328,14
JSO,mixed_smooth_30047,9,8,3,9,0,0,0,0,5,312,15
insert200,mixed_smooth_30047,0,0,0,0,0,0,0,0,5,311,15
insert400,mixed_smooth_30047,0,0,0,0,0,0,0,0,6,316,16
aligned,mixed_smooth_30047,0,0,0,0,0,0,0,0,3,312,13
bracket,mixed_smooth_30047,0,0,0,0,0,0,0,0,5,321,15
optical2,mixed_smooth_30047,0,0,0,0,0,0,0,0,5,321,15
optical4,mixed_smooth_30047,0,0,0,0,2,2,8,2,5,319,15
short_clear,mixed_smooth_30047,0,0,0,0,0,0,0,0,5,321,15
doptimal,mixed_smooth_30047,0,0,0,0,0,0,0,0,2,312,12
JSO_p50,mixed_smooth_30047,9,8,3,9,0,0,0,0,5,312,15
JSO_p85,mixed_smooth_30047,8,7,3,8,0,0,0,0,4,311,14
JSO_r120,mixed_smooth_30047,9,8,3,9,0,0,0,0,5,312,15
JSO_r160,mixed_smooth_30047,9,8,3,9,0,0,0,0,5,312,15
JSO_compact,mixed_smooth_30047,9,8,4,9,0,0,0,0,4,311,14
JSO_outer1980,mixed_smooth_30047,9,8,4,9,0,0,0,0,4,308,14
S_doptimal,mixed_smooth_30047,12,0,0,12,0,0,0,0,3,339,13
previous_best,mixed_smooth_30048,0,0,0,0,0,0,0,0,4,248,17
JSO_compact_dopt,mixed_smooth_30047,9,8,4,9,0,0,0,0,4,305,14
J,mixed_smooth_30048,0,0,0,0,0,0,0,0,4,250,17
SO_doptimal,mixed_smooth_30047,12,4,2,10,0,1,18,0,4,332,14
baseline,mixed_smooth_30048,0,0,0,0,0,0,0,0,2,274,15
S_dopt_short,mixed_smooth_30047,13,0,0,13,0,0,0,0,3,340,13
O,mixed_smooth_30048,0,5,3,0,0,0,0,0,2,236,15
JS,mixed_smooth_30048,20,0,0,18,0,0,0,0,1,236,14
S,mixed_smooth_30048,17,0,0,15,0,0,0,0,1,266,14
JSO,mixed_smooth_30048,15,9,7,13,0,0,0,0,2,232,15
insert200,mixed_smooth_30048,0,0,0,0,0,0,0,0,3,236,16
JO,mixed_smooth_30048,0,7,4,0,0,0,0,0,3,250,16
insert80,mixed_smooth_30048,0,0,0,0,0,0,0,0,2,240,15
SO,mixed_smooth_30048,20,11,4,18,0,0,0,0,7,260,20
insert400,mixed_smooth_30048,0,0,0,0,0,0,0,0,3,243,16
aligned,mixed_smooth_30048,0,0,0,0,0,0,0,0,3,250,16
optical2,mixed_smooth_30048,0,0,0,0,0,0,0,0,2,274,15
JSO_p50,mixed_smooth_30048,16,9,7,13,0,0,0,0,2,233,15
JSO_r160,mixed_smooth_30048,14,11,9,13,0,0,0,0,2,229,15
JSO_r120,mixed_smooth_30048,14,11,9,13,0,0,0,0,2,229,15
bracket,mixed_smooth_30048,0,0,0,0,0,0,0,0,3,278,16
short_clear,mixed_smooth_30048,0,0,0,0,0,0,0,0,2,274,15
optical4,mixed_smooth_30048,0,0,0,0,1,1,4,1,2,273,15
JSO_p85,mixed_smooth_30048,15,8,5,14,0,0,0,0,3,247,16
doptimal,mixed_smooth_30048,0,0,0,0,0,0,0,0,1,251,14
JSO_compact,mixed_smooth_30048,15,9,7,13,0,0,0,0,2,232,15
JSO_outer1980,mixed_smooth_30048,15,9,7,13,0,0,0,0,2,232,15
previous_best,mixed_smooth_30049,0,0,0,0,0,0,0,0,2,359,13
J,mixed_smooth_30049,0,0,0,0,0,0,0,0,2,361,13
baseline,mixed_smooth_30049,0,0,0,0,0,0,0,0,2,340,13
JSO_compact_dopt,mixed_smooth_30048,15,10,7,15,0,0,0,0,3,231,16
S,mixed_smooth_30049,7,0,0,6,0,0,0,0,2,341,13
S_doptimal,mixed_smooth_30048,19,0,0,19,0,0,0,0,3,252,16
O,mixed_smooth_30049,0,5,3,0,0,0,0,0,2,341,13
JO,mixed_smooth_30049,0,7,5,0,0,0,0,0,2,361,13
S_dopt_short,mixed_smooth_30048,18,0,0,18,0,0,0,0,3,254,16
JS,mixed_smooth_30049,11,0,0,9,0,0,0,0,2,360,13
SO,mixed_smooth_30049,6,6,3,6,0,0,0,0,3,340,14
JSO,mixed_smooth_30049,10,7,5,8,0,0,0,0,2,359,13
SO_doptimal,mixed_smooth_30048,16,11,4,16,0,0,0,0,7,267,20
insert80,mixed_smooth_30049,0,0,0,0,0,0,0,0,2,323,13
insert200,mixed_smooth_30049,0,0,0,0,0,0,0,0,3,358,14
optical2,mixed_smooth_30049,0,0,0,0,0,0,0,0,2,340,13
insert400,mixed_smooth_30049,0,0,0,0,0,0,0,0,5,360,16
doptimal,mixed_smooth_30049,0,0,0,0,0,0,0,0,2,345,13
optical4,mixed_smooth_30049,0,0,0,0,0,0,0,0,2,340,13
bracket,mixed_smooth_30049,0,0,0,0,0,0,0,0,2,341,13
aligned,mixed_smooth_30049,0,0,0,0,0,0,0,0,2,370,13
short_clear,mixed_smooth_30049,0,0,0,0,0,0,0,0,2,340,13
JSO_p50,mixed_smooth_30049,11,7,5,8,0,0,0,0,2,359,13
JSO_p85,mixed_smooth_30049,6,6,4,5,0,0,0,0,2,349,13
JSO_r120,mixed_smooth_30049,10,7,5,8,0,0,0,0,2,359,13
JSO_compact,mixed_smooth_30049,10,8,6,8,0,0,0,0,2,356,13
JSO_r160,mixed_smooth_30049,10,7,5,8,0,0,0,0,2,359,13
JSO_outer1980,mixed_smooth_30049,9,7,4,7,0,0,0,0,3,360,14
S_doptimal,mixed_smooth_30049,8,0,0,8,0,0,0,0,3,347,14
S_dopt_short,mixed_smooth_30049,8,0,0,8,0,0,0,0,3,347,14
JSO_compact_dopt,mixed_smooth_30049,10,8,6,8,0,0,0,0,2,356,13
SO_doptimal,mixed_smooth_30049,8,5,2,8,0,0,0,0,3,333,14
