variant,scene_id,seed,source_kind,error_mode,scenario_sha256,N,K,T,T_over_K,move_m,localization_move,n_measure,n_clear,n_clear_ok,n_optical_fallback,n_cover_visited,failure,all_certified,n_probe,n_replan,planner_wall_s,wall_s,discovery_measure,discovery_no_signal,refine_measure,refine_no_signal,measure_s,clear_s,movement_s,after_last_clear_s,failed_clears,switches,accounting_residual_s,full_success,certificate_max_distance_m,certificate_hull_margin_m,event_sha256,n_selective_probe,n_optimistic_attempt,n_early_optical_proposals,n_mass_attempt,n_budget_probe,n_burst_actions,n_local_optical_proposals
baseline,mixed_endpoint_50000,50000,mixed,endpoint,c45156dd8e49ffe2b2c71f607a87e92016c2ac0caf91fb7749616c8965094f45,10,10,6952.102071269618,695.2102071269618,24145.510356348088,8750.515811262274,345,18,10,0,25,,True,8,64,0.5096152998739854,0.5435817000106908,315,305,30,3,2048.9999999999995,73.99999999999999,4829.102071269618,1020.4855514512865,8,324,9.094947017729282e-13,True,943.0121947375769,17.74943008678929,4605c0b7c069e3be1ad643e67430b332e45e38f836ffdfc07d0b4e4fbc054449,0,0,0,0,0,0,0
LC,mixed_endpoint_50000,50000,mixed,endpoint,c45156dd8e49ffe2b2c71f607a87e92016c2ac0caf91fb7749616c8965094f45,10,10,6340.439893315939,634.0439893315939,21382.199466579692,6423.08447381446,335,17,10,4,25,,True,7,44,0.7588298999762628,0.8035587999911513,319,309,16,1,1993.0000000000007,71.00000000000038,4276.439893315938,214.10450308801683,7,318,9.094947017729282e-13,True,943.0121947375769,17.74943008678929,d58121619e74644d0d03c70daba1b620d57661d2094ea3d2a19746cd0852237e,0,0,0,0,0,0,6
LPC,mixed_endpoint_50000,50000,mixed,endpoint,c45156dd8e49ffe2b2c71f607a87e92016c2ac0caf91fb7749616c8965094f45,10,10,6223.574764431494,622.3574764431494,21332.873822157457,6544.992129585078,317,18,10,3,25,,True,11,44,0.5754812998638954,0.6114952999923844,298,288,19,3,1883.0000000000014,74.00000000000074,4266.574764431492,815.4893533954437,8,298,2.7284841053187847e-12,True,943.0121947375769,17.74943008678929,ca8287ccedc276bc0c5d708541983d23d027fd432bf43b1753e1be09bd9408d9,11,0,0,0,11,0,23
previous_best,mixed_endpoint_50000,50000,mixed,endpoint,c45156dd8e49ffe2b2c71f607a87e92016c2ac0caf91fb7749616c8965094f45,10,10,6474.010949355806,647.4010949355805,22090.054746779035,6974.108733228809,334,16,10,0,25,,True,9,52,0.7380897999973968,0.7758341000007931,313,303,21,2,1988.0000000000007,67.99999999999963,4418.010949355807,0.0,6,318,-9.094947017729282e-13,True,943.0121947375769,2.074856830987301,c51bf8e8c4c5ddd27453fb78ee4cd8dd6b1f13e50e29669059f995d5891c462d,9,6,0,0,0,0,0
E1,mixed_endpoint_50000,50000,mixed,endpoint,c45156dd8e49ffe2b2c71f607a87e92016c2ac0caf91fb7749616c8965094f45,10,10,6307.880699660206,630.7880699660207,21259.40349830102,6293.7246944742865,334,16,10,5,25,,True,7,42,0.9738300999742933,1.0365048000239767,319,309,15,1,1988.0000000000011,68.00000000000037,4251.880699660204,214.10450308801683,6,318,1.8189894035458565e-12,True,943.0121947375769,17.74943008678929,17a33584473623b04704cbb2ba763a3cdfafe868b47e785da4c53c140c5a9411,0,0,0,0,0,0,5
E2,mixed_endpoint_50000,50000,mixed,endpoint,c45156dd8e49ffe2b2c71f607a87e92016c2ac0caf91fb7749616c8965094f45,10,10,6307.880699660206,630.7880699660207,21259.40349830102,6293.7246944742865,334,16,10,5,25,,True,7,42,1.0465839000826236,1.1066894000105094,319,309,15,1,1988.0000000000011,68.00000000000037,4251.880699660204,214.10450308801683,6,318,1.8189894035458565e-12,True,943.0121947375769,17.74943008678929,17a33584473623b04704cbb2ba763a3cdfafe868b47e785da4c53c140c5a9411,0,0,0,0,0,0,5
G075,mixed_endpoint_50000,50000,mixed,endpoint,c45156dd8e49ffe2b2c71f607a87e92016c2ac0caf91fb7749616c8965094f45,10,10,6340.439893315939,634.0439893315939,21382.199466579692,6423.08447381446,335,17,10,4,25,,True,7,44,0.6933140999171883,0.9034211999969557,319,309,16,1,1993.0000000000007,71.00000000000038,4276.439893315938,214.10450308801683,7,318,9.094947017729282e-13,True,943.0121947375769,17.74943008678929,d58121619e74644d0d03c70daba1b620d57661d2094ea3d2a19746cd0852237e,0,0,0,0,0,0,6
G15,mixed_endpoint_50000,50000,mixed,endpoint,c45156dd8e49ffe2b2c71f607a87e92016c2ac0caf91fb7749616c8965094f45,10,10,6340.439893315939,634.0439893315939,21382.199466579692,6423.08447381446,335,17,10,4,25,,True,7,44,0.6001011999323964,0.7820814000151586,319,309,16,1,1993.0000000000007,71.00000000000038,4276.439893315938,214.10450308801683,7,318,9.094947017729282e-13,True,943.0121947375769,17.74943008678929,d58121619e74644d0d03c70daba1b620d57661d2094ea3d2a19746cd0852237e,0,0,0,0,0,0,6
R2,mixed_endpoint_50000,50000,mixed,endpoint,c45156dd8e49ffe2b2c71f607a87e92016c2ac0caf91fb7749616c8965094f45,10,10,6340.439893315939,634.0439893315939,21382.199466579692,6423.08447381446,335,17,10,4,25,,True,7,44,0.77469999997993,0.8178133000037633,319,309,16,1,1993.0000000000007,71.00000000000038,4276.439893315938,214.10450308801683,7,318,9.094947017729282e-13,True,943.0121947375769,17.74943008678929,d58121619e74644d0d03c70daba1b620d57661d2094ea3d2a19746cd0852237e,0,0,0,0,0,0,6
R4,mixed_endpoint_50000,50000,mixed,endpoint,c45156dd8e49ffe2b2c71f607a87e92016c2ac0caf91fb7749616c8965094f45,10,10,6340.439893315939,634.0439893315939,21382.199466579692,6423.08447381446,335,17,10,4,25,,True,7,44,0.8377770000079181,0.8824044999782927,319,309,16,1,1993.0000000000007,71.00000000000038,4276.439893315938,214.10450308801683,7,318,9.094947017729282e-13,True,943.0121947375769,17.74943008678929,d58121619e74644d0d03c70daba1b620d57661d2094ea3d2a19746cd0852237e,0,0,0,0,0,0,6
H200,mixed_endpoint_50000,50000,mixed,endpoint,c45156dd8e49ffe2b2c71f607a87e92016c2ac0caf91fb7749616c8965094f45,10,10,6354.243117994325,635.4243117994325,21481.215589971627,6685.490162594522,335,15,10,2,25,,True,7,46,0.8627223999646958,0.9112581000081263,319,309,16,1,1993.0000000000014,64.99999999999888,4296.243117994324,214.10450308801683,5,318,0.0,True,943.0121947375769,17.74943008678929,62aef8a1979268d1efec6bc3dd52a217ec1a0d120e512e9c3d6934a06e6e3855,0,0,0,0,0,0,7
B60,mixed_endpoint_50000,50000,mixed,endpoint,c45156dd8e49ffe2b2c71f607a87e92016c2ac0caf91fb7749616c8965094f45,10,10,6259.358206940934,625.9358206940934,21471.791034704675,6183.259759607486,318,19,10,4,25,,True,7,40,1.8190756998956203,1.8595170000044163,305,295,13,1,1887.9999999999995,76.99999999999926,4294.358206940936,0.0,9,298,-9.094947017729282e-13,True,943.0121947375769,17.74943008678929,cea53ee3e99feea8419153b839b63261fda6b717e0241fc32ecb23943580e5bf,0,0,0,0,0,0,30
N20,mixed_endpoint_50000,50000,mixed,endpoint,c45156dd8e49ffe2b2c71f607a87e92016c2ac0caf91fb7749616c8965094f45,10,10,6340.439893315939,634.0439893315939,21382.199466579692,6423.08447381446,335,17,10,4,25,,True,7,44,0.6868139001016971,0.8939372999884654,319,309,16,1,1993.0000000000007,71.00000000000038,4276.439893315938,214.10450308801683,7,318,9.094947017729282e-13,True,943.0121947375769,17.74943008678929,c921f367ae883ff675c5860249778caf0663b9d2d7c02c789ec17e170d90302c,0,0,0,0,0,0,6
H400,mixed_endpoint_50000,50000,mixed,endpoint,c45156dd8e49ffe2b2c71f607a87e92016c2ac0caf91fb7749616c8965094f45,10,10,6437.737137656305,643.7737137656305,21883.685688281523,7081.434440075668,335,16,10,2,25,,True,7,47,0.8731927000044379,0.9168783999921288,319,309,16,1,1993.0000000000011,67.99999999999928,4376.737137656304,214.10450308801683,6,318,9.094947017729282e-13,True,943.0121947375769,17.74943008678929,75d7b38ad8cbf5909c3c73a7461dec304cea747959647b39aa6775a82572064a,0,0,0,0,0,0,7
N50,mixed_endpoint_50000,50000,mixed,endpoint,c45156dd8e49ffe2b2c71f607a87e92016c2ac0caf91fb7749616c8965094f45,10,10,6340.439893315939,634.0439893315939,21382.199466579692,6423.08447381446,335,17,10,4,25,,True,7,44,0.6364615000493359,0.8367966999940109,319,309,16,1,1993.0000000000007,71.00000000000038,4276.439893315938,214.10450308801683,7,318,9.094947017729282e-13,True,943.0121947375769,17.74943008678929,c921f367ae883ff675c5860249778caf0663b9d2d7c02c789ec17e170d90302c,0,0,0,0,0,0,6
baseline,mixed_endpoint_50001,50001,mixed,endpoint,d3e96ba0e56bc884daefeabb1c77fff144a59766c48950cb73f7d571766ff99c,14,14,6728.817565525966,480.6298261089975,25754.08782762983,8867.40612163712,254,20,14,0,25,,True,7,77,0.6978844999684952,0.7300078999833204,214,200,40,1,1490.0000000000005,87.99999999999956,5150.8175655259665,2320.2636428729866,6,220,-9.094947017729282e-13,True,943.0121947375769,17.74943008678929,f7923a68d102e229ae11303e8e6d4bd14f1cc763e13edf39acc287cd61e54c92,0,0,0,0,0,0,0
ER,mixed_endpoint_50000,50000,mixed,endpoint,c45156dd8e49ffe2b2c71f607a87e92016c2ac0caf91fb7749616c8965094f45,10,10,6307.880699660206,630.7880699660207,21259.40349830102,6293.7246944742865,334,16,10,5,25,,True,7,42,0.9463965000759345,1.0019076000025962,319,309,15,1,1988.0000000000011,68.00000000000037,4251.880699660204,214.10450308801683,6,318,1.8189894035458565e-12,True,943.0121947375769,17.74943008678929,17a33584473623b04704cbb2ba763a3cdfafe868b47e785da4c53c140c5a9411,0,0,0,0,0,0,5
EN,mixed_endpoint_50000,50000,mixed,endpoint,c45156dd8e49ffe2b2c71f607a87e92016c2ac0caf91fb7749616c8965094f45,10,10,6307.880699660206,630.7880699660207,21259.40349830102,6293.7246944742865,334,16,10,5,25,,True,7,42,0.8893294001463801,1.1076062000065576,319,309,15,1,1988.0000000000011,68.00000000000037,4251.880699660204,214.10450308801683,6,318,1.8189894035458565e-12,True,943.0121947375769,17.74943008678929,17a33584473623b04704cbb2ba763a3cdfafe868b47e785da4c53c140c5a9411,0,0,0,0,0,0,5
LC,mixed_endpoint_50001,50001,mixed,endpoint,d3e96ba0e56bc884daefeabb1c77fff144a59766c48950cb73f7d571766ff99c,14,14,6007.402733710708,429.10019526505056,23317.01366855354,9535.256730250265,208,28,14,6,25,,True,6,52,0.990600500110304,1.0245139000180643,188,174,20,0,1232.0000000000005,111.99999999999957,4663.402733710708,1999.457528632629,14,192,0.0,True,943.0121947375769,17.74943008678929,47861b402b8b18767b5eef2a8473bd65ab93e739ded1307bc65ad7ffbc993eff,0,0,0,0,0,0,75
ERN,mixed_endpoint_50000,50000,mixed,endpoint,c45156dd8e49ffe2b2c71f607a87e92016c2ac0caf91fb7749616c8965094f45,10,10,6307.880699660206,630.7880699660207,21259.40349830102,6293.7246944742865,334,16,10,5,25,,True,7,42,0.9028850999602582,1.1200788999849465,319,309,15,1,1988.0000000000011,68.00000000000037,4251.880699660204,214.10450308801683,6,318,1.8189894035458565e-12,True,943.0121947375769,17.74943008678929,17a33584473623b04704cbb2ba763a3cdfafe868b47e785da4c53c140c5a9411,0,0,0,0,0,0,5
previous_best,mixed_endpoint_50001,50001,mixed,endpoint,d3e96ba0e56bc884daefeabb1c77fff144a59766c48950cb73f7d571766ff99c,14,14,6080.880122102571,434.34858015018364,23144.40061051284,7500.306614828933,230,22,14,0,25,,True,21,55,0.6962143998825923,0.7287735999852885,200,186,30,0,1358.0000000000007,94.00000000000097,4628.880122102569,1417.8197707322224,8,208,2.7284841053187847e-12,True,943.0121947375769,2.074856830987301,756b7f71065ad1dd9d242e9df9a0f5ba8c2828eb4120db429a9329de8b20948a,21,11,0,0,0,0,0
LPC,mixed_endpoint_50001,50001,mixed,endpoint,d3e96ba0e56bc884daefeabb1c77fff144a59766c48950cb73f7d571766ff99c,14,14,6582.275421428933,470.1625301020667,24271.37710714467,9666.346577662473,270,32,14,7,25,,True,14,49,1.3560375000815839,1.403223400004208,246,232,24,1,1604.0000000000011,123.99999999999956,4854.275421428933,455.8919750478344,18,254,-9.094947017729282e-13,True,943.0121947375769,17.74943008678929,dc1d0eef583e071c80a223163a647520f5fb2d341d7fa12b741b0000afebcab3,14,0,0,0,14,0,97
G075,mixed_endpoint_50001,50001,mixed,endpoint,d3e96ba0e56bc884daefeabb1c77fff144a59766c48950cb73f7d571766ff99c,14,14,6007.402733710708,429.10019526505056,23317.01366855354,9535.256730250265,208,28,14,6,25,,True,6,52,0.7541608998435549,0.9792486999940593,188,174,20,0,1232.0000000000005,111.99999999999957,4663.402733710708,1999.457528632629,14,192,0.0,True,943.0121947375769,17.74943008678929,47861b402b8b18767b5eef2a8473bd65ab93e739ded1307bc65ad7ffbc993eff,0,0,0,0,0,0,75
E2,mixed_endpoint_50001,50001,mixed,endpoint,d3e96ba0e56bc884daefeabb1c77fff144a59766c48950cb73f7d571766ff99c,14,14,5948.6803612707545,424.9057400907682,22913.40180635378,9177.637732408692,207,37,14,7,25,,True,7,50,1.1126020999799948,1.1793814999982715,188,174,19,0,1227.000000000001,138.99999999999875,4582.6803612707545,1999.457528632629,23,192,-1.8189894035458565e-12,True,943.0121947375769,17.74943008678929,829feb83918959626c07a313ad737fbc6f303a4283ff7c09b66649f15bd51fbe,0,0,0,0,0,0,71
E1,mixed_endpoint_50001,50001,mixed,endpoint,d3e96ba0e56bc884daefeabb1c77fff144a59766c48950cb73f7d571766ff99c,14,14,5948.6803612707545,424.9057400907682,22913.40180635378,9177.637732408692,207,37,14,7,25,,True,7,50,1.12857500006794,1.1884745999996085,188,174,19,0,1227.000000000001,138.99999999999875,4582.6803612707545,1999.457528632629,23,192,-1.8189894035458565e-12,True,943.0121947375769,17.74943008678929,829feb83918959626c07a313ad737fbc6f303a4283ff7c09b66649f15bd51fbe,0,0,0,0,0,0,71
G15,mixed_endpoint_50001,50001,mixed,endpoint,d3e96ba0e56bc884daefeabb1c77fff144a59766c48950cb73f7d571766ff99c,14,14,6007.402733710708,429.10019526505056,23317.01366855354,9535.256730250265,208,28,14,6,25,,True,6,52,0.8597211999585852,1.1511338999844156,188,174,20,0,1232.0000000000005,111.99999999999957,4663.402733710708,1999.457528632629,14,192,0.0,True,943.0121947375769,17.74943008678929,47861b402b8b18767b5eef2a8473bd65ab93e739ded1307bc65ad7ffbc993eff,0,0,0,0,0,0,75
R2,mixed_endpoint_50001,50001,mixed,endpoint,d3e96ba0e56bc884daefeabb1c77fff144a59766c48950cb73f7d571766ff99c,14,14,6007.402733710708,429.10019526505056,23317.01366855354,9535.256730250265,208,28,14,6,25,,True,6,52,0.9015147000027355,0.9367891000001691,188,174,20,0,1232.0000000000005,111.99999999999957,4663.402733710708,1999.457528632629,14,192,0.0,True,943.0121947375769,17.74943008678929,47861b402b8b18767b5eef2a8473bd65ab93e739ded1307bc65ad7ffbc993eff,0,0,0,0,0,0,75
B20,mixed_endpoint_50000,50000,mixed,endpoint,c45156dd8e49ffe2b2c71f607a87e92016c2ac0caf91fb7749616c8965094f45,10,10,6291.833424075985,629.1833424075985,21639.167120379923,6349.848943533826,319,17,10,3,25,,True,7,41,3.4390076000709087,3.4845874999882653,305,295,14,1,1893.0000000000007,70.99999999999925,4327.833424075985,0.0,7,298,0.0,True,943.0121947375769,17.74943008678929,92d109869136973a993c5410df786f75505f1ac57295226301c8edb5636b9d57,0,0,0,0,0,0,30
H200,mixed_endpoint_50001,50001,mixed,endpoint,d3e96ba0e56bc884daefeabb1c77fff144a59766c48950cb73f7d571766ff99c,14,14,5965.034338267338,426.07388130480985,23270.171691336687,9495.13847263076,208,17,14,1,25,,True,6,53,0.9964463999785949,1.0268592000065837,188,174,20,0,1232.0000000000005,78.99999999999989,4654.034338267338,1998.7524576963337,3,192,9.094947017729282e-13,True,943.0121947375769,17.74943008678929,3e5fbb375f057457dddff678372af17c7aef586d450409f3522a5a84cc5e211a,0,0,0,0,0,0,78
H400,mixed_endpoint_50001,50001,mixed,endpoint,d3e96ba0e56bc884daefeabb1c77fff144a59766c48950cb73f7d571766ff99c,14,14,5918.654253013387,422.76101807238473,23033.271265066935,9136.94670093966,208,17,14,1,25,,True,7,52,0.9684351001633331,0.9957738999801222,188,174,20,0,1233.0,78.99999999999972,4606.6542530133875,1998.7524576963333,3,193,0.0,True,943.0121947375769,17.74943008678929,6938740296906968409cc1ab778736c2cbd9d72f7a85cc3713eb3d8af221c261,0,0,0,0,0,0,76
R4,mixed_endpoint_50001,50001,mixed,endpoint,d3e96ba0e56bc884daefeabb1c77fff144a59766c48950cb73f7d571766ff99c,14,14,6007.402733710708,429.10019526505056,23317.01366855354,9535.256730250265,208,28,14,6,25,,True,6,52,1.0362747999897692,1.0733974000031594,188,174,20,0,1232.0000000000005,111.99999999999957,4663.402733710708,1999.457528632629,14,192,0.0,True,943.0121947375769,17.74943008678929,47861b402b8b18767b5eef2a8473bd65ab93e739ded1307bc65ad7ffbc993eff,0,0,0,0,0,0,75
N20,mixed_endpoint_50001,50001,mixed,endpoint,d3e96ba0e56bc884daefeabb1c77fff144a59766c48950cb73f7d571766ff99c,14,14,6007.402733710708,429.10019526505056,23317.01366855354,9535.256730250265,208,28,14,6,25,,True,6,52,0.8005247001419775,1.096965500008082,188,174,20,0,1232.0000000000005,111.99999999999957,4663.402733710708,1999.457528632629,14,192,0.0,True,943.0121947375769,17.74943008678929,47861b402b8b18767b5eef2a8473bd65ab93e739ded1307bc65ad7ffbc993eff,0,0,0,0,0,0,75
N50,mixed_endpoint_50001,50001,mixed,endpoint,d3e96ba0e56bc884daefeabb1c77fff144a59766c48950cb73f7d571766ff99c,14,14,6007.402733710708,429.10019526505056,23317.01366855354,9535.256730250265,208,28,14,6,25,,True,6,52,0.8048859000846278,1.0833611999987625,188,174,20,0,1232.0000000000005,111.99999999999957,4663.402733710708,1999.457528632629,14,192,0.0,True,943.0121947375769,17.74943008678929,47861b402b8b18767b5eef2a8473bd65ab93e739ded1307bc65ad7ffbc993eff,0,0,0,0,0,0,75
baseline,mixed_endpoint_50002,50002,mixed,endpoint,af22126e7672ed70e8298e57eea43428ff7091457b68f1248e43fd6d2c1fa61b,16,16,5186.54702206569,324.1591888791056,21002.73511032844,15488.214120876171,151,20,16,0,13,,True,4,64,0.7112669999478385,0.7376288000086788,115,99,36,3,894.000000000001,92.00000000000051,4200.547022065689,0.0,4,139,1.8189894035458565e-12,True,943.0121947375769,17.74943008678929,beb5e0e5aa8241fb864d7d916ae255984b4aa70da92cc2bac9d879208aba8bdb,0,0,0,0,0,0,0
ER,mixed_endpoint_50001,50001,mixed,endpoint,d3e96ba0e56bc884daefeabb1c77fff144a59766c48950cb73f7d571766ff99c,14,14,5948.6803612707545,424.9057400907682,22913.40180635378,9177.637732408692,207,37,14,7,25,,True,7,50,1.3710666000260971,1.4394895999867003,188,174,19,0,1227.000000000001,138.99999999999875,4582.6803612707545,1999.457528632629,23,192,-1.8189894035458565e-12,True,943.0121947375769,17.74943008678929,829feb83918959626c07a313ad737fbc6f303a4283ff7c09b66649f15bd51fbe,0,0,0,0,0,0,71
EN,mixed_endpoint_50001,50001,mixed,endpoint,d3e96ba0e56bc884daefeabb1c77fff144a59766c48950cb73f7d571766ff99c,14,14,5948.6803612707545,424.9057400907682,22913.40180635378,9177.637732408692,207,37,14,7,25,,True,7,50,1.2588045000156853,1.5889122000080533,188,174,19,0,1227.000000000001,138.99999999999875,4582.6803612707545,1999.457528632629,23,192,-1.8189894035458565e-12,True,943.0121947375769,17.74943008678929,829feb83918959626c07a313ad737fbc6f303a4283ff7c09b66649f15bd51fbe,0,0,0,0,0,0,71
previous_best,mixed_endpoint_50002,50002,mixed,endpoint,af22126e7672ed70e8298e57eea43428ff7091457b68f1248e43fd6d2c1fa61b,16,16,5573.34141484486,348.33383842780376,20986.70707422429,8435.125528987652,215,23,16,0,21,,True,18,60,1.1499988999566995,1.1928283000015654,180,164,35,4,1275.0000000000002,101.00000000000199,4197.341414844859,0.0,7,200,1.8189894035458565e-12,True,943.0121947375769,2.074856830987301,48a965bdcc471f7a379dad3e0f237412b9f64108274b26292eb756aca46af0dc,18,7,0,0,0,0,0
ERN,mixed_endpoint_50001,50001,mixed,endpoint,d3e96ba0e56bc884daefeabb1c77fff144a59766c48950cb73f7d571766ff99c,14,14,5948.6803612707545,424.9057400907682,22913.40180635378,9177.637732408692,207,37,14,7,25,,True,7,50,1.143382699956419,1.4461194000032265,188,174,19,0,1227.000000000001,138.99999999999875,4582.6803612707545,1999.457528632629,23,192,-1.8189894035458565e-12,True,943.0121947375769,17.74943008678929,829feb83918959626c07a313ad737fbc6f303a4283ff7c09b66649f15bd51fbe,0,0,0,0,0,0,71
LPC,mixed_endpoint_50002,50002,mixed,endpoint,af22126e7672ed70e8298e57eea43428ff7091457b68f1248e43fd6d2c1fa61b,16,16,5825.567472949441,364.0979670593401,22822.837364747207,11230.67266680725,188,38,16,7,20,,True,17,50,1.5269795000785962,1.5862269999925047,156,140,32,3,1115.0000000000005,145.9999999999993,4564.567472949439,0.0,22,175,0.0,True,943.0121947375769,17.74943008678929,de61c570d8bea5e15ef2af5821c1a07c302b37105b0a687396928ef9ea59d510,17,0,0,0,17,0,82
B20,mixed_endpoint_50001,50001,mixed,endpoint,d3e96ba0e56bc884daefeabb1c77fff144a59766c48950cb73f7d571766ff99c,14,14,6027.235718886106,430.5168370632933,23306.17859443053,9473.963940521835,216,21,14,3,25,,True,14,52,3.2493692999414634,3.2933914000168443,188,174,28,6,1275.0000000000005,90.99999999999994,4661.235718886106,2011.9306711378185,7,195,0.0,True,943.0121947375769,17.74943008678929,414b941d436c6b9db343f875eff783399b5fd687ae50579851595d270b90b1a9,0,0,0,0,0,0,15
B60,mixed_endpoint_50001,50001,mixed,endpoint,d3e96ba0e56bc884daefeabb1c77fff144a59766c48950cb73f7d571766ff99c,14,14,6070.547949756003,433.61056783971446,23592.73974878001,7266.647673693106,208,31,14,10,25,,True,16,47,3.4935560000303667,3.5558143999951426,184,170,24,3,1230.9999999999998,121.00000000000193,4718.547949756004,70.89569474188647,17,191,0.0,True,943.0121947375769,17.74943008678929,3936bf673410beb50387d237471cf13c61a5cc9313def41f6e1d737a65a6deb5,0,0,0,0,0,0,125
LC,mixed_endpoint_50002,50002,mixed,endpoint,af22126e7672ed70e8298e57eea43428ff7091457b68f1248e43fd6d2c1fa61b,16,16,5789.618639718741,361.8511649824213,22948.09319859372,12084.685279504318,179,39,16,7,18,,True,10,64,2.2696770000329707,2.331669500010321,139,123,40,11,1050.9999999999989,148.99999999999832,4589.618639718744,0.0,23,156,-2.7284841053187847e-12,True,943.0121947375769,17.74943008678929,2393917d81b6da4adafd99a5ab90fae8b53569f70ad05ba3441542dc22fe99f3,0,0,0,0,0,0,193
E1,mixed_endpoint_50002,50002,mixed,endpoint,af22126e7672ed70e8298e57eea43428ff7091457b68f1248e43fd6d2c1fa61b,16,16,5747.204385922176,359.200274120136,22611.021929610888,11762.458682200642,175,54,16,11,18,,True,10,59,2.680435099930037,2.8210604999912903,139,123,36,11,1030.9999999999993,193.99999999999736,4522.2043859221785,0.0,38,156,-1.8189894035458565e-12,True,943.0121947375769,17.74943008678929,c1608f1efa4e0d6d2a9d43891e10027564020fa6a26af9f22c7b52605d7c176a,0,0,0,0,0,0,173
G075,mixed_endpoint_50002,50002,mixed,endpoint,af22126e7672ed70e8298e57eea43428ff7091457b68f1248e43fd6d2c1fa61b,16,16,5789.618639718741,361.8511649824213,22948.09319859372,12084.685279504318,179,39,16,7,18,,True,10,64,1.8352256000798661,2.2503413999802433,139,123,40,11,1050.9999999999989,148.99999999999832,4589.618639718744,0.0,23,156,-2.7284841053187847e-12,True,943.0121947375769,17.74943008678929,2393917d81b6da4adafd99a5ab90fae8b53569f70ad05ba3441542dc22fe99f3,0,0,0,0,0,0,193
G15,mixed_endpoint_50002,50002,mixed,endpoint,af22126e7672ed70e8298e57eea43428ff7091457b68f1248e43fd6d2c1fa61b,16,16,5789.618639718741,361.8511649824213,22948.09319859372,12084.685279504318,179,39,16,7,18,,True,10,64,1.753044099867111,2.140518300002441,139,123,40,11,1050.9999999999989,148.99999999999832,4589.618639718744,0.0,23,156,-2.7284841053187847e-12,True,943.0121947375769,17.74943008678929,2393917d81b6da4adafd99a5ab90fae8b53569f70ad05ba3441542dc22fe99f3,0,0,0,0,0,0,193
E2,mixed_endpoint_50002,50002,mixed,endpoint,af22126e7672ed70e8298e57eea43428ff7091457b68f1248e43fd6d2c1fa61b,16,16,5747.204385922176,359.200274120136,22611.021929610888,11762.458682200642,175,54,16,11,18,,True,10,59,2.706481500004884,2.842355300002964,139,123,36,11,1030.9999999999993,193.99999999999736,4522.2043859221785,0.0,38,156,-1.8189894035458565e-12,True,943.0121947375769,17.74943008678929,c1608f1efa4e0d6d2a9d43891e10027564020fa6a26af9f22c7b52605d7c176a,0,0,0,0,0,0,173
R2,mixed_endpoint_50002,50002,mixed,endpoint,af22126e7672ed70e8298e57eea43428ff7091457b68f1248e43fd6d2c1fa61b,16,16,5728.115719132574,358.00723244578586,22670.578595662868,11911.74720141142,178,39,16,7,18,,True,10,64,2.107473499898333,2.167983399995137,138,122,40,11,1044.9999999999995,148.9999999999993,4534.115719132575,0.0,23,155,0.0,True,943.0121947375769,17.74943008678929,42f923b1d72a82abf02231e144bca8d18cccf3f74089a03082133c026f5ca338,0,0,0,0,0,0,196
R4,mixed_endpoint_50002,50002,mixed,endpoint,af22126e7672ed70e8298e57eea43428ff7091457b68f1248e43fd6d2c1fa61b,16,16,5789.618639718741,361.8511649824213,22948.09319859372,12084.685279504318,179,39,16,7,18,,True,10,64,2.234921499970369,2.3136272999981884,139,123,40,11,1050.9999999999989,148.99999999999832,4589.618639718744,0.0,23,156,-2.7284841053187847e-12,True,943.0121947375769,17.74943008678929,2393917d81b6da4adafd99a5ab90fae8b53569f70ad05ba3441542dc22fe99f3,0,0,0,0,0,0,193
H200,mixed_endpoint_50002,50002,mixed,endpoint,af22126e7672ed70e8298e57eea43428ff7091457b68f1248e43fd6d2c1fa61b,16,16,5896.427237045913,368.52670231536956,23272.136185229578,12522.182518556583,178,55,16,5,18,,True,10,72,2.147009400097886,2.198801500024274,138,122,40,11,1044.9999999999993,196.99999999999875,4654.427237045915,0.0,39,155,-2.7284841053187847e-12,True,943.0121947375769,17.74943008678929,1256cf952b3691b89568f297d1aa47e9b157bafd9df7af3955258f5c4d0944b3,0,0,0,0,0,0,222
N20,mixed_endpoint_50002,50002,mixed,endpoint,af22126e7672ed70e8298e57eea43428ff7091457b68f1248e43fd6d2c1fa61b,16,16,5789.618639718741,361.8511649824213,22948.09319859372,12084.685279504318,179,39,16,7,18,,True,10,64,1.6006627000460867,1.9303141999989748,139,123,40,11,1050.9999999999989,148.99999999999832,4589.618639718744,0.0,23,156,-2.7284841053187847e-12,True,943.0121947375769,17.74943008678929,3d9ab06f9961e651354c1cd8ad1dec6c6bbf4e47175275d34e91e32375f1b38c,0,0,0,0,0,0,193
H400,mixed_endpoint_50002,50002,mixed,endpoint,af22126e7672ed70e8298e57eea43428ff7091457b68f1248e43fd6d2c1fa61b,16,16,5845.836496283642,365.36478101772764,23154.18248141821,12436.604020213037,177,47,16,5,18,,True,10,71,2.194012200081488,2.244519100000616,138,122,39,11,1041.9999999999995,172.9999999999999,4630.836496283642,0.0,31,157,0.0,True,943.0121947375769,17.74943008678929,2fc7de5b30666bee630d9f85be34d61f6d6ad53fa7fcf8226e4856a576ce05f0,0,0,0,0,0,0,238
N50,mixed_endpoint_50002,50002,mixed,endpoint,af22126e7672ed70e8298e57eea43428ff7091457b68f1248e43fd6d2c1fa61b,16,16,5789.618639718741,361.8511649824213,22948.09319859372,12084.685279504318,179,39,16,7,18,,True,10,64,1.5365440000896342,1.8921289000136312,139,123,40,11,1050.9999999999989,148.99999999999832,4589.618639718744,0.0,23,156,-2.7284841053187847e-12,True,943.0121947375769,17.74943008678929,2393917d81b6da4adafd99a5ab90fae8b53569f70ad05ba3441542dc22fe99f3,0,0,0,0,0,0,193
B60,mixed_endpoint_50002,50002,mixed,endpoint,af22126e7672ed70e8298e57eea43428ff7091457b68f1248e43fd6d2c1fa61b,16,16,6931.791124340515,433.2369452712822,26703.955621702567,14272.042379981767,244,40,16,8,22,,True,14,58,3.6890667998814024,3.7872919000219554,210,194,34,10,1438.9999999999989,152.00000000000153,5340.791124340516,0.0,24,219,1.8189894035458565e-12,True,943.0121947375769,17.74943008678929,41587e771f4079f5f490b4e3de1a106720eecf257cb98bf66f246d778a805a47,0,0,0,0,0,0,149
baseline,mixed_endpoint_50003,50003,mixed,endpoint,45b09915201a4a6577aa5ff2427ee83e628f31ee1516a783e326741212b15e51,15,15,6889.977580739013,459.3318387159342,26234.88790369507,11721.030554209152,265,20,15,0,25,,True,13,85,1.2105764999578241,1.256830300000729,211,196,54,6,1552.9999999999998,89.99999999999781,5246.977580739015,262.9109142517473,5,228,-9.094947017729282e-13,True,943.0121947375769,17.74943008678929,ba59efafd31fd68458237f2d73010ae3b25ce2f190fc7bbb0a3017ad47b57cf3,0,0,0,0,0,0,0
LPC,mixed_endpoint_50003,50003,mixed,endpoint,45b09915201a4a6577aa5ff2427ee83e628f31ee1516a783e326741212b15e51,15,15,5862.240500518347,390.8160333678898,22986.202502591736,7406.532286082289,199,20,15,8,25,,True,14,54,1.1442602999741212,1.1931140999950003,171,156,28,1,1174.9999999999995,89.99999999999956,4597.240500518347,1609.5354963174195,5,180,0.0,True,943.0121947375769,17.74943008678929,b493443d84fea024bfe2bf18d6bbe34178441f23b9abaa536d985f5854bbbc3e,14,0,0,0,14,0,70
LC,mixed_endpoint_50003,50003,mixed,endpoint,45b09915201a4a6577aa5ff2427ee83e628f31ee1516a783e326741212b15e51,15,15,6501.968083815143,433.4645389210095,23179.8404190757,8357.248614272332,289,39,15,8,25,,True,14,56,1.6490242000145372,1.709080200002063,259,244,30,5,1719.0000000000007,147.00000000000222,4635.968083815141,0.0,24,274,2.7284841053187847e-12,True,943.0121947375769,17.74943008678929,d75bdf7005944d6206a45db659ab1e54574f465e23d8b91a3e4ee3eabe77c36b,0,0,0,0,0,0,126
ER,mixed_endpoint_50002,50002,mixed,endpoint,af22126e7672ed70e8298e57eea43428ff7091457b68f1248e43fd6d2c1fa61b,16,16,5685.701465336008,355.3563415835005,22333.507326680035,11589.520604107742,174,54,16,11,18,,True,10,59,2.5927736001904123,2.73886839998886,138,122,36,11,1025.0,193.99999999999827,4466.701465336009,0.0,38,155,9.094947017729282e-13,True,943.0121947375769,17.74943008678929,330ef798e4195b893284f8138bbc82e56395b028db578752536ab205286b552a,0,0,0,0,0,0,176
E1,mixed_endpoint_50003,50003,mixed,endpoint,45b09915201a4a6577aa5ff2427ee83e628f31ee1516a783e326741212b15e51,15,15,6464.082120483676,430.93880803224505,22965.41060241837,8142.818797615003,287,45,15,11,25,,True,14,53,1.7331417001259979,1.8297142999945208,259,244,28,5,1706.0000000000011,165.00000000000014,4593.082120483676,0.0,30,271,1.8189894035458565e-12,True,943.0121947375769,17.74943008678929,c56c457891c0a2ee49696ad421de1aba7405f3ae0a28f376af85a4e5036e6f14,0,0,0,0,0,0,121
previous_best,mixed_endpoint_50003,50003,mixed,endpoint,45b09915201a4a6577aa5ff2427ee83e628f31ee1516a783e326741212b15e51,15,15,6438.957033024621,429.2638022016414,23889.785165123107,8972.883873928935,264,22,15,0,25,,True,24,63,1.8051257001061458,1.846741799992742,223,208,41,11,1564.999999999999,95.99999999999943,4777.957033024622,276.4829668571547,7,245,-9.094947017729282e-13,True,943.0121947375769,2.074856830987301,2bf36e1d098200581a7ada49adff20e00407effd6928f5fe33b2ec684fc8a731,24,9,0,0,0,0,0
EN,mixed_endpoint_50002,50002,mixed,endpoint,af22126e7672ed70e8298e57eea43428ff7091457b68f1248e43fd6d2c1fa61b,16,16,5747.204385922176,359.200274120136,22611.021929610888,11762.458682200642,175,54,16,11,18,,True,10,59,2.1804477000259794,2.591013600002043,139,123,36,11,1030.9999999999993,193.99999999999736,4522.2043859221785,0.0,38,156,-1.8189894035458565e-12,True,943.0121947375769,17.74943008678929,c1608f1efa4e0d6d2a9d43891e10027564020fa6a26af9f22c7b52605d7c176a,0,0,0,0,0,0,173
E2,mixed_endpoint_50003,50003,mixed,endpoint,45b09915201a4a6577aa5ff2427ee83e628f31ee1516a783e326741212b15e51,15,15,6464.082120483676,430.93880803224505,22965.41060241837,8142.818797615003,287,45,15,11,25,,True,14,53,1.8752199998125434,1.986915699992096,259,244,28,5,1706.0000000000011,165.00000000000014,4593.082120483676,0.0,30,271,1.8189894035458565e-12,True,943.0121947375769,17.74943008678929,c56c457891c0a2ee49696ad421de1aba7405f3ae0a28f376af85a4e5036e6f14,0,0,0,0,0,0,121
ERN,mixed_endpoint_50002,50002,mixed,endpoint,af22126e7672ed70e8298e57eea43428ff7091457b68f1248e43fd6d2c1fa61b,16,16,5685.701465336008,355.3563415835005,22333.507326680035,11589.520604107742,174,54,16,11,18,,True,10,59,2.247729700000491,2.6979555999860168,138,122,36,11,1025.0,193.99999999999827,4466.701465336009,0.0,38,155,9.094947017729282e-13,True,943.0121947375769,17.74943008678929,330ef798e4195b893284f8138bbc82e56395b028db578752536ab205286b552a,0,0,0,0,0,0,176
G075,mixed_endpoint_50003,50003,mixed,endpoint,45b09915201a4a6577aa5ff2427ee83e628f31ee1516a783e326741212b15e51,15,15,6501.968083815143,433.4645389210095,23179.8404190757,8357.248614272332,289,39,15,8,25,,True,14,56,1.352070500026457,1.6707430999958888,259,244,30,5,1719.0000000000007,147.00000000000222,4635.968083815141,0.0,24,274,2.7284841053187847e-12,True,943.0121947375769,17.74943008678929,d75bdf7005944d6206a45db659ab1e54574f465e23d8b91a3e4ee3eabe77c36b,0,0,0,0,0,0,126
G15,mixed_endpoint_50003,50003,mixed,endpoint,45b09915201a4a6577aa5ff2427ee83e628f31ee1516a783e326741212b15e51,15,15,6501.968083815143,433.4645389210095,23179.8404190757,8357.248614272332,289,39,15,8,25,,True,14,56,1.303182900097454,1.6122900000191294,259,244,30,5,1719.0000000000007,147.00000000000222,4635.968083815141,0.0,24,274,2.7284841053187847e-12,True,943.0121947375769,17.74943008678929,d75bdf7005944d6206a45db659ab1e54574f465e23d8b91a3e4ee3eabe77c36b,0,0,0,0,0,0,126
R2,mixed_endpoint_50003,50003,mixed,endpoint,45b09915201a4a6577aa5ff2427ee83e628f31ee1516a783e326741212b15e51,15,15,6501.968083815143,433.4645389210095,23179.8404190757,8357.248614272332,289,39,15,8,25,,True,14,56,1.578466299950378,1.6394252000027336,259,244,30,5,1719.0000000000007,147.00000000000222,4635.968083815141,0.0,24,274,2.7284841053187847e-12,True,943.0121947375769,17.74943008678929,d75bdf7005944d6206a45db659ab1e54574f465e23d8b91a3e4ee3eabe77c36b,0,0,0,0,0,0,126
B20,mixed_endpoint_50002,50002,mixed,endpoint,af22126e7672ed70e8298e57eea43428ff7091457b68f1248e43fd6d2c1fa61b,16,16,8809.912854786558,550.6195534241599,33384.56427393277,20477.391878918825,279,154,16,8,21,,True,17,77,6.143961199821206,6.277119500009576,224,208,55,25,1639.0000000000007,494.00000000000443,6676.912854786557,0.0,138,244,5.4569682106375694e-12,True,943.0121947375769,17.74943008678929,f12cd114a46df34c277bead0eb62680d007f32556f1b6e3409cbd501277c7639,0,0,0,0,0,0,124
R4,mixed_endpoint_50003,50003,mixed,endpoint,45b09915201a4a6577aa5ff2427ee83e628f31ee1516a783e326741212b15e51,15,15,6501.968083815143,433.4645389210095,23179.8404190757,8357.248614272332,289,39,15,8,25,,True,14,56,1.5968663000385277,1.6528808000148274,259,244,30,5,1719.0000000000007,147.00000000000222,4635.968083815141,0.0,24,274,2.7284841053187847e-12,True,943.0121947375769,17.74943008678929,d75bdf7005944d6206a45db659ab1e54574f465e23d8b91a3e4ee3eabe77c36b,0,0,0,0,0,0,126
H400,mixed_endpoint_50003,50003,mixed,endpoint,45b09915201a4a6577aa5ff2427ee83e628f31ee1516a783e326741212b15e51,15,15,6337.296005799987,422.4864003866658,24671.48002899993,8971.06595562631,212,41,15,5,25,,True,9,68,1.5599417000485118,1.6023301999957766,183,168,29,6,1250.0000000000016,153.00000000000043,4934.296005799986,375.17503279754055,26,190,9.094947017729282e-13,True,943.0121947375769,17.74943008678929,d1ec60dcb39c1da567fb7cf5ccaba6e9e505dba14b4658e1a3c99194940ffdeb,0,0,0,0,0,0,154
baseline,mixed_endpoint_50004,50004,mixed,endpoint,229ba66b9b30b0111fd55a390f4da63195397b499fbcc9d396f536d418f8c836,11,11,7072.028861690038,642.9117146990943,24710.144308450203,8881.927849049782,347,16,11,0,25,,True,11,57,0.5959803999576252,0.6309449999826029,319,308,28,3,2060.0,69.99999999999847,4942.028861690039,309.57528116508547,5,325,-2.7284841053187847e-12,True,943.0121947375769,17.74943008678929,810f39361b3c9f17fce60fd05d4a874561d6f742ac2dabd603ae4b7350d2f466,0,0,0,0,0,0,0
N50,mixed_endpoint_50003,50003,mixed,endpoint,45b09915201a4a6577aa5ff2427ee83e628f31ee1516a783e326741212b15e51,15,15,6501.968083815143,433.4645389210095,23179.8404190757,8357.248614272332,289,39,15,8,25,,True,14,56,1.2559761999582406,1.5414271999907214,259,244,30,5,1719.0000000000007,147.00000000000222,4635.968083815141,0.0,24,274,2.7284841053187847e-12,True,943.0121947375769,17.74943008678929,d75bdf7005944d6206a45db659ab1e54574f465e23d8b91a3e4ee3eabe77c36b,0,0,0,0,0,0,126
H200,mixed_endpoint_50003,50003,mixed,endpoint,45b09915201a4a6577aa5ff2427ee83e628f31ee1516a783e326741212b15e51,15,15,6677.798141157016,445.1865427438011,24073.990705785065,9342.622204348609,289,38,15,4,25,,True,11,67,1.6624801999423653,1.707336799998302,259,244,30,5,1719.0000000000034,143.99999999999986,4814.798141157013,0.0,23,274,3.637978807091713e-12,True,943.0121947375769,17.74943008678929,c1b667864ffd4a7c691a9d1f8237804f50527409f680df3489663ad64ebc8d3b,0,0,0,0,0,0,147
N20,mixed_endpoint_50003,50003,mixed,endpoint,45b09915201a4a6577aa5ff2427ee83e628f31ee1516a783e326741212b15e51,15,15,6501.968083815143,433.4645389210095,23179.8404190757,8357.248614272332,289,39,15,8,25,,True,14,56,1.3507792998861987,1.6575042000040412,259,244,30,5,1719.0000000000007,147.00000000000222,4635.968083815141,0.0,24,274,2.7284841053187847e-12,True,943.0121947375769,17.74943008678929,6af7439c279d46bf3727c0c0f0cfc8099ebdaa3c2b4cab654288ae2fa9e5e1e7,0,0,0,0,0,0,126
LC,mixed_endpoint_50004,50004,mixed,endpoint,229ba66b9b30b0111fd55a390f4da63195397b499fbcc9d396f536d418f8c836,11,11,6624.482986044293,602.2257260040267,22782.414930221472,7530.98652695774,328,32,11,6,25,,True,8,48,0.6866307998425327,0.7266744000080507,307,296,21,3,1950.0,117.9999999999996,4556.482986044292,0.0,21,310,-9.094947017729282e-13,True,943.0121947375769,17.74943008678929,25730a5a013b9d489fb51b485ec057b7580ad9c366509b88f7fb5baffe72ce46,0,0,0,0,0,0,41
ER,mixed_endpoint_50003,50003,mixed,endpoint,45b09915201a4a6577aa5ff2427ee83e628f31ee1516a783e326741212b15e51,15,15,6464.082120483676,430.93880803224505,22965.41060241837,8142.818797615003,287,45,15,11,25,,True,14,53,1.7757222999352962,1.891340800008038,259,244,28,5,1706.0000000000011,165.00000000000014,4593.082120483676,0.0,30,271,1.8189894035458565e-12,True,943.0121947375769,17.74943008678929,c56c457891c0a2ee49696ad421de1aba7405f3ae0a28f376af85a4e5036e6f14,0,0,0,0,0,0,121
previous_best,mixed_endpoint_50004,50004,mixed,endpoint,229ba66b9b30b0111fd55a390f4da63195397b499fbcc9d396f536d418f8c836,11,11,6121.607733268129,556.5097939334663,20698.038666340646,7210.8573406104215,322,14,11,0,25,,True,11,46,0.6284722999844234,0.6568127000064123,303,292,19,0,1918.0,63.99999999999977,4139.60773326813,106.97224085721246,3,308,0.0,True,943.0121947375769,2.074856830987301,8ad9932d1a999a6c85a42ff0fb8822e8921109413e4b92adc6623f443576d52c,11,6,0,0,0,0,0
EN,mixed_endpoint_50003,50003,mixed,endpoint,45b09915201a4a6577aa5ff2427ee83e628f31ee1516a783e326741212b15e51,15,15,6464.082120483676,430.93880803224505,22965.41060241837,8142.818797615003,287,45,15,11,25,,True,14,53,1.5450609998952132,1.9037531999929342,259,244,28,5,1706.0000000000011,165.00000000000014,4593.082120483676,0.0,30,271,1.8189894035458565e-12,True,943.0121947375769,17.74943008678929,c56c457891c0a2ee49696ad421de1aba7405f3ae0a28f376af85a4e5036e6f14,0,0,0,0,0,0,121
LPC,mixed_endpoint_50004,50004,mixed,endpoint,229ba66b9b30b0111fd55a390f4da63195397b499fbcc9d396f536d418f8c836,11,11,6651.905069899363,604.718642718124,22884.525349496816,7366.134627771127,329,33,11,7,25,,True,8,47,0.8802087000512984,0.9286462000163738,309,298,20,1,1954.0000000000005,120.99999999999972,4576.9050698993615,0.0,22,309,0.0,True,943.0121947375769,17.74943008678929,03e8bb732e3b765ffc27f49a8c98a1757985ce2c3ec41d9c62704d9821e331a9,8,0,0,0,8,0,68
ERN,mixed_endpoint_50003,50003,mixed,endpoint,45b09915201a4a6577aa5ff2427ee83e628f31ee1516a783e326741212b15e51,15,15,6464.082120483676,430.93880803224505,22965.41060241837,8142.818797615003,287,45,15,11,25,,True,14,53,1.5164079000242054,1.873869500006549,259,244,28,5,1706.0000000000011,165.00000000000014,4593.082120483676,0.0,30,271,1.8189894035458565e-12,True,943.0121947375769,17.74943008678929,c56c457891c0a2ee49696ad421de1aba7405f3ae0a28f376af85a4e5036e6f14,0,0,0,0,0,0,121
G075,mixed_endpoint_50004,50004,mixed,endpoint,229ba66b9b30b0111fd55a390f4da63195397b499fbcc9d396f536d418f8c836,11,11,6624.482986044293,602.2257260040267,22782.414930221472,7530.98652695774,328,32,11,6,25,,True,8,48,0.669437299889978,0.9345683999999892,307,296,21,3,1950.0,117.9999999999996,4556.482986044292,0.0,21,310,-9.094947017729282e-13,True,943.0121947375769,17.74943008678929,25730a5a013b9d489fb51b485ec057b7580ad9c366509b88f7fb5baffe72ce46,0,0,0,0,0,0,41
E1,mixed_endpoint_50004,50004,mixed,endpoint,229ba66b9b30b0111fd55a390f4da63195397b499fbcc9d396f536d418f8c836,11,11,6666.5513454816655,606.0501223165151,22792.756727408338,7540.700508756784,327,47,11,7,25,,True,8,47,0.9736471999785863,1.0561073000135366,307,296,20,3,1944.9999999999995,162.99999999999926,4558.551345481665,0.0,36,310,-1.8189894035458565e-12,True,943.0121947375769,17.74943008678929,02ef7f8d1a8eaea9e132655cd859f3f7694b7b58cbad16969f00731f0b20af69,0,0,0,0,0,0,41
E2,mixed_endpoint_50004,50004,mixed,endpoint,229ba66b9b30b0111fd55a390f4da63195397b499fbcc9d396f536d418f8c836,11,11,6666.5513454816655,606.0501223165151,22792.756727408338,7540.700508756784,327,47,11,7,25,,True,8,47,0.9673326999181882,1.0444462000159547,307,296,20,3,1944.9999999999995,162.99999999999926,4558.551345481665,0.0,36,310,-1.8189894035458565e-12,True,943.0121947375769,17.74943008678929,02ef7f8d1a8eaea9e132655cd859f3f7694b7b58cbad16969f00731f0b20af69,0,0,0,0,0,0,41
B60,mixed_endpoint_50003,50003,mixed,endpoint,45b09915201a4a6577aa5ff2427ee83e628f31ee1516a783e326741212b15e51,15,15,6133.076059517452,408.8717373011635,24415.380297587264,8955.135249938001,188,37,15,10,25,,True,17,52,4.102742099901661,4.159596900019096,160,145,28,4,1109.0,141.00000000000017,4883.0760595174515,388.65269380991504,22,169,0.0,True,943.0121947375769,17.74943008678929,1bef724bb03ebfac145606bc4a3c5959517dd3e04890d3ea6bd25ba426af89ed,0,0,0,0,0,0,119
G15,mixed_endpoint_50004,50004,mixed,endpoint,229ba66b9b30b0111fd55a390f4da63195397b499fbcc9d396f536d418f8c836,11,11,6624.482986044293,602.2257260040267,22782.414930221472,7530.98652695774,328,32,11,6,25,,True,8,48,0.6928145000711083,0.952402399998391,307,296,21,3,1950.0,117.9999999999996,4556.482986044292,0.0,21,310,-9.094947017729282e-13,True,943.0121947375769,17.74943008678929,25730a5a013b9d489fb51b485ec057b7580ad9c366509b88f7fb5baffe72ce46,0,0,0,0,0,0,41
R2,mixed_endpoint_50004,50004,mixed,endpoint,229ba66b9b30b0111fd55a390f4da63195397b499fbcc9d396f536d418f8c836,11,11,6624.482986044293,602.2257260040267,22782.414930221472,7530.98652695774,328,32,11,6,25,,True,8,48,0.9158656001091003,0.9695898999925703,307,296,21,3,1950.0,117.9999999999996,4556.482986044292,0.0,21,310,-9.094947017729282e-13,True,943.0121947375769,17.74943008678929,25730a5a013b9d489fb51b485ec057b7580ad9c366509b88f7fb5baffe72ce46,0,0,0,0,0,0,41
R4,mixed_endpoint_50004,50004,mixed,endpoint,229ba66b9b30b0111fd55a390f4da63195397b499fbcc9d396f536d418f8c836,11,11,6624.482986044293,602.2257260040267,22782.414930221472,7530.98652695774,328,32,11,6,25,,True,8,48,0.8639052999787964,0.9144547000178136,307,296,21,3,1950.0,117.9999999999996,4556.482986044292,0.0,21,310,-9.094947017729282e-13,True,943.0121947375769,17.74943008678929,25730a5a013b9d489fb51b485ec057b7580ad9c366509b88f7fb5baffe72ce46,0,0,0,0,0,0,41
H200,mixed_endpoint_50004,50004,mixed,endpoint,229ba66b9b30b0111fd55a390f4da63195397b499fbcc9d396f536d418f8c836,11,11,6700.133353351311,609.1030321228465,23150.66676675656,7920.59476113336,329,31,11,4,25,,True,8,56,0.8926927000575233,0.9378819999983534,307,296,22,3,1954.9999999999995,114.99999999999949,4630.133353351311,0.0,20,310,-9.094947017729282e-13,True,943.0121947375769,17.74943008678929,3e5a7e8741fec91316b64c68b705ea074bb9c02dcca444ed95ba77c16d603407,0,0,0,0,0,0,51
H400,mixed_endpoint_50004,50004,mixed,endpoint,229ba66b9b30b0111fd55a390f4da63195397b499fbcc9d396f536d418f8c836,11,11,6776.6695716043905,616.0608701458536,24568.34785802195,10256.646870550412,301,18,11,1,25,,True,6,55,0.9570999000279699,0.9945277000078931,280,269,21,1,1787.0000000000005,76.00000000000048,4913.66957160439,0.0,7,282,9.094947017729282e-13,True,943.0121947375769,17.74943008678929,96653d4a21fde74c56a8027625408aa4759c4ae485c93671d6c5bd73bda356b9,0,0,0,0,0,0,36
N20,mixed_endpoint_50004,50004,mixed,endpoint,229ba66b9b30b0111fd55a390f4da63195397b499fbcc9d396f536d418f8c836,11,11,6624.482986044293,602.2257260040267,22782.414930221472,7530.98652695774,328,32,11,6,25,,True,8,48,0.6008180999779142,0.8305051000206731,307,296,21,3,1950.0,117.9999999999996,4556.482986044292,0.0,21,310,-9.094947017729282e-13,True,943.0121947375769,17.74943008678929,25730a5a013b9d489fb51b485ec057b7580ad9c366509b88f7fb5baffe72ce46,0,0,0,0,0,0,41
N50,mixed_endpoint_50004,50004,mixed,endpoint,229ba66b9b30b0111fd55a390f4da63195397b499fbcc9d396f536d418f8c836,11,11,6624.482986044293,602.2257260040267,22782.414930221472,7530.98652695774,328,32,11,6,25,,True,8,48,0.5965873999812175,0.8742199999978766,307,296,21,3,1950.0,117.9999999999996,4556.482986044292,0.0,21,310,-9.094947017729282e-13,True,943.0121947375769,17.74943008678929,25730a5a013b9d489fb51b485ec057b7580ad9c366509b88f7fb5baffe72ce46,0,0,0,0,0,0,41
ER,mixed_endpoint_50004,50004,mixed,endpoint,229ba66b9b30b0111fd55a390f4da63195397b499fbcc9d396f536d418f8c836,11,11,6666.5513454816655,606.0501223165151,22792.756727408338,7540.700508756784,327,47,11,7,25,,True,8,47,0.8459206000843551,0.9122980000101961,307,296,20,3,1944.9999999999995,162.99999999999926,4558.551345481665,0.0,36,310,-1.8189894035458565e-12,True,943.0121947375769,17.74943008678929,02ef7f8d1a8eaea9e132655cd859f3f7694b7b58cbad16969f00731f0b20af69,0,0,0,0,0,0,41
EN,mixed_endpoint_50004,50004,mixed,endpoint,229ba66b9b30b0111fd55a390f4da63195397b499fbcc9d396f536d418f8c836,11,11,6666.5513454816655,606.0501223165151,22792.756727408338,7540.700508756784,327,47,11,7,25,,True,8,47,0.6648393000359647,0.9287833000125829,307,296,20,3,1944.9999999999995,162.99999999999926,4558.551345481665,0.0,36,310,-1.8189894035458565e-12,True,943.0121947375769,17.74943008678929,02ef7f8d1a8eaea9e132655cd859f3f7694b7b58cbad16969f00731f0b20af69,0,0,0,0,0,0,41
B60,mixed_endpoint_50004,50004,mixed,endpoint,229ba66b9b30b0111fd55a390f4da63195397b499fbcc9d396f536d418f8c836,11,11,6309.540715877278,573.594610534298,22022.70357938639,7022.047225223346,309,16,11,3,25,,True,11,46,1.9248785000527278,1.9684552999970037,289,278,20,1,1835.000000000001,69.99999999999967,4404.540715877277,0.0,5,290,0.0,True,943.0121947375769,17.74943008678929,8ddbb1d7db60404cdd75254dc22af188c2152a8e9b25fd3d8ec272ed5682aae7,0,0,0,0,0,0,47
baseline,mixed_endpoint_50005,50005,mixed,endpoint,ba1f05d300ae41e4fdf9aed5b10ef178ad98767bb4c05608a8bf35cdaffa3c0f,13,13,7127.470121946717,548.2669324574398,26717.35060973358,11583.378670291306,290,16,13,0,25,,True,3,75,0.6735690997738857,0.7018696000159252,252,239,38,5,1710.0000000000002,73.9999999999999,5343.470121946718,533.4655017354726,3,260,9.094947017729282e-13,True,943.0121947375769,17.74943008678929,bc9bd059a1463445bf8b63aef7a9366338283e6f76efcd0f614234201c85bc32,0,0,0,0,0,0,0
ERN,mixed_endpoint_50004,50004,mixed,endpoint,229ba66b9b30b0111fd55a390f4da63195397b499fbcc9d396f536d418f8c836,11,11,6666.5513454816655,606.0501223165151,22792.756727408338,7540.700508756784,327,47,11,7,25,,True,8,47,0.6713772000803147,0.9455196000053547,307,296,20,3,1944.9999999999995,162.99999999999926,4558.551345481665,0.0,36,310,-1.8189894035458565e-12,True,943.0121947375769,17.74943008678929,02ef7f8d1a8eaea9e132655cd859f3f7694b7b58cbad16969f00731f0b20af69,0,0,0,0,0,0,41
LC,mixed_endpoint_50005,50005,mixed,endpoint,ba1f05d300ae41e4fdf9aed5b10ef178ad98767bb4c05608a8bf35cdaffa3c0f,13,13,6900.7113009402165,530.8239462261705,25913.556504701075,9845.725300138894,275,21,13,4,25,,True,7,56,0.8592843998630997,0.8969383999938145,249,236,26,5,1628.9999999999995,89.00000000000219,5182.711300940216,119.37987210387018,8,254,1.8189894035458565e-12,True,943.0121947375769,17.74943008678929,acc25834b9ac608318858d6d294ab95102a5d1b4394646178bebca3e76fc138b,0,0,0,0,0,0,46
previous_best,mixed_endpoint_50005,50005,mixed,endpoint,ba1f05d300ae41e4fdf9aed5b10ef178ad98767bb4c05608a8bf35cdaffa3c0f,13,13,6431.608488784097,494.7391145218536,22763.042443920498,7109.345596362598,303,18,13,0,25,,True,17,53,0.6246684998914134,0.6579981000104453,275,262,28,1,1798.9999999999989,79.99999999999865,4552.608488784099,262.8567162387217,5,284,-2.7284841053187847e-12,True,943.0121947375769,2.074856830987301,e7a34a8e8d01676b2463003b585acfa388220321f98efa3bfd3f755ff57fa9b4,17,6,0,0,0,0,0
E1,mixed_endpoint_50005,50005,mixed,endpoint,ba1f05d300ae41e4fdf9aed5b10ef178ad98767bb4c05608a8bf35cdaffa3c0f,13,13,6838.500571405178,526.038505492706,24872.502857025884,9241.043392661684,265,88,13,8,25,,True,7,51,0.8774336000205949,0.9805000000051223,244,231,21,4,1574.0000000000002,290.00000000000244,4974.500571405177,119.37987210387018,75,249,9.094947017729282e-13,True,943.0121947375769,17.74943008678929,7555e399cd5fa1e93bfd00f7208442bb4ee2cd110c05307ec6b034f7c0b2b0af,0,0,0,0,0,0,17
LPC,mixed_endpoint_50005,50005,mixed,endpoint,ba1f05d300ae41e4fdf9aed5b10ef178ad98767bb4c05608a8bf35cdaffa3c0f,13,13,6705.914358636798,515.8395660489845,25219.571793184008,8984.02803394599,265,22,13,4,25,,True,15,53,1.168760799948359,1.220121599995764,235,222,30,5,1569.999999999999,91.99999999999882,5043.914358636802,396.81191643518014,9,245,-3.637978807091713e-12,True,943.0121947375769,17.74943008678929,244e3010ba0363c1d99ca3ea9d334a82e93a18cbd021b573dc2813f6a13c8a1c,15,0,0,0,15,0,63
E2,mixed_endpoint_50005,50005,mixed,endpoint,ba1f05d300ae41e4fdf9aed5b10ef178ad98767bb4c05608a8bf35cdaffa3c0f,13,13,6838.500571405178,526.038505492706,24872.502857025884,9241.043392661684,265,88,13,8,25,,True,7,51,0.9718396000389475,1.0856010999996215,244,231,21,4,1574.0000000000002,290.00000000000244,4974.500571405177,119.37987210387018,75,249,9.094947017729282e-13,True,943.0121947375769,17.74943008678929,7555e399cd5fa1e93bfd00f7208442bb4ee2cd110c05307ec6b034f7c0b2b0af,0,0,0,0,0,0,17
G075,mixed_endpoint_50005,50005,mixed,endpoint,ba1f05d300ae41e4fdf9aed5b10ef178ad98767bb4c05608a8bf35cdaffa3c0f,13,13,6900.7113009402165,530.8239462261705,25913.556504701075,9845.725300138894,275,21,13,4,25,,True,7,56,0.7413231999380514,1.0475657999922987,249,236,26,5,1628.9999999999995,89.00000000000219,5182.711300940216,119.37987210387018,8,254,1.8189894035458565e-12,True,943.0121947375769,17.74943008678929,acc25834b9ac608318858d6d294ab95102a5d1b4394646178bebca3e76fc138b,0,0,0,0,0,0,46
G15,mixed_endpoint_50005,50005,mixed,endpoint,ba1f05d300ae41e4fdf9aed5b10ef178ad98767bb4c05608a8bf35cdaffa3c0f,13,13,6900.7113009402165,530.8239462261705,25913.556504701075,9845.725300138894,275,21,13,4,25,,True,7,56,0.6595703999919351,0.8979528000054415,249,236,26,5,1628.9999999999995,89.00000000000219,5182.711300940216,119.37987210387018,8,254,1.8189894035458565e-12,True,943.0121947375769,17.74943008678929,acc25834b9ac608318858d6d294ab95102a5d1b4394646178bebca3e76fc138b,0,0,0,0,0,0,46
B20,mixed_endpoint_50003,50003,mixed,endpoint,45b09915201a4a6577aa5ff2427ee83e628f31ee1516a783e326741212b15e51,15,15,7028.167887961811,468.54452586412077,27890.839439809035,12270.867814729318,202,78,15,11,25,,True,14,57,6.474952499935171,6.550602300005266,170,155,32,8,1186.000000000001,264.0000000000026,5578.167887961809,609.3734215771492,63,176,4.547473508864641e-12,True,943.0121947375769,17.74943008678929,474468052c46ce90f2c3cbe2c055a03b83e39460df9b72c195f701a209bfc570,0,0,0,0,0,0,120
R2,mixed_endpoint_50005,50005,mixed,endpoint,ba1f05d300ae41e4fdf9aed5b10ef178ad98767bb4c05608a8bf35cdaffa3c0f,13,13,6705.600992862763,515.8154609894433,24998.004964313805,9323.49108795263,269,28,13,6,25,,True,8,54,1.032007299916586,1.0797281000122894,244,231,25,4,1596.0000000000005,110.00000000000267,4999.600992862761,119.37987210387018,15,251,1.8189894035458565e-12,True,943.0121947375769,17.74943008678929,818e16f69a55ab3d90c044e57c014d6747cd1da42be7934e9225d907deda8baf,0,0,0,0,0,0,22
B20,mixed_endpoint_50004,50004,mixed,endpoint,229ba66b9b30b0111fd55a390f4da63195397b499fbcc9d396f536d418f8c836,11,11,6921.72928035506,629.2481163959145,24453.6464017753,10163.891497621442,326,26,11,6,25,,True,11,52,3.4063371001102496,3.46063139999751,300,289,26,6,1930.999999999999,100.00000000000114,4890.72928035506,144.92734359923452,15,301,0.0,True,943.0121947375769,17.74943008678929,80b529c2fe55f4ee954783d7a2645a346d4e73b31753d417e9da1a0ceb342a8a,0,0,0,0,0,0,70
R4,mixed_endpoint_50005,50005,mixed,endpoint,ba1f05d300ae41e4fdf9aed5b10ef178ad98767bb4c05608a8bf35cdaffa3c0f,13,13,6900.7113009402165,530.8239462261705,25913.556504701075,9845.725300138894,275,21,13,4,25,,True,7,56,0.8990791998803616,0.9377116000105161,249,236,26,5,1628.9999999999995,89.00000000000219,5182.711300940216,119.37987210387018,8,254,1.8189894035458565e-12,True,943.0121947375769,17.74943008678929,acc25834b9ac608318858d6d294ab95102a5d1b4394646178bebca3e76fc138b,0,0,0,0,0,0,46
H200,mixed_endpoint_50005,50005,mixed,endpoint,ba1f05d300ae41e4fdf9aed5b10ef178ad98767bb4c05608a8bf35cdaffa3c0f,13,13,6995.834338294958,538.141102945766,26224.171691474785,9587.141286505315,274,33,13,3,25,,True,8,60,0.9788306000700686,1.0173216000257526,249,236,25,4,1626.0,125.00000000000162,5244.834338294958,120.26813180856243,20,256,9.094947017729282e-13,True,943.0121947375769,17.74943008678929,79dba0bbcab0604afb91ea7a4496f34a2191d916eeea18dad8dae03c32c2df57,0,0,0,0,0,0,53
H400,mixed_endpoint_50005,50005,mixed,endpoint,ba1f05d300ae41e4fdf9aed5b10ef178ad98767bb4c05608a8bf35cdaffa3c0f,13,13,6747.115054892559,519.0088503763507,24650.5752744628,10937.576053718103,290,22,13,2,25,,True,9,60,0.9480703000153881,0.9832013999985065,264,251,26,3,1724.9999999999984,92.00000000000018,4930.11505489256,508.44301393705973,9,275,-9.094947017729282e-13,True,943.0121947375769,17.74943008678929,d62ad0438270ec1d25b3fe1175088a64d188b3c6e2d6df3f1537a755737070a5,0,0,0,0,0,0,33
N20,mixed_endpoint_50005,50005,mixed,endpoint,ba1f05d300ae41e4fdf9aed5b10ef178ad98767bb4c05608a8bf35cdaffa3c0f,13,13,6903.7113009402165,531.0547154569397,25913.556504701075,9845.725300138894,275,22,13,4,25,,True,7,56,0.6512350999109913,0.9289148999960162,249,236,26,5,1628.9999999999995,92.00000000000216,5182.711300940216,119.37987210387018,9,254,1.8189894035458565e-12,True,943.0121947375769,17.74943008678929,bd2f60a785aebf3570c84e9602e58b673b55d2f28c66aff0afda1ec29bb8d29b,0,0,0,0,0,0,46
N50,mixed_endpoint_50005,50005,mixed,endpoint,ba1f05d300ae41e4fdf9aed5b10ef178ad98767bb4c05608a8bf35cdaffa3c0f,13,13,6903.7113009402165,531.0547154569397,25913.556504701075,9845.725300138894,275,22,13,4,25,,True,7,56,0.6281193999166135,0.8824339999991935,249,236,26,5,1628.9999999999995,92.00000000000216,5182.711300940216,119.37987210387018,9,254,1.8189894035458565e-12,True,943.0121947375769,17.74943008678929,bd2f60a785aebf3570c84e9602e58b673b55d2f28c66aff0afda1ec29bb8d29b,0,0,0,0,0,0,46
ER,mixed_endpoint_50005,50005,mixed,endpoint,ba1f05d300ae41e4fdf9aed5b10ef178ad98767bb4c05608a8bf35cdaffa3c0f,13,13,6838.500571405178,526.038505492706,24872.502857025884,9241.043392661684,265,88,13,8,25,,True,7,51,0.8537067997967824,0.9673229000181891,244,231,21,4,1574.0000000000002,290.00000000000244,4974.500571405177,119.37987210387018,75,249,9.094947017729282e-13,True,943.0121947375769,17.74943008678929,7555e399cd5fa1e93bfd00f7208442bb4ee2cd110c05307ec6b034f7c0b2b0af,0,0,0,0,0,0,17
B60,mixed_endpoint_50005,50005,mixed,endpoint,ba1f05d300ae41e4fdf9aed5b10ef178ad98767bb4c05608a8bf35cdaffa3c0f,13,13,6452.5608878682515,496.350837528327,23337.80443934126,9174.634832058966,279,34,13,7,25,,True,12,43,2.045793999976013,2.094689399993513,262,249,17,1,1656.9999999999989,128.00000000000156,4667.5608878682515,0.0,21,262,-9.094947017729282e-13,True,943.0121947375769,17.74943008678929,deb72852a21b05bc59b5acbbc12fdee8340e5c0ad5c7ac18690554b8de76f574,0,0,0,0,0,0,15
EN,mixed_endpoint_50005,50005,mixed,endpoint,ba1f05d300ae41e4fdf9aed5b10ef178ad98767bb4c05608a8bf35cdaffa3c0f,13,13,6841.500571405178,526.2692747234752,24872.502857025884,9241.043392661684,265,89,13,8,25,,True,7,51,0.6745128998009022,0.9788427999883424,244,231,21,4,1574.0000000000002,293.00000000000244,4974.500571405177,119.37987210387018,76,249,9.094947017729282e-13,True,943.0121947375769,17.74943008678929,6333b2616fe7cc44c5148d59c08b1829b1f883ebbc160ea0443520f63f32d2de,0,0,0,0,0,0,17
ERN,mixed_endpoint_50005,50005,mixed,endpoint,ba1f05d300ae41e4fdf9aed5b10ef178ad98767bb4c05608a8bf35cdaffa3c0f,13,13,6841.500571405178,526.2692747234752,24872.502857025884,9241.043392661684,265,89,13,8,25,,True,7,51,0.6734614999440964,0.9768136999919079,244,231,21,4,1574.0000000000002,293.00000000000244,4974.500571405177,119.37987210387018,76,249,9.094947017729282e-13,True,943.0121947375769,17.74943008678929,6333b2616fe7cc44c5148d59c08b1829b1f883ebbc160ea0443520f63f32d2de,0,0,0,0,0,0,17
baseline,mixed_endpoint_50006,50006,mixed,endpoint,eb4b03e93aba8921d2cbea1cc98aac46c60a864f587cc7dfcb5301bb5b6bb1c6,13,13,6943.551363591932,534.1193356609178,26232.756817959667,10584.400113828318,274,20,13,0,25,,True,5,79,0.9281196000811178,0.9668890999746509,234,221,40,5,1610.9999999999986,85.99999999999915,5246.551363591932,1386.969868095819,7,241,-9.094947017729282e-13,True,943.0121947375769,17.74943008678929,8f4f80706e58ffff587034ccc276a292c1f22338607783f8dd5d7edcbb3bb2a5,0,0,0,0,0,0,0
LC,mixed_endpoint_50006,50006,mixed,endpoint,eb4b03e93aba8921d2cbea1cc98aac46c60a864f587cc7dfcb5301bb5b6bb1c6,13,13,6773.138186343255,521.0106297187119,26260.690931716268,10031.446132709456,242,23,13,5,25,,True,11,58,1.2581430999853183,1.3025779000017792,210,197,32,8,1425.9999999999995,95.00000000000067,5252.138186343254,1106.0165462981886,10,216,1.8189894035458565e-12,True,943.0121947375769,17.74943008678929,537f3bb454b60ea97a9ff9d445d900394e312d283eb29087bd060284af7e10d4,0,0,0,0,0,0,65
LPC,mixed_endpoint_50006,50006,mixed,endpoint,eb4b03e93aba8921d2cbea1cc98aac46c60a864f587cc7dfcb5301bb5b6bb1c6,13,13,6145.490208575348,472.7300160442576,22542.45104287675,8379.480001332582,261,21,13,6,25,,True,17,51,1.347382999927504,1.4038835000246763,230,217,31,9,1547.9999999999998,89.00000000000018,4508.490208575347,517.5668258600781,8,243,-1.8189894035458565e-12,True,943.0121947375769,17.74943008678929,8c13376e0dba251fcc23ef15c5e603e3834d28c5330a8b23de20d78f25ec626b,17,0,0,0,17,0,33
previous_best,mixed_endpoint_50006,50006,mixed,endpoint,eb4b03e93aba8921d2cbea1cc98aac46c60a864f587cc7dfcb5301bb5b6bb1c6,13,13,6573.918150132134,505.6860115486257,24409.590750660667,10047.036887855616,272,19,13,0,25,,True,21,61,1.3592761999170762,1.4045925000100397,233,220,39,11,1609.000000000001,82.99999999999925,4881.918150132134,0.0,6,249,0.0,True,943.0121947375769,2.074856830987301,ad70232613831de88c41e0196bc5f05c06e57627b9fca35cd2964e1ff2873d15,21,7,0,0,0,0,0
B20,mixed_endpoint_50005,50005,mixed,endpoint,ba1f05d300ae41e4fdf9aed5b10ef178ad98767bb4c05608a8bf35cdaffa3c0f,13,13,6890.904361511381,530.0695662701062,24854.521807556914,10022.745200991392,307,25,13,6,25,,True,10,57,3.166860400029691,3.214494799991371,278,265,29,7,1819.0000000000002,100.9999999999986,4970.9043615113815,795.4063793840878,12,284,-1.8189894035458565e-12,True,943.0121947375769,17.74943008678929,366819f0379b17a353ca49a954453f726ff72fd5c49f6d7764239eff051ff176,0,0,0,0,0,0,39
G075,mixed_endpoint_50006,50006,mixed,endpoint,eb4b03e93aba8921d2cbea1cc98aac46c60a864f587cc7dfcb5301bb5b6bb1c6,13,13,6773.138186343255,521.0106297187119,26260.690931716268,10031.446132709456,242,23,13,5,25,,True,11,58,0.9994191000878345,1.282778499997221,210,197,32,8,1425.9999999999995,95.00000000000067,5252.138186343254,1106.0165462981886,10,216,1.8189894035458565e-12,True,943.0121947375769,17.74943008678929,537f3bb454b60ea97a9ff9d445d900394e312d283eb29087bd060284af7e10d4,0,0,0,0,0,0,65
G15,mixed_endpoint_50006,50006,mixed,endpoint,eb4b03e93aba8921d2cbea1cc98aac46c60a864f587cc7dfcb5301bb5b6bb1c6,13,13,6773.138186343255,521.0106297187119,26260.690931716268,10031.446132709456,242,23,13,5,25,,True,11,58,1.0077387999044731,1.3418111999926623,210,197,32,8,1425.9999999999995,95.00000000000067,5252.138186343254,1106.0165462981886,10,216,1.8189894035458565e-12,True,943.0121947375769,17.74943008678929,537f3bb454b60ea97a9ff9d445d900394e312d283eb29087bd060284af7e10d4,0,0,0,0,0,0,65
E2,mixed_endpoint_50006,50006,mixed,endpoint,eb4b03e93aba8921d2cbea1cc98aac46c60a864f587cc7dfcb5301bb5b6bb1c6,13,13,6589.013406294444,506.84718509957264,24390.067031472227,10269.220919201805,257,54,13,7,25,,True,8,53,1.6438136999786366,1.722092000010889,233,220,24,3,1523.0,187.99999999999898,4878.0134062944435,517.5668258600781,41,238,-9.094947017729282e-13,True,943.0121947375769,17.74943008678929,83cdca88f857e90f20b5c2cf14f17f0279481fe447784fd77a0a3d898fff2519,0,0,0,0,0,0,30
R2,mixed_endpoint_50006,50006,mixed,endpoint,eb4b03e93aba8921d2cbea1cc98aac46c60a864f587cc7dfcb5301bb5b6bb1c6,13,13,6695.413836259914,515.031833558455,25807.069181299565,9578.271453156323,241,29,13,6,25,,True,11,57,1.3338662999449298,1.3819539999822155,210,197,31,8,1420.9999999999995,113.00000000000054,5161.413836259914,0.0,16,216,9.094947017729282e-13,True,943.0121947375769,17.74943008678929,e799ce27c1599b9846790d946fa3901e18299ab63da41afc4acecc0e62f38935,0,0,0,0,0,0,87
R4,mixed_endpoint_50006,50006,mixed,endpoint,eb4b03e93aba8921d2cbea1cc98aac46c60a864f587cc7dfcb5301bb5b6bb1c6,13,13,6773.138186343255,521.0106297187119,26260.690931716268,10031.446132709456,242,23,13,5,25,,True,11,58,1.1737779000832234,1.2124575999914669,210,197,32,8,1425.9999999999995,95.00000000000067,5252.138186343254,1106.0165462981886,10,216,1.8189894035458565e-12,True,943.0121947375769,17.74943008678929,537f3bb454b60ea97a9ff9d445d900394e312d283eb29087bd060284af7e10d4,0,0,0,0,0,0,65
E1,mixed_endpoint_50006,50006,mixed,endpoint,eb4b03e93aba8921d2cbea1cc98aac46c60a864f587cc7dfcb5301bb5b6bb1c6,13,13,6589.013406294444,506.84718509957264,24390.067031472227,10269.220919201805,257,54,13,7,25,,True,8,53,1.7802534000948071,1.88591159999487,233,220,24,3,1523.0,187.99999999999898,4878.0134062944435,517.5668258600781,41,238,-9.094947017729282e-13,True,943.0121947375769,17.74943008678929,83cdca88f857e90f20b5c2cf14f17f0279481fe447784fd77a0a3d898fff2519,0,0,0,0,0,0,30
baseline,mixed_endpoint_50007,50007,mixed,endpoint,c0f7a003c2e2662bc4d635170197603ff3e8534061ead741e6256f334f1b9b64,13,13,6848.953587840993,526.8425836800764,25889.76793920498,9473.621073832364,269,16,13,0,25,,True,10,59,0.8653315000119619,0.9119387000100687,240,227,29,3,1597.0000000000002,73.99999999999865,5177.953587840995,241.5049394550333,3,252,-2.7284841053187847e-12,True,943.0121947375769,17.74943008678929,1f2a3a265b9fbdd3ff54da192523a574989fecaa75a8565634b529cefb5b6eac,0,0,0,0,0,0,0
N20,mixed_endpoint_50006,50006,mixed,endpoint,eb4b03e93aba8921d2cbea1cc98aac46c60a864f587cc7dfcb5301bb5b6bb1c6,13,13,6773.138186343255,521.0106297187119,26260.690931716268,10031.446132709456,242,23,13,5,25,,True,11,58,1.1467758998915087,1.4848175999941304,210,197,32,8,1425.9999999999995,95.00000000000067,5252.138186343254,1106.0165462981886,10,216,1.8189894035458565e-12,True,943.0121947375769,17.74943008678929,537f3bb454b60ea97a9ff9d445d900394e312d283eb29087bd060284af7e10d4,0,0,0,0,0,0,65
N50,mixed_endpoint_50006,50006,mixed,endpoint,eb4b03e93aba8921d2cbea1cc98aac46c60a864f587cc7dfcb5301bb5b6bb1c6,13,13,6773.138186343255,521.0106297187119,26260.690931716268,10031.446132709456,242,23,13,5,25,,True,11,58,1.2503274997870903,1.5707237000169698,210,197,32,8,1425.9999999999995,95.00000000000067,5252.138186343254,1106.0165462981886,10,216,1.8189894035458565e-12,True,943.0121947375769,17.74943008678929,537f3bb454b60ea97a9ff9d445d900394e312d283eb29087bd060284af7e10d4,0,0,0,0,0,0,65
H200,mixed_endpoint_50006,50006,mixed,endpoint,eb4b03e93aba8921d2cbea1cc98aac46c60a864f587cc7dfcb5301bb5b6bb1c6,13,13,6678.709833227704,513.7469102482848,25048.549166138524,11113.481801747233,261,33,13,5,25,,True,8,65,1.9924960998469032,2.0590037999791093,233,220,28,5,1543.9999999999998,124.99999999999957,5009.709833227704,505.96926024475033,20,239,-9.094947017729282e-13,True,943.0121947375769,17.74943008678929,b7a3f142d88334438e8163092875c81dfd462514079041e9a9b9c43aa58c41f7,0,0,0,0,0,0,42
B60,mixed_endpoint_50006,50006,mixed,endpoint,eb4b03e93aba8921d2cbea1cc98aac46c60a864f587cc7dfcb5301bb5b6bb1c6,13,13,6452.186158976346,496.3220122289497,24260.93079488174,9620.894216316454,253,26,13,7,25,,True,14,50,2.860236399981659,2.920070799998939,227,214,26,6,1495.9999999999986,103.99999999999795,4852.186158976349,1031.1270861384328,13,231,-2.7284841053187847e-12,True,943.0121947375769,17.74943008678929,a263f3de951cb47e37fe375dd6828ccd005794a4bfdf6ba0c42da51089fc2083,0,0,0,0,0,0,116
LPC,mixed_endpoint_50007,50007,mixed,endpoint,c0f7a003c2e2662bc4d635170197603ff3e8534061ead741e6256f334f1b9b64,13,13,6695.219250098478,515.0168653921907,23766.09625049238,7742.083636491394,303,38,13,10,25,,True,12,48,1.1896499999274965,1.266411300020991,281,268,22,0,1802.0000000000002,140.0000000000007,4753.219250098478,347.3400944263458,25,287,1.8189894035458565e-12,True,943.0121947375769,17.74943008678929,477411d97fa27fd664cb1b5c8922b530a0181307c9b1cf4854d3492198e40898,12,0,0,0,12,0,44
H400,mixed_endpoint_50006,50006,mixed,endpoint,eb4b03e93aba8921d2cbea1cc98aac46c60a864f587cc7dfcb5301bb5b6bb1c6,13,13,6646.107942112533,511.23907247019486,24905.53971056267,10979.656619501546,259,35,13,5,25,,True,8,68,2.190492100082338,2.2551954000082333,230,217,29,6,1534.0000000000005,130.99999999999943,4981.107942112532,505.96926024475033,22,239,-9.094947017729282e-13,True,943.0121947375769,17.74943008678929,ce2eeda9ed1bd2399c0eda959a39a5372d32b1a850ef7a0c08a0384f3652bf69,0,0,0,0,0,0,44
LC,mixed_endpoint_50007,50007,mixed,endpoint,c0f7a003c2e2662bc4d635170197603ff3e8534061ead741e6256f334f1b9b64,13,13,6879.066357210338,529.1589505546414,24410.331786051676,8326.093395708458,316,32,13,9,25,,True,7,57,1.5403448998404201,1.614206500002183,290,277,26,5,1875.0000000000005,122.00000000000128,4882.066357210338,757.4312697810637,19,295,2.7284841053187847e-12,True,943.0121947375769,17.74943008678929,90c4229741270a1df09f9790ca32ca983188a822e371e306b8565578a6f508bb,0,0,0,0,0,0,63
ER,mixed_endpoint_50006,50006,mixed,endpoint,eb4b03e93aba8921d2cbea1cc98aac46c60a864f587cc7dfcb5301bb5b6bb1c6,13,13,6589.013406294444,506.84718509957264,24390.067031472227,10269.220919201805,257,54,13,7,25,,True,8,53,2.0774860997626092,2.197081399994204,233,220,24,3,1523.0,187.99999999999898,4878.0134062944435,517.5668258600781,41,238,-9.094947017729282e-13,True,943.0121947375769,17.74943008678929,83cdca88f857e90f20b5c2cf14f17f0279481fe447784fd77a0a3d898fff2519,0,0,0,0,0,0,30
EN,mixed_endpoint_50006,50006,mixed,endpoint,eb4b03e93aba8921d2cbea1cc98aac46c60a864f587cc7dfcb5301bb5b6bb1c6,13,13,6589.013406294444,506.84718509957264,24390.067031472227,10269.220919201805,257,54,13,7,25,,True,8,53,1.8429727000184357,2.269953800016083,233,220,24,3,1523.0,187.99999999999898,4878.0134062944435,517.5668258600781,41,238,-9.094947017729282e-13,True,943.0121947375769,17.74943008678929,83cdca88f857e90f20b5c2cf14f17f0279481fe447784fd77a0a3d898fff2519,0,0,0,0,0,0,30
ERN,mixed_endpoint_50006,50006,mixed,endpoint,eb4b03e93aba8921d2cbea1cc98aac46c60a864f587cc7dfcb5301bb5b6bb1c6,13,13,6589.013406294444,506.84718509957264,24390.067031472227,10269.220919201805,257,54,13,7,25,,True,8,53,1.8165508000238333,2.2329420000023674,233,220,24,3,1523.0,187.99999999999898,4878.0134062944435,517.5668258600781,41,238,-9.094947017729282e-13,True,943.0121947375769,17.74943008678929,83cdca88f857e90f20b5c2cf14f17f0279481fe447784fd77a0a3d898fff2519,0,0,0,0,0,0,30
E1,mixed_endpoint_50007,50007,mixed,endpoint,c0f7a003c2e2662bc4d635170197603ff3e8534061ead741e6256f334f1b9b64,13,13,6861.1837152895,527.7833627145769,24365.918576447486,8281.680186104271,316,29,13,9,25,,True,7,56,1.927535599883413,2.0621883000130765,290,277,26,5,1875.0,113.00000000000097,4873.1837152895005,757.4312697810637,16,295,2.7284841053187847e-12,True,943.0121947375769,17.74943008678929,6b0c79d7c870ebf10fb6a2e796dce3fe11430c49866ae40f12b08e84b90cde76,0,0,0,0,0,0,59
G075,mixed_endpoint_50007,50007,mixed,endpoint,c0f7a003c2e2662bc4d635170197603ff3e8534061ead741e6256f334f1b9b64,13,13,6879.066357210338,529.1589505546414,24410.331786051676,8326.093395708458,316,32,13,9,25,,True,7,57,1.2571976999752223,1.7358046000008471,290,277,26,5,1875.0000000000005,122.00000000000128,4882.066357210338,757.4312697810637,19,295,2.7284841053187847e-12,True,943.0121947375769,17.74943008678929,90c4229741270a1df09f9790ca32ca983188a822e371e306b8565578a6f508bb,0,0,0,0,0,0,63
previous_best,mixed_endpoint_50007,50007,mixed,endpoint,c0f7a003c2e2662bc4d635170197603ff3e8534061ead741e6256f334f1b9b64,13,13,7528.927629611246,579.1482792008651,26234.638148056238,11760.976135365208,370,19,13,0,25,,True,17,61,1.9835268000606447,2.064576400007354,335,322,35,5,2199.0,82.99999999999932,5246.927629611246,0.0,6,349,-1.8189894035458565e-12,True,943.0121947375769,2.074856830987301,6159a943aeba95c5e4131de2a91fb70441a97d74a9a3deda061b3bc2fae51a7d,17,6,0,0,0,0,0
G15,mixed_endpoint_50007,50007,mixed,endpoint,c0f7a003c2e2662bc4d635170197603ff3e8534061ead741e6256f334f1b9b64,13,13,6879.066357210338,529.1589505546414,24410.331786051676,8326.093395708458,316,32,13,9,25,,True,7,57,1.2157279000384733,1.725836600002367,290,277,26,5,1875.0000000000005,122.00000000000128,4882.066357210338,757.4312697810637,19,295,2.7284841053187847e-12,True,943.0121947375769,17.74943008678929,90c4229741270a1df09f9790ca32ca983188a822e371e306b8565578a6f508bb,0,0,0,0,0,0,63
E2,mixed_endpoint_50007,50007,mixed,endpoint,c0f7a003c2e2662bc4d635170197603ff3e8534061ead741e6256f334f1b9b64,13,13,6861.1837152895,527.7833627145769,24365.918576447486,8281.680186104271,316,29,13,9,25,,True,7,56,1.9978701999643818,2.1128214999916963,290,277,26,5,1875.0,113.00000000000097,4873.1837152895005,757.4312697810637,16,295,2.7284841053187847e-12,True,943.0121947375769,17.74943008678929,6b0c79d7c870ebf10fb6a2e796dce3fe11430c49866ae40f12b08e84b90cde76,0,0,0,0,0,0,59
R2,mixed_endpoint_50007,50007,mixed,endpoint,c0f7a003c2e2662bc4d635170197603ff3e8534061ead741e6256f334f1b9b64,13,13,6879.066357210338,529.1589505546414,24410.331786051676,8326.093395708458,316,32,13,9,25,,True,7,57,1.701593799953116,1.7817600000125822,290,277,26,5,1875.0000000000005,122.00000000000128,4882.066357210338,757.4312697810637,19,295,2.7284841053187847e-12,True,943.0121947375769,17.74943008678929,90c4229741270a1df09f9790ca32ca983188a822e371e306b8565578a6f508bb,0,0,0,0,0,0,63
R4,mixed_endpoint_50007,50007,mixed,endpoint,c0f7a003c2e2662bc4d635170197603ff3e8534061ead741e6256f334f1b9b64,13,13,6879.066357210338,529.1589505546414,24410.331786051676,8326.093395708458,316,32,13,9,25,,True,7,57,1.8678021001105662,1.980869499995606,290,277,26,5,1875.0000000000005,122.00000000000128,4882.066357210338,757.4312697810637,19,295,2.7284841053187847e-12,True,943.0121947375769,17.74943008678929,90c4229741270a1df09f9790ca32ca983188a822e371e306b8565578a6f508bb,0,0,0,0,0,0,63
H400,mixed_endpoint_50007,50007,mixed,endpoint,c0f7a003c2e2662bc4d635170197603ff3e8534061ead741e6256f334f1b9b64,13,13,6914.943744898949,531.9187496076115,24854.71872449474,9033.837825507337,305,34,13,6,25,,True,9,63,1.7030526000598911,1.7754958999867085,281,268,24,2,1815.9999999999995,127.99999999999989,4970.943744898949,348.80323652590596,21,291,9.094947017729282e-13,True,943.0121947375769,17.74943008678929,f8702ee112ec9f139b402a9874eb887cd6aada654e0d2c7f1a0ebfe00d348727,0,0,0,0,0,0,46
H200,mixed_endpoint_50007,50007,mixed,endpoint,c0f7a003c2e2662bc4d635170197603ff3e8534061ead741e6256f334f1b9b64,13,13,6970.078234158882,536.1598641660678,24760.391170794406,8664.918117171994,317,37,13,6,25,,True,7,64,1.7980069000041112,1.8901882000209298,290,277,27,5,1881.0,136.99999999999983,4952.078234158883,757.4312697810637,24,296,9.094947017729282e-13,True,943.0121947375769,17.74943008678929,4ba674d045286da520f9d54360eafc451e41a662ae3a9181e6d7ea30ee8835c6,0,0,0,0,0,0,70
N20,mixed_endpoint_50007,50007,mixed,endpoint,c0f7a003c2e2662bc4d635170197603ff3e8534061ead741e6256f334f1b9b64,13,13,6882.066357210338,529.3897197854105,24410.331786051676,8326.093395708458,316,33,13,9,25,,True,7,57,1.069784899969818,1.4868165000225417,290,277,26,5,1875.0000000000005,125.00000000000128,4882.066357210338,757.4312697810637,20,295,2.7284841053187847e-12,True,943.0121947375769,17.74943008678929,7b91a137c0df930cf52390c45bd648996971e6930f24a410dbef26a9a4fe5a9a,0,0,0,0,0,0,63
N50,mixed_endpoint_50007,50007,mixed,endpoint,c0f7a003c2e2662bc4d635170197603ff3e8534061ead741e6256f334f1b9b64,13,13,6882.066357210338,529.3897197854105,24410.331786051676,8326.093395708458,316,33,13,9,25,,True,7,57,1.24910279980395,1.740110899991123,290,277,26,5,1875.0000000000005,125.00000000000128,4882.066357210338,757.4312697810637,20,295,2.7284841053187847e-12,True,943.0121947375769,17.74943008678929,7b91a137c0df930cf52390c45bd648996971e6930f24a410dbef26a9a4fe5a9a,0,0,0,0,0,0,63
B60,mixed_endpoint_50007,50007,mixed,endpoint,c0f7a003c2e2662bc4d635170197603ff3e8534061ead741e6256f334f1b9b64,13,13,6655.5923839739535,511.96864492107335,24407.961919869766,8359.35270983487,277,36,13,8,25,,True,13,46,3.5996522998902947,3.6811476000002585,255,242,22,8,1640.0000000000014,134.00000000000028,4881.5923839739535,577.6880715657926,23,255,0.0,True,943.0121947375769,17.74943008678929,1ddb2312234c28a80e6e5f443d12c8f73e51680d8a7edba2ca302eaf24fe24f6,0,0,0,0,0,0,19
baseline,mixed_endpoint_50008,50008,mixed,endpoint,b3a0a1190ee97c9716ddd3fd7ecc8934e53306a31bc2b771be4181c6bfbdc04c,15,15,7063.17512174215,470.87834144947664,25185.875608710747,13597.116281697625,327,20,15,0,25,,True,15,87,1.5046330000914168,1.577709600009257,269,254,58,4,1935.9999999999993,90.00000000000006,5037.1751217421515,0.0,5,301,0.0,True,943.0121947375769,17.74943008678929,aedd0e43fdb66b5ec924f35692346550634e41d7efa2d567318bbed453c35b0b,0,0,0,0,0,0,0
EN,mixed_endpoint_50007,50007,mixed,endpoint,c0f7a003c2e2662bc4d635170197603ff3e8534061ead741e6256f334f1b9b64,13,13,6864.1837152895,528.0141319453461,24365.918576447486,8281.680186104271,316,30,13,9,25,,True,7,56,1.3205671001051087,1.7858277999912389,290,277,26,5,1875.0,116.00000000000097,4873.1837152895005,757.4312697810637,17,295,2.7284841053187847e-12,True,943.0121947375769,17.74943008678929,2b0b6f0e50b539097125d49dfd16dbe4896378b8cc4c8ec23baf28f6e323c726,0,0,0,0,0,0,59
ER,mixed_endpoint_50007,50007,mixed,endpoint,c0f7a003c2e2662bc4d635170197603ff3e8534061ead741e6256f334f1b9b64,13,13,6861.1837152895,527.7833627145769,24365.918576447486,8281.680186104271,316,29,13,9,25,,True,7,56,1.8063182999612764,1.9256519000045955,290,277,26,5,1875.0,113.00000000000097,4873.1837152895005,757.4312697810637,16,295,2.7284841053187847e-12,True,943.0121947375769,17.74943008678929,6b0c79d7c870ebf10fb6a2e796dce3fe11430c49866ae40f12b08e84b90cde76,0,0,0,0,0,0,59
ERN,mixed_endpoint_50007,50007,mixed,endpoint,c0f7a003c2e2662bc4d635170197603ff3e8534061ead741e6256f334f1b9b64,13,13,6864.1837152895,528.0141319453461,24365.918576447486,8281.680186104271,316,30,13,9,25,,True,7,56,1.4510805000027176,1.9741061000095215,290,277,26,5,1875.0,116.00000000000097,4873.1837152895005,757.4312697810637,17,295,2.7284841053187847e-12,True,943.0121947375769,17.74943008678929,2b0b6f0e50b539097125d49dfd16dbe4896378b8cc4c8ec23baf28f6e323c726,0,0,0,0,0,0,59
B20,mixed_endpoint_50006,50006,mixed,endpoint,eb4b03e93aba8921d2cbea1cc98aac46c60a864f587cc7dfcb5301bb5b6bb1c6,13,13,6991.632521820851,537.8178862939117,26108.162609104256,10358.430069870683,278,35,13,8,25,,True,10,58,6.975260799867101,7.050472900009481,248,235,30,10,1638.9999999999993,130.99999999999903,5221.632521820853,517.5668258600781,22,249,0.0,True,943.0121947375769,17.74943008678929,aa00070cd88c9478dc55c9fb701dc5fd4cda803ea84cc9053363d9d118a5ab65,0,0,0,0,0,0,54
previous_best,mixed_endpoint_50008,50008,mixed,endpoint,b3a0a1190ee97c9716ddd3fd7ecc8934e53306a31bc2b771be4181c6bfbdc04c,15,15,6733.452007445384,448.89680049635894,25522.260037226923,10589.007078237708,259,22,15,0,25,,True,19,64,1.6967499999445863,1.7567562000185717,222,207,37,6,1532.9999999999998,96.00000000000011,5104.452007445384,0.0,7,238,-9.094947017729282e-13,True,943.0121947375769,2.074856830987301,9af366e8861ea310796fb05982e79a4fdf259375ab0e50d3f376e1a4aab15fc9,19,11,0,0,0,0,0
LC,mixed_endpoint_50008,50008,mixed,endpoint,b3a0a1190ee97c9716ddd3fd7ecc8934e53306a31bc2b771be4181c6bfbdc04c,15,15,6074.8955592406055,404.993037282707,23429.477796203028,11800.027822463033,214,29,15,6,25,,True,12,57,2.1999545999860857,2.277984500018647,186,171,28,1,1272.0,117.00000000000037,4685.8955592406055,93.6238565481517,14,202,0.0,True,943.0121947375769,17.74943008678929,f2a5562165d0130d5e90959fa1f38323bc064955cf41a196d1673e71571dddab,0,0,0,0,0,0,96
LPC,mixed_endpoint_50008,50008,mixed,endpoint,b3a0a1190ee97c9716ddd3fd7ecc8934e53306a31bc2b771be4181c6bfbdc04c,15,15,6043.800607256988,402.9200404837992,22229.003036284932,8277.873875875248,243,41,15,7,25,,True,18,51,2.2265436001180205,2.308986600022763,214,199,29,1,1445.0,152.99999999999966,4445.800607256989,296.7550309212429,26,230,1.8189894035458565e-12,True,943.0121947375769,17.74943008678929,1498be1e6f4f53f5a182a768a284566cf4e1ba402c6f47f30fb5bf0ddca8e5c1,18,0,0,0,18,0,77
E1,mixed_endpoint_50008,50008,mixed,endpoint,b3a0a1190ee97c9716ddd3fd7ecc8934e53306a31bc2b771be4181c6bfbdc04c,15,15,6073.030715635358,404.86871437569056,23345.153578176793,11717.089634334709,212,38,15,8,25,,True,12,53,2.2865188999276143,2.411192100000335,186,171,26,1,1260.0000000000002,143.9999999999999,4669.030715635358,93.6238565481517,23,200,0.0,True,943.0121947375769,17.74943008678929,ff484f00d3c17418064118bd52a9ba5ede3f77ed646e4870188da0c496d98e41,0,0,0,0,0,0,86
B20,mixed_endpoint_50007,50007,mixed,endpoint,c0f7a003c2e2662bc4d635170197603ff3e8534061ead741e6256f334f1b9b64,13,13,6778.667523266862,521.4359633282202,24513.337616334316,8252.809001470161,298,28,13,7,25,,True,14,50,5.721372400177643,5.8124189999944065,271,258,27,8,1766.0000000000007,109.99999999999972,4902.667523266862,814.3911229341829,15,276,-9.094947017729282e-13,True,943.0121947375769,17.74943008678929,92066f2c2dc3d0cbe9a7ac9bdccba3ef568b98572da441000d42501a879e4d8a,0,0,0,0,0,0,22
G075,mixed_endpoint_50008,50008,mixed,endpoint,b3a0a1190ee97c9716ddd3fd7ecc8934e53306a31bc2b771be4181c6bfbdc04c,15,15,6074.8955592406055,404.993037282707,23429.477796203028,11800.027822463033,214,29,15,6,25,,True,12,57,1.902893399761524,2.403195999999298,186,171,28,1,1272.0,117.00000000000037,4685.8955592406055,93.6238565481517,14,202,0.0,True,943.0121947375769,17.74943008678929,f2a5562165d0130d5e90959fa1f38323bc064955cf41a196d1673e71571dddab,0,0,0,0,0,0,96
E2,mixed_endpoint_50008,50008,mixed,endpoint,b3a0a1190ee97c9716ddd3fd7ecc8934e53306a31bc2b771be4181c6bfbdc04c,15,15,6073.030715635358,404.86871437569056,23345.153578176793,11717.089634334709,212,38,15,8,25,,True,12,53,2.6157238001178484,2.747486599982949,186,171,26,1,1260.0000000000002,143.9999999999999,4669.030715635358,93.6238565481517,23,200,0.0,True,943.0121947375769,17.74943008678929,ff484f00d3c17418064118bd52a9ba5ede3f77ed646e4870188da0c496d98e41,0,0,0,0,0,0,86
G15,mixed_endpoint_50008,50008,mixed,endpoint,b3a0a1190ee97c9716ddd3fd7ecc8934e53306a31bc2b771be4181c6bfbdc04c,15,15,6074.8955592406055,404.993037282707,23429.477796203028,11800.027822463033,214,29,15,6,25,,True,12,57,1.9887779001146555,2.5249534999893513,186,171,28,1,1272.0,117.00000000000037,4685.8955592406055,93.6238565481517,14,202,0.0,True,943.0121947375769,17.74943008678929,f2a5562165d0130d5e90959fa1f38323bc064955cf41a196d1673e71571dddab,0,0,0,0,0,0,96
R2,mixed_endpoint_50008,50008,mixed,endpoint,b3a0a1190ee97c9716ddd3fd7ecc8934e53306a31bc2b771be4181c6bfbdc04c,15,15,6074.8955592406055,404.993037282707,23429.477796203028,11800.027822463033,214,29,15,6,25,,True,12,57,2.3803729999053758,2.460499999986496,186,171,28,1,1272.0,117.00000000000037,4685.8955592406055,93.6238565481517,14,202,0.0,True,943.0121947375769,17.74943008678929,f2a5562165d0130d5e90959fa1f38323bc064955cf41a196d1673e71571dddab,0,0,0,0,0,0,96
R4,mixed_endpoint_50008,50008,mixed,endpoint,b3a0a1190ee97c9716ddd3fd7ecc8934e53306a31bc2b771be4181c6bfbdc04c,15,15,6074.8955592406055,404.993037282707,23429.477796203028,11800.027822463033,214,29,15,6,25,,True,12,57,2.3823364999552723,2.4655125999997836,186,171,28,1,1272.0,117.00000000000037,4685.8955592406055,93.6238565481517,14,202,0.0,True,943.0121947375769,17.74943008678929,f2a5562165d0130d5e90959fa1f38323bc064955cf41a196d1673e71571dddab,0,0,0,0,0,0,96
baseline,mixed_endpoint_50009,50009,mixed,endpoint,9b8596c841b13d6f62f9afa1ffdfb7fc86c747436ddce1a036cf5117c87eb22a,10,10,7147.462507951282,714.7462507951282,25222.31253975641,6780.839447095937,344,13,10,0,25,,True,3,54,0.619377099967096,0.6709346999996342,324,314,20,2,2043.999999999999,58.99999999999969,5044.4625079512825,312.59883938018356,3,324,-9.094947017729282e-13,True,943.0121947375769,17.74943008678929,69b5a8ca9d3d3fa57e2c163576150396f01c9cbd7742152d34ba56521a81fd1e,0,0,0,0,0,0,0
B60,mixed_endpoint_50008,50008,mixed,endpoint,b3a0a1190ee97c9716ddd3fd7ecc8934e53306a31bc2b771be4181c6bfbdc04c,15,15,6957.385531562922,463.82570210419476,26216.9276578146,11847.932040898844,270,29,15,6,25,,True,12,62,3.3889093000325374,3.4630598000076134,236,221,34,10,1597.0000000000016,117.00000000000011,5243.385531562921,134.29411637040994,14,247,1.8189894035458565e-12,True,943.0121947375769,17.74943008678929,51ff0ce599707e3a5e4c55b6afa7f942a32775a34e71a024096f04c24e0ab30b,0,0,0,0,0,0,49
LPC,mixed_endpoint_50009,50009,mixed,endpoint,9b8596c841b13d6f62f9afa1ffdfb7fc86c747436ddce1a036cf5117c87eb22a,10,10,6766.431580996248,676.6431580996248,23062.157904981235,5973.0317650402685,353,12,10,1,25,,True,9,45,0.6485529000055976,0.707147699984489,333,323,20,6,2098.0,56.00000000000024,4612.431580996248,1051.5839643939216,2,333,9.094947017729282e-13,True,943.0121947375769,17.74943008678929,956af1d29dd5f3202006845b52ba4824325ddffe34ebc3a18e7c0055ba6261ac,9,0,0,0,9,0,3
H200,mixed_endpoint_50008,50008,mixed,endpoint,b3a0a1190ee97c9716ddd3fd7ecc8934e53306a31bc2b771be4181c6bfbdc04c,15,15,6020.863668207254,401.39091121381693,23309.31834103627,12093.196519777632,213,21,15,2,25,,True,12,60,2.5775326000584755,2.6458481999870855,186,171,27,1,1265.9999999999995,92.99999999999989,4661.863668207255,93.6238565481517,6,201,0.0,True,943.0121947375769,17.74943008678929,acb4788d5b0ce2054c2c9cc752b690890387b3a6dae69c8c464e7d594acb7ae5,0,0,0,0,0,0,103
LC,mixed_endpoint_50009,50009,mixed,endpoint,9b8596c841b13d6f62f9afa1ffdfb7fc86c747436ddce1a036cf5117c87eb22a,10,10,6765.998079182838,676.5998079182839,23094.990395914192,6190.547198970692,350,16,10,3,25,,True,4,48,0.9444928001030348,1.0110273000027519,332,322,18,4,2079.0,68.00000000000026,4618.998079182839,0.0,6,329,0.0,True,943.0121947375769,17.74943008678929,33bbaa2c4fffaac4dfc79ea036f637571844960a6fc8017270e2ab6b3bd49245,0,0,0,0,0,0,4
H400,mixed_endpoint_50008,50008,mixed,endpoint,b3a0a1190ee97c9716ddd3fd7ecc8934e53306a31bc2b771be4181c6bfbdc04c,15,15,6211.4888923666695,414.0992594911113,23237.44446183336,8702.617691005393,242,32,15,2,25,,True,12,62,2.437429899844574,2.503054200002225,213,198,29,2,1437.9999999999982,125.99999999999973,4647.48889236667,257.0680681593549,17,228,-1.8189894035458565e-12,True,943.0121947375769,17.74943008678929,28352767a13917c9a06d0c3f357046eeeac376db6d1372f0e7d1c5c86ef1f38f,0,0,0,0,0,0,70
N20,mixed_endpoint_50008,50008,mixed,endpoint,b3a0a1190ee97c9716ddd3fd7ecc8934e53306a31bc2b771be4181c6bfbdc04c,15,15,6074.8955592406055,404.993037282707,23429.477796203028,11800.027822463033,214,29,15,6,25,,True,12,57,1.9528325002465863,2.536968100001104,186,171,28,1,1272.0,117.00000000000037,4685.8955592406055,93.6238565481517,14,202,0.0,True,943.0121947375769,17.74943008678929,7ad5baefd25acdcc1c91a7a250d03fa517853d38430b1d33c1845c0e9c421a09,0,0,0,0,0,0,96
N50,mixed_endpoint_50008,50008,mixed,endpoint,b3a0a1190ee97c9716ddd3fd7ecc8934e53306a31bc2b771be4181c6bfbdc04c,15,15,6074.8955592406055,404.993037282707,23429.477796203028,11800.027822463033,214,29,15,6,25,,True,12,57,1.7965957000560593,2.3263374000089243,186,171,28,1,1272.0,117.00000000000037,4685.8955592406055,93.6238565481517,14,202,0.0,True,943.0121947375769,17.74943008678929,7b896e4a0ad51c820385f51aabc5e5f9f99b0e8920406c7b3f6fde80e0a14ba8,0,0,0,0,0,0,96
previous_best,mixed_endpoint_50009,50009,mixed,endpoint,9b8596c841b13d6f62f9afa1ffdfb7fc86c747436ddce1a036cf5117c87eb22a,10,10,6682.041456239894,668.2041456239893,22685.207281199466,7257.477315920736,352,10,10,0,25,,True,9,47,0.9045348000363447,0.9558162000030279,330,320,22,6,2095.000000000001,50.00000000000039,4537.041456239893,798.6136829461238,0,335,9.094947017729282e-13,True,943.0121947375769,2.074856830987301,bd98a983878d0a08f92c477cdb3e09462d6e8b268ddbcad4c7ee25a02a99cf34,9,2,0,0,0,0,0
ER,mixed_endpoint_50008,50008,mixed,endpoint,b3a0a1190ee97c9716ddd3fd7ecc8934e53306a31bc2b771be4181c6bfbdc04c,15,15,6073.030715635358,404.86871437569056,23345.153578176793,11717.089634334709,212,38,15,8,25,,True,12,53,2.303316099976655,2.4079706000047736,186,171,26,1,1260.0000000000002,143.9999999999999,4669.030715635358,93.6238565481517,23,200,0.0,True,943.0121947375769,17.74943008678929,ff484f00d3c17418064118bd52a9ba5ede3f77ed646e4870188da0c496d98e41,0,0,0,0,0,0,86
G075,mixed_endpoint_50009,50009,mixed,endpoint,9b8596c841b13d6f62f9afa1ffdfb7fc86c747436ddce1a036cf5117c87eb22a,10,10,6765.998079182838,676.5998079182839,23094.990395914192,6190.547198970692,350,16,10,3,25,,True,4,48,0.6415509999496862,0.9648011999961454,332,322,18,4,2079.0,68.00000000000026,4618.998079182839,0.0,6,329,0.0,True,943.0121947375769,17.74943008678929,33bbaa2c4fffaac4dfc79ea036f637571844960a6fc8017270e2ab6b3bd49245,0,0,0,0,0,0,4
E1,mixed_endpoint_50009,50009,mixed,endpoint,9b8596c841b13d6f62f9afa1ffdfb7fc86c747436ddce1a036cf5117c87eb22a,10,10,6794.83107178398,679.4831071783981,23419.155358919896,6273.887286562941,346,12,10,2,25,,True,5,48,1.202034399844706,1.269375800009584,327,317,19,6,2055.0000000000005,56.000000000000114,4683.83107178398,0.0,2,325,9.094947017729282e-13,True,943.0121947375769,17.74943008678929,32295fa62576904eac34a4e286d4779a02988aac859e0f3d0aab1d9fc6158699,0,0,0,0,0,0,2
EN,mixed_endpoint_50008,50008,mixed,endpoint,b3a0a1190ee97c9716ddd3fd7ecc8934e53306a31bc2b771be4181c6bfbdc04c,15,15,6073.030715635358,404.86871437569056,23345.153578176793,11717.089634334709,212,38,15,8,25,,True,12,53,1.8746833999757655,2.3731185999931768,186,171,26,1,1260.0000000000002,143.9999999999999,4669.030715635358,93.6238565481517,23,200,0.0,True,943.0121947375769,17.74943008678929,ff484f00d3c17418064118bd52a9ba5ede3f77ed646e4870188da0c496d98e41,0,0,0,0,0,0,86
E2,mixed_endpoint_50009,50009,mixed,endpoint,9b8596c841b13d6f62f9afa1ffdfb7fc86c747436ddce1a036cf5117c87eb22a,10,10,6794.83107178398,679.4831071783981,23419.155358919896,6273.887286562941,346,12,10,2,25,,True,5,48,1.2657631999463774,1.3291332000226248,327,317,19,6,2055.0000000000005,56.000000000000114,4683.83107178398,0.0,2,325,9.094947017729282e-13,True,943.0121947375769,17.74943008678929,32295fa62576904eac34a4e286d4779a02988aac859e0f3d0aab1d9fc6158699,0,0,0,0,0,0,2
G15,mixed_endpoint_50009,50009,mixed,endpoint,9b8596c841b13d6f62f9afa1ffdfb7fc86c747436ddce1a036cf5117c87eb22a,10,10,6765.998079182838,676.5998079182839,23094.990395914192,6190.547198970692,350,16,10,3,25,,True,4,48,0.6828545999887865,0.9841683999984525,332,322,18,4,2079.0,68.00000000000026,4618.998079182839,0.0,6,329,0.0,True,943.0121947375769,17.74943008678929,33bbaa2c4fffaac4dfc79ea036f637571844960a6fc8017270e2ab6b3bd49245,0,0,0,0,0,0,4
B20,mixed_endpoint_50008,50008,mixed,endpoint,b3a0a1190ee97c9716ddd3fd7ecc8934e53306a31bc2b771be4181c6bfbdc04c,15,15,6866.8411613204435,457.78941075469623,25519.205806602236,11629.912377614542,269,47,15,9,25,,True,11,62,4.775410700007342,4.913932299998123,236,221,33,11,1591.9999999999977,170.99999999999858,5103.841161320445,134.29411637040994,32,247,-3.637978807091713e-12,True,943.0121947375769,17.74943008678929,5975f6b495ecbf005609ccbb8d326ba5f1863c38c049c5d8a54c33581a36bdb8,0,0,0,0,0,0,50
ERN,mixed_endpoint_50008,50008,mixed,endpoint,b3a0a1190ee97c9716ddd3fd7ecc8934e53306a31bc2b771be4181c6bfbdc04c,15,15,6073.030715635358,404.86871437569056,23345.153578176793,11717.089634334709,212,38,15,8,25,,True,12,53,1.885599400033243,2.3596905000158586,186,171,26,1,1260.0000000000002,143.9999999999999,4669.030715635358,93.6238565481517,23,200,0.0,True,943.0121947375769,17.74943008678929,ff484f00d3c17418064118bd52a9ba5ede3f77ed646e4870188da0c496d98e41,0,0,0,0,0,0,86
R2,mixed_endpoint_50009,50009,mixed,endpoint,9b8596c841b13d6f62f9afa1ffdfb7fc86c747436ddce1a036cf5117c87eb22a,10,10,6765.998079182838,676.5998079182839,23094.990395914192,6190.547198970692,350,16,10,3,25,,True,4,48,0.7777118000667542,0.8352298999961931,332,322,18,4,2079.0,68.00000000000026,4618.998079182839,0.0,6,329,0.0,True,943.0121947375769,17.74943008678929,33bbaa2c4fffaac4dfc79ea036f637571844960a6fc8017270e2ab6b3bd49245,0,0,0,0,0,0,4
R4,mixed_endpoint_50009,50009,mixed,endpoint,9b8596c841b13d6f62f9afa1ffdfb7fc86c747436ddce1a036cf5117c87eb22a,10,10,6765.998079182838,676.5998079182839,23094.990395914192,6190.547198970692,350,16,10,3,25,,True,4,48,0.8390464000112843,0.8963825999817345,332,322,18,4,2079.0,68.00000000000026,4618.998079182839,0.0,6,329,0.0,True,943.0121947375769,17.74943008678929,33bbaa2c4fffaac4dfc79ea036f637571844960a6fc8017270e2ab6b3bd49245,0,0,0,0,0,0,4
H200,mixed_endpoint_50009,50009,mixed,endpoint,9b8596c841b13d6f62f9afa1ffdfb7fc86c747436ddce1a036cf5117c87eb22a,10,10,6780.369207782511,678.0369207782511,23151.84603891257,6245.75577112996,350,17,10,2,25,,True,4,49,0.8767462998803239,0.927090400015004,332,322,18,4,2079.000000000001,70.99999999999807,4630.3692077825135,0.0,7,329,-2.7284841053187847e-12,True,943.0121947375769,17.74943008678929,41d9896e770e78fc781e96d77fe6e5d475ba5c30b7c313e8d4f35a6e5e5d8dd2,0,0,0,0,0,0,5
N20,mixed_endpoint_50009,50009,mixed,endpoint,9b8596c841b13d6f62f9afa1ffdfb7fc86c747436ddce1a036cf5117c87eb22a,10,10,6765.998079182838,676.5998079182839,23094.990395914192,6190.547198970692,350,16,10,3,25,,True,4,48,0.6176249001582619,0.8772939000045881,332,322,18,4,2079.0,68.00000000000026,4618.998079182839,0.0,6,329,0.0,True,943.0121947375769,17.74943008678929,33bbaa2c4fffaac4dfc79ea036f637571844960a6fc8017270e2ab6b3bd49245,0,0,0,0,0,0,4
H400,mixed_endpoint_50009,50009,mixed,endpoint,9b8596c841b13d6f62f9afa1ffdfb7fc86c747436ddce1a036cf5117c87eb22a,10,10,6780.369207782511,678.0369207782511,23151.84603891257,6245.75577112996,350,17,10,2,25,,True,4,49,0.928685999911977,0.9973771999939345,332,322,18,4,2079.000000000001,70.99999999999807,4630.3692077825135,0.0,7,329,-2.7284841053187847e-12,True,943.0121947375769,17.74943008678929,41d9896e770e78fc781e96d77fe6e5d475ba5c30b7c313e8d4f35a6e5e5d8dd2,0,0,0,0,0,0,5
N50,mixed_endpoint_50009,50009,mixed,endpoint,9b8596c841b13d6f62f9afa1ffdfb7fc86c747436ddce1a036cf5117c87eb22a,10,10,6765.998079182838,676.5998079182839,23094.990395914192,6190.547198970692,350,16,10,3,25,,True,4,48,0.6496667999308556,0.9817276999820024,332,322,18,4,2079.0,68.00000000000026,4618.998079182839,0.0,6,329,0.0,True,943.0121947375769,17.74943008678929,33bbaa2c4fffaac4dfc79ea036f637571844960a6fc8017270e2ab6b3bd49245,0,0,0,0,0,0,4
ER,mixed_endpoint_50009,50009,mixed,endpoint,9b8596c841b13d6f62f9afa1ffdfb7fc86c747436ddce1a036cf5117c87eb22a,10,10,6794.83107178398,679.4831071783981,23419.155358919896,6273.887286562941,346,12,10,2,25,,True,5,48,1.0907269000890665,1.146055300021544,327,317,19,6,2055.0000000000005,56.000000000000114,4683.83107178398,0.0,2,325,9.094947017729282e-13,True,943.0121947375769,17.74943008678929,32295fa62576904eac34a4e286d4779a02988aac859e0f3d0aab1d9fc6158699,0,0,0,0,0,0,2
ERN,mixed_endpoint_50009,50009,mixed,endpoint,9b8596c841b13d6f62f9afa1ffdfb7fc86c747436ddce1a036cf5117c87eb22a,10,10,6794.83107178398,679.4831071783981,23419.155358919896,6273.887286562941,346,12,10,2,25,,True,5,48,0.9173866999626625,1.2004246999858879,327,317,19,6,2055.0000000000005,56.000000000000114,4683.83107178398,0.0,2,325,9.094947017729282e-13,True,943.0121947375769,17.74943008678929,32295fa62576904eac34a4e286d4779a02988aac859e0f3d0aab1d9fc6158699,0,0,0,0,0,0,2
EN,mixed_endpoint_50009,50009,mixed,endpoint,9b8596c841b13d6f62f9afa1ffdfb7fc86c747436ddce1a036cf5117c87eb22a,10,10,6794.83107178398,679.4831071783981,23419.155358919896,6273.887286562941,346,12,10,2,25,,True,5,48,0.9900993001065217,1.2773773999942932,327,317,19,6,2055.0000000000005,56.000000000000114,4683.83107178398,0.0,2,325,9.094947017729282e-13,True,943.0121947375769,17.74943008678929,32295fa62576904eac34a4e286d4779a02988aac859e0f3d0aab1d9fc6158699,0,0,0,0,0,0,2
baseline,mixed_endpoint_50010,50010,mixed,endpoint,ea902b3a29ca09ac17a376db333376f3791052b29ed18437bf98ef63ef90a388,13,13,6745.380938791291,518.8754568300993,23501.90469395645,9007.242916500558,333,15,13,0,25,,True,10,74,1.5784468000056222,1.6437328000029083,288,275,45,5,1973.9999999999993,71.00000000000026,4700.380938791292,183.144717710019,2,309,9.094947017729282e-13,True,943.0121947375769,17.74943008678929,8235d3d9ca37412d73279b668ea760ffff5b797d27cff7784db95fa9f7e0f70c,0,0,0,0,0,0,0
B60,mixed_endpoint_50009,50009,mixed,endpoint,9b8596c841b13d6f62f9afa1ffdfb7fc86c747436ddce1a036cf5117c87eb22a,10,10,7139.678903015023,713.9678903015023,24653.394515075106,8796.843473535373,358,23,10,3,25,,True,9,51,3.122933099977672,3.2028060000156984,332,322,26,13,2120.000000000001,89.00000000000185,4930.678903015023,461.15950809185324,13,330,1.8189894035458565e-12,True,943.0121947375769,17.74943008678929,36a94d2e6edac64b1f264b43b5ad2dff7b776f926c54506dd1f9fbe30beec8b6,0,0,0,0,0,0,8
LPC,mixed_endpoint_50010,50010,mixed,endpoint,ea902b3a29ca09ac17a376db333376f3791052b29ed18437bf98ef63ef90a388,13,13,6528.768389307736,502.21295302367196,23878.84194653869,8085.466392973516,281,22,13,4,25,,True,14,56,1.8634421001188457,1.9365929999912623,249,236,32,9,1660.9999999999998,91.99999999999848,4775.7683893077365,183.14970044950405,9,256,-2.7284841053187847e-12,True,943.0121947375769,17.74943008678929,ca3f712c1795755e0568c2db5a50285c5bcaa798c7114aeb36c4456a591455c4,14,0,0,0,14,0,43
LC,mixed_endpoint_50010,50010,mixed,endpoint,ea902b3a29ca09ac17a376db333376f3791052b29ed18437bf98ef63ef90a388,13,13,6777.152502187824,521.3194232452172,24555.76251093912,8891.46130298983,295,28,13,6,25,,True,12,52,2.004327999893576,2.072928999987198,269,256,26,1,1756.0000000000002,109.99999999999805,4911.152502187826,180.03667047493673,15,281,0.0,True,943.0121947375769,17.74943008678929,d1a7d8b61019f74770da90d1a37f78afc11a644ec56a937b84ea5907fb5e5206,0,0,0,0,0,0,70
previous_best,mixed_endpoint_50010,50010,mixed,endpoint,ea902b3a29ca09ac17a376db333376f3791052b29ed18437bf98ef63ef90a388,13,13,6294.775694175034,484.21351493654106,21828.878470875163,6105.707074227382,312,17,13,0,25,,True,20,55,1.6382195000478532,1.7046251999854576,278,265,34,5,1851.9999999999998,77.00000000000063,4365.775694175035,184.0273010830224,4,292,1.8189894035458565e-12,True,943.0121947375769,2.074856830987301,adeddbd7a9dc0ac15ebc4fb7d3763f6b1e92711a556bdda7a8bacbdfa57a42bd,20,5,0,0,0,0,0
G075,mixed_endpoint_50010,50010,mixed,endpoint,ea902b3a29ca09ac17a376db333376f3791052b29ed18437bf98ef63ef90a388,13,13,6777.152502187824,521.3194232452172,24555.76251093912,8891.46130298983,295,28,13,6,25,,True,12,52,1.6525350000301842,2.116518700000597,269,256,26,1,1756.0000000000002,109.99999999999805,4911.152502187826,180.03667047493673,15,281,0.0,True,943.0121947375769,17.74943008678929,d1a7d8b61019f74770da90d1a37f78afc11a644ec56a937b84ea5907fb5e5206,0,0,0,0,0,0,70
G15,mixed_endpoint_50010,50010,mixed,endpoint,ea902b3a29ca09ac17a376db333376f3791052b29ed18437bf98ef63ef90a388,13,13,6777.152502187824,521.3194232452172,24555.76251093912,8891.46130298983,295,28,13,6,25,,True,12,52,1.7820776000153273,2.3015326999884564,269,256,26,1,1756.0000000000002,109.99999999999805,4911.152502187826,180.03667047493673,15,281,0.0,True,943.0121947375769,17.74943008678929,d1a7d8b61019f74770da90d1a37f78afc11a644ec56a937b84ea5907fb5e5206,0,0,0,0,0,0,70
E1,mixed_endpoint_50010,50010,mixed,endpoint,ea902b3a29ca09ac17a376db333376f3791052b29ed18437bf98ef63ef90a388,13,13,6466.865658590789,497.4512045069838,23504.328292953927,7685.900371044577,268,50,13,8,25,,True,10,53,2.662203799933195,2.814525499998126,242,229,26,5,1590.0000000000007,176.0000000000023,4700.865658590787,538.1354264765787,37,250,3.637978807091713e-12,True,943.0121947375769,17.74943008678929,81cd217c329c7a51e4de780adcef2953bf7bf28c616b073b0b7ed3c1390df8d4,0,0,0,0,0,0,27
E2,mixed_endpoint_50010,50010,mixed,endpoint,ea902b3a29ca09ac17a376db333376f3791052b29ed18437bf98ef63ef90a388,13,13,6466.865658590789,497.4512045069838,23504.328292953927,7685.900371044577,268,50,13,8,25,,True,10,53,2.638936399744125,2.788387100008549,242,229,26,5,1590.0000000000007,176.0000000000023,4700.865658590787,538.1354264765787,37,250,3.637978807091713e-12,True,943.0121947375769,17.74943008678929,81cd217c329c7a51e4de780adcef2953bf7bf28c616b073b0b7ed3c1390df8d4,0,0,0,0,0,0,27
R2,mixed_endpoint_50010,50010,mixed,endpoint,ea902b3a29ca09ac17a376db333376f3791052b29ed18437bf98ef63ef90a388,13,13,6799.974991762811,523.0749993663701,24579.874958814056,8915.573750864767,294,36,13,7,25,,True,12,50,1.8321875999390613,1.907050200010417,269,256,25,1,1750.0000000000002,133.99999999999793,4915.974991762813,180.03667047493673,23,280,0.0,True,943.0121947375769,17.74943008678929,f43d88af3d467d2b55ad778c37722be4b9d05f7881826f3f16cc03175c889e48,0,0,0,0,0,0,68
R4,mixed_endpoint_50010,50010,mixed,endpoint,ea902b3a29ca09ac17a376db333376f3791052b29ed18437bf98ef63ef90a388,13,13,6777.152502187824,521.3194232452172,24555.76251093912,8891.46130298983,295,28,13,6,25,,True,12,52,1.9158408001530915,1.9866082000080496,269,256,26,1,1756.0000000000002,109.99999999999805,4911.152502187826,180.03667047493673,15,281,0.0,True,943.0121947375769,17.74943008678929,d1a7d8b61019f74770da90d1a37f78afc11a644ec56a937b84ea5907fb5e5206,0,0,0,0,0,0,70
N20,mixed_endpoint_50010,50010,mixed,endpoint,ea902b3a29ca09ac17a376db333376f3791052b29ed18437bf98ef63ef90a388,13,13,6777.152502187824,521.3194232452172,24555.76251093912,8891.46130298983,295,28,13,6,25,,True,12,52,1.5953906999493483,2.0601131999865174,269,256,26,1,1756.0000000000002,109.99999999999805,4911.152502187826,180.03667047493673,15,281,0.0,True,943.0121947375769,17.74943008678929,3c22b75d3fc39196ea46afbde05991e8e81f1541e2682ae7384d43a4542f1975,0,0,0,0,0,0,70
B60,mixed_endpoint_50010,50010,mixed,endpoint,ea902b3a29ca09ac17a376db333376f3791052b29ed18437bf98ef63ef90a388,13,13,6421.508790868389,493.9622146821838,22927.543954341945,7521.06017529346,293,26,13,6,25,,True,12,55,3.297236200189218,3.3656006999954116,265,252,28,6,1732.0000000000005,103.99999999999937,4585.508790868389,433.1268864611757,13,267,0.0,True,943.0121947375769,17.74943008678929,76481bac36cdc7af56518a14e1c22b096f0828eb8cf69905310315ffde3dab9d,0,0,0,0,0,0,44
H400,mixed_endpoint_50010,50010,mixed,endpoint,ea902b3a29ca09ac17a376db333376f3791052b29ed18437bf98ef63ef90a388,13,13,7096.157360611111,545.858258508547,25595.786803055566,9262.162348664166,306,48,13,3,25,,True,12,68,2.103123399981996,2.1828550999925938,267,254,39,15,1807.000000000002,169.99999999999935,5119.157360611108,183.144717710019,35,277,-2.7284841053187847e-12,True,943.0121947375769,17.74943008678929,5917b41f7c5af47f4183682b793affdffcff9bac02a97e692df46bfe5c841866,0,0,0,0,0,0,51
baseline,mixed_endpoint_50011,50011,mixed,endpoint,7e0a970d25d0443ec8543701869009526f28fb63cba7ece232743bdb06ef694e,13,13,6234.283055247891,479.5602350190685,22501.41527623945,7511.17726753938,279,18,13,0,25,,True,16,60,0.954091699939454,1.0034279999963474,245,232,34,2,1654.0000000000007,79.99999999999999,4500.283055247891,525.5775709557929,5,259,9.094947017729282e-13,True,943.0121947375769,17.74943008678929,256f837d9b2a565e8083bf643f038632288f2af441ee3bba3a0397c281371bfe,0,0,0,0,0,0,0
H200,mixed_endpoint_50010,50010,mixed,endpoint,ea902b3a29ca09ac17a376db333376f3791052b29ed18437bf98ef63ef90a388,13,13,6500.076436555343,500.0058797350264,23865.382182776728,8049.644546156549,273,28,13,2,25,,True,10,66,2.4544799000723287,2.519038400001591,242,229,31,6,1616.999999999999,109.9999999999998,4773.076436555345,539.6285338227599,15,252,-2.7284841053187847e-12,True,943.0121947375769,17.74943008678929,45b70ffd21afe187a423d7ff37475368c4a38cb647e862cd93b078281e21ef48,0,0,0,0,0,0,33
N50,mixed_endpoint_50010,50010,mixed,endpoint,ea902b3a29ca09ac17a376db333376f3791052b29ed18437bf98ef63ef90a388,13,13,6777.152502187824,521.3194232452172,24555.76251093912,8891.46130298983,295,28,13,6,25,,True,12,52,1.4160820000979584,1.8091223000083119,269,256,26,1,1756.0000000000002,109.99999999999805,4911.152502187826,180.03667047493673,15,281,0.0,True,943.0121947375769,17.74943008678929,d1a7d8b61019f74770da90d1a37f78afc11a644ec56a937b84ea5907fb5e5206,0,0,0,0,0,0,70
B20,mixed_endpoint_50009,50009,mixed,endpoint,9b8596c841b13d6f62f9afa1ffdfb7fc86c747436ddce1a036cf5117c87eb22a,10,10,7366.253966139697,736.6253966139697,26236.269830698475,10086.179654551072,346,19,10,3,25,,True,4,61,6.831031600013375,6.937726400006795,315,305,31,16,2042.0000000000011,77.00000000000108,5247.253966139696,315.8123590650739,9,312,1.8189894035458565e-12,True,943.0121947375769,17.74943008678929,3b713c2f0750d527e253a1bfdadea54954345d13f092a55f9a5b02b2269678b3,0,0,0,0,0,0,38
previous_best,mixed_endpoint_50011,50011,mixed,endpoint,7e0a970d25d0443ec8543701869009526f28fb63cba7ece232743bdb06ef694e,13,13,6014.820759994479,462.6785199995753,22349.10379997239,8432.073431748395,246,21,13,0,25,,True,18,60,1.2165983999730088,1.2636691000079736,213,200,33,2,1456.0000000000011,89.00000000000017,4469.820759994479,81.14150471804442,8,226,9.094947017729282e-13,True,943.0121947375769,2.074856830987301,1cc1424fb824ca4659b323c52e182cd097a7e9bb1357debc46aae4006e4483c3,18,11,0,0,0,0,0
LC,mixed_endpoint_50011,50011,mixed,endpoint,7e0a970d25d0443ec8543701869009526f28fb63cba7ece232743bdb06ef694e,13,13,6271.315752546323,482.40890404202486,23196.57876273162,6844.393676644997,257,28,13,6,25,,True,6,53,1.6781588001467753,1.7378860999888275,235,222,22,2,1521.9999999999993,109.9999999999997,4639.315752546325,1715.2341306098851,15,237,-9.094947017729282e-13,True,943.0121947375769,17.74943008678929,91845b99c11f987735dd4ef98faa9e890a8271995a52d9e908502034b17fba3b,0,0,0,0,0,0,64
LPC,mixed_endpoint_50011,50011,mixed,endpoint,7e0a970d25d0443ec8543701869009526f28fb63cba7ece232743bdb06ef694e,13,13,5904.736438357936,454.2104952583028,21718.68219178968,7691.711048935032,250,16,13,3,25,,True,15,46,1.516920800000662,1.5824163999932352,226,213,24,1,1487.0000000000002,73.99999999999973,4343.736438357937,163.36193288609502,3,237,0.0,True,943.0121947375769,17.74943008678929,df231379961522b97e84f844e917d5e4e7a74f1f16799a3167c00b70cf81c2e8,15,0,0,0,15,0,47
EN,mixed_endpoint_50010,50010,mixed,endpoint,ea902b3a29ca09ac17a376db333376f3791052b29ed18437bf98ef63ef90a388,13,13,6466.865658590789,497.4512045069838,23504.328292953927,7685.900371044577,268,50,13,8,25,,True,10,53,1.9546706999535672,2.4398700000019744,242,229,26,5,1590.0000000000007,176.0000000000023,4700.865658590787,538.1354264765787,37,250,3.637978807091713e-12,True,943.0121947375769,17.74943008678929,81cd217c329c7a51e4de780adcef2953bf7bf28c616b073b0b7ed3c1390df8d4,0,0,0,0,0,0,27
ER,mixed_endpoint_50010,50010,mixed,endpoint,ea902b3a29ca09ac17a376db333376f3791052b29ed18437bf98ef63ef90a388,13,13,6466.865658590789,497.4512045069838,23504.328292953927,7685.900371044577,268,50,13,8,25,,True,10,53,2.395873299887171,2.541569299995899,242,229,26,5,1590.0000000000007,176.0000000000023,4700.865658590787,538.1354264765787,37,250,3.637978807091713e-12,True,943.0121947375769,17.74943008678929,11ec3c3b804938343d58e38864d31458bb01df113866fd3269a4d77fbfa8f8d8,0,0,0,0,0,0,27
ERN,mixed_endpoint_50010,50010,mixed,endpoint,ea902b3a29ca09ac17a376db333376f3791052b29ed18437bf98ef63ef90a388,13,13,6466.865658590789,497.4512045069838,23504.328292953927,7685.900371044577,268,50,13,8,25,,True,10,53,2.046709499816643,2.487564700015355,242,229,26,5,1590.0000000000007,176.0000000000023,4700.865658590787,538.1354264765787,37,250,3.637978807091713e-12,True,943.0121947375769,17.74943008678929,11ec3c3b804938343d58e38864d31458bb01df113866fd3269a4d77fbfa8f8d8,0,0,0,0,0,0,27
E1,mixed_endpoint_50011,50011,mixed,endpoint,7e0a970d25d0443ec8543701869009526f28fb63cba7ece232743bdb06ef694e,13,13,6186.185678550602,475.86043681158475,22770.928392753012,7493.081977232448,256,30,13,8,25,,True,8,50,2.165308800089406,2.267704500001855,235,222,21,2,1516.0000000000002,115.99999999999984,4554.185678550601,1935.182964014839,17,236,-9.094947017729282e-13,True,943.0121947375769,17.74943008678929,c7a4bbdae3b452c3da08ae1544a7e31f7d9cd438047de0fefeca456da5b7490d,0,0,0,0,0,0,56
E2,mixed_endpoint_50011,50011,mixed,endpoint,7e0a970d25d0443ec8543701869009526f28fb63cba7ece232743bdb06ef694e,13,13,6186.185678550602,475.86043681158475,22770.928392753012,7493.081977232448,256,30,13,8,25,,True,8,50,2.0184436000708956,2.1249310999992304,235,222,21,2,1516.0000000000002,115.99999999999984,4554.185678550601,1935.182964014839,17,236,-9.094947017729282e-13,True,943.0121947375769,17.74943008678929,c7a4bbdae3b452c3da08ae1544a7e31f7d9cd438047de0fefeca456da5b7490d,0,0,0,0,0,0,56
G075,mixed_endpoint_50011,50011,mixed,endpoint,7e0a970d25d0443ec8543701869009526f28fb63cba7ece232743bdb06ef694e,13,13,6271.315752546323,482.40890404202486,23196.57876273162,6844.393676644997,257,28,13,6,25,,True,6,53,1.5937413999345154,2.092895400011912,235,222,22,2,1521.9999999999993,109.9999999999997,4639.315752546325,1715.2341306098851,15,237,-9.094947017729282e-13,True,943.0121947375769,17.74943008678929,91845b99c11f987735dd4ef98faa9e890a8271995a52d9e908502034b17fba3b,0,0,0,0,0,0,64
R2,mixed_endpoint_50011,50011,mixed,endpoint,7e0a970d25d0443ec8543701869009526f28fb63cba7ece232743bdb06ef694e,13,13,6271.315752546323,482.40890404202486,23196.57876273162,6844.393676644997,257,28,13,6,25,,True,6,53,1.797952799941413,1.8571486999862827,235,222,22,2,1521.9999999999993,109.9999999999997,4639.315752546325,1715.2341306098851,15,237,-9.094947017729282e-13,True,943.0121947375769,17.74943008678929,91845b99c11f987735dd4ef98faa9e890a8271995a52d9e908502034b17fba3b,0,0,0,0,0,0,64
G15,mixed_endpoint_50011,50011,mixed,endpoint,7e0a970d25d0443ec8543701869009526f28fb63cba7ece232743bdb06ef694e,13,13,6271.315752546323,482.40890404202486,23196.57876273162,6844.393676644997,257,28,13,6,25,,True,6,53,1.5618362999812234,2.014546699996572,235,222,22,2,1521.9999999999993,109.9999999999997,4639.315752546325,1715.2341306098851,15,237,-9.094947017729282e-13,True,943.0121947375769,17.74943008678929,91845b99c11f987735dd4ef98faa9e890a8271995a52d9e908502034b17fba3b,0,0,0,0,0,0,64
N20,mixed_endpoint_50011,50011,mixed,endpoint,7e0a970d25d0443ec8543701869009526f28fb63cba7ece232743bdb06ef694e,13,13,6271.315752546323,482.40890404202486,23196.57876273162,6844.393676644997,257,28,13,6,25,,True,6,53,1.231469000078505,1.6594704999879468,235,222,22,2,1521.9999999999993,109.9999999999997,4639.315752546325,1715.2341306098851,15,237,-9.094947017729282e-13,True,943.0121947375769,17.74943008678929,91845b99c11f987735dd4ef98faa9e890a8271995a52d9e908502034b17fba3b,0,0,0,0,0,0,64
R4,mixed_endpoint_50011,50011,mixed,endpoint,7e0a970d25d0443ec8543701869009526f28fb63cba7ece232743bdb06ef694e,13,13,6271.315752546323,482.40890404202486,23196.57876273162,6844.393676644997,257,28,13,6,25,,True,6,53,1.8554021000454668,1.9204815000121016,235,222,22,2,1521.9999999999993,109.9999999999997,4639.315752546325,1715.2341306098851,15,237,-9.094947017729282e-13,True,943.0121947375769,17.74943008678929,91845b99c11f987735dd4ef98faa9e890a8271995a52d9e908502034b17fba3b,0,0,0,0,0,0,64
B60,mixed_endpoint_50011,50011,mixed,endpoint,7e0a970d25d0443ec8543701869009526f28fb63cba7ece232743bdb06ef694e,13,13,5914.515585081884,454.96273731399106,22317.57792540941,7963.387303981963,233,16,13,7,25,,True,13,47,2.700993199920049,2.7685925999830943,210,197,23,3,1377.0000000000007,74.00000000000031,4463.515585081883,0.0,3,212,1.8189894035458565e-12,True,943.0121947375769,17.74943008678929,78b5674258aefab7705920d70e457cb9fbd06cbfd7383d2c5112f4a9a743e61a,0,0,0,0,0,0,85
H400,mixed_endpoint_50011,50011,mixed,endpoint,7e0a970d25d0443ec8543701869009526f28fb63cba7ece232743bdb06ef694e,13,13,6286.9635477864285,483.612580598956,23314.817738932146,6902.070625563997,259,21,13,1,25,,True,8,58,1.9024342000193428,1.9554012999869883,235,222,24,3,1534.9999999999984,89.00000000000024,4662.963547786429,1715.2341306098851,8,240,-9.094947017729282e-13,True,943.0121947375769,17.74943008678929,ebb2fc44bcc8cb9e7f2a920e1e1279e98f81ee9d327822bbf682d5c2446f1d5e,0,0,0,0,0,0,68
H200,mixed_endpoint_50011,50011,mixed,endpoint,7e0a970d25d0443ec8543701869009526f28fb63cba7ece232743bdb06ef694e,13,13,6231.025733871873,479.3096718362979,23015.128669359372,7743.162077793655,258,25,13,4,25,,True,8,56,1.9715054998814594,2.0318511000077706,235,222,23,2,1527.0000000000002,100.99999999999959,4603.025733871873,1935.182964014839,12,237,-1.8189894035458565e-12,True,943.0121947375769,17.74943008678929,ae0bf21d2cf35e4b1824516768bfe2428051fc2f3d41263526fa3e7dbf3b87bf,0,0,0,0,0,0,68
N50,mixed_endpoint_50011,50011,mixed,endpoint,7e0a970d25d0443ec8543701869009526f28fb63cba7ece232743bdb06ef694e,13,13,6271.315752546323,482.40890404202486,23196.57876273162,6844.393676644997,257,28,13,6,25,,True,6,53,1.2975293000927195,1.7005048999853898,235,222,22,2,1521.9999999999993,109.9999999999997,4639.315752546325,1715.2341306098851,15,237,-9.094947017729282e-13,True,943.0121947375769,17.74943008678929,91845b99c11f987735dd4ef98faa9e890a8271995a52d9e908502034b17fba3b,0,0,0,0,0,0,64
ER,mixed_endpoint_50011,50011,mixed,endpoint,7e0a970d25d0443ec8543701869009526f28fb63cba7ece232743bdb06ef694e,13,13,6186.185678550602,475.86043681158475,22770.928392753012,7493.081977232448,256,30,13,8,25,,True,8,50,1.7350758999818936,1.8248556000180542,235,222,21,2,1516.0000000000002,115.99999999999984,4554.185678550601,1935.182964014839,17,236,-9.094947017729282e-13,True,943.0121947375769,17.74943008678929,c7a4bbdae3b452c3da08ae1544a7e31f7d9cd438047de0fefeca456da5b7490d,0,0,0,0,0,0,56
baseline,mixed_endpoint_50012,50012,mixed,endpoint,ad25c65a87778769a30a4dbf04eaa68034115dbd7e1719e7a90903ac917fb8cf,11,11,7070.112166390011,642.7374696718192,24625.56083195006,8050.027608759075,350,15,11,0,25,,True,4,58,0.8238227000401821,0.8725829999893904,327,316,23,0,2077.999999999999,66.9999999999999,4925.112166390012,173.61406153320058,4,328,-9.094947017729282e-13,True,943.0121947375769,17.74943008678929,0ff0b55f44c71e61fabb6e18f52c3d7be1fb489a90a595023963adb2d2e0bbf2,0,0,0,0,0,0,0
previous_best,mixed_endpoint_50012,50012,mixed,endpoint,ad25c65a87778769a30a4dbf04eaa68034115dbd7e1719e7a90903ac917fb8cf,11,11,6471.397766707942,588.3088878825401,22491.988833539705,6771.022653308386,322,13,11,0,25,,True,9,50,0.8852484999224544,0.9219777000253089,300,289,22,2,1912.000000000001,61.000000000000234,4498.397766707942,243.4434840758604,2,302,9.094947017729282e-13,True,943.0121947375769,2.074856830987301,fb4e04895412bc5971a329e9f555d27d4486c6e4863ff0477fbbbc29e555e932,9,5,0,0,0,0,0
LC,mixed_endpoint_50012,50012,mixed,endpoint,ad25c65a87778769a30a4dbf04eaa68034115dbd7e1719e7a90903ac917fb8cf,11,11,6629.004947961706,602.6368134510642,23225.024739808527,7759.710922353468,323,16,11,4,25,,True,7,52,1.2549561001069378,1.3099696999997832,299,288,24,7,1914.0000000000014,70.00000000000028,4645.004947961706,240.67560620160384,5,299,9.094947017729282e-13,True,943.0121947375769,17.74943008678929,8ca4394d886c1a8ba64da2ec7edbf6ca73f80dd78d62f8dc893f6431164b58eb,0,0,0,0,0,0,28
LPC,mixed_endpoint_50012,50012,mixed,endpoint,ad25c65a87778769a30a4dbf04eaa68034115dbd7e1719e7a90903ac917fb8cf,11,11,6512.643055936752,592.0584596306138,22458.215279683765,7260.363296267706,325,22,11,6,25,,True,13,45,1.1958179000939708,1.2687232000171207,303,292,22,4,1932.9999999999998,87.99999999999952,4491.643055936752,97.4706697288184,11,308,-9.094947017729282e-13,True,943.0121947375769,17.74943008678929,a21243e558c360330be584f144e28acec656d2f9da36b0a7ca9b8d5e002eb7ea,13,0,0,0,13,0,50
ERN,mixed_endpoint_50011,50011,mixed,endpoint,7e0a970d25d0443ec8543701869009526f28fb63cba7ece232743bdb06ef694e,13,13,6186.185678550602,475.86043681158475,22770.928392753012,7493.081977232448,256,30,13,8,25,,True,8,50,1.4324352999392431,1.8063625999784563,235,222,21,2,1516.0000000000002,115.99999999999984,4554.185678550601,1935.182964014839,17,236,-9.094947017729282e-13,True,943.0121947375769,17.74943008678929,c7a4bbdae3b452c3da08ae1544a7e31f7d9cd438047de0fefeca456da5b7490d,0,0,0,0,0,0,56
EN,mixed_endpoint_50011,50011,mixed,endpoint,7e0a970d25d0443ec8543701869009526f28fb63cba7ece232743bdb06ef694e,13,13,6186.185678550602,475.86043681158475,22770.928392753012,7493.081977232448,256,30,13,8,25,,True,8,50,1.6114436000061687,2.052323099982459,235,222,21,2,1516.0000000000002,115.99999999999984,4554.185678550601,1935.182964014839,17,236,-9.094947017729282e-13,True,943.0121947375769,17.74943008678929,c7a4bbdae3b452c3da08ae1544a7e31f7d9cd438047de0fefeca456da5b7490d,0,0,0,0,0,0,56
E1,mixed_endpoint_50012,50012,mixed,endpoint,ad25c65a87778769a30a4dbf04eaa68034115dbd7e1719e7a90903ac917fb8cf,11,11,6587.348939999878,598.8499036363526,22661.744699999377,7583.256028547843,324,36,11,7,25,,True,9,47,1.4483101998630445,1.6000949000008404,303,292,21,7,1925.0000000000005,130.00000000000065,4532.348939999879,98.01705982642125,25,305,2.7284841053187847e-12,True,943.0121947375769,17.74943008678929,59ee0b7ff9ba63567f7673ca338c7a430d4e0838fdf121b857e7ff74233614ac,0,0,0,0,0,0,23
E2,mixed_endpoint_50012,50012,mixed,endpoint,ad25c65a87778769a30a4dbf04eaa68034115dbd7e1719e7a90903ac917fb8cf,11,11,6587.348939999878,598.8499036363526,22661.744699999377,7583.256028547843,324,36,11,7,25,,True,9,47,1.44606410007691,1.603156700002728,303,292,21,7,1925.0000000000005,130.00000000000065,4532.348939999879,98.01705982642125,25,305,2.7284841053187847e-12,True,943.0121947375769,17.74943008678929,59ee0b7ff9ba63567f7673ca338c7a430d4e0838fdf121b857e7ff74233614ac,0,0,0,0,0,0,23
G075,mixed_endpoint_50012,50012,mixed,endpoint,ad25c65a87778769a30a4dbf04eaa68034115dbd7e1719e7a90903ac917fb8cf,11,11,6629.004947961706,602.6368134510642,23225.024739808527,7759.710922353468,323,16,11,4,25,,True,7,52,1.1060759998799767,1.4870072999910917,299,288,24,7,1914.0000000000014,70.00000000000028,4645.004947961706,240.67560620160384,5,299,9.094947017729282e-13,True,943.0121947375769,17.74943008678929,8ca4394d886c1a8ba64da2ec7edbf6ca73f80dd78d62f8dc893f6431164b58eb,0,0,0,0,0,0,28
G15,mixed_endpoint_50012,50012,mixed,endpoint,ad25c65a87778769a30a4dbf04eaa68034115dbd7e1719e7a90903ac917fb8cf,11,11,6629.004947961706,602.6368134510642,23225.024739808527,7759.710922353468,323,16,11,4,25,,True,7,52,1.0917038000479806,1.4696226000087336,299,288,24,7,1914.0000000000014,70.00000000000028,4645.004947961706,240.67560620160384,5,299,9.094947017729282e-13,True,943.0121947375769,17.74943008678929,8ca4394d886c1a8ba64da2ec7edbf6ca73f80dd78d62f8dc893f6431164b58eb,0,0,0,0,0,0,28
R4,mixed_endpoint_50012,50012,mixed,endpoint,ad25c65a87778769a30a4dbf04eaa68034115dbd7e1719e7a90903ac917fb8cf,11,11,6629.004947961706,602.6368134510642,23225.024739808527,7759.710922353468,323,16,11,4,25,,True,7,52,1.34640939993551,1.4203528999933042,299,288,24,7,1914.0000000000014,70.00000000000028,4645.004947961706,240.67560620160384,5,299,9.094947017729282e-13,True,943.0121947375769,17.74943008678929,8ca4394d886c1a8ba64da2ec7edbf6ca73f80dd78d62f8dc893f6431164b58eb,0,0,0,0,0,0,28
R2,mixed_endpoint_50012,50012,mixed,endpoint,ad25c65a87778769a30a4dbf04eaa68034115dbd7e1719e7a90903ac917fb8cf,11,11,6684.957672895325,607.723424808666,23214.788364476623,7733.307226228346,322,37,11,5,25,,True,7,51,1.4272590999607928,1.5239126999804284,299,288,23,7,1909.0000000000007,133.0000000000004,4642.957672895326,240.67560620160384,26,299,9.094947017729282e-13,True,943.0121947375769,17.74943008678929,5ca95224a186e5bfe4307302d950eb600c2faa7e1ab36ab5a52750a40597d994,0,0,0,0,0,0,27
H200,mixed_endpoint_50012,50012,mixed,endpoint,ad25c65a87778769a30a4dbf04eaa68034115dbd7e1719e7a90903ac917fb8cf,11,11,6602.906960945281,600.2642691768438,22934.53480472641,7870.888623134628,326,19,11,2,25,,True,9,54,1.400431400135858,1.460839200008195,303,292,23,7,1937.0000000000007,78.99999999999996,4586.906960945282,99.6847093144188,8,307,-9.094947017729282e-13,True,943.0121947375769,17.74943008678929,00e5ec1e9e9fb3088b9431c612374a63846313746e7fc3bb4e292af211277319,0,0,0,0,0,0,30
N50,mixed_endpoint_50012,50012,mixed,endpoint,ad25c65a87778769a30a4dbf04eaa68034115dbd7e1719e7a90903ac917fb8cf,11,11,6629.004947961706,602.6368134510642,23225.024739808527,7759.710922353468,323,16,11,4,25,,True,7,52,0.9612713999522384,1.3740771999873687,299,288,24,7,1914.0000000000014,70.00000000000028,4645.004947961706,240.67560620160384,5,299,9.094947017729282e-13,True,943.0121947375769,17.74943008678929,8ca4394d886c1a8ba64da2ec7edbf6ca73f80dd78d62f8dc893f6431164b58eb,0,0,0,0,0,0,28
N20,mixed_endpoint_50012,50012,mixed,endpoint,ad25c65a87778769a30a4dbf04eaa68034115dbd7e1719e7a90903ac917fb8cf,11,11,6629.004947961706,602.6368134510642,23225.024739808527,7759.710922353468,323,16,11,4,25,,True,7,52,0.9814674000663217,1.411607499991078,299,288,24,7,1914.0000000000014,70.00000000000028,4645.004947961706,240.67560620160384,5,299,9.094947017729282e-13,True,943.0121947375769,17.74943008678929,8ca4394d886c1a8ba64da2ec7edbf6ca73f80dd78d62f8dc893f6431164b58eb,0,0,0,0,0,0,28
H400,mixed_endpoint_50012,50012,mixed,endpoint,ad25c65a87778769a30a4dbf04eaa68034115dbd7e1719e7a90903ac917fb8cf,11,11,6602.906960945281,600.2642691768438,22934.53480472641,7870.888623134628,326,19,11,2,25,,True,9,54,1.4784142000135034,1.5491159999801312,303,292,23,7,1937.0000000000007,78.99999999999996,4586.906960945282,99.6847093144188,8,307,-9.094947017729282e-13,True,943.0121947375769,17.74943008678929,00e5ec1e9e9fb3088b9431c612374a63846313746e7fc3bb4e292af211277319,0,0,0,0,0,0,30
B60,mixed_endpoint_50012,50012,mixed,endpoint,ad25c65a87778769a30a4dbf04eaa68034115dbd7e1719e7a90903ac917fb8cf,11,11,7452.064219164363,677.4603835603966,26960.32109582182,10720.683802771038,333,21,11,6,25,,True,8,51,2.54600280005252,2.6210678000061307,309,298,24,10,1975.0000000000002,85.00000000000048,5392.064219164362,606.4667267504683,10,310,-9.094947017729282e-13,True,943.0121947375769,17.74943008678929,41c7c4f4fbe47655ec6ba1801aa556c4eb599e51161d3c5da0789aed90688318,0,0,0,0,0,0,29
B20,mixed_endpoint_50010,50010,mixed,endpoint,ea902b3a29ca09ac17a376db333376f3791052b29ed18437bf98ef63ef90a388,13,13,6487.990858564224,499.0762198895557,24729.95429282112,10066.691574247028,244,28,13,8,25,,True,7,70,10.507010500179604,10.595232799998485,205,192,39,18,1432.0,110.00000000000058,4945.990858564223,416.63260894838913,15,212,0.0,True,943.0121947375769,17.74943008678929,0ff78366d47dc9145266d452da493d8fa33674115bb691b4d63e78dbd2281548,0,0,0,0,0,0,25
ER,mixed_endpoint_50012,50012,mixed,endpoint,ad25c65a87778769a30a4dbf04eaa68034115dbd7e1719e7a90903ac917fb8cf,11,11,6643.301664933497,603.9365149939542,22651.508324667477,7556.852332422721,323,57,11,8,25,,True,9,46,1.2428161999268923,1.4165718000149354,303,292,20,7,1919.9999999999998,193.00000000000074,4530.301664933498,98.01705982642125,46,305,1.8189894035458565e-12,True,943.0121947375769,17.74943008678929,90de5e6e8950562013c9906a01da8ce307beb736566a649c6f1670c408dedec9,0,0,0,0,0,0,22
B20,mixed_endpoint_50011,50011,mixed,endpoint,7e0a970d25d0443ec8543701869009526f28fb63cba7ece232743bdb06ef694e,13,13,6105.834039661552,469.6795415124271,22719.17019830776,8440.842813611845,250,20,13,6,25,,True,11,51,6.779836699948646,6.836431999981869,226,213,24,1,1476.0000000000002,86.00000000000028,4543.834039661551,1341.8852107138991,7,226,9.094947017729282e-13,True,943.0121947375769,17.74943008678929,512825bf3f02d7a98691023a32904f4fbca96e542ee1d77bbc523e22167e4a88,0,0,0,0,0,0,75
baseline,mixed_endpoint_50013,50013,mixed,endpoint,bc356a8efece2e65e51c61ce630cf59c72fdcfc09e7ca54911f1c5f5315cf625,15,15,6549.640115787963,436.64267438586415,24548.200578939814,8771.445523093358,261,21,15,0,25,,True,12,75,1.218292200093856,1.2724727999884635,219,204,42,4,1546.9999999999989,92.99999999999955,4909.640115787965,0.0,6,242,0.0,True,943.0121947375769,17.74943008678929,bb38ece0f3af73509b40267c23a272015ff93b7bb4e0b273ee5f63b6f3d1c415,0,0,0,0,0,0,0
EN,mixed_endpoint_50012,50012,mixed,endpoint,ad25c65a87778769a30a4dbf04eaa68034115dbd7e1719e7a90903ac917fb8cf,11,11,6587.348939999878,598.8499036363526,22661.744699999377,7583.256028547843,324,36,11,7,25,,True,9,47,1.1115308998851106,1.4574591999989934,303,292,21,7,1925.0000000000005,130.00000000000065,4532.348939999879,98.01705982642125,25,305,2.7284841053187847e-12,True,943.0121947375769,17.74943008678929,59ee0b7ff9ba63567f7673ca338c7a430d4e0838fdf121b857e7ff74233614ac,0,0,0,0,0,0,23
ERN,mixed_endpoint_50012,50012,mixed,endpoint,ad25c65a87778769a30a4dbf04eaa68034115dbd7e1719e7a90903ac917fb8cf,11,11,6643.301664933497,603.9365149939542,22651.508324667477,7556.852332422721,323,57,11,8,25,,True,9,46,1.0118651001248509,1.3218022999935783,303,292,20,7,1919.9999999999998,193.00000000000074,4530.301664933498,98.01705982642125,46,305,1.8189894035458565e-12,True,943.0121947375769,17.74943008678929,90de5e6e8950562013c9906a01da8ce307beb736566a649c6f1670c408dedec9,0,0,0,0,0,0,22
LC,mixed_endpoint_50013,50013,mixed,endpoint,bc356a8efece2e65e51c61ce630cf59c72fdcfc09e7ca54911f1c5f5315cf625,15,15,6387.918050859681,425.8612033906454,23839.590254298422,9107.32286907875,258,22,15,3,25,,True,10,61,1.8030218999483623,1.8622743999876548,226,211,32,7,1523.9999999999982,96.00000000000023,4767.918050859681,0.0,7,234,-3.637978807091713e-12,True,943.0121947375769,17.74943008678929,160190701c217eeab78364fc63187e9fdb1220b3b018b62f562ffb85768d12d0,0,0,0,0,0,0,18
LPC,mixed_endpoint_50013,50013,mixed,endpoint,bc356a8efece2e65e51c61ce630cf59c72fdcfc09e7ca54911f1c5f5315cf625,15,15,6206.273746546814,413.75158310312094,22801.368732734085,7856.908237212759,266,15,15,1,25,,True,20,59,1.83534610006609,1.8960482999973465,226,211,40,8,1570.9999999999989,75.00000000000003,4560.273746546816,0.0,0,241,-2.7284841053187847e-12,True,943.0121947375769,17.74943008678929,a545d3b64d94ac07f0dd5051050beb9a8792a861a97421cd40a114ee81491804,20,0,0,0,20,0,12
previous_best,mixed_endpoint_50013,50013,mixed,endpoint,bc356a8efece2e65e51c61ce630cf59c72fdcfc09e7ca54911f1c5f5315cf625,15,15,6344.404056403826,422.96027042692174,23147.020282019144,8772.05551951671,269,32,15,1,25,,True,19,69,1.693912300048396,1.7568990999716334,227,212,42,11,1588.9999999999993,125.9999999999998,4629.404056403826,0.0,17,244,-2.7284841053187847e-12,True,943.0121947375769,2.074856830987301,36e9fd0c150ccb5af9e7c6ff63775fb58e8a52efe3379f2447bd0e827d6b0fc9,19,9,0,0,0,0,0
G075,mixed_endpoint_50013,50013,mixed,endpoint,bc356a8efece2e65e51c61ce630cf59c72fdcfc09e7ca54911f1c5f5315cf625,15,15,6387.918050859681,425.8612033906454,23839.590254298422,9107.32286907875,258,22,15,3,25,,True,10,61,1.5649285998370033,2.0500469999969937,226,211,32,7,1523.9999999999982,96.00000000000023,4767.918050859681,0.0,7,234,-3.637978807091713e-12,True,943.0121947375769,17.74943008678929,160190701c217eeab78364fc63187e9fdb1220b3b018b62f562ffb85768d12d0,0,0,0,0,0,0,18
E2,mixed_endpoint_50013,50013,mixed,endpoint,bc356a8efece2e65e51c61ce630cf59c72fdcfc09e7ca54911f1c5f5315cf625,15,15,6254.19446436838,416.94629762455867,23220.972321841917,7230.024903545621,257,20,15,5,25,,True,9,61,2.3732662000111304,2.460306099994341,226,211,31,7,1519.9999999999986,90.0000000000002,4644.194464368381,0.0,5,235,-3.637978807091713e-12,True,943.0121947375769,17.74943008678929,893a5bb841809529af7311184cfe77178ff0917aa88c5a43efb00b7db1c9c79f,0,0,0,0,0,0,29
E1,mixed_endpoint_50013,50013,mixed,endpoint,bc356a8efece2e65e51c61ce630cf59c72fdcfc09e7ca54911f1c5f5315cf625,15,15,6254.19446436838,416.94629762455867,23220.972321841917,7230.024903545621,257,20,15,5,25,,True,9,61,2.475680600065971,2.5642937000084203,226,211,31,7,1519.9999999999986,90.0000000000002,4644.194464368381,0.0,5,235,-3.637978807091713e-12,True,943.0121947375769,17.74943008678929,893a5bb841809529af7311184cfe77178ff0917aa88c5a43efb00b7db1c9c79f,0,0,0,0,0,0,29
R4,mixed_endpoint_50013,50013,mixed,endpoint,bc356a8efece2e65e51c61ce630cf59c72fdcfc09e7ca54911f1c5f5315cf625,15,15,6387.918050859681,425.8612033906454,23839.590254298422,9107.32286907875,258,22,15,3,25,,True,10,61,1.8895648001343943,1.962452999985544,226,211,32,7,1523.9999999999982,96.00000000000023,4767.918050859681,0.0,7,234,-3.637978807091713e-12,True,943.0121947375769,17.74943008678929,85c0b71a272edc42023ec60b61e0877a265137a4ab48128faac3f08e34ffd0db,0,0,0,0,0,0,18
B20,mixed_endpoint_50012,50012,mixed,endpoint,ad25c65a87778769a30a4dbf04eaa68034115dbd7e1719e7a90903ac917fb8cf,11,11,6877.014318796811,625.1831198906192,24825.07159398406,10798.669162976534,312,16,11,5,25,,True,7,54,5.487986600026488,5.558486099995207,286,275,26,12,1841.9999999999998,69.99999999999795,4965.014318796812,98.13821228842698,5,282,-9.094947017729282e-13,True,943.0121947375769,17.74943008678929,468cf1ac5f84a94c2d6117c10b34de09147f34ba7ac3a59399f009ed19522725,0,0,0,0,0,0,23
R2,mixed_endpoint_50013,50013,mixed,endpoint,bc356a8efece2e65e51c61ce630cf59c72fdcfc09e7ca54911f1c5f5315cf625,15,15,6387.918050859681,425.8612033906454,23839.590254298422,9107.32286907875,258,22,15,3,25,,True,10,61,2.002331200084882,2.069109500007471,226,211,32,7,1523.9999999999982,96.00000000000023,4767.918050859681,0.0,7,234,-3.637978807091713e-12,True,943.0121947375769,17.74943008678929,85c0b71a272edc42023ec60b61e0877a265137a4ab48128faac3f08e34ffd0db,0,0,0,0,0,0,18
G15,mixed_endpoint_50013,50013,mixed,endpoint,bc356a8efece2e65e51c61ce630cf59c72fdcfc09e7ca54911f1c5f5315cf625,15,15,6387.918050859681,425.8612033906454,23839.590254298422,9107.32286907875,258,22,15,3,25,,True,10,61,1.7619307000713889,2.2682220000133384,226,211,32,7,1523.9999999999982,96.00000000000023,4767.918050859681,0.0,7,234,-3.637978807091713e-12,True,943.0121947375769,17.74943008678929,160190701c217eeab78364fc63187e9fdb1220b3b018b62f562ffb85768d12d0,0,0,0,0,0,0,18
baseline,mixed_endpoint_50014,50014,mixed,endpoint,3d244667956050310dfdc115fb40a684516a44e4741d1e7bdd0d1e5aaafe3cd1,16,16,5935.525469615585,370.9703418509741,23182.627348077913,12697.54983767979,204,20,16,0,19,,True,9,64,1.1200660001777578,1.1638841000094544,169,153,35,6,1207.0000000000027,92.00000000000018,4636.525469615583,0.0,4,187,2.7284841053187847e-12,True,943.0121947375769,17.74943008678929,2dfecc0ee44cc723dc805263982a40461ff367a6df2e258d74c0077242cb49db,0,0,0,0,0,0,0
H200,mixed_endpoint_50013,50013,mixed,endpoint,bc356a8efece2e65e51c61ce630cf59c72fdcfc09e7ca54911f1c5f5315cf625,15,15,6327.346155640588,421.8230770427059,23501.73077820295,7522.898891062423,258,24,15,4,25,,True,9,64,2.397373600048013,2.4587184000120033,226,211,32,7,1524.999999999999,102.0000000000006,4700.346155640588,0.0,9,235,-1.8189894035458565e-12,True,943.0121947375769,17.74943008678929,cc779a4e4440fd0fa02df2465ccadd17f72c5f5c4487450293985a7e4c895a89,0,0,0,0,0,0,30
N20,mixed_endpoint_50013,50013,mixed,endpoint,bc356a8efece2e65e51c61ce630cf59c72fdcfc09e7ca54911f1c5f5315cf625,15,15,6387.918050859681,425.8612033906454,23839.590254298422,9107.32286907875,258,22,15,3,25,,True,10,61,1.774140599911334,2.3029149000067264,226,211,32,7,1523.9999999999982,96.00000000000023,4767.918050859681,0.0,7,234,-3.637978807091713e-12,True,943.0121947375769,17.74943008678929,160190701c217eeab78364fc63187e9fdb1220b3b018b62f562ffb85768d12d0,0,0,0,0,0,0,18
H400,mixed_endpoint_50013,50013,mixed,endpoint,bc356a8efece2e65e51c61ce630cf59c72fdcfc09e7ca54911f1c5f5315cf625,15,15,6353.606865907713,423.57379106051417,23618.034329538572,7639.202442398046,258,25,15,4,25,,True,9,65,2.465006199927302,2.5300104999914765,226,211,32,7,1524.999999999999,105.00000000000054,4723.606865907713,0.0,10,235,-1.8189894035458565e-12,True,943.0121947375769,17.74943008678929,500677f8e25b4b42c0c911704a052c938ae416a049d428d45bb91186a3b930f7,0,0,0,0,0,0,30
N50,mixed_endpoint_50013,50013,mixed,endpoint,bc356a8efece2e65e51c61ce630cf59c72fdcfc09e7ca54911f1c5f5315cf625,15,15,6387.918050859681,425.8612033906454,23839.590254298422,9107.32286907875,258,22,15,3,25,,True,10,61,1.5083189001888968,1.9894475000037346,226,211,32,7,1523.9999999999982,96.00000000000023,4767.918050859681,0.0,7,234,-3.637978807091713e-12,True,943.0121947375769,17.74943008678929,160190701c217eeab78364fc63187e9fdb1220b3b018b62f562ffb85768d12d0,0,0,0,0,0,0,18
LPC,mixed_endpoint_50014,50014,mixed,endpoint,3d244667956050310dfdc115fb40a684516a44e4741d1e7bdd0d1e5aaafe3cd1,16,16,5799.427156671203,362.4641972919502,23037.13578335602,10549.134446829436,185,21,16,4,23,,True,18,48,1.507759699888993,1.57518370001344,158,142,27,0,1097.0000000000002,94.99999999999957,4607.427156671204,0.0,5,172,-9.094947017729282e-13,True,943.0121947375769,17.74943008678929,a946c62797689cf2265925e3039df06c0ac97f448d8c5cfacca1b577fd54c0c6,18,0,0,0,18,0,47
ER,mixed_endpoint_50013,50013,mixed,endpoint,bc356a8efece2e65e51c61ce630cf59c72fdcfc09e7ca54911f1c5f5315cf625,15,15,6337.2391183349355,422.4826078889957,23656.195591674692,8553.830067554176,258,17,15,3,25,,True,11,60,2.3137819999537896,2.396517399989534,226,211,32,7,1524.9999999999982,81.00000000000051,4731.2391183349355,0.0,2,235,-2.7284841053187847e-12,True,943.0121947375769,17.74943008678929,7ef54f907fddb1eb79b74c049e50edb9d04d0a537f3e7616b6b2bf4c4cff7054,0,0,0,0,0,0,17
ERN,mixed_endpoint_50013,50013,mixed,endpoint,bc356a8efece2e65e51c61ce630cf59c72fdcfc09e7ca54911f1c5f5315cf625,15,15,6337.2391183349355,422.4826078889957,23656.195591674692,8553.830067554176,258,17,15,3,25,,True,11,60,1.8918348000152037,2.41450040001655,226,211,32,7,1524.9999999999982,81.00000000000051,4731.2391183349355,0.0,2,235,-2.7284841053187847e-12,True,943.0121947375769,17.74943008678929,7ef54f907fddb1eb79b74c049e50edb9d04d0a537f3e7616b6b2bf4c4cff7054,0,0,0,0,0,0,17
LC,mixed_endpoint_50014,50014,mixed,endpoint,3d244667956050310dfdc115fb40a684516a44e4741d1e7bdd0d1e5aaafe3cd1,16,16,6180.025770598981,386.2516106624363,24540.128852994898,13944.162743232502,193,35,16,3,20,,True,9,68,2.359702200104948,2.4327309000073,154,138,39,9,1135.0000000000005,137.00000000000182,4908.025770598982,0.0,19,170,9.094947017729282e-13,True,943.0121947375769,17.74943008678929,9616bd48ab98960a7305950ff5b2c59d0b7dc627b8715cabf5065016a50ba8a1,0,0,0,0,0,0,45
EN,mixed_endpoint_50013,50013,mixed,endpoint,bc356a8efece2e65e51c61ce630cf59c72fdcfc09e7ca54911f1c5f5315cf625,15,15,6257.19446436838,417.14629762455866,23220.972321841917,7230.024903545621,257,21,15,5,25,,True,9,61,2.299861699953908,2.8414668000186794,226,211,31,7,1519.9999999999986,93.00000000000023,4644.194464368381,0.0,6,235,-3.637978807091713e-12,True,943.0121947375769,17.74943008678929,54a8a9c556420c12645837cafb210afb95a08d9f764ecdb840de9857450ae966,0,0,0,0,0,0,29
B60,mixed_endpoint_50013,50013,mixed,endpoint,bc356a8efece2e65e51c61ce630cf59c72fdcfc09e7ca54911f1c5f5315cf625,15,15,6913.902050578618,460.9268033719079,26494.510252893106,13658.041754903441,249,38,15,8,25,,True,11,65,5.45196359991678,5.5421450000139885,214,199,35,11,1470.999999999999,143.99999999999892,5298.902050578621,110.85757073636432,23,226,-2.7284841053187847e-12,True,943.0121947375769,17.74943008678929,4809abae56d37167d854d89f0f4785eda25cf20b88a1bc861c633a7bc3b08fa2,0,0,0,0,0,0,56
previous_best,mixed_endpoint_50014,50014,mixed,endpoint,3d244667956050310dfdc115fb40a684516a44e4741d1e7bdd0d1e5aaafe3cd1,16,16,5711.503621552821,356.9689763470513,21917.518107764092,9246.301642167315,208,23,16,0,23,,True,21,60,1.9767591998970602,2.030769799981499,172,156,36,2,1227.000000000001,101.00000000000021,4383.503621552821,0.0,7,187,2.7284841053187847e-12,True,943.0121947375769,2.074856830987301,5a1f27f287a7117f799024c019f2d8df5ae459a73c39bbf69073084a13061b28,21,9,0,0,0,0,0
E2,mixed_endpoint_50014,50014,mixed,endpoint,3d244667956050310dfdc115fb40a684516a44e4741d1e7bdd0d1e5aaafe3cd1,16,16,6340.742210524144,396.296388157759,25718.711052620703,14556.909551157412,174,44,16,7,20,,True,13,50,2.4925835000758525,2.613316900009522,146,130,28,4,1032.9999999999995,164.00000000000298,5143.742210524142,0.0,28,163,3.637978807091713e-12,True,943.0121947375769,17.74943008678929,2f2ec9a2955154f6f800ff83d429562042c4f49d8b829b299acb5ba271c5bb6e,0,0,0,0,0,0,25
E1,mixed_endpoint_50014,50014,mixed,endpoint,3d244667956050310dfdc115fb40a684516a44e4741d1e7bdd0d1e5aaafe3cd1,16,16,6340.742210524144,396.296388157759,25718.711052620703,14556.909551157412,174,44,16,7,20,,True,13,50,2.8408141999680083,2.9779807000013534,146,130,28,4,1032.9999999999995,164.00000000000298,5143.742210524142,0.0,28,163,3.637978807091713e-12,True,943.0121947375769,17.74943008678929,2f2ec9a2955154f6f800ff83d429562042c4f49d8b829b299acb5ba271c5bb6e,0,0,0,0,0,0,25
G075,mixed_endpoint_50014,50014,mixed,endpoint,3d244667956050310dfdc115fb40a684516a44e4741d1e7bdd0d1e5aaafe3cd1,16,16,6180.025770598981,386.2516106624363,24540.128852994898,13944.162743232502,193,35,16,3,20,,True,9,68,2.013889599853428,2.5980157000012696,154,138,39,9,1135.0000000000005,137.00000000000182,4908.025770598982,0.0,19,170,9.094947017729282e-13,True,943.0121947375769,17.74943008678929,9616bd48ab98960a7305950ff5b2c59d0b7dc627b8715cabf5065016a50ba8a1,0,0,0,0,0,0,45
R2,mixed_endpoint_50014,50014,mixed,endpoint,3d244667956050310dfdc115fb40a684516a44e4741d1e7bdd0d1e5aaafe3cd1,16,16,5201.946702408641,325.12166890054004,20999.73351204321,14252.212043845222,146,34,16,7,13,,True,8,49,2.166304700047476,2.2378729000047315,119,103,27,0,867.9999999999986,133.99999999999955,4199.946702408642,0.0,18,138,-1.8189894035458565e-12,True,943.0121947375769,17.74943008678929,f4775350a58e2debf41ae6cb82a7d72e16d155434f4f1cd7d6d8844353e128dc,0,0,0,0,0,0,49
G15,mixed_endpoint_50014,50014,mixed,endpoint,3d244667956050310dfdc115fb40a684516a44e4741d1e7bdd0d1e5aaafe3cd1,16,16,6180.025770598981,386.2516106624363,24540.128852994898,13944.162743232502,193,35,16,3,20,,True,9,68,2.001419499894837,2.6161383999860846,154,138,39,9,1135.0000000000005,137.00000000000182,4908.025770598982,0.0,19,170,9.094947017729282e-13,True,943.0121947375769,17.74943008678929,9616bd48ab98960a7305950ff5b2c59d0b7dc627b8715cabf5065016a50ba8a1,0,0,0,0,0,0,45
R4,mixed_endpoint_50014,50014,mixed,endpoint,3d244667956050310dfdc115fb40a684516a44e4741d1e7bdd0d1e5aaafe3cd1,16,16,6180.025770598981,386.2516106624363,24540.128852994898,13944.162743232502,193,35,16,3,20,,True,9,68,2.397976599953836,2.461154999997234,154,138,39,9,1135.0000000000005,137.00000000000182,4908.025770598982,0.0,19,170,9.094947017729282e-13,True,943.0121947375769,17.74943008678929,9616bd48ab98960a7305950ff5b2c59d0b7dc627b8715cabf5065016a50ba8a1,0,0,0,0,0,0,45
H200,mixed_endpoint_50014,50014,mixed,endpoint,3d244667956050310dfdc115fb40a684516a44e4741d1e7bdd0d1e5aaafe3cd1,16,16,6050.153497415237,378.13459358845233,24045.767487076195,11540.417719450976,189,32,16,5,23,,True,9,63,2.4359723999223206,2.510246999998344,159,143,30,4,1113.0000000000002,127.99999999999864,4809.153497415239,0.0,16,168,-1.8189894035458565e-12,True,943.0121947375769,17.74943008678929,c4444d93e811cde9591b9f746a87448d0bdf01bfec80d26dac9b7fedd7258715,0,0,0,0,0,0,80
N20,mixed_endpoint_50014,50014,mixed,endpoint,3d244667956050310dfdc115fb40a684516a44e4741d1e7bdd0d1e5aaafe3cd1,16,16,6180.025770598981,386.2516106624363,24540.128852994898,13944.162743232502,193,35,16,3,20,,True,9,68,1.8507700999616645,2.39856050000526,154,138,39,9,1135.0000000000005,137.00000000000182,4908.025770598982,0.0,19,170,9.094947017729282e-13,True,943.0121947375769,17.74943008678929,c4b74130fc3fb8a2daadeb431af3f1670b1c5e2590b4caeaad1210f745d0e27f,0,0,0,0,0,0,45
H400,mixed_endpoint_50014,50014,mixed,endpoint,3d244667956050310dfdc115fb40a684516a44e4741d1e7bdd0d1e5aaafe3cd1,16,16,5872.330045948372,367.02062787177323,23891.650229741866,13243.682140560479,167,25,16,3,20,,True,9,62,2.472071599942865,2.5343929000082426,136,120,31,4,986.9999999999995,106.99999999999983,4778.330045948372,0.0,9,152,-1.8189894035458565e-12,True,943.0121947375769,17.74943008678929,32fbb004cd0237f4f4ebe1098b8d325446c0982078d921dd635815b9e4978ccf,0,0,0,0,0,0,94
baseline,mixed_endpoint_50015,50015,mixed,endpoint,59b183da8e7466647ea50eac5653055aa0922a944271cb98242286a77cc05e7c,13,13,7150.310261694843,550.0238662842187,27381.551308474223,10445.98487881724,269,20,13,0,25,,True,9,70,1.2251840998360422,1.2766756000055466,234,221,35,2,1587.9999999999995,85.99999999999861,5476.310261694843,238.9183241631181,7,243,-1.8189894035458565e-12,True,943.0121947375769,17.74943008678929,3bbe352c5952da17c8565fd3b3f38c4e979152230495d6a754fecd9f882c6ebd,0,0,0,0,0,0,0
LC,mixed_endpoint_50015,50015,mixed,endpoint,59b183da8e7466647ea50eac5653055aa0922a944271cb98242286a77cc05e7c,13,13,6567.57214021116,505.19785693932005,25102.860701055797,9329.341632046082,236,41,13,6,25,,True,4,50,1.323828199878335,1.382884099992225,219,206,17,0,1398.0000000000007,148.99999999999997,5020.572140211159,436.49594366695237,28,218,9.094947017729282e-13,True,943.0121947375769,17.74943008678929,9e7f34d850029d18ed8f777b13eb19a3bd1a42b20fb017c161ee807420ba1da5,0,0,0,0,0,0,33
B20,mixed_endpoint_50013,50013,mixed,endpoint,bc356a8efece2e65e51c61ce630cf59c72fdcfc09e7ca54911f1c5f5315cf625,15,15,7993.042681605039,532.8695121070026,31515.213408025196,17056.360463976303,268,28,15,5,25,,True,11,77,8.960493000020506,9.033072799997171,221,206,47,19,1576.0000000000002,113.99999999999943,6303.042681605039,0.0,13,236,0.0,True,943.0121947375769,17.74943008678929,d072a47e689452dafad895164c3007ac99a20d5b8a77a3250c8829569adb59f7,0,0,0,0,0,0,54
N50,mixed_endpoint_50014,50014,mixed,endpoint,3d244667956050310dfdc115fb40a684516a44e4741d1e7bdd0d1e5aaafe3cd1,16,16,6180.025770598981,386.2516106624363,24540.128852994898,13944.162743232502,193,35,16,3,20,,True,9,68,1.9576361000945326,2.5928757000074256,154,138,39,9,1135.0000000000005,137.00000000000182,4908.025770598982,0.0,19,170,9.094947017729282e-13,True,943.0121947375769,17.74943008678929,e9816197bf16957448ae999610f57cd73f27620e7f2f50411b61fd2735ee8b2c,0,0,0,0,0,0,45
LPC,mixed_endpoint_50015,50015,mixed,endpoint,59b183da8e7466647ea50eac5653055aa0922a944271cb98242286a77cc05e7c,13,13,6909.3878810187225,531.4913754629787,24661.939405093613,8395.442700645688,312,32,13,7,25,,True,10,48,1.3700083999719936,1.4388955000031274,292,279,20,0,1855.0000000000007,121.99999999999896,4932.387881018725,94.63615214236597,19,295,0.0,True,943.0121947375769,17.74943008678929,e85ec7d46dae810d62b54d4233d0ca8f50da7b3667ca8a2e6b427cc30204e3e6,10,0,0,0,10,0,32
ER,mixed_endpoint_50014,50014,mixed,endpoint,3d244667956050310dfdc115fb40a684516a44e4741d1e7bdd0d1e5aaafe3cd1,16,16,6340.742210524144,396.296388157759,25718.711052620703,14556.909551157412,174,44,16,7,20,,True,13,50,2.641092000005301,2.74875470000552,146,130,28,4,1032.9999999999995,164.00000000000298,5143.742210524142,0.0,28,163,3.637978807091713e-12,True,943.0121947375769,17.74943008678929,2f2ec9a2955154f6f800ff83d429562042c4f49d8b829b299acb5ba271c5bb6e,0,0,0,0,0,0,25
EN,mixed_endpoint_50014,50014,mixed,endpoint,3d244667956050310dfdc115fb40a684516a44e4741d1e7bdd0d1e5aaafe3cd1,16,16,6340.742210524144,396.296388157759,25718.711052620703,14556.909551157412,174,44,16,7,20,,True,13,50,2.1544264000840485,2.6822144000034314,146,130,28,4,1032.9999999999995,164.00000000000298,5143.742210524142,0.0,28,163,3.637978807091713e-12,True,943.0121947375769,17.74943008678929,2f2ec9a2955154f6f800ff83d429562042c4f49d8b829b299acb5ba271c5bb6e,0,0,0,0,0,0,25
previous_best,mixed_endpoint_50015,50015,mixed,endpoint,59b183da8e7466647ea50eac5653055aa0922a944271cb98242286a77cc05e7c,13,13,6695.635709299189,515.0489007153222,25588.178546495943,9873.16414870173,254,17,13,0,25,,True,16,53,1.4592469001654536,1.5092276000068523,226,213,28,5,1501.0000000000002,76.99999999999977,5117.635709299188,96.72478923368362,4,231,9.094947017729282e-13,True,943.0121947375769,2.074856830987301,1b9701f3cf55f2baa49a45808393a32e7c9446ad5ff6cdedc87afcd2d8fc3e7c,16,8,0,0,0,0,0
ERN,mixed_endpoint_50014,50014,mixed,endpoint,3d244667956050310dfdc115fb40a684516a44e4741d1e7bdd0d1e5aaafe3cd1,16,16,6340.742210524144,396.296388157759,25718.711052620703,14556.909551157412,174,44,16,7,20,,True,13,50,2.1497213000257034,2.6393157000129577,146,130,28,4,1032.9999999999995,164.00000000000298,5143.742210524142,0.0,28,163,3.637978807091713e-12,True,943.0121947375769,17.74943008678929,2f2ec9a2955154f6f800ff83d429562042c4f49d8b829b299acb5ba271c5bb6e,0,0,0,0,0,0,25
E1,mixed_endpoint_50015,50015,mixed,endpoint,59b183da8e7466647ea50eac5653055aa0922a944271cb98242286a77cc05e7c,13,13,6371.228381886649,490.0944909143576,24476.14190943324,8972.63369670731,232,25,13,6,25,,True,6,49,2.0480723999498878,2.1420474000042304,214,201,18,0,1375.0000000000011,101.00000000000081,4895.228381886648,204.35115764481452,12,215,9.094947017729282e-13,True,943.0121947375769,17.74943008678929,31fd5eee55e23dc376ef42a057176e805287b7e14d2efab380cb9c9cfb1f82ee,0,0,0,0,0,0,20
E2,mixed_endpoint_50015,50015,mixed,endpoint,59b183da8e7466647ea50eac5653055aa0922a944271cb98242286a77cc05e7c,13,13,6371.228381886649,490.0944909143576,24476.14190943324,8972.63369670731,232,25,13,6,25,,True,6,49,1.9650239998300094,2.054680200002622,214,201,18,0,1375.0000000000011,101.00000000000081,4895.228381886648,204.35115764481452,12,215,9.094947017729282e-13,True,943.0121947375769,17.74943008678929,31fd5eee55e23dc376ef42a057176e805287b7e14d2efab380cb9c9cfb1f82ee,0,0,0,0,0,0,20
G15,mixed_endpoint_50015,50015,mixed,endpoint,59b183da8e7466647ea50eac5653055aa0922a944271cb98242286a77cc05e7c,13,13,6567.57214021116,505.19785693932005,25102.860701055797,9329.341632046082,236,41,13,6,25,,True,4,50,1.0863147998752538,1.5004916999896523,219,206,17,0,1398.0000000000007,148.99999999999997,5020.572140211159,436.49594366695237,28,218,9.094947017729282e-13,True,943.0121947375769,17.74943008678929,9e7f34d850029d18ed8f777b13eb19a3bd1a42b20fb017c161ee807420ba1da5,0,0,0,0,0,0,33
G075,mixed_endpoint_50015,50015,mixed,endpoint,59b183da8e7466647ea50eac5653055aa0922a944271cb98242286a77cc05e7c,13,13,6567.57214021116,505.19785693932005,25102.860701055797,9329.341632046082,236,41,13,6,25,,True,4,50,1.2073693001875654,1.586379799991846,219,206,17,0,1398.0000000000007,148.99999999999997,5020.572140211159,436.49594366695237,28,218,9.094947017729282e-13,True,943.0121947375769,17.74943008678929,9e7f34d850029d18ed8f777b13eb19a3bd1a42b20fb017c161ee807420ba1da5,0,0,0,0,0,0,33
B20,mixed_endpoint_50014,50014,mixed,endpoint,3d244667956050310dfdc115fb40a684516a44e4741d1e7bdd0d1e5aaafe3cd1,16,16,5226.138789550175,326.6336743468859,20970.69394775087,12981.872953007804,147,43,16,11,16,,True,15,43,6.702269200002775,6.773096399992937,121,105,26,6,870.9999999999989,161.00000000000014,4194.138789550176,0.0,27,136,9.094947017729282e-13,True,943.0121947375769,17.74943008678929,8cb774a044e23c3d847c4c73b2774749a2f9e64f117f95a792c226557dcec4ab,0,0,0,0,0,0,159
R2,mixed_endpoint_50015,50015,mixed,endpoint,59b183da8e7466647ea50eac5653055aa0922a944271cb98242286a77cc05e7c,13,13,6567.57214021116,505.19785693932005,25102.860701055797,9329.341632046082,236,41,13,6,25,,True,4,50,1.515957400057232,1.5935242999985348,219,206,17,0,1398.0000000000007,148.99999999999997,5020.572140211159,436.49594366695237,28,218,9.094947017729282e-13,True,943.0121947375769,17.74943008678929,9e7f34d850029d18ed8f777b13eb19a3bd1a42b20fb017c161ee807420ba1da5,0,0,0,0,0,0,33
H200,mixed_endpoint_50015,50015,mixed,endpoint,59b183da8e7466647ea50eac5653055aa0922a944271cb98242286a77cc05e7c,13,13,6862.343265639495,527.8725588953458,25181.71632819748,10163.421943753365,290,26,13,4,25,,True,5,56,1.517139500065241,1.5757331000058912,271,258,19,1,1721.9999999999998,104.00000000000072,5036.343265639495,253.20399951705622,13,272,-9.094947017729282e-13,True,943.0121947375769,17.74943008678929,15c580126ce6d5b8a6e0bf9db265be94a0bb9a3233f0286d082f3f322c3fa07f,0,0,0,0,0,0,47
R4,mixed_endpoint_50015,50015,mixed,endpoint,59b183da8e7466647ea50eac5653055aa0922a944271cb98242286a77cc05e7c,13,13,6567.57214021116,505.19785693932005,25102.860701055797,9329.341632046082,236,41,13,6,25,,True,4,50,1.6225543000618927,1.7075987000134774,219,206,17,0,1398.0000000000007,148.99999999999997,5020.572140211159,436.49594366695237,28,218,9.094947017729282e-13,True,943.0121947375769,17.74943008678929,9e7f34d850029d18ed8f777b13eb19a3bd1a42b20fb017c161ee807420ba1da5,0,0,0,0,0,0,33
H400,mixed_endpoint_50015,50015,mixed,endpoint,59b183da8e7466647ea50eac5653055aa0922a944271cb98242286a77cc05e7c,13,13,6862.343265639495,527.8725588953458,25181.71632819748,10163.421943753365,290,26,13,4,25,,True,5,56,1.6158661999506876,1.6830216000089422,271,258,19,1,1721.9999999999998,104.00000000000072,5036.343265639495,253.20399951705622,13,272,-9.094947017729282e-13,True,943.0121947375769,17.74943008678929,15c580126ce6d5b8a6e0bf9db265be94a0bb9a3233f0286d082f3f322c3fa07f,0,0,0,0,0,0,47
B60,mixed_endpoint_50015,50015,mixed,endpoint,59b183da8e7466647ea50eac5653055aa0922a944271cb98242286a77cc05e7c,13,13,6587.76011151103,506.75077780854076,23623.800557555143,10037.430305485852,297,25,13,9,25,,True,9,47,2.6674027999979444,2.7427650000026915,278,265,19,3,1762.0000000000002,101.00000000000095,4724.760111511032,0.0,12,277,1.8189894035458565e-12,True,943.0121947375769,17.74943008678929,e55b9d31f414ad9dbf4b1aebbce96219a032a40c9c9091c371631ff0ff0e64b4,0,0,0,0,0,0,21
N20,mixed_endpoint_50015,50015,mixed,endpoint,59b183da8e7466647ea50eac5653055aa0922a944271cb98242286a77cc05e7c,13,13,6567.57214021116,505.19785693932005,25102.860701055797,9329.341632046082,236,41,13,6,25,,True,4,50,1.3535469999769703,1.7807128999847919,219,206,17,0,1398.0000000000007,148.99999999999997,5020.572140211159,436.49594366695237,28,218,9.094947017729282e-13,True,943.0121947375769,17.74943008678929,9e7f34d850029d18ed8f777b13eb19a3bd1a42b20fb017c161ee807420ba1da5,0,0,0,0,0,0,33
N50,mixed_endpoint_50015,50015,mixed,endpoint,59b183da8e7466647ea50eac5653055aa0922a944271cb98242286a77cc05e7c,13,13,6567.57214021116,505.19785693932005,25102.860701055797,9329.341632046082,236,41,13,6,25,,True,4,50,1.3156993001175579,1.7499691999983042,219,206,17,0,1398.0000000000007,148.99999999999997,5020.572140211159,436.49594366695237,28,218,9.094947017729282e-13,True,943.0121947375769,17.74943008678929,9e7f34d850029d18ed8f777b13eb19a3bd1a42b20fb017c161ee807420ba1da5,0,0,0,0,0,0,33
EN,mixed_endpoint_50015,50015,mixed,endpoint,59b183da8e7466647ea50eac5653055aa0922a944271cb98242286a77cc05e7c,13,13,6371.228381886649,490.0944909143576,24476.14190943324,8972.63369670731,232,25,13,6,25,,True,6,49,1.6546716999728233,2.0679887000005692,214,201,18,0,1375.0000000000011,101.00000000000081,4895.228381886648,204.35115764481452,12,215,9.094947017729282e-13,True,943.0121947375769,17.74943008678929,31fd5eee55e23dc376ef42a057176e805287b7e14d2efab380cb9c9cfb1f82ee,0,0,0,0,0,0,20
B20,mixed_endpoint_50015,50015,mixed,endpoint,59b183da8e7466647ea50eac5653055aa0922a944271cb98242286a77cc05e7c,13,13,6408.907071218626,492.99285163220196,22764.53535609314,9352.359428764314,298,21,13,8,25,,True,9,48,3.802949400007492,3.884866600012174,278,265,20,4,1766.9999999999982,89.00000000000017,4552.9070712186285,0.0,8,277,-1.8189894035458565e-12,True,943.0121947375769,17.74943008678929,7262cff7f601ee8c7068150edb1b597b0cf9c07eae8e3afb78d0e7814059b023,0,0,0,0,0,0,20
baseline,mixed_endpoint_50016,50016,mixed,endpoint,f07c27d215c0a483ec2a830537d28fc8d4c4d9985ce1b42a501ab201c8326655,15,15,6833.2796251840955,455.55197501227303,27541.39812592047,13360.237662990723,211,20,15,0,25,,True,12,78,1.571925700060092,1.6277804000128526,165,150,46,9,1235.000000000001,89.99999999999983,5508.279625184094,762.6224275534132,5,180,1.8189894035458565e-12,True,943.0121947375769,17.74943008678929,8f625697664ef3e26bff4c2a72641f8ac92cbb08d50aafcd1bb32765ec07adce,0,0,0,0,0,0,0
ER,mixed_endpoint_50015,50015,mixed,endpoint,59b183da8e7466647ea50eac5653055aa0922a944271cb98242286a77cc05e7c,13,13,6371.228381886649,490.0944909143576,24476.14190943324,8972.63369670731,232,25,13,6,25,,True,6,49,2.092999599990435,2.1850632000132464,214,201,18,0,1375.0000000000011,101.00000000000081,4895.228381886648,204.35115764481452,12,215,9.094947017729282e-13,True,943.0121947375769,17.74943008678929,31fd5eee55e23dc376ef42a057176e805287b7e14d2efab380cb9c9cfb1f82ee,0,0,0,0,0,0,20
B60,mixed_endpoint_50014,50014,mixed,endpoint,3d244667956050310dfdc115fb40a684516a44e4741d1e7bdd0d1e5aaafe3cd1,16,16,7156.404407053604,447.27527544085024,28037.022035268015,16668.10248264854,231,52,16,7,20,,True,6,60,8.71993030005251,8.813919099979103,200,184,31,5,1361.0000000000005,188.00000000000097,5607.404407053604,0.0,36,206,9.094947017729282e-13,True,943.0121947375769,17.74943008678929,73e99ec29cbd13699972fef6de262cbd170643c3c4018a75565ea530bbf81fc4,0,0,0,0,0,0,75
ERN,mixed_endpoint_50015,50015,mixed,endpoint,59b183da8e7466647ea50eac5653055aa0922a944271cb98242286a77cc05e7c,13,13,6371.228381886649,490.0944909143576,24476.14190943324,8972.63369670731,232,25,13,6,25,,True,6,49,1.7414545000065118,2.1899471000069752,214,201,18,0,1375.0000000000011,101.00000000000081,4895.228381886648,204.35115764481452,12,215,9.094947017729282e-13,True,943.0121947375769,17.74943008678929,31fd5eee55e23dc376ef42a057176e805287b7e14d2efab380cb9c9cfb1f82ee,0,0,0,0,0,0,20
LPC,mixed_endpoint_50016,50016,mixed,endpoint,f07c27d215c0a483ec2a830537d28fc8d4c4d9985ce1b42a501ab201c8326655,15,15,6449.751899453236,429.983459963549,24988.759497266183,10886.222691509676,227,26,15,4,25,,True,22,57,1.7316335999057628,1.7988493999873754,187,172,40,9,1343.9999999999995,108.00000000000038,4997.751899453236,472.11137515061364,11,209,-9.094947017729282e-13,True,943.0121947375769,17.74943008678929,a79bfd01def68c6f7db4f0f1143a2da774c4494faddf9d0624602dde2309cb05,22,0,0,0,22,0,45
previous_best,mixed_endpoint_50016,50016,mixed,endpoint,f07c27d215c0a483ec2a830537d28fc8d4c4d9985ce1b42a501ab201c8326655,15,15,6596.8613902681245,439.7907593512083,25799.30695134061,13201.105506615386,226,22,15,0,25,,True,18,67,2.387020699912682,2.440284200012684,187,172,39,8,1341.000000000001,96.0,5159.861390268125,716.3701373400345,7,211,1.8189894035458565e-12,True,943.0121947375769,2.074856830987301,6dffec09d5d4340a88d805666e3040a6c22fbf2fcde91e15e1a4ccc4f52ad699,18,8,0,0,0,0,0
LC,mixed_endpoint_50016,50016,mixed,endpoint,f07c27d215c0a483ec2a830537d28fc8d4c4d9985ce1b42a501ab201c8326655,15,15,6760.925553590737,450.72837023938246,27049.62776795369,13709.45663506291,212,26,15,4,25,,True,9,74,2.8494999998656567,2.9139405000023544,169,154,43,16,1242.9999999999995,107.99999999999967,5409.925553590738,513.9844630450816,11,183,-9.094947017729282e-13,True,943.0121947375769,17.74943008678929,d89287d6220a2fafbdcbc54ac7c9ba401d60e4d58306312bfd473629990c6bc1,0,0,0,0,0,0,120
E1,mixed_endpoint_50016,50016,mixed,endpoint,f07c27d215c0a483ec2a830537d28fc8d4c4d9985ce1b42a501ab201c8326655,15,15,6306.405635808074,420.42704238720495,25212.028179040386,11020.814845325755,196,25,15,3,25,,True,10,61,2.9278904000821058,2.9848362999910023,164,149,32,4,1158.9999999999998,104.99999999999848,5042.405635808075,1530.5829594475908,10,179,-2.7284841053187847e-12,True,943.0121947375769,17.74943008678929,aeda29d1e4b9e456d8e2d41796b3e3df64f7d5f4f6358d7eed5ce7595bbf403e,0,0,0,0,0,0,29
E2,mixed_endpoint_50016,50016,mixed,endpoint,f07c27d215c0a483ec2a830537d28fc8d4c4d9985ce1b42a501ab201c8326655,15,15,6306.405635808074,420.42704238720495,25212.028179040386,11020.814845325755,196,25,15,3,25,,True,10,61,3.052557000046363,3.108829100005096,164,149,32,4,1158.9999999999998,104.99999999999848,5042.405635808075,1530.5829594475908,10,179,-2.7284841053187847e-12,True,943.0121947375769,17.74943008678929,aeda29d1e4b9e456d8e2d41796b3e3df64f7d5f4f6358d7eed5ce7595bbf403e,0,0,0,0,0,0,29
H200,mixed_endpoint_50016,50016,mixed,endpoint,f07c27d215c0a483ec2a830537d28fc8d4c4d9985ce1b42a501ab201c8326655,15,15,6322.819825189253,421.5213216792835,25264.099125946275,11066.036220967257,196,27,15,3,25,,True,10,63,2.3823931999504566,2.4331783000088762,164,149,32,4,1158.9999999999998,110.99999999999898,5052.819825189254,1530.6307591839104,12,179,-2.7284841053187847e-12,True,943.0121947375769,17.74943008678929,6238dddcf58d3a1743d06bf3c548800017d2587666844e3acff618983d55afe6,0,0,0,0,0,0,33
R2,mixed_endpoint_50016,50016,mixed,endpoint,f07c27d215c0a483ec2a830537d28fc8d4c4d9985ce1b42a501ab201c8326655,15,15,6813.8698857013105,454.2579923800874,26989.349428506557,13654.146132155302,208,55,15,7,25,,True,9,69,2.5895980000204872,2.6719716000079643,169,154,39,15,1221.0000000000002,194.99999999999966,5397.869885701311,513.9844630450816,40,181,-9.094947017729282e-13,True,943.0121947375769,17.74943008678929,188313fd3e77eea6d3dc2d251903b1528f54ca3dd4641a5d457684aac6277e81,0,0,0,0,0,0,112
H400,mixed_endpoint_50016,50016,mixed,endpoint,f07c27d215c0a483ec2a830537d28fc8d4c4d9985ce1b42a501ab201c8326655,15,15,7086.058070110055,472.4038713406704,28895.29035055024,14693.985615066971,197,40,15,3,25,,True,8,74,2.2902311000507325,2.392307600006461,160,145,37,11,1157.0000000000005,150.00000000000344,5779.058070110057,922.1368305943397,25,172,7.275957614183426e-12,True,943.0121947375769,17.74943008678929,350d6f4221b23c66cb708d3847868cd266532959d26adbff31aa888900ce82a4,0,0,0,0,0,0,33
G075,mixed_endpoint_50016,50016,mixed,endpoint,f07c27d215c0a483ec2a830537d28fc8d4c4d9985ce1b42a501ab201c8326655,15,15,6760.925553590737,450.72837023938246,27049.62776795369,13709.45663506291,212,26,15,4,25,,True,9,74,2.2698333998559974,2.818762000009883,169,154,43,16,1242.9999999999995,107.99999999999967,5409.925553590738,513.9844630450816,11,183,-9.094947017729282e-13,True,943.0121947375769,17.74943008678929,d89287d6220a2fafbdcbc54ac7c9ba401d60e4d58306312bfd473629990c6bc1,0,0,0,0,0,0,120
G15,mixed_endpoint_50016,50016,mixed,endpoint,f07c27d215c0a483ec2a830537d28fc8d4c4d9985ce1b42a501ab201c8326655,15,15,6760.925553590737,450.72837023938246,27049.62776795369,13709.45663506291,212,26,15,4,25,,True,9,74,2.321011599706253,2.865107799996622,169,154,43,16,1242.9999999999995,107.99999999999967,5409.925553590738,513.9844630450816,11,183,-9.094947017729282e-13,True,943.0121947375769,17.74943008678929,d89287d6220a2fafbdcbc54ac7c9ba401d60e4d58306312bfd473629990c6bc1,0,0,0,0,0,0,120
R4,mixed_endpoint_50016,50016,mixed,endpoint,f07c27d215c0a483ec2a830537d28fc8d4c4d9985ce1b42a501ab201c8326655,15,15,6760.925553590737,450.72837023938246,27049.62776795369,13709.45663506291,212,26,15,4,25,,True,9,74,3.0210967000748497,3.092989900003886,169,154,43,16,1242.9999999999995,107.99999999999967,5409.925553590738,513.9844630450816,11,183,-9.094947017729282e-13,True,943.0121947375769,17.74943008678929,d89287d6220a2fafbdcbc54ac7c9ba401d60e4d58306312bfd473629990c6bc1,0,0,0,0,0,0,120
baseline,mixed_endpoint_50017,50017,mixed,endpoint,ed094af449f0d3dc7ce98096b16b170b5263e664775f310b67c69d530994ad8b,13,13,6699.559868206451,515.350759092804,24772.799341032263,10649.518532692622,281,18,13,0,25,,True,10,66,1.2314842000196222,1.2875882999796886,247,234,34,2,1665.0,79.99999999999858,4954.559868206452,1484.511119468053,5,260,-1.8189894035458565e-12,True,943.0121947375769,17.74943008678929,60bb3744790ba9eb153e7edec9443588a3ae6ed1fac21113eef5241cd8c851e5,0,0,0,0,0,0,0
N20,mixed_endpoint_50016,50016,mixed,endpoint,f07c27d215c0a483ec2a830537d28fc8d4c4d9985ce1b42a501ab201c8326655,15,15,6760.925553590737,450.72837023938246,27049.62776795369,13709.45663506291,212,26,15,4,25,,True,9,74,2.485444200137863,3.095390199974645,169,154,43,16,1242.9999999999995,107.99999999999967,5409.925553590738,513.9844630450816,11,183,-9.094947017729282e-13,True,943.0121947375769,17.74943008678929,1f8e65d9166f44efab1fc5853ae5688c961142d6818c9ae3c18606600bfe9514,0,0,0,0,0,0,120
N50,mixed_endpoint_50016,50016,mixed,endpoint,f07c27d215c0a483ec2a830537d28fc8d4c4d9985ce1b42a501ab201c8326655,15,15,6760.925553590737,450.72837023938246,27049.62776795369,13709.45663506291,212,26,15,4,25,,True,9,74,2.459935899998527,3.0048907000164036,169,154,43,16,1242.9999999999995,107.99999999999967,5409.925553590738,513.9844630450816,11,183,-9.094947017729282e-13,True,943.0121947375769,17.74943008678929,d89287d6220a2fafbdcbc54ac7c9ba401d60e4d58306312bfd473629990c6bc1,0,0,0,0,0,0,120
LPC,mixed_endpoint_50017,50017,mixed,endpoint,ed094af449f0d3dc7ce98096b16b170b5263e664775f310b67c69d530994ad8b,13,13,6350.450060670383,488.4961585131064,24142.25030335191,8853.093385467171,244,16,13,2,25,,True,17,49,1.9662327999831177,2.0290542999864556,215,202,29,1,1448.0000000000002,73.99999999999993,4828.450060670383,331.8294067227671,3,228,9.094947017729282e-13,True,943.0121947375769,17.74943008678929,2a0bf6f7ce213676bf67e922be88dbeabcb631e99cf314d1042980a6f7889916,17,0,0,0,17,0,99
ER,mixed_endpoint_50016,50016,mixed,endpoint,f07c27d215c0a483ec2a830537d28fc8d4c4d9985ce1b42a501ab201c8326655,15,15,6306.405635808074,420.42704238720495,25212.028179040386,11020.814845325755,196,25,15,3,25,,True,10,61,3.1818482999806292,3.2413403000100516,164,149,32,4,1158.9999999999998,104.99999999999848,5042.405635808075,1530.5829594475908,10,179,-2.7284841053187847e-12,True,943.0121947375769,17.74943008678929,aeda29d1e4b9e456d8e2d41796b3e3df64f7d5f4f6358d7eed5ce7595bbf403e,0,0,0,0,0,0,29
LC,mixed_endpoint_50017,50017,mixed,endpoint,ed094af449f0d3dc7ce98096b16b170b5263e664775f310b67c69d530994ad8b,13,13,6670.747020263206,513.1343861740927,25113.73510131602,11170.173143530106,267,15,13,3,25,,True,10,57,2.328806600009557,2.398363199987216,237,224,30,6,1576.9999999999995,71.00000000000102,5022.747020263206,295.12655182997605,2,242,1.8189894035458565e-12,True,943.0121947375769,17.74943008678929,f2d4fb3931609b62bdc58490b1acc6513897d02c235aafbbd51a39dc91d10dc2,0,0,0,0,0,0,56
E1,mixed_endpoint_50017,50017,mixed,endpoint,ed094af449f0d3dc7ce98096b16b170b5263e664775f310b67c69d530994ad8b,13,13,6890.115136162729,530.0088566279022,25730.575680813647,11721.410976449359,274,32,13,4,25,,True,10,56,1.8848433999810368,2.017367899999954,245,232,29,6,1621.9999999999995,122.00000000000017,5146.11513616273,97.47601631373527,19,252,0.0,True,943.0121947375769,17.74943008678929,69ec08c3b368e28024a2c86445e3ea6f1af569957f3a9e1bb48072319318a405,0,0,0,0,0,0,16
previous_best,mixed_endpoint_50017,50017,mixed,endpoint,ed094af449f0d3dc7ce98096b16b170b5263e664775f310b67c69d530994ad8b,13,13,6273.316136726474,482.5627797481903,23586.58068363236,8444.621288632661,247,22,13,0,25,,True,15,63,2.1660668000404257,2.2215994000143837,215,202,32,3,1464.0000000000014,92.00000000000038,4717.316136726473,108.96249452492248,9,229,1.8189894035458565e-12,True,943.0121947375769,2.074856830987301,de5954a12c2b9f4fa75c8648ac5f6dbb7e5bf6ac0b90ec9037dd36cf5654e46b,15,10,0,0,0,0,0
ERN,mixed_endpoint_50016,50016,mixed,endpoint,f07c27d215c0a483ec2a830537d28fc8d4c4d9985ce1b42a501ab201c8326655,15,15,6306.405635808074,420.42704238720495,25212.028179040386,11020.814845325755,196,25,15,3,25,,True,10,61,2.672531899966998,3.19399549998343,164,149,32,4,1158.9999999999998,104.99999999999848,5042.405635808075,1530.5829594475908,10,179,-2.7284841053187847e-12,True,943.0121947375769,17.74943008678929,aeda29d1e4b9e456d8e2d41796b3e3df64f7d5f4f6358d7eed5ce7595bbf403e,0,0,0,0,0,0,29
EN,mixed_endpoint_50016,50016,mixed,endpoint,f07c27d215c0a483ec2a830537d28fc8d4c4d9985ce1b42a501ab201c8326655,15,15,6306.405635808074,420.42704238720495,25212.028179040386,11020.814845325755,196,25,15,3,25,,True,10,61,2.8965345999167766,3.4634860000223853,164,149,32,4,1158.9999999999998,104.99999999999848,5042.405635808075,1530.5829594475908,10,179,-2.7284841053187847e-12,True,943.0121947375769,17.74943008678929,aeda29d1e4b9e456d8e2d41796b3e3df64f7d5f4f6358d7eed5ce7595bbf403e,0,0,0,0,0,0,29
E2,mixed_endpoint_50017,50017,mixed,endpoint,ed094af449f0d3dc7ce98096b16b170b5263e664775f310b67c69d530994ad8b,13,13,6890.115136162729,530.0088566279022,25730.575680813647,11721.410976449359,274,32,13,4,25,,True,10,56,1.77459600000293,1.877162099990528,245,232,29,6,1621.9999999999995,122.00000000000017,5146.11513616273,97.47601631373527,19,252,0.0,True,943.0121947375769,17.74943008678929,69ec08c3b368e28024a2c86445e3ea6f1af569957f3a9e1bb48072319318a405,0,0,0,0,0,0,16
B60,mixed_endpoint_50016,50016,mixed,endpoint,f07c27d215c0a483ec2a830537d28fc8d4c4d9985ce1b42a501ab201c8326655,15,15,7771.273720421112,518.0849146947407,31991.368602105547,16438.626670679394,220,19,15,4,25,,True,14,75,6.168736799852923,6.233370700007072,170,155,50,27,1286.0000000000018,87.00000000000018,6398.273720421112,215.02283719407478,4,186,1.8189894035458565e-12,True,943.0121947375769,17.74943008678929,791526ad87be521b3dc08bab7b67af4727fe3a0f99d04181e6ff5787260d8b9f,0,0,0,0,0,0,120
G075,mixed_endpoint_50017,50017,mixed,endpoint,ed094af449f0d3dc7ce98096b16b170b5263e664775f310b67c69d530994ad8b,13,13,6670.747020263206,513.1343861740927,25113.73510131602,11170.173143530106,267,15,13,3,25,,True,10,57,1.5777344999078196,1.8909437999827787,237,224,30,6,1576.9999999999995,71.00000000000102,5022.747020263206,295.12655182997605,2,242,1.8189894035458565e-12,True,943.0121947375769,17.74943008678929,f2d4fb3931609b62bdc58490b1acc6513897d02c235aafbbd51a39dc91d10dc2,0,0,0,0,0,0,56
G15,mixed_endpoint_50017,50017,mixed,endpoint,ed094af449f0d3dc7ce98096b16b170b5263e664775f310b67c69d530994ad8b,13,13,6670.747020263206,513.1343861740927,25113.73510131602,11170.173143530106,267,15,13,3,25,,True,10,57,1.7698740999912843,2.1824951999878976,237,224,30,6,1576.9999999999995,71.00000000000102,5022.747020263206,295.12655182997605,2,242,1.8189894035458565e-12,True,943.0121947375769,17.74943008678929,f2d4fb3931609b62bdc58490b1acc6513897d02c235aafbbd51a39dc91d10dc2,0,0,0,0,0,0,56
R2,mixed_endpoint_50017,50017,mixed,endpoint,ed094af449f0d3dc7ce98096b16b170b5263e664775f310b67c69d530994ad8b,13,13,6670.747020263206,513.1343861740927,25113.73510131602,11170.173143530106,267,15,13,3,25,,True,10,57,2.246365400002105,2.310860900004627,237,224,30,6,1576.9999999999995,71.00000000000102,5022.747020263206,295.12655182997605,2,242,1.8189894035458565e-12,True,943.0121947375769,17.74943008678929,f2d4fb3931609b62bdc58490b1acc6513897d02c235aafbbd51a39dc91d10dc2,0,0,0,0,0,0,56
R4,mixed_endpoint_50017,50017,mixed,endpoint,ed094af449f0d3dc7ce98096b16b170b5263e664775f310b67c69d530994ad8b,13,13,6670.747020263206,513.1343861740927,25113.73510131602,11170.173143530106,267,15,13,3,25,,True,10,57,2.289909999963129,2.35305239999434,237,224,30,6,1576.9999999999995,71.00000000000102,5022.747020263206,295.12655182997605,2,242,1.8189894035458565e-12,True,943.0121947375769,17.74943008678929,f2d4fb3931609b62bdc58490b1acc6513897d02c235aafbbd51a39dc91d10dc2,0,0,0,0,0,0,56
H200,mixed_endpoint_50017,50017,mixed,endpoint,ed094af449f0d3dc7ce98096b16b170b5263e664775f310b67c69d530994ad8b,13,13,7166.352045679512,551.2578496676548,27151.76022839755,11288.088315512077,268,41,13,2,25,,True,11,60,2.2589930999383796,2.3363519000122324,236,223,32,7,1586.9999999999998,149.0000000000048,5430.352045679508,295.12655182997605,28,247,1.8189894035458565e-12,True,943.0121947375769,17.74943008678929,11712548c352acdbab5f7eb1feefcf12dc0632009dca8af40f8135de2818c4ff,0,0,0,0,0,0,61
N20,mixed_endpoint_50017,50017,mixed,endpoint,ed094af449f0d3dc7ce98096b16b170b5263e664775f310b67c69d530994ad8b,13,13,6670.747020263206,513.1343861740927,25113.73510131602,11170.173143530106,267,15,13,3,25,,True,10,57,1.8165654002223164,2.2296509000007063,237,224,30,6,1576.9999999999995,71.00000000000102,5022.747020263206,295.12655182997605,2,242,1.8189894035458565e-12,True,943.0121947375769,17.74943008678929,f2d4fb3931609b62bdc58490b1acc6513897d02c235aafbbd51a39dc91d10dc2,0,0,0,0,0,0,56
N50,mixed_endpoint_50017,50017,mixed,endpoint,ed094af449f0d3dc7ce98096b16b170b5263e664775f310b67c69d530994ad8b,13,13,6670.747020263206,513.1343861740927,25113.73510131602,11170.173143530106,267,15,13,3,25,,True,10,57,1.801217100059148,2.264817299990682,237,224,30,6,1576.9999999999995,71.00000000000102,5022.747020263206,295.12655182997605,2,242,1.8189894035458565e-12,True,943.0121947375769,17.74943008678929,f2d4fb3931609b62bdc58490b1acc6513897d02c235aafbbd51a39dc91d10dc2,0,0,0,0,0,0,56
ER,mixed_endpoint_50017,50017,mixed,endpoint,ed094af449f0d3dc7ce98096b16b170b5263e664775f310b67c69d530994ad8b,13,13,6890.115136162729,530.0088566279022,25730.575680813647,11721.410976449359,274,32,13,4,25,,True,10,56,1.9456224000023212,2.057162499986589,245,232,29,6,1621.9999999999995,122.00000000000017,5146.11513616273,97.47601631373527,19,252,0.0,True,943.0121947375769,17.74943008678929,69ec08c3b368e28024a2c86445e3ea6f1af569957f3a9e1bb48072319318a405,0,0,0,0,0,0,16
H400,mixed_endpoint_50017,50017,mixed,endpoint,ed094af449f0d3dc7ce98096b16b170b5263e664775f310b67c69d530994ad8b,13,13,7195.170408915598,553.4746468396614,27605.85204457801,12760.012085171993,270,17,13,1,25,,True,11,61,2.423535700130742,2.4810885000042617,237,224,33,6,1596.9999999999977,77.00000000000051,5521.1704089156,295.12655182997605,4,247,-3.637978807091713e-12,True,943.0121947375769,17.74943008678929,aae6928e31bf9ff0939eae6325938f9d9fc3c187b00e6555ac5f66418fa898a7,0,0,0,0,0,0,56
baseline,mixed_endpoint_50018,50018,mixed,endpoint,446395e8cb3f1d96b68557ea317d263a8109cc7993e6cc1736fbc83eca8ff0be,11,11,6038.322908239715,548.9384462036104,21516.614541198578,7034.52355274892,283,13,11,0,25,,True,9,56,0.8749206999200396,0.9277972000127193,255,244,28,1,1674.0000000000011,60.99999999999929,4303.322908239716,117.17195046128109,2,259,-9.094947017729282e-13,True,943.0121947375769,17.74943008678929,7c230ece0cd93b6f69a78be73773c3d42ce975aef061dba278cf041061534cb1,0,0,0,0,0,0,0
EN,mixed_endpoint_50017,50017,mixed,endpoint,ed094af449f0d3dc7ce98096b16b170b5263e664775f310b67c69d530994ad8b,13,13,6890.115136162729,530.0088566279022,25730.575680813647,11721.410976449359,274,32,13,4,25,,True,10,56,1.4501475999422837,1.9517585000139661,245,232,29,6,1621.9999999999995,122.00000000000017,5146.11513616273,97.47601631373527,19,252,0.0,True,943.0121947375769,17.74943008678929,69ec08c3b368e28024a2c86445e3ea6f1af569957f3a9e1bb48072319318a405,0,0,0,0,0,0,16
B60,mixed_endpoint_50017,50017,mixed,endpoint,ed094af449f0d3dc7ce98096b16b170b5263e664775f310b67c69d530994ad8b,13,13,6710.880870305046,516.2216054080804,24784.404351525234,8124.529353555832,281,22,13,5,25,,True,10,55,4.491599200002383,4.557889899995644,255,242,26,7,1662.0000000000002,91.99999999999936,4956.880870305046,1484.0990564509775,9,257,-9.094947017729282e-13,True,943.0121947375769,17.74943008678929,bea00e2a6c9b88b908cfe7ba3187a413d70d5e547ddd69abe0affcf178af9f18,0,0,0,0,0,0,21
LPC,mixed_endpoint_50018,50018,mixed,endpoint,446395e8cb3f1d96b68557ea317d263a8109cc7993e6cc1736fbc83eca8ff0be,11,11,6302.495649060324,572.9541499145748,22387.478245301616,6940.161339200868,294,21,11,5,25,,True,13,53,1.3016585000732448,1.3622230000037234,266,255,28,5,1740.000000000001,84.99999999999982,4477.495649060323,1656.744645255746,10,270,0.0,True,943.0121947375769,17.74943008678929,198440d19c761250fc83c62a4a55787a3f7e18dd746dee19915585018fb7345c,13,0,0,0,13,0,53
ERN,mixed_endpoint_50017,50017,mixed,endpoint,ed094af449f0d3dc7ce98096b16b170b5263e664775f310b67c69d530994ad8b,13,13,6890.115136162729,530.0088566279022,25730.575680813647,11721.410976449359,274,32,13,4,25,,True,10,56,1.4934317998413462,1.9314632999885362,245,232,29,6,1621.9999999999995,122.00000000000017,5146.11513616273,97.47601631373527,19,252,0.0,True,943.0121947375769,17.74943008678929,69ec08c3b368e28024a2c86445e3ea6f1af569957f3a9e1bb48072319318a405,0,0,0,0,0,0,16
LC,mixed_endpoint_50018,50018,mixed,endpoint,446395e8cb3f1d96b68557ea317d263a8109cc7993e6cc1736fbc83eca8ff0be,11,11,6268.5073743989415,569.8643067635402,22072.5368719947,6545.955500137729,301,16,11,4,25,,True,9,51,1.6586197000287939,1.7213237000105437,278,267,23,4,1784.0000000000016,69.99999999999909,4414.507374398942,218.5837380308567,5,279,1.8189894035458565e-12,True,943.0121947375769,17.74943008678929,cccbfb69ed03a79c916ab425b3ab546f12faa5e0806c753af9443d8582065568,0,0,0,0,0,0,92
previous_best,mixed_endpoint_50018,50018,mixed,endpoint,446395e8cb3f1d96b68557ea317d263a8109cc7993e6cc1736fbc83eca8ff0be,11,11,5983.9363579359015,543.9942143578093,20279.681789679522,4924.482768227425,312,17,11,0,25,,True,15,51,1.3329439000517596,1.3874521999969147,287,276,25,2,1854.9999999999986,72.99999999999885,4055.936357935904,503.95038455882786,6,295,-2.7284841053187847e-12,True,943.0121947375769,2.074856830987301,10a8c6d0057cd405e4364cf1b54dc08af85ad1a7826ea03180e892906cf16154,15,8,0,0,0,0,0
E1,mixed_endpoint_50018,50018,mixed,endpoint,446395e8cb3f1d96b68557ea317d263a8109cc7993e6cc1736fbc83eca8ff0be,11,11,6165.61187600037,560.5101705454882,21838.05938000185,6189.010103107869,286,26,11,5,25,,True,9,46,1.4396523002069443,1.5348441999813076,266,255,20,4,1698.0000000000005,99.99999999999967,4367.611876000371,0.0,15,268,0.0,True,943.0121947375769,17.74943008678929,812d4a2fa4a599252f397ccb313eb61759e497e3cca6252ea27a82d6a6c70a36,0,0,0,0,0,0,51
E2,mixed_endpoint_50018,50018,mixed,endpoint,446395e8cb3f1d96b68557ea317d263a8109cc7993e6cc1736fbc83eca8ff0be,11,11,6165.61187600037,560.5101705454882,21838.05938000185,6189.010103107869,286,26,11,5,25,,True,9,46,1.6533746999048162,1.7537040000024717,266,255,20,4,1698.0000000000005,99.99999999999967,4367.611876000371,0.0,15,268,0.0,True,943.0121947375769,17.74943008678929,812d4a2fa4a599252f397ccb313eb61759e497e3cca6252ea27a82d6a6c70a36,0,0,0,0,0,0,51
G15,mixed_endpoint_50018,50018,mixed,endpoint,446395e8cb3f1d96b68557ea317d263a8109cc7993e6cc1736fbc83eca8ff0be,11,11,6268.5073743989415,569.8643067635402,22072.5368719947,6545.955500137729,301,16,11,4,25,,True,9,51,1.116918500047177,1.4093839999986812,278,267,23,4,1784.0000000000016,69.99999999999909,4414.507374398942,218.5837380308567,5,279,1.8189894035458565e-12,True,943.0121947375769,17.74943008678929,cccbfb69ed03a79c916ab425b3ab546f12faa5e0806c753af9443d8582065568,0,0,0,0,0,0,92
G075,mixed_endpoint_50018,50018,mixed,endpoint,446395e8cb3f1d96b68557ea317d263a8109cc7993e6cc1736fbc83eca8ff0be,11,11,6268.5073743989415,569.8643067635402,22072.5368719947,6545.955500137729,301,16,11,4,25,,True,9,51,1.2868179000215605,1.649338399991393,278,267,23,4,1784.0000000000016,69.99999999999909,4414.507374398942,218.5837380308567,5,279,1.8189894035458565e-12,True,943.0121947375769,17.74943008678929,cccbfb69ed03a79c916ab425b3ab546f12faa5e0806c753af9443d8582065568,0,0,0,0,0,0,92
R2,mixed_endpoint_50018,50018,mixed,endpoint,446395e8cb3f1d96b68557ea317d263a8109cc7993e6cc1736fbc83eca8ff0be,11,11,6272.257906385159,570.2052642168327,21986.289531925788,6458.52056148409,298,28,11,5,25,,True,9,47,1.2824223998759408,1.3424201000016183,278,267,20,4,1769.0000000000011,105.99999999999908,4397.25790638516,218.5837380308567,17,279,1.8189894035458565e-12,True,943.0121947375769,17.74943008678929,6e982748580560251fa7933642bd1e65fd06b1b010fd89b4d6321e2a501d8d5f,0,0,0,0,0,0,89
H200,mixed_endpoint_50018,50018,mixed,endpoint,446395e8cb3f1d96b68557ea317d263a8109cc7993e6cc1736fbc83eca8ff0be,11,11,6240.230743813465,567.2937039830423,22251.153719067326,6613.345633110263,288,20,11,2,25,,True,9,52,1.3335951999470126,1.3887524000019766,266,255,22,4,1708.0000000000018,81.99999999999898,4450.230743813464,0.0,9,268,0.0,True,943.0121947375769,17.74943008678929,6a238aaaf6fae1415e803249b876db3bdf2cdfabef23878502479af98096c266,0,0,0,0,0,0,58
R4,mixed_endpoint_50018,50018,mixed,endpoint,446395e8cb3f1d96b68557ea317d263a8109cc7993e6cc1736fbc83eca8ff0be,11,11,6268.5073743989415,569.8643067635402,22072.5368719947,6545.955500137729,301,16,11,4,25,,True,9,51,1.3993910999270156,1.4566952000022866,278,267,23,4,1784.0000000000016,69.99999999999909,4414.507374398942,218.5837380308567,5,279,1.8189894035458565e-12,True,943.0121947375769,17.74943008678929,cccbfb69ed03a79c916ab425b3ab546f12faa5e0806c753af9443d8582065568,0,0,0,0,0,0,92
H400,mixed_endpoint_50018,50018,mixed,endpoint,446395e8cb3f1d96b68557ea317d263a8109cc7993e6cc1736fbc83eca8ff0be,11,11,6240.230743813465,567.2937039830423,22251.153719067326,6613.345633110263,288,20,11,2,25,,True,9,52,1.4747036000771914,1.527095500001451,266,255,22,4,1708.0000000000018,81.99999999999898,4450.230743813464,0.0,9,268,0.0,True,943.0121947375769,17.74943008678929,6a238aaaf6fae1415e803249b876db3bdf2cdfabef23878502479af98096c266,0,0,0,0,0,0,58
N20,mixed_endpoint_50018,50018,mixed,endpoint,446395e8cb3f1d96b68557ea317d263a8109cc7993e6cc1736fbc83eca8ff0be,11,11,6268.5073743989415,569.8643067635402,22072.5368719947,6545.955500137729,301,16,11,4,25,,True,9,51,1.2306266998348292,1.542299599997932,278,267,23,4,1784.0000000000016,69.99999999999909,4414.507374398942,218.5837380308567,5,279,1.8189894035458565e-12,True,943.0121947375769,17.74943008678929,f54fb64911d996124ff33a49437c5331c986c5b3376a8360cf42f8db1e6a47f4,0,0,0,0,0,0,92
B60,mixed_endpoint_50018,50018,mixed,endpoint,446395e8cb3f1d96b68557ea317d263a8109cc7993e6cc1736fbc83eca8ff0be,11,11,6921.732338114299,629.2483943740272,25303.661690571495,10568.735651210627,301,18,11,5,25,,True,11,51,3.068111400003545,3.1344347999838647,275,264,26,6,1785.0000000000011,75.99999999999977,5060.732338114301,314.416105459778,7,280,0.0,True,943.0121947375769,17.74943008678929,a5d9dad8e34fb56e1fc22846d08e53aa4f484c75eb88ef869fa8c7c653668da5,0,0,0,0,0,0,81
N50,mixed_endpoint_50018,50018,mixed,endpoint,446395e8cb3f1d96b68557ea317d263a8109cc7993e6cc1736fbc83eca8ff0be,11,11,6268.5073743989415,569.8643067635402,22072.5368719947,6545.955500137729,301,16,11,4,25,,True,9,51,1.2871798000123817,1.5780022999970242,278,267,23,4,1784.0000000000016,69.99999999999909,4414.507374398942,218.5837380308567,5,279,1.8189894035458565e-12,True,943.0121947375769,17.74943008678929,f606fb699811a9bd513500d00117d4a2b286a46e977414e3a5f9637dc659a1fd,0,0,0,0,0,0,92
B20,mixed_endpoint_50017,50017,mixed,endpoint,ed094af449f0d3dc7ce98096b16b170b5263e664775f310b67c69d530994ad8b,13,13,6793.967683697072,522.6128987459286,25124.838418485364,8772.832516735292,284,22,13,5,25,,True,10,57,7.835585799999535,7.9141208000073675,255,242,29,9,1677.0000000000007,91.9999999999991,5024.967683697072,1484.0990564509775,9,257,-9.094947017729282e-13,True,943.0121947375769,17.74943008678929,cbb4ee92699794e4989786aa0b9f039ab188c30f8df55ebe9c6034fc5682efdc,0,0,0,0,0,0,22
ER,mixed_endpoint_50018,50018,mixed,endpoint,446395e8cb3f1d96b68557ea317d263a8109cc7993e6cc1736fbc83eca8ff0be,11,11,6165.61187600037,560.5101705454882,21838.05938000185,6189.010103107869,286,26,11,5,25,,True,9,46,1.8667145000072196,1.964608499984024,266,255,20,4,1698.0000000000005,99.99999999999967,4367.611876000371,0.0,15,268,0.0,True,943.0121947375769,17.74943008678929,a40ee9b816d9f11c053303ed3b1d158f9517de66c12e8145cbf07fb064e75560,0,0,0,0,0,0,51
EN,mixed_endpoint_50018,50018,mixed,endpoint,446395e8cb3f1d96b68557ea317d263a8109cc7993e6cc1736fbc83eca8ff0be,11,11,6165.61187600037,560.5101705454882,21838.05938000185,6189.010103107869,286,26,11,5,25,,True,9,46,1.6381558000284713,1.9834584000054747,266,255,20,4,1698.0000000000005,99.99999999999967,4367.611876000371,0.0,15,268,0.0,True,943.0121947375769,17.74943008678929,812d4a2fa4a599252f397ccb313eb61759e497e3cca6252ea27a82d6a6c70a36,0,0,0,0,0,0,51
baseline,mixed_endpoint_50019,50019,mixed,endpoint,6a8a96fa28c28125d8d9b2a0de43c989b16ad66d42d83fb211d77b2498b03d8d,16,16,6350.644514618998,396.9152821636874,25983.222573094998,13286.215884949552,181,20,16,0,22,,True,12,72,1.6334828999824822,1.6877945000014734,138,122,43,4,1061.9999999999993,91.99999999999994,5196.644514618998,0.0,4,157,-1.8189894035458565e-12,True,943.0121947375769,17.74943008678929,bba5c782447df442ac65547d369c77d895b6889cef126b655828b90e2b0473d1,0,0,0,0,0,0,0
ERN,mixed_endpoint_50018,50018,mixed,endpoint,446395e8cb3f1d96b68557ea317d263a8109cc7993e6cc1736fbc83eca8ff0be,11,11,6165.61187600037,560.5101705454882,21838.05938000185,6189.010103107869,286,26,11,5,25,,True,9,46,1.6474495001893956,2.0302383999805897,266,255,20,4,1698.0000000000005,99.99999999999967,4367.611876000371,0.0,15,268,0.0,True,943.0121947375769,17.74943008678929,a40ee9b816d9f11c053303ed3b1d158f9517de66c12e8145cbf07fb064e75560,0,0,0,0,0,0,51
B20,mixed_endpoint_50018,50018,mixed,endpoint,446395e8cb3f1d96b68557ea317d263a8109cc7993e6cc1736fbc83eca8ff0be,11,11,6397.457329162931,581.5870299239028,23092.286645814664,7282.383835171752,289,15,11,4,25,,True,10,48,4.159374499984551,4.219444799993653,266,255,23,4,1712.000000000001,66.99999999999952,4618.457329162932,0.0,4,267,-1.8189894035458565e-12,True,943.0121947375769,17.74943008678929,30922eb7e97881604d8fda615ca03b7542326a5fd06f2fb2952e43c3010648e6,0,0,0,0,0,0,53
previous_best,mixed_endpoint_50019,50019,mixed,endpoint,6a8a96fa28c28125d8d9b2a0de43c989b16ad66d42d83fb211d77b2498b03d8d,16,16,5385.864810082673,336.61655063016707,21199.32405041336,11591.599169267443,178,20,16,0,17,,True,24,50,1.7649325997917913,1.810989999998128,140,124,38,2,1053.9999999999993,92.00000000000068,4239.864810082674,0.0,4,164,9.094947017729282e-13,True,943.0121947375769,2.074856830987301,941ff024dea55eb3015a3835c23f741f28a02928c9889d59454559d533c9e721,24,7,0,0,0,0,0
LC,mixed_endpoint_50019,50019,mixed,endpoint,6a8a96fa28c28125d8d9b2a0de43c989b16ad66d42d83fb211d77b2498b03d8d,16,16,5032.733073335202,314.5458170834501,20353.66536667601,13100.40702102358,141,33,16,5,14,,True,7,55,2.330240899871569,2.3884277000033762,110,94,31,4,830.9999999999998,131.00000000000017,4070.733073335202,0.0,17,126,0.0,True,943.0121947375769,17.74943008678929,9cd6c7d5960a824cb1eba8a05106b71d5bbf09f64582f435c20504951079ecfd,0,0,0,0,0,0,123
LPC,mixed_endpoint_50019,50019,mixed,endpoint,6a8a96fa28c28125d8d9b2a0de43c989b16ad66d42d83fb211d77b2498b03d8d,16,16,5799.169205086601,362.4480753179126,23070.846025433002,10046.019748047693,178,34,16,9,22,,True,14,52,2.5996814998798072,2.688533799984725,149,133,29,1,1051.000000000001,133.99999999999972,4614.169205086601,0.0,18,161,9.094947017729282e-13,True,943.0121947375769,17.74943008678929,17350f937150f0f47c4cefb47d934f1b797ceb45330565b5bbc4b781ce022fdd,14,0,0,0,14,0,156
B20,mixed_endpoint_50016,50016,mixed,endpoint,f07c27d215c0a483ec2a830537d28fc8d4c4d9985ce1b42a501ab201c8326655,15,15,7615.071426744168,507.6714284496112,30370.357133720827,14491.170106130432,244,28,15,5,25,,True,14,73,14.471908399835229,14.548344300012104,195,180,49,26,1427.000000000002,114.00000000000013,6074.071426744168,0.0,13,207,2.7284841053187847e-12,True,943.0121947375769,17.74943008678929,aeee83fd55b69a346330415b060ba1c9b9b01ce11ba5242eed5f2fee91cfa9ba,0,0,0,0,0,0,125
G075,mixed_endpoint_50019,50019,mixed,endpoint,6a8a96fa28c28125d8d9b2a0de43c989b16ad66d42d83fb211d77b2498b03d8d,16,16,5032.733073335202,314.5458170834501,20353.66536667601,13100.40702102358,141,33,16,5,14,,True,7,55,1.5572017000522465,2.0346120000176597,110,94,31,4,830.9999999999998,131.00000000000017,4070.733073335202,0.0,17,126,0.0,True,943.0121947375769,17.74943008678929,9cd6c7d5960a824cb1eba8a05106b71d5bbf09f64582f435c20504951079ecfd,0,0,0,0,0,0,123
R2,mixed_endpoint_50019,50019,mixed,endpoint,6a8a96fa28c28125d8d9b2a0de43c989b16ad66d42d83fb211d77b2498b03d8d,16,16,4997.493420515019,312.3433387821887,20037.467102575087,12771.984707194679,137,49,16,7,14,,True,7,50,1.8586811000132002,1.921862000017427,110,94,27,2,811.0000000000002,179.0000000000016,4007.493420515019,0.0,33,126,1.8189894035458565e-12,True,943.0121947375769,17.74943008678929,7edeabf71ea59cd9912e3b0298d345abd2c0e88bf2c3925c153079d53d5f7402,0,0,0,0,0,0,109
G15,mixed_endpoint_50019,50019,mixed,endpoint,6a8a96fa28c28125d8d9b2a0de43c989b16ad66d42d83fb211d77b2498b03d8d,16,16,5032.733073335202,314.5458170834501,20353.66536667601,13100.40702102358,141,33,16,5,14,,True,7,55,1.632439899869496,2.1050522000005003,110,94,31,4,830.9999999999998,131.00000000000017,4070.733073335202,0.0,17,126,0.0,True,943.0121947375769,17.74943008678929,9cd6c7d5960a824cb1eba8a05106b71d5bbf09f64582f435c20504951079ecfd,0,0,0,0,0,0,123
R4,mixed_endpoint_50019,50019,mixed,endpoint,6a8a96fa28c28125d8d9b2a0de43c989b16ad66d42d83fb211d77b2498b03d8d,16,16,5014.857652707086,313.4286032941929,20259.28826353543,12993.54713261352,140,35,16,6,14,,True,7,54,2.040341999992961,2.1030010000104085,110,94,30,4,826.0,137.00000000000048,4051.857652707087,0.0,19,126,9.094947017729282e-13,True,943.0121947375769,17.74943008678929,75bb886677471d90f1c48e9ff0500ba55715dd2665ceadabb5d7d1e19046924a,0,0,0,0,0,0,120
E1,mixed_endpoint_50019,50019,mixed,endpoint,6a8a96fa28c28125d8d9b2a0de43c989b16ad66d42d83fb211d77b2498b03d8d,16,16,5291.571681247089,330.7232300779431,20402.85840623545,11393.548520441132,159,79,16,11,15,,True,10,48,3.041639699949883,3.2138052999798674,131,115,28,4,942.0000000000009,269.0000000000015,4080.571681247088,0.0,63,147,-9.094947017729282e-13,True,943.0121947375769,17.74943008678929,4a062c3ba1533ab9e60a4cce310639c738c512708825f7dd591f8770edcc0d86,0,0,0,0,0,0,53
E2,mixed_endpoint_50019,50019,mixed,endpoint,6a8a96fa28c28125d8d9b2a0de43c989b16ad66d42d83fb211d77b2498b03d8d,16,16,5291.571681247089,330.7232300779431,20402.85840623545,11393.548520441132,159,79,16,11,15,,True,10,48,3.0533689998846967,3.224296800006414,131,115,28,4,942.0000000000009,269.0000000000015,4080.571681247088,0.0,63,147,-9.094947017729282e-13,True,943.0121947375769,17.74943008678929,4a062c3ba1533ab9e60a4cce310639c738c512708825f7dd591f8770edcc0d86,0,0,0,0,0,0,53
baseline,mixed_endpoint_50020,50020,mixed,endpoint,56aa805bae245cd1bacad60b2da54f34dd6361d7eee6a2fc398cf60dd397594c,10,10,6335.763033604191,633.5763033604192,21583.81516802096,7921.100555890002,332,12,10,0,25,,True,7,59,1.17596349993255,1.241532999993069,302,292,30,2,1962.9999999999989,56.000000000000355,4316.763033604192,325.7873266953584,2,303,-9.094947017729282e-13,True,943.0121947375769,17.74943008678929,9c6b9e00c8374f76ce7dd9971a21bb49319a66584e71e38bdf29fe79c0438e07,0,0,0,0,0,0,0
N20,mixed_endpoint_50019,50019,mixed,endpoint,6a8a96fa28c28125d8d9b2a0de43c989b16ad66d42d83fb211d77b2498b03d8d,16,16,5032.733073335202,314.5458170834501,20353.66536667601,13100.40702102358,141,33,16,5,14,,True,7,55,1.6262367999297567,2.1687077000096906,110,94,31,4,830.9999999999998,131.00000000000017,4070.733073335202,0.0,17,126,0.0,True,943.0121947375769,17.74943008678929,0930ffa9a4def21caf055c632e3b6c321acbc71595b69e7e31dd3844cf88d4d1,0,0,0,0,0,0,123
LC,mixed_endpoint_50020,50020,mixed,endpoint,56aa805bae245cd1bacad60b2da54f34dd6361d7eee6a2fc398cf60dd397594c,10,10,7212.701221756241,721.270122175624,25698.506108781192,9283.47402062864,328,35,10,5,25,,True,7,50,1.3639294998720288,1.4416180000116583,307,297,21,4,1948.0000000000014,124.99999999999923,5139.701221756239,772.7041538739422,25,308,1.8189894035458565e-12,True,943.0121947375769,17.74943008678929,27ce3dd8f143aa626de7b9096aa520f549d41192da3f3487dcfdc099b832d971,0,0,0,0,0,0,45
H200,mixed_endpoint_50019,50019,mixed,endpoint,6a8a96fa28c28125d8d9b2a0de43c989b16ad66d42d83fb211d77b2498b03d8d,16,16,5364.61949503345,335.28871843959064,21208.09747516727,12640.621909936981,168,33,16,6,15,,True,10,69,3.0876786999579053,3.1583301999780815,131,115,37,8,991.9999999999986,130.9999999999998,4241.61949503345,0.0,17,152,-3.637978807091713e-12,True,943.0121947375769,17.74943008678929,1406bf794a482d4bf2b3c82d3d5deae71e5d30e0e343378e05776bec36c3097e,0,0,0,0,0,0,67
H400,mixed_endpoint_50019,50019,mixed,endpoint,6a8a96fa28c28125d8d9b2a0de43c989b16ad66d42d83fb211d77b2498b03d8d,16,16,5473.315905125817,342.0822440703636,21686.579525629102,13119.103960398817,170,34,16,6,15,,True,10,72,3.081957800022792,3.149806700006593,131,115,39,10,1001.9999999999985,133.9999999999995,4337.315905125818,0.0,18,152,-3.637978807091713e-12,True,943.0121947375769,17.74943008678929,ce4e84fe575671c6f4e6f392ef1ff950a954620a46d9b8e76db3d2cabf1cd5f2,0,0,0,0,0,0,68
N50,mixed_endpoint_50019,50019,mixed,endpoint,6a8a96fa28c28125d8d9b2a0de43c989b16ad66d42d83fb211d77b2498b03d8d,16,16,5032.733073335202,314.5458170834501,20353.66536667601,13100.40702102358,141,33,16,5,14,,True,7,55,1.7985297999694012,2.3229023999883793,110,94,31,4,830.9999999999998,131.00000000000017,4070.733073335202,0.0,17,126,0.0,True,943.0121947375769,17.74943008678929,9cd6c7d5960a824cb1eba8a05106b71d5bbf09f64582f435c20504951079ecfd,0,0,0,0,0,0,123
LPC,mixed_endpoint_50020,50020,mixed,endpoint,56aa805bae245cd1bacad60b2da54f34dd6361d7eee6a2fc398cf60dd397594c,10,10,6895.739755888068,689.5739755888069,24388.69877944033,8935.22750541228,324,24,10,6,25,,True,10,47,1.7517288000963163,1.832499399984954,302,292,22,3,1926.0000000000007,92.00000000000063,4877.739755888069,605.5731769942504,14,306,2.7284841053187847e-12,True,943.0121947375769,17.74943008678929,adb305a0b95166ac597824154572a2d9cbc0f1423a1dda57854982973470154b,10,0,0,0,10,0,74
previous_best,mixed_endpoint_50020,50020,mixed,endpoint,56aa805bae245cd1bacad60b2da54f34dd6361d7eee6a2fc398cf60dd397594c,10,10,6316.702352374002,631.6702352374002,21263.511761870006,7517.565561537163,337,12,10,0,25,,True,8,48,1.0559920000087004,1.103413000004366,317,307,20,4,2007.9999999999995,56.00000000000012,4252.702352374001,627.7630348524262,2,323,9.094947017729282e-13,True,943.0121947375769,2.074856830987301,72a663da2068a370d87eded22b41acb291c6b44c6a2a4d14582575fb5f5f7311,8,6,0,0,0,0,0
ER,mixed_endpoint_50019,50019,mixed,endpoint,6a8a96fa28c28125d8d9b2a0de43c989b16ad66d42d83fb211d77b2498b03d8d,16,16,5291.571681247089,330.7232300779431,20402.85840623545,11393.548520441132,159,79,16,11,15,,True,10,48,2.986981000052765,3.1672178999870084,131,115,28,4,942.0000000000009,269.0000000000015,4080.571681247088,0.0,63,147,-9.094947017729282e-13,True,943.0121947375769,17.74943008678929,479e696d38e9b3b39e937df59caaa556996c5df617c209390798033b69a34732,0,0,0,0,0,0,53
EN,mixed_endpoint_50019,50019,mixed,endpoint,6a8a96fa28c28125d8d9b2a0de43c989b16ad66d42d83fb211d77b2498b03d8d,16,16,5291.571681247089,330.7232300779431,20402.85840623545,11393.548520441132,159,79,16,11,15,,True,10,48,2.6021971000009216,3.2002009999996517,131,115,28,4,942.0000000000009,269.0000000000015,4080.571681247088,0.0,63,147,-9.094947017729282e-13,True,943.0121947375769,17.74943008678929,4a062c3ba1533ab9e60a4cce310639c738c512708825f7dd591f8770edcc0d86,0,0,0,0,0,0,53
G075,mixed_endpoint_50020,50020,mixed,endpoint,56aa805bae245cd1bacad60b2da54f34dd6361d7eee6a2fc398cf60dd397594c,10,10,7212.701221756241,721.270122175624,25698.506108781192,9283.47402062864,328,35,10,5,25,,True,7,50,1.1653095999790821,1.5612298999913037,307,297,21,4,1948.0000000000014,124.99999999999923,5139.701221756239,772.7041538739422,25,308,1.8189894035458565e-12,True,943.0121947375769,17.74943008678929,27ce3dd8f143aa626de7b9096aa520f549d41192da3f3487dcfdc099b832d971,0,0,0,0,0,0,45
ERN,mixed_endpoint_50019,50019,mixed,endpoint,6a8a96fa28c28125d8d9b2a0de43c989b16ad66d42d83fb211d77b2498b03d8d,16,16,5291.571681247089,330.7232300779431,20402.85840623545,11393.548520441132,159,79,16,11,15,,True,10,48,2.7842513000941835,3.4623395000235178,131,115,28,4,942.0000000000009,269.0000000000015,4080.571681247088,0.0,63,147,-9.094947017729282e-13,True,943.0121947375769,17.74943008678929,479e696d38e9b3b39e937df59caaa556996c5df617c209390798033b69a34732,0,0,0,0,0,0,53
G15,mixed_endpoint_50020,50020,mixed,endpoint,56aa805bae245cd1bacad60b2da54f34dd6361d7eee6a2fc398cf60dd397594c,10,10,7212.701221756241,721.270122175624,25698.506108781192,9283.47402062864,328,35,10,5,25,,True,7,50,1.0594869999331422,1.3981769000238273,307,297,21,4,1948.0000000000014,124.99999999999923,5139.701221756239,772.7041538739422,25,308,1.8189894035458565e-12,True,943.0121947375769,17.74943008678929,27ce3dd8f143aa626de7b9096aa520f549d41192da3f3487dcfdc099b832d971,0,0,0,0,0,0,45
E1,mixed_endpoint_50020,50020,mixed,endpoint,56aa805bae245cd1bacad60b2da54f34dd6361d7eee6a2fc398cf60dd397594c,10,10,6590.7930649110585,659.0793064911059,22343.965324555305,7455.0253899897825,331,48,10,8,25,,True,7,54,2.1624376000545453,2.3306240999954753,304,294,27,12,1958.0000000000002,163.99999999999864,4468.793064911059,693.2293598685919,38,303,-2.7284841053187847e-12,True,943.0121947375769,17.74943008678929,0298f9789dcdca4c99338fcba9196c2c9fc502c39978f9684df018a37ac7fbaa,0,0,0,0,0,0,83
B60,mixed_endpoint_50020,50020,mixed,endpoint,56aa805bae245cd1bacad60b2da54f34dd6361d7eee6a2fc398cf60dd397594c,10,10,6330.595023124917,633.0595023124918,21607.975115624584,7469.580667529672,328,14,10,4,25,,True,10,45,2.2642470000719186,2.3240125000011176,307,297,21,3,1947.0000000000007,62.00000000000085,4321.595023124917,263.8709413063407,4,307,0.0,True,943.0121947375769,17.74943008678929,946b1c021a958c9fa962d4f60e441b177a2419e33b107f6b9422ecec34c4a544,0,0,0,0,0,0,40
B60,mixed_endpoint_50019,50019,mixed,endpoint,6a8a96fa28c28125d8d9b2a0de43c989b16ad66d42d83fb211d77b2498b03d8d,16,16,6553.443433695853,409.5902146059908,25587.217168479274,14504.810267909776,205,67,16,7,21,,True,9,66,6.234508799912874,6.350113099993905,168,152,37,11,1202.9999999999995,232.99999999999827,5117.443433695852,0.0,51,178,-1.8189894035458565e-12,True,943.0121947375769,17.74943008678929,15ed77c9a51839dc7131614a907184f4f374d107ec0278b83e54f8ef5d2d6768,0,0,0,0,0,0,58
R2,mixed_endpoint_50020,50020,mixed,endpoint,56aa805bae245cd1bacad60b2da54f34dd6361d7eee6a2fc398cf60dd397594c,10,10,7175.060295236799,717.5060295236799,25550.301476183984,9135.54750583004,327,34,10,6,25,,True,7,48,1.3239115000760648,1.410813299997244,307,297,20,4,1943.0000000000007,121.99999999999986,5110.060295236798,772.7041538739422,24,308,1.8189894035458565e-12,True,943.0121947375769,17.74943008678929,b70701a858dc4fdc499c5a57369bf3fde22eb7eec63f3e3729512d15bad18c35,0,0,0,0,0,0,42
E2,mixed_endpoint_50020,50020,mixed,endpoint,56aa805bae245cd1bacad60b2da54f34dd6361d7eee6a2fc398cf60dd397594c,10,10,6590.7930649110585,659.0793064911059,22343.965324555305,7455.0253899897825,331,48,10,8,25,,True,7,54,2.429230100096902,2.586748700006865,304,294,27,12,1958.0000000000002,163.99999999999864,4468.793064911059,693.2293598685919,38,303,-2.7284841053187847e-12,True,943.0121947375769,17.74943008678929,0298f9789dcdca4c99338fcba9196c2c9fc502c39978f9684df018a37ac7fbaa,0,0,0,0,0,0,83
R4,mixed_endpoint_50020,50020,mixed,endpoint,56aa805bae245cd1bacad60b2da54f34dd6361d7eee6a2fc398cf60dd397594c,10,10,7212.701221756241,721.270122175624,25698.506108781192,9283.47402062864,328,35,10,5,25,,True,7,50,1.2307015000551473,1.3049659999960568,307,297,21,4,1948.0000000000014,124.99999999999923,5139.701221756239,772.7041538739422,25,308,1.8189894035458565e-12,True,943.0121947375769,17.74943008678929,27ce3dd8f143aa626de7b9096aa520f549d41192da3f3487dcfdc099b832d971,0,0,0,0,0,0,45
H200,mixed_endpoint_50020,50020,mixed,endpoint,56aa805bae245cd1bacad60b2da54f34dd6361d7eee6a2fc398cf60dd397594c,10,10,6552.798797983438,655.2798797983438,22508.99398991718,7286.4045018485995,330,25,10,4,25,,True,7,56,1.4405141001334414,1.5052087000221945,308,298,22,5,1955.9999999999995,94.99999999999993,4501.798797983438,265.47975305966065,15,306,1.8189894035458565e-12,True,943.0121947375769,17.74943008678929,3c043459ab1549f4b67c1ababb305d03537162d4a514650b751ce0920641cf0f,0,0,0,0,0,0,77
N20,mixed_endpoint_50020,50020,mixed,endpoint,56aa805bae245cd1bacad60b2da54f34dd6361d7eee6a2fc398cf60dd397594c,10,10,7212.701221756241,721.270122175624,25698.506108781192,9283.47402062864,328,35,10,5,25,,True,7,50,0.9903935999900568,1.3186372999916784,307,297,21,4,1948.0000000000014,124.99999999999923,5139.701221756239,772.7041538739422,25,308,1.8189894035458565e-12,True,943.0121947375769,17.74943008678929,6a3f23d326ed0caa6b25e973b489edba64d90970659895518e0545ac88017a71,0,0,0,0,0,0,45
N50,mixed_endpoint_50020,50020,mixed,endpoint,56aa805bae245cd1bacad60b2da54f34dd6361d7eee6a2fc398cf60dd397594c,10,10,7212.701221756241,721.270122175624,25698.506108781192,9283.47402062864,328,35,10,5,25,,True,7,50,1.0936131999478675,1.4894398000033107,307,297,21,4,1948.0000000000014,124.99999999999923,5139.701221756239,772.7041538739422,25,308,1.8189894035458565e-12,True,943.0121947375769,17.74943008678929,6a3f23d326ed0caa6b25e973b489edba64d90970659895518e0545ac88017a71,0,0,0,0,0,0,45
baseline,mixed_endpoint_50021,50021,mixed,endpoint,49d74d7a8b23d5959bcad81969d0febe7c70d4888f2280949a7940327db5f0cd,11,11,6996.918044806206,636.083458618746,24014.590224031028,8969.36256678767,359,15,11,0,25,,True,9,63,0.9703850000514649,1.0151670000050217,326,315,33,3,2127.0,66.99999999999969,4802.918044806208,0.0,4,332,9.094947017729282e-13,True,943.0121947375769,17.74943008678929,f09ea18c80420a43ce25307c2de53e8ead40511a2dc299d92e1370af1844c1d9,0,0,0,0,0,0,0
H400,mixed_endpoint_50020,50020,mixed,endpoint,56aa805bae245cd1bacad60b2da54f34dd6361d7eee6a2fc398cf60dd397594c,10,10,6569.372674817865,656.9372674817865,22566.863374089313,7814.782718768404,330,27,10,4,25,,True,6,59,1.6922711000661366,1.7629593000165187,308,298,22,5,1955.0000000000005,101.00000000000004,4513.372674817864,265.47975305966065,17,305,2.7284841053187847e-12,True,943.0121947375769,17.74943008678929,9d02e839e43800cb2adb8f6abe83cd32ec9e0828aba93c6622dc87b6010da85f,0,0,0,0,0,0,78
B20,mixed_endpoint_50020,50020,mixed,endpoint,56aa805bae245cd1bacad60b2da54f34dd6361d7eee6a2fc398cf60dd397594c,10,10,7006.749269534055,700.6749269534055,24223.746347670283,9620.06154990719,336,53,10,7,25,,True,5,54,3.5236916999565437,3.638294800010044,312,302,24,9,1983.0000000000002,178.99999999999966,4844.749269534056,640.7896646733425,43,303,-1.8189894035458565e-12,True,943.0121947375769,17.74943008678929,8a052d8f9cf020e8214696556cd3813b3e74a52b0f8ba3261ecb0976297fa7de,0,0,0,0,0,0,45
LC,mixed_endpoint_50021,50021,mixed,endpoint,49d74d7a8b23d5959bcad81969d0febe7c70d4888f2280949a7940327db5f0cd,11,11,6475.727330902374,588.7024846274885,22618.636654511884,8093.17077222364,315,18,11,6,25,,True,5,49,1.1591542000242043,1.227119599992875,297,286,18,0,1876.0000000000014,75.99999999999818,4523.727330902375,229.7790626103997,7,301,-2.7284841053187847e-12,True,943.0121947375769,17.74943008678929,e20b97612b0dbb4a54fd1f6806c1d7f37d01be60c15433072f0010eb3b617deb,0,0,0,0,0,0,14
LPC,mixed_endpoint_50021,50021,mixed,endpoint,49d74d7a8b23d5959bcad81969d0febe7c70d4888f2280949a7940327db5f0cd,11,11,6674.332647889824,606.7575134445295,24081.663239449124,8793.783078408038,296,25,11,9,25,,True,6,45,1.4306921999668702,1.5010085000249092,280,269,16,0,1761.0000000000005,96.99999999999868,4816.332647889824,229.7790626103997,14,281,-9.094947017729282e-13,True,943.0121947375769,17.74943008678929,8506ee78de94622051c879b5af4158b3c9450c5e4a663fd3f403aace6a8bfc10,6,0,0,0,6,0,80
ER,mixed_endpoint_50020,50020,mixed,endpoint,56aa805bae245cd1bacad60b2da54f34dd6361d7eee6a2fc398cf60dd397594c,10,10,6397.776945110676,639.7776945110676,21618.884725553384,6729.9447909878645,325,42,10,8,25,,True,7,48,2.225765599985607,2.4321832999994513,304,294,21,6,1928.0000000000002,145.9999999999994,4323.776945110676,693.2293598685919,32,303,-9.094947017729282e-13,True,943.0121947375769,17.74943008678929,820fca70141b6a75d0fff6f89a21ed58191efe2e418d0c0e760aecccea7c29e6,0,0,0,0,0,0,71
E1,mixed_endpoint_50021,50021,mixed,endpoint,49d74d7a8b23d5959bcad81969d0febe7c70d4888f2280949a7940327db5f0cd,11,11,6480.6156600290515,589.1468781844592,22533.07830014527,8007.612417857023,314,27,11,7,25,,True,5,47,1.3513619000150356,1.4608653000032064,297,286,17,0,1871.0000000000011,102.99999999999969,4506.615660029051,229.7790626103997,16,301,-2.7284841053187847e-12,True,943.0121947375769,17.74943008678929,b556d8520f131e36ca68d038b6dfd1d01671dcdc9973c5ac0170f620be54b663,0,0,0,0,0,0,12
previous_best,mixed_endpoint_50021,50021,mixed,endpoint,49d74d7a8b23d5959bcad81969d0febe7c70d4888f2280949a7940327db5f0cd,11,11,6263.934007034406,569.4485460940369,22139.670035172006,6820.302780464809,298,16,11,0,25,,True,13,49,1.6891671001212671,1.750864699977683,276,265,22,3,1766.0000000000018,70.0000000000015,4427.934007034402,0.0,5,276,4.547473508864641e-12,True,943.0121947375769,2.074856830987301,42819b14657713777e3ea3a2c5a392bd099bec65f6e19628910e29b83523c851,13,9,0,0,0,0,0
E2,mixed_endpoint_50021,50021,mixed,endpoint,49d74d7a8b23d5959bcad81969d0febe7c70d4888f2280949a7940327db5f0cd,11,11,6480.6156600290515,589.1468781844592,22533.07830014527,8007.612417857023,314,27,11,7,25,,True,5,47,1.4416925998521037,1.561004100018181,297,286,17,0,1871.0000000000011,102.99999999999969,4506.615660029051,229.7790626103997,16,301,-2.7284841053187847e-12,True,943.0121947375769,17.74943008678929,b556d8520f131e36ca68d038b6dfd1d01671dcdc9973c5ac0170f620be54b663,0,0,0,0,0,0,12
ERN,mixed_endpoint_50020,50020,mixed,endpoint,56aa805bae245cd1bacad60b2da54f34dd6361d7eee6a2fc398cf60dd397594c,10,10,6397.776945110676,639.7776945110676,21618.884725553384,6729.9447909878645,325,42,10,8,25,,True,7,48,2.0351726999797393,2.4917601000051945,304,294,21,6,1928.0000000000002,145.9999999999994,4323.776945110676,693.2293598685919,32,303,-9.094947017729282e-13,True,943.0121947375769,17.74943008678929,820fca70141b6a75d0fff6f89a21ed58191efe2e418d0c0e760aecccea7c29e6,0,0,0,0,0,0,71
G075,mixed_endpoint_50021,50021,mixed,endpoint,49d74d7a8b23d5959bcad81969d0febe7c70d4888f2280949a7940327db5f0cd,11,11,6475.727330902374,588.7024846274885,22618.636654511884,8093.17077222364,315,18,11,6,25,,True,5,49,1.016337500012014,1.4505621000134852,297,286,18,0,1876.0000000000014,75.99999999999818,4523.727330902375,229.7790626103997,7,301,-2.7284841053187847e-12,True,943.0121947375769,17.74943008678929,e20b97612b0dbb4a54fd1f6806c1d7f37d01be60c15433072f0010eb3b617deb,0,0,0,0,0,0,14
EN,mixed_endpoint_50020,50020,mixed,endpoint,56aa805bae245cd1bacad60b2da54f34dd6361d7eee6a2fc398cf60dd397594c,10,10,6590.7930649110585,659.0793064911059,22343.965324555305,7455.0253899897825,331,48,10,8,25,,True,7,54,2.2913881000713445,2.762767199979862,304,294,27,12,1958.0000000000002,163.99999999999864,4468.793064911059,693.2293598685919,38,303,-2.7284841053187847e-12,True,943.0121947375769,17.74943008678929,0298f9789dcdca4c99338fcba9196c2c9fc502c39978f9684df018a37ac7fbaa,0,0,0,0,0,0,83
G15,mixed_endpoint_50021,50021,mixed,endpoint,49d74d7a8b23d5959bcad81969d0febe7c70d4888f2280949a7940327db5f0cd,11,11,6475.727330902374,588.7024846274885,22618.636654511884,8093.17077222364,315,18,11,6,25,,True,5,49,0.9500701999058947,1.3496341000136454,297,286,18,0,1876.0000000000014,75.99999999999818,4523.727330902375,229.7790626103997,7,301,-2.7284841053187847e-12,True,943.0121947375769,17.74943008678929,e20b97612b0dbb4a54fd1f6806c1d7f37d01be60c15433072f0010eb3b617deb,0,0,0,0,0,0,14
R2,mixed_endpoint_50021,50021,mixed,endpoint,49d74d7a8b23d5959bcad81969d0febe7c70d4888f2280949a7940327db5f0cd,11,11,6475.727330902374,588.7024846274885,22618.636654511884,8093.17077222364,315,18,11,6,25,,True,5,49,1.2315967000031378,1.3104346999898553,297,286,18,0,1876.0000000000014,75.99999999999818,4523.727330902375,229.7790626103997,7,301,-2.7284841053187847e-12,True,943.0121947375769,17.74943008678929,e20b97612b0dbb4a54fd1f6806c1d7f37d01be60c15433072f0010eb3b617deb,0,0,0,0,0,0,14
R4,mixed_endpoint_50021,50021,mixed,endpoint,49d74d7a8b23d5959bcad81969d0febe7c70d4888f2280949a7940327db5f0cd,11,11,6475.727330902374,588.7024846274885,22618.636654511884,8093.17077222364,315,18,11,6,25,,True,5,49,1.0610938000609167,1.135195000009844,297,286,18,0,1876.0000000000014,75.99999999999818,4523.727330902375,229.7790626103997,7,301,-2.7284841053187847e-12,True,943.0121947375769,17.74943008678929,e20b97612b0dbb4a54fd1f6806c1d7f37d01be60c15433072f0010eb3b617deb,0,0,0,0,0,0,14
B20,mixed_endpoint_50019,50019,mixed,endpoint,6a8a96fa28c28125d8d9b2a0de43c989b16ad66d42d83fb211d77b2498b03d8d,16,16,6511.062201012829,406.9413875633018,25210.311005064155,13618.235864715776,211,68,16,8,21,,True,13,67,9.794187500170665,9.925772699993104,167,151,44,18,1232.9999999999986,235.99999999999923,5042.062201012831,0.0,52,178,-1.8189894035458565e-12,True,943.0121947375769,17.74943008678929,59b18ce0d9ea646d8e37f2bf7153ebd5711bda883dd5087d7c9656258e718ce2,0,0,0,0,0,0,58
H400,mixed_endpoint_50021,50021,mixed,endpoint,49d74d7a8b23d5959bcad81969d0febe7c70d4888f2280949a7940327db5f0cd,11,11,6768.613400824196,615.3284909840178,23913.06700412099,9084.171059241662,315,30,11,4,25,,True,6,55,1.175381599838147,1.2381248000019696,296,285,19,0,1874.0000000000016,111.99999999999844,4782.613400824196,580.6318579402432,19,299,-1.8189894035458565e-12,True,943.0121947375769,17.74943008678929,f20f39b26c9509f22f4bd333c3f2f791223be737455ffb0efa311e378f3b612a,0,0,0,0,0,0,11
H200,mixed_endpoint_50021,50021,mixed,endpoint,49d74d7a8b23d5959bcad81969d0febe7c70d4888f2280949a7940327db5f0cd,11,11,6598.5523909231215,599.8683991748293,23042.76195461562,8519.336382968366,316,29,11,4,25,,True,5,57,1.4065346999268513,1.480753099982394,297,286,19,0,1881.0000000000002,108.99999999999898,4608.5523909231215,229.7790626103997,18,301,-2.7284841053187847e-12,True,943.0121947375769,17.74943008678929,116f39a66b144bdb6735257d1294a9cbe47e82cd4761eca0d3019c7daad0dfaf,0,0,0,0,0,0,18
N50,mixed_endpoint_50021,50021,mixed,endpoint,49d74d7a8b23d5959bcad81969d0febe7c70d4888f2280949a7940327db5f0cd,11,11,6475.727330902374,588.7024846274885,22618.636654511884,8093.17077222364,315,18,11,6,25,,True,5,49,0.8185756999882869,1.1983045999950264,297,286,18,0,1876.0000000000014,75.99999999999818,4523.727330902375,229.7790626103997,7,301,-2.7284841053187847e-12,True,943.0121947375769,17.74943008678929,e20b97612b0dbb4a54fd1f6806c1d7f37d01be60c15433072f0010eb3b617deb,0,0,0,0,0,0,14
N20,mixed_endpoint_50021,50021,mixed,endpoint,49d74d7a8b23d5959bcad81969d0febe7c70d4888f2280949a7940327db5f0cd,11,11,6475.727330902374,588.7024846274885,22618.636654511884,8093.17077222364,315,18,11,6,25,,True,5,49,0.8694677000166848,1.2035934000159614,297,286,18,0,1876.0000000000014,75.99999999999818,4523.727330902375,229.7790626103997,7,301,-2.7284841053187847e-12,True,943.0121947375769,17.74943008678929,141bba4030d50eeb22d48b8d546070b430a6f1dd4f268d46bd687ac5e4390e22,0,0,0,0,0,0,14
B60,mixed_endpoint_50021,50021,mixed,endpoint,49d74d7a8b23d5959bcad81969d0febe7c70d4888f2280949a7940327db5f0cd,11,11,6204.912144522639,564.0829222293308,21524.560722613183,6144.107417330953,306,19,11,7,25,,True,10,41,2.7738002999976743,2.846473600016907,291,280,15,1,1821.0000000000016,79.00000000000192,4304.912144522637,228.91495182943981,8,291,2.7284841053187847e-12,True,943.0121947375769,17.74943008678929,e34b226e3c27af78d0454d4c7c710510a2ecd591c79b589e2827fdcb52e1b79b,0,0,0,0,0,0,17
ER,mixed_endpoint_50021,50021,mixed,endpoint,49d74d7a8b23d5959bcad81969d0febe7c70d4888f2280949a7940327db5f0cd,11,11,6480.6156600290515,589.1468781844592,22533.07830014527,8007.612417857023,314,27,11,7,25,,True,5,47,1.2065745000145398,1.3077527999994345,297,286,17,0,1871.0000000000011,102.99999999999969,4506.615660029051,229.7790626103997,16,301,-2.7284841053187847e-12,True,943.0121947375769,17.74943008678929,b556d8520f131e36ca68d038b6dfd1d01671dcdc9973c5ac0170f620be54b663,0,0,0,0,0,0,12
EN,mixed_endpoint_50021,50021,mixed,endpoint,49d74d7a8b23d5959bcad81969d0febe7c70d4888f2280949a7940327db5f0cd,11,11,6480.6156600290515,589.1468781844592,22533.07830014527,8007.612417857023,314,27,11,7,25,,True,5,47,0.9085410999541637,1.3303278000093997,297,286,17,0,1871.0000000000011,102.99999999999969,4506.615660029051,229.7790626103997,16,301,-2.7284841053187847e-12,True,943.0121947375769,17.74943008678929,b556d8520f131e36ca68d038b6dfd1d01671dcdc9973c5ac0170f620be54b663,0,0,0,0,0,0,12
baseline,mixed_endpoint_50022,50022,mixed,endpoint,80b2ed1b9f1dcb8d9fa459702964a132a50defed83fd043cc3f08336b04a6883,10,10,6954.621948242108,695.4621948242109,25648.109741210545,9535.695862421897,300,11,10,0,25,,True,7,56,0.9433209999406245,0.9979536000173539,272,262,28,2,1771.9999999999986,53.0000000000001,5129.621948242108,904.7926366196843,1,272,-9.094947017729282e-13,True,943.0121947375769,17.74943008678929,3bd46351ea71ce626f5aa65b616d94db55e75405e3e5102b6ee1bc91f9ef527b,0,0,0,0,0,0,0
ERN,mixed_endpoint_50021,50021,mixed,endpoint,49d74d7a8b23d5959bcad81969d0febe7c70d4888f2280949a7940327db5f0cd,11,11,6480.6156600290515,589.1468781844592,22533.07830014527,8007.612417857023,314,27,11,7,25,,True,5,47,0.899968100071419,1.2760173999995459,297,286,17,0,1871.0000000000011,102.99999999999969,4506.615660029051,229.7790626103997,16,301,-2.7284841053187847e-12,True,943.0121947375769,17.74943008678929,b556d8520f131e36ca68d038b6dfd1d01671dcdc9973c5ac0170f620be54b663,0,0,0,0,0,0,12
previous_best,mixed_endpoint_50022,50022,mixed,endpoint,80b2ed1b9f1dcb8d9fa459702964a132a50defed83fd043cc3f08336b04a6883,10,10,6484.6259255470795,648.462592554708,23003.129627735394,6905.764123447604,307,15,10,0,25,,True,14,48,0.8922021999023855,0.9427040000155102,284,274,23,3,1819.0,65.00000000000114,4600.6259255470795,761.6481806746315,5,284,9.094947017729282e-13,True,943.0121947375769,2.074856830987301,7ac276e8e53a137a11630ca5c609af1d923aa25ac2f9edbf0d9e71daa082f6a2,14,6,0,0,0,0,0
LC,mixed_endpoint_50022,50022,mixed,endpoint,80b2ed1b9f1dcb8d9fa459702964a132a50defed83fd043cc3f08336b04a6883,10,10,6831.836004551473,683.1836004551473,24839.180022757348,9101.762724166654,301,20,10,8,25,,True,9,47,1.6519080000580288,1.7210777000000235,279,269,22,9,1784.0000000000011,80.00000000000172,4967.836004551472,0.0,10,279,3.637978807091713e-12,True,943.0121947375769,17.74943008678929,d6dceffd3bbba468868b0e2a2c889852f5370c47f1a72d23284c48e6e7fc1042,0,0,0,0,0,0,106
LPC,mixed_endpoint_50022,50022,mixed,endpoint,80b2ed1b9f1dcb8d9fa459702964a132a50defed83fd043cc3f08336b04a6883,10,10,7496.284896687119,749.6284896687118,26411.424483435574,10850.114720461943,311,116,10,4,25,,True,17,50,1.443405500089284,1.5986604999925476,279,269,32,13,1845.999999999999,368.0000000000015,5282.284896687115,272.32612559802146,106,291,3.637978807091713e-12,True,943.0121947375769,17.74943008678929,f56118b767c7fcd73e867933644cba5c09967d41523eebff3992dedc9ec857d0,17,0,0,0,17,0,72
R2,mixed_endpoint_50022,50022,mixed,endpoint,80b2ed1b9f1dcb8d9fa459702964a132a50defed83fd043cc3f08336b04a6883,10,10,6831.836004551473,683.1836004551473,24839.180022757348,9101.762724166654,301,20,10,8,25,,True,9,47,1.488233600044623,1.55458679998992,279,269,22,9,1784.0000000000011,80.00000000000172,4967.836004551472,0.0,10,279,3.637978807091713e-12,True,943.0121947375769,17.74943008678929,d6dceffd3bbba468868b0e2a2c889852f5370c47f1a72d23284c48e6e7fc1042,0,0,0,0,0,0,106
B20,mixed_endpoint_50021,50021,mixed,endpoint,49d74d7a8b23d5959bcad81969d0febe7c70d4888f2280949a7940327db5f0cd,11,11,6190.165493385673,562.7423175805156,21485.827466928367,6508.632282485763,307,16,11,5,25,,True,9,48,4.6411195999826305,4.706636899994919,287,276,20,3,1823.0000000000014,69.99999999999989,4297.165493385673,372.27098105239656,5,288,-9.094947017729282e-13,True,943.0121947375769,17.74943008678929,c7541afce4a09a65a9efcd247ff211e2db9f2f0dd7721d0ef692755b70736513,0,0,0,0,0,0,42
G075,mixed_endpoint_50022,50022,mixed,endpoint,80b2ed1b9f1dcb8d9fa459702964a132a50defed83fd043cc3f08336b04a6883,10,10,6831.836004551473,683.1836004551473,24839.180022757348,9101.762724166654,301,20,10,8,25,,True,9,47,1.4712996998568997,1.7538830000266898,279,269,22,9,1784.0000000000011,80.00000000000172,4967.836004551472,0.0,10,279,3.637978807091713e-12,True,943.0121947375769,17.74943008678929,d6dceffd3bbba468868b0e2a2c889852f5370c47f1a72d23284c48e6e7fc1042,0,0,0,0,0,0,106
R4,mixed_endpoint_50022,50022,mixed,endpoint,80b2ed1b9f1dcb8d9fa459702964a132a50defed83fd043cc3f08336b04a6883,10,10,6831.836004551473,683.1836004551473,24839.180022757348,9101.762724166654,301,20,10,8,25,,True,9,47,1.6996065999555867,1.7726076999970246,279,269,22,9,1784.0000000000011,80.00000000000172,4967.836004551472,0.0,10,279,3.637978807091713e-12,True,943.0121947375769,17.74943008678929,d6dceffd3bbba468868b0e2a2c889852f5370c47f1a72d23284c48e6e7fc1042,0,0,0,0,0,0,106
E2,mixed_endpoint_50022,50022,mixed,endpoint,80b2ed1b9f1dcb8d9fa459702964a132a50defed83fd043cc3f08336b04a6883,10,10,6831.836004551473,683.1836004551473,24839.180022757348,9101.762724166654,301,20,10,8,25,,True,9,47,2.1188189000240527,2.232649899990065,279,269,22,9,1784.0000000000011,80.00000000000172,4967.836004551472,0.0,10,279,3.637978807091713e-12,True,943.0121947375769,17.74943008678929,9ef483eb86e79d5b50b95d9c061fc96490312258948ea228b5111d9aa25d5b50,0,0,0,0,0,0,106
E1,mixed_endpoint_50022,50022,mixed,endpoint,80b2ed1b9f1dcb8d9fa459702964a132a50defed83fd043cc3f08336b04a6883,10,10,6831.836004551473,683.1836004551473,24839.180022757348,9101.762724166654,301,20,10,8,25,,True,9,47,2.2100686999910977,2.3144408999942243,279,269,22,9,1784.0000000000011,80.00000000000172,4967.836004551472,0.0,10,279,3.637978807091713e-12,True,943.0121947375769,17.74943008678929,9ef483eb86e79d5b50b95d9c061fc96490312258948ea228b5111d9aa25d5b50,0,0,0,0,0,0,106
G15,mixed_endpoint_50022,50022,mixed,endpoint,80b2ed1b9f1dcb8d9fa459702964a132a50defed83fd043cc3f08336b04a6883,10,10,6831.836004551473,683.1836004551473,24839.180022757348,9101.762724166654,301,20,10,8,25,,True,9,47,1.552307600097265,1.8700608999934047,279,269,22,9,1784.0000000000011,80.00000000000172,4967.836004551472,0.0,10,279,3.637978807091713e-12,True,943.0121947375769,17.74943008678929,d6dceffd3bbba468868b0e2a2c889852f5370c47f1a72d23284c48e6e7fc1042,0,0,0,0,0,0,106
H200,mixed_endpoint_50022,50022,mixed,endpoint,80b2ed1b9f1dcb8d9fa459702964a132a50defed83fd043cc3f08336b04a6883,10,10,6917.58137029064,691.758137029064,25142.90685145321,9473.042147033239,302,26,10,5,25,,True,9,54,1.60436490009306,1.6681287999963388,279,269,23,9,1791.0,97.99999999999858,5028.581370290643,0.0,16,281,-1.8189894035458565e-12,True,943.0121947375769,17.74943008678929,2bbf9a160c0109935cf777fb6462c80d8cddf1f5378c868ea8941586dbdbe8b9,0,0,0,0,0,0,123
N20,mixed_endpoint_50022,50022,mixed,endpoint,80b2ed1b9f1dcb8d9fa459702964a132a50defed83fd043cc3f08336b04a6883,10,10,6831.836004551473,683.1836004551473,24839.180022757348,9101.762724166654,301,20,10,8,25,,True,9,47,1.6081407998863142,1.897431300021708,279,269,22,9,1784.0000000000011,80.00000000000172,4967.836004551472,0.0,10,279,3.637978807091713e-12,True,943.0121947375769,17.74943008678929,d6dceffd3bbba468868b0e2a2c889852f5370c47f1a72d23284c48e6e7fc1042,0,0,0,0,0,0,106
previous_best,mixed_endpoint_50023,50023,mixed,endpoint,93b8612c277d3369a2491d82d03ee8ee28ce2c320b2288683729ca3754852d84,12,12,5737.707048262614,478.1422540218845,21058.535241313075,6265.846000854039,246,16,12,0,25,,True,20,45,1.0097951999632642,1.0514876999950502,221,209,25,2,1454.000000000001,71.99999999999953,4211.707048262615,1598.0856393425966,4,224,-9.094947017729282e-13,True,943.0121947375769,2.074856830987301,589d059daaac885711f6966a1a9dfb71c8c0c7f0ddd6965ff6da00a38bca16dd,20,7,0,0,0,0,0
H400,mixed_endpoint_50022,50022,mixed,endpoint,80b2ed1b9f1dcb8d9fa459702964a132a50defed83fd043cc3f08336b04a6883,10,10,7081.71401558599,708.171401558599,26338.570077929966,10288.809154364359,290,26,10,4,25,,True,5,61,2.4045312001544517,2.4760687999951188,265,255,25,9,1715.9999999999993,97.99999999999811,5267.71401558599,410.4073550994317,16,266,-3.637978807091713e-12,True,943.0121947375769,17.74943008678929,238abf0645b1def38000b3467d0b537030cf39e53e1c02a965f548366790d08d,0,0,0,0,0,0,170
baseline,mixed_endpoint_50023,50023,mixed,endpoint,93b8612c277d3369a2491d82d03ee8ee28ce2c320b2288683729ca3754852d84,12,12,7302.142482454829,608.5118735379025,27300.71241227414,12193.674682252775,301,17,12,0,25,,True,7,83,1.496154200140154,1.554900799994357,252,240,49,12,1767.0000000000005,74.9999999999996,5460.142482454829,447.9418514095869,5,262,9.094947017729282e-13,True,943.0121947375769,17.74943008678929,654c7bb5d4b7b724beb6ee790d591fdda54c682a6e5419a1fca9960cb42a4e13,0,0,0,0,0,0,0
N50,mixed_endpoint_50022,50022,mixed,endpoint,80b2ed1b9f1dcb8d9fa459702964a132a50defed83fd043cc3f08336b04a6883,10,10,6831.836004551473,683.1836004551473,24839.180022757348,9101.762724166654,301,20,10,8,25,,True,9,47,1.6465395999257453,1.9138234999845736,279,269,22,9,1784.0000000000011,80.00000000000172,4967.836004551472,0.0,10,279,3.637978807091713e-12,True,943.0121947375769,17.74943008678929,d6dceffd3bbba468868b0e2a2c889852f5370c47f1a72d23284c48e6e7fc1042,0,0,0,0,0,0,106
LPC,mixed_endpoint_50023,50023,mixed,endpoint,93b8612c277d3369a2491d82d03ee8ee28ce2c320b2288683729ca3754852d84,12,12,5986.339902515398,498.8616585429498,22101.69951257699,6325.623446708823,244,34,12,8,25,,True,14,50,1.7660734000382945,1.8348532999807503,217,205,27,8,1440.000000000001,125.99999999999905,4420.339902515398,2178.1185529131603,22,220,0.0,True,943.0121947375769,17.74943008678929,963eaeffc910fad24bad937e935650ef2cf1e2917d331e02981bce5489cc3502,14,0,0,0,14,0,77
LC,mixed_endpoint_50023,50023,mixed,endpoint,93b8612c277d3369a2491d82d03ee8ee28ce2c320b2288683729ca3754852d84,12,12,6520.1900209968835,543.349168416407,24785.95010498442,9488.51042011718,247,25,12,6,25,,True,7,51,1.937720599991735,1.999584999983199,226,214,21,1,1463.9999999999989,99.00000000000111,4957.190020996883,0.0,13,229,0.0,True,943.0121947375769,17.74943008678929,213d4cd3532779bc910fde5a544a3aeefbf534e63d6d80c8c83496d9814a0883,0,0,0,0,0,0,82
ER,mixed_endpoint_50022,50022,mixed,endpoint,80b2ed1b9f1dcb8d9fa459702964a132a50defed83fd043cc3f08336b04a6883,10,10,6831.836004551473,683.1836004551473,24839.180022757348,9101.762724166654,301,20,10,8,25,,True,9,47,2.3152068000636064,2.4265504000068177,279,269,22,9,1784.0000000000011,80.00000000000172,4967.836004551472,0.0,10,279,3.637978807091713e-12,True,943.0121947375769,17.74943008678929,9ef483eb86e79d5b50b95d9c061fc96490312258948ea228b5111d9aa25d5b50,0,0,0,0,0,0,106
ERN,mixed_endpoint_50022,50022,mixed,endpoint,80b2ed1b9f1dcb8d9fa459702964a132a50defed83fd043cc3f08336b04a6883,10,10,6831.836004551473,683.1836004551473,24839.180022757348,9101.762724166654,301,20,10,8,25,,True,9,47,2.0259534000360873,2.3563656999904197,279,269,22,9,1784.0000000000011,80.00000000000172,4967.836004551472,0.0,10,279,3.637978807091713e-12,True,943.0121947375769,17.74943008678929,9ef483eb86e79d5b50b95d9c061fc96490312258948ea228b5111d9aa25d5b50,0,0,0,0,0,0,106
B60,mixed_endpoint_50022,50022,mixed,endpoint,80b2ed1b9f1dcb8d9fa459702964a132a50defed83fd043cc3f08336b04a6883,10,10,6901.759544959641,690.1759544959641,25603.797724798216,8503.831299556621,287,23,10,2,25,,True,8,51,4.307675499963807,4.3713937000138685,263,253,24,8,1691.9999999999977,88.99999999999993,5120.759544959643,906.6182460068203,13,257,-1.8189894035458565e-12,True,943.0121947375769,17.74943008678929,cd98535fc89c565b299a5f049fcea868092f35bfd462608903c34d1bf5140c5c,0,0,0,0,0,0,33
EN,mixed_endpoint_50022,50022,mixed,endpoint,80b2ed1b9f1dcb8d9fa459702964a132a50defed83fd043cc3f08336b04a6883,10,10,6831.836004551473,683.1836004551473,24839.180022757348,9101.762724166654,301,20,10,8,25,,True,9,47,2.1706627000239678,2.5196801999991294,279,269,22,9,1784.0000000000011,80.00000000000172,4967.836004551472,0.0,10,279,3.637978807091713e-12,True,943.0121947375769,17.74943008678929,9ef483eb86e79d5b50b95d9c061fc96490312258948ea228b5111d9aa25d5b50,0,0,0,0,0,0,106
E1,mixed_endpoint_50023,50023,mixed,endpoint,93b8612c277d3369a2491d82d03ee8ee28ce2c320b2288683729ca3754852d84,12,12,6195.215786031391,516.2679821692826,23406.07893015696,7996.718600416857,239,25,12,5,25,,True,9,49,2.1413426001381595,2.2209762999846134,217,205,22,3,1414.9999999999995,98.9999999999999,4681.215786031391,869.5114205733153,13,220,-9.094947017729282e-13,True,943.0121947375769,17.74943008678929,5d7a9ea634f878e38d6492b9b9be1dae53d437fed1b4a762437657f8584ca89e,0,0,0,0,0,0,62
G075,mixed_endpoint_50023,50023,mixed,endpoint,93b8612c277d3369a2491d82d03ee8ee28ce2c320b2288683729ca3754852d84,12,12,6520.1900209968835,543.349168416407,24785.95010498442,9488.51042011718,247,25,12,6,25,,True,7,51,1.3786796999338549,1.8116434999974445,226,214,21,1,1463.9999999999989,99.00000000000111,4957.190020996883,0.0,13,229,0.0,True,943.0121947375769,17.74943008678929,213d4cd3532779bc910fde5a544a3aeefbf534e63d6d80c8c83496d9814a0883,0,0,0,0,0,0,82
E2,mixed_endpoint_50023,50023,mixed,endpoint,93b8612c277d3369a2491d82d03ee8ee28ce2c320b2288683729ca3754852d84,12,12,6195.215786031391,516.2679821692826,23406.07893015696,7996.718600416857,239,25,12,5,25,,True,9,49,2.1493397000886034,2.2245263000077102,217,205,22,3,1414.9999999999995,98.9999999999999,4681.215786031391,869.5114205733153,13,220,-9.094947017729282e-13,True,943.0121947375769,17.74943008678929,5d7a9ea634f878e38d6492b9b9be1dae53d437fed1b4a762437657f8584ca89e,0,0,0,0,0,0,62
R2,mixed_endpoint_50023,50023,mixed,endpoint,93b8612c277d3369a2491d82d03ee8ee28ce2c320b2288683729ca3754852d84,12,12,6529.837325540929,544.1531104617441,24789.186627704647,9491.746942837408,247,28,12,6,25,,True,7,50,1.476477899850579,1.531288800004404,226,214,21,1,1463.9999999999989,108.00000000000081,4957.837325540928,0.0,16,229,-9.094947017729282e-13,True,943.0121947375769,17.74943008678929,dddebe8bb8a565f012e33663f71fa28ee43ba0b9930ee4109e53893684c05448,0,0,0,0,0,0,78
G15,mixed_endpoint_50023,50023,mixed,endpoint,93b8612c277d3369a2491d82d03ee8ee28ce2c320b2288683729ca3754852d84,12,12,6520.1900209968835,543.349168416407,24785.95010498442,9488.51042011718,247,25,12,6,25,,True,7,51,1.418100999930175,1.8150095000164583,226,214,21,1,1463.9999999999989,99.00000000000111,4957.190020996883,0.0,13,229,0.0,True,943.0121947375769,17.74943008678929,213d4cd3532779bc910fde5a544a3aeefbf534e63d6d80c8c83496d9814a0883,0,0,0,0,0,0,82
B20,mixed_endpoint_50022,50022,mixed,endpoint,80b2ed1b9f1dcb8d9fa459702964a132a50defed83fd043cc3f08336b04a6883,10,10,6616.666782383964,661.6666782383965,23418.333911919828,10032.867304775702,314,20,10,8,25,,True,9,52,5.93486879998818,6.065754900017055,287,277,27,17,1853.0000000000011,80.00000000000016,4683.666782383964,913.0393304238523,10,283,-9.094947017729282e-13,True,943.0121947375769,17.74943008678929,122588335be5bf50de4d67eb704a8097419fb0745a4b59284546c563163bece1,0,0,0,0,0,0,79
N20,mixed_endpoint_50023,50023,mixed,endpoint,93b8612c277d3369a2491d82d03ee8ee28ce2c320b2288683729ca3754852d84,12,12,6520.1900209968835,543.349168416407,24785.95010498442,9488.51042011718,247,25,12,6,25,,True,7,51,1.492308300017612,1.8481388999789488,226,214,21,1,1463.9999999999989,99.00000000000111,4957.190020996883,0.0,13,229,0.0,True,943.0121947375769,17.74943008678929,3043c54b623a8fc223fb9d9d9aad9b02f58774705b7896c93645f7ae0ef21c8b,0,0,0,0,0,0,82
R4,mixed_endpoint_50023,50023,mixed,endpoint,93b8612c277d3369a2491d82d03ee8ee28ce2c320b2288683729ca3754852d84,12,12,6520.1900209968835,543.349168416407,24785.95010498442,9488.51042011718,247,25,12,6,25,,True,7,51,1.9723093999491539,2.050590099999681,226,214,21,1,1463.9999999999989,99.00000000000111,4957.190020996883,0.0,13,229,0.0,True,943.0121947375769,17.74943008678929,213d4cd3532779bc910fde5a544a3aeefbf534e63d6d80c8c83496d9814a0883,0,0,0,0,0,0,82
H200,mixed_endpoint_50023,50023,mixed,endpoint,93b8612c277d3369a2491d82d03ee8ee28ce2c320b2288683729ca3754852d84,12,12,6170.946492922538,514.2455410768781,23374.732464612694,7981.346871247105,239,19,12,3,25,,True,9,52,2.0267266998416744,2.0860893000208307,217,205,22,3,1414.999999999999,81.00000000000007,4674.946492922539,869.5114205733153,7,220,-9.094947017729282e-13,True,943.0121947375769,17.74943008678929,47c48844c0d11995836381e43d58f86a6a6a0882782b7ed7cc5c750336e56dbe,0,0,0,0,0,0,68
H400,mixed_endpoint_50023,50023,mixed,endpoint,93b8612c277d3369a2491d82d03ee8ee28ce2c320b2288683729ca3754852d84,12,12,7084.769012971888,590.3974177476573,26978.84506485942,12589.802903193824,248,67,12,4,25,,True,8,59,2.3704498998995405,2.4784992999921087,221,209,27,9,1464.0000000000016,225.00000000000128,5395.769012971886,1694.9440112438651,55,224,3.637978807091713e-12,True,943.0121947375769,17.74943008678929,28f529472445b6f9a1635e45b3b706c14ff9188ad2c1813c28e249f57b7f31ab,0,0,0,0,0,0,110
baseline,mixed_endpoint_50024,50024,mixed,endpoint,2d8ee688a0e7b609ece9cbc7da19b371fb662b1cf1c6466e7c747fb0a7cfc405,13,13,6835.512972376563,525.8086901828126,25567.5648618828,8276.650939688147,279,14,13,0,25,,True,6,62,1.2796710001130123,1.3456588999833912,249,236,30,1,1654.000000000001,68.00000000000044,5113.512972376563,341.1485305512024,1,259,2.7284841053187847e-12,True,943.0121947375769,17.74943008678929,fa0dd62dca9be191d817b228c9d27e7e229c40ee2c9002f25fefd34d6b8e9f47,0,0,0,0,0,0,0
N50,mixed_endpoint_50023,50023,mixed,endpoint,93b8612c277d3369a2491d82d03ee8ee28ce2c320b2288683729ca3754852d84,12,12,6520.1900209968835,543.349168416407,24785.95010498442,9488.51042011718,247,25,12,6,25,,True,7,51,1.553472600033274,1.982749499991769,226,214,21,1,1463.9999999999989,99.00000000000111,4957.190020996883,0.0,13,229,0.0,True,943.0121947375769,17.74943008678929,213d4cd3532779bc910fde5a544a3aeefbf534e63d6d80c8c83496d9814a0883,0,0,0,0,0,0,82
LC,mixed_endpoint_50024,50024,mixed,endpoint,2d8ee688a0e7b609ece9cbc7da19b371fb662b1cf1c6466e7c747fb0a7cfc405,13,13,6644.61111964693,511.1239322805331,23738.05559823465,8512.532449310125,304,23,13,2,25,,True,10,59,1.3947720999422017,1.456178499996895,274,261,30,6,1802.0000000000014,94.99999999999966,4747.611119646929,563.2026489853497,10,282,0.0,True,943.0121947375769,17.74943008678929,646df511fb793120fa52560761d225fef320296fcd2dac5f3be7acea13ebaabf,0,0,0,0,0,0,2
E1,mixed_endpoint_50024,50024,mixed,endpoint,2d8ee688a0e7b609ece9cbc7da19b371fb662b1cf1c6466e7c747fb0a7cfc405,13,13,6506.977127589816,500.5367021222935,23049.88563794908,7824.362489024557,295,38,13,5,25,,True,10,48,1.036256300052628,1.1341339999926277,274,261,21,2,1757.0000000000007,139.99999999999935,4609.977127589814,563.2026489853497,25,282,0.0,True,943.0121947375769,17.74943008678929,706b86909acca419eb629c59fd9cb8dcdb564e3e8d3b291b8271b0a3e9cb7c64,0,0,0,0,0,0,2
EN,mixed_endpoint_50023,50023,mixed,endpoint,93b8612c277d3369a2491d82d03ee8ee28ce2c320b2288683729ca3754852d84,12,12,6195.215786031391,516.2679821692826,23406.07893015696,7996.718600416857,239,25,12,5,25,,True,9,49,2.0624496001400985,2.4354372000088915,217,205,22,3,1414.9999999999995,98.9999999999999,4681.215786031391,869.5114205733153,13,220,-9.094947017729282e-13,True,943.0121947375769,17.74943008678929,5d7a9ea634f878e38d6492b9b9be1dae53d437fed1b4a762437657f8584ca89e,0,0,0,0,0,0,62
E2,mixed_endpoint_50024,50024,mixed,endpoint,2d8ee688a0e7b609ece9cbc7da19b371fb662b1cf1c6466e7c747fb0a7cfc405,13,13,6506.977127589816,500.5367021222935,23049.88563794908,7824.362489024557,295,38,13,5,25,,True,10,48,1.0282498000888154,1.1235052999982145,274,261,21,2,1757.0000000000007,139.99999999999935,4609.977127589814,563.2026489853497,25,282,0.0,True,943.0121947375769,17.74943008678929,706b86909acca419eb629c59fd9cb8dcdb564e3e8d3b291b8271b0a3e9cb7c64,0,0,0,0,0,0,2
ER,mixed_endpoint_50023,50023,mixed,endpoint,93b8612c277d3369a2491d82d03ee8ee28ce2c320b2288683729ca3754852d84,12,12,6195.215786031391,516.2679821692826,23406.07893015696,7996.718600416857,239,25,12,5,25,,True,9,49,2.504152800014708,2.5901449999946635,217,205,22,3,1414.9999999999995,98.9999999999999,4681.215786031391,869.5114205733153,13,220,-9.094947017729282e-13,True,943.0121947375769,17.74943008678929,5d7a9ea634f878e38d6492b9b9be1dae53d437fed1b4a762437657f8584ca89e,0,0,0,0,0,0,62
ERN,mixed_endpoint_50023,50023,mixed,endpoint,93b8612c277d3369a2491d82d03ee8ee28ce2c320b2288683729ca3754852d84,12,12,6195.215786031391,516.2679821692826,23406.07893015696,7996.718600416857,239,25,12,5,25,,True,9,49,2.1249787999258842,2.5307257999957073,217,205,22,3,1414.9999999999995,98.9999999999999,4681.215786031391,869.5114205733153,13,220,-9.094947017729282e-13,True,943.0121947375769,17.74943008678929,5d7a9ea634f878e38d6492b9b9be1dae53d437fed1b4a762437657f8584ca89e,0,0,0,0,0,0,62
B60,mixed_endpoint_50023,50023,mixed,endpoint,93b8612c277d3369a2491d82d03ee8ee28ce2c320b2288683729ca3754852d84,12,12,6831.297049972599,569.2747541643832,25556.48524986302,11291.976565243567,255,64,12,9,25,,True,11,56,4.651303200022085,4.770343100011814,224,212,31,16,1504.0000000000007,215.99999999999415,5111.297049972605,553.6320145341961,52,229,-5.4569682106375694e-12,True,943.0121947375769,17.74943008678929,edda08cf7c7bf7e82343c11b4d155afdbd77fcbfe3b2691062210fc101c5d3ed,0,0,0,0,0,0,94
LPC,mixed_endpoint_50024,50024,mixed,endpoint,2d8ee688a0e7b609ece9cbc7da19b371fb662b1cf1c6466e7c747fb0a7cfc405,13,13,6822.185321816175,524.783486293552,24365.926609080867,10309.706427572912,309,31,13,4,25,,True,14,61,2.0385918000538368,2.1146893999830354,272,259,37,12,1830.0000000000023,119.00000000000041,4873.185321816176,901.2037755744523,18,285,1.8189894035458565e-12,True,943.0121947375769,17.74943008678929,b42e0a89598dab7b133f9928c4016338a19ad4e3e55e5b183b8cbd5864393cf4,14,0,0,0,14,0,40
previous_best,mixed_endpoint_50024,50024,mixed,endpoint,2d8ee688a0e7b609ece9cbc7da19b371fb662b1cf1c6466e7c747fb0a7cfc405,13,13,7190.80124161343,553.1385570471869,26829.006208067145,10974.186372366283,295,17,13,0,25,,True,13,61,2.179503200139152,2.2505907000158913,262,249,33,2,1747.9999999999986,76.99999999999996,5365.801241613431,0.0,4,273,9.094947017729282e-13,True,943.0121947375769,2.074856830987301,560e53db11c5107ddfc8e29a90ea1dbca3e743f3de41a749d414eca5677790ff,13,5,0,0,0,0,0
G075,mixed_endpoint_50024,50024,mixed,endpoint,2d8ee688a0e7b609ece9cbc7da19b371fb662b1cf1c6466e7c747fb0a7cfc405,13,13,6644.61111964693,511.1239322805331,23738.05559823465,8512.532449310125,304,23,13,2,25,,True,10,59,0.904562499927124,1.3292840000067372,274,261,30,6,1802.0000000000014,94.99999999999966,4747.611119646929,563.2026489853497,10,282,0.0,True,943.0121947375769,17.74943008678929,646df511fb793120fa52560761d225fef320296fcd2dac5f3be7acea13ebaabf,0,0,0,0,0,0,2
G15,mixed_endpoint_50024,50024,mixed,endpoint,2d8ee688a0e7b609ece9cbc7da19b371fb662b1cf1c6466e7c747fb0a7cfc405,13,13,6644.61111964693,511.1239322805331,23738.05559823465,8512.532449310125,304,23,13,2,25,,True,10,59,0.9621745998156257,1.4180426000093576,274,261,30,6,1802.0000000000014,94.99999999999966,4747.611119646929,563.2026489853497,10,282,0.0,True,943.0121947375769,17.74943008678929,646df511fb793120fa52560761d225fef320296fcd2dac5f3be7acea13ebaabf,0,0,0,0,0,0,2
R2,mixed_endpoint_50024,50024,mixed,endpoint,2d8ee688a0e7b609ece9cbc7da19b371fb662b1cf1c6466e7c747fb0a7cfc405,13,13,6546.4581079031395,503.5737006079338,23277.290539515707,8051.767390591179,298,31,13,4,25,,True,10,52,1.1730774002207909,1.2439875999989454,274,261,24,3,1772.0,118.99999999999963,4655.4581079031395,563.2026489853497,18,282,-1.8189894035458565e-12,True,943.0121947375769,17.74943008678929,94551a798fae573c263e541f64ccae52147a0f11d0a4ff33fb0f6af121d905ca,0,0,0,0,0,0,2
R4,mixed_endpoint_50024,50024,mixed,endpoint,2d8ee688a0e7b609ece9cbc7da19b371fb662b1cf1c6466e7c747fb0a7cfc405,13,13,6644.206727861701,511.09282522013086,23706.03363930851,8480.510490383984,301,30,13,3,25,,True,10,56,1.306080600101268,1.3757445999945048,274,261,27,5,1787.0000000000014,115.99999999999935,4741.2067278617005,563.2026489853497,17,282,0.0,True,943.0121947375769,17.74943008678929,ef4ff23f9be0616970fd80978e9a072cd190928bace36f35156578a07c9a1d8d,0,0,0,0,0,0,2
H400,mixed_endpoint_50024,50024,mixed,endpoint,2d8ee688a0e7b609ece9cbc7da19b371fb662b1cf1c6466e7c747fb0a7cfc405,13,13,6748.572741532373,519.1209801178749,25372.86370766186,10400.26579503337,263,29,13,3,25,,True,10,58,1.2451423998572864,1.3022386000084225,237,224,26,2,1561.0000000000007,113.00000000000043,5074.572741532372,739.5297071335663,16,246,0.0,True,943.0121947375769,17.74943008678929,cb1a1c67dd89a373b03774e326dad1363baff997d0ec6a748c9335f5939e134b,0,0,0,0,0,0,13
H200,mixed_endpoint_50024,50024,mixed,endpoint,2d8ee688a0e7b609ece9cbc7da19b371fb662b1cf1c6466e7c747fb0a7cfc405,13,13,6689.256663314289,514.5582048703299,25091.283316571433,10118.691886807177,263,28,13,3,25,,True,10,57,1.3305701999634039,1.3943420000141487,237,224,26,2,1561.0000000000016,110.00000000000051,5018.256663314286,739.5297071335663,15,246,1.8189894035458565e-12,True,943.0121947375769,17.74943008678929,1036080bc2162d43a89054853c64a03a7b8f11f2478a1f9720820344efaddff4,0,0,0,0,0,0,13
N20,mixed_endpoint_50024,50024,mixed,endpoint,2d8ee688a0e7b609ece9cbc7da19b371fb662b1cf1c6466e7c747fb0a7cfc405,13,13,6644.61111964693,511.1239322805331,23738.05559823465,8512.532449310125,304,23,13,2,25,,True,10,59,0.8171459000441246,1.2210405000078026,274,261,30,6,1802.0000000000014,94.99999999999966,4747.611119646929,563.2026489853497,10,282,0.0,True,943.0121947375769,17.74943008678929,d48d274a509b5255a66df5f866f5eb93a8c60105aaa2be4833eae1c81b039bc0,0,0,0,0,0,0,2
N50,mixed_endpoint_50024,50024,mixed,endpoint,2d8ee688a0e7b609ece9cbc7da19b371fb662b1cf1c6466e7c747fb0a7cfc405,13,13,6644.61111964693,511.1239322805331,23738.05559823465,8512.532449310125,304,23,13,2,25,,True,10,59,0.8208112999855075,1.2000367000000551,274,261,30,6,1802.0000000000014,94.99999999999966,4747.611119646929,563.2026489853497,10,282,0.0,True,943.0121947375769,17.74943008678929,646df511fb793120fa52560761d225fef320296fcd2dac5f3be7acea13ebaabf,0,0,0,0,0,0,2
ER,mixed_endpoint_50024,50024,mixed,endpoint,2d8ee688a0e7b609ece9cbc7da19b371fb662b1cf1c6466e7c747fb0a7cfc405,13,13,6506.977127589816,500.5367021222935,23049.88563794908,7824.362489024557,295,38,13,5,25,,True,10,48,1.0896467999264132,1.2093446000071708,274,261,21,2,1757.0000000000007,139.99999999999935,4609.977127589814,563.2026489853497,25,282,0.0,True,943.0121947375769,17.74943008678929,706b86909acca419eb629c59fd9cb8dcdb564e3e8d3b291b8271b0a3e9cb7c64,0,0,0,0,0,0,2
EN,mixed_endpoint_50024,50024,mixed,endpoint,2d8ee688a0e7b609ece9cbc7da19b371fb662b1cf1c6466e7c747fb0a7cfc405,13,13,6506.977127589816,500.5367021222935,23049.88563794908,7824.362489024557,295,38,13,5,25,,True,10,48,0.7735259000619408,1.2002777000016067,274,261,21,2,1757.0000000000007,139.99999999999935,4609.977127589814,563.2026489853497,25,282,0.0,True,943.0121947375769,17.74943008678929,706b86909acca419eb629c59fd9cb8dcdb564e3e8d3b291b8271b0a3e9cb7c64,0,0,0,0,0,0,2
ERN,mixed_endpoint_50024,50024,mixed,endpoint,2d8ee688a0e7b609ece9cbc7da19b371fb662b1cf1c6466e7c747fb0a7cfc405,13,13,6506.977127589816,500.5367021222935,23049.88563794908,7824.362489024557,295,38,13,5,25,,True,10,48,0.8329360999341588,1.2316793000209145,274,261,21,2,1757.0000000000007,139.99999999999935,4609.977127589814,563.2026489853497,25,282,0.0,True,943.0121947375769,17.74943008678929,706b86909acca419eb629c59fd9cb8dcdb564e3e8d3b291b8271b0a3e9cb7c64,0,0,0,0,0,0,2
B20,mixed_endpoint_50023,50023,mixed,endpoint,93b8612c277d3369a2491d82d03ee8ee28ce2c320b2288683729ca3754852d84,12,12,6646.925388189945,553.9104490158287,25129.626940949725,11013.198889021956,261,21,12,8,25,,True,12,61,6.7556693000369705,6.828031900018686,224,212,37,21,1533.9999999999989,86.99999999999979,5025.925388189946,1394.5857952594642,9,229,0.0,True,943.0121947375769,17.74943008678929,66498792e073f83f5ae9753ba5a57ea81d3e09780279a576cc581b00e85cf317,0,0,0,0,0,0,65
baseline,mixed_endpoint_50025,50025,mixed,endpoint,af8d32939189e4d9da987770e9f14a6ba322513b245e0c183cfc9f853a047483,14,14,6634.006084916021,473.8575774940015,25480.03042458009,10860.269254214047,244,25,14,1,25,,True,12,73,1.4213695001380984,1.4932131000095978,201,187,43,8,1435.0000000000007,103.00000000000068,5096.006084916022,356.2068492878743,11,215,2.7284841053187847e-12,True,943.0121947375769,17.74943008678929,115c0d0fb4734951bd74dcb2e3a03fa69550b4062299542fa2cc4acd59b29ee3,0,0,0,0,0,0,0
B60,mixed_endpoint_50024,50024,mixed,endpoint,2d8ee688a0e7b609ece9cbc7da19b371fb662b1cf1c6466e7c747fb0a7cfc405,13,13,7146.047537025728,549.6959643865945,26470.23768512863,11389.982096078109,296,24,13,3,25,,True,9,59,4.092968799901428,4.162809699977515,267,254,29,4,1754.0000000000016,97.99999999999974,5294.047537025726,753.8385573155338,11,274,1.8189894035458565e-12,True,943.0121947375769,17.74943008678929,3a7fff6afed8f1487eab78811348c78a2db53099ea0c41d6802f1b46c659a806,0,0,0,0,0,0,41
LPC,mixed_endpoint_50025,50025,mixed,endpoint,af8d32939189e4d9da987770e9f14a6ba322513b245e0c183cfc9f853a047483,14,14,6313.833702009255,450.98812157208965,23549.16851004627,9573.45339195272,255,21,14,5,25,,True,14,50,1.932783799857134,2.0067986999929417,230,216,25,1,1513.000000000001,91.00000000000036,4709.833702009252,209.8411513882611,7,238,9.094947017729282e-13,True,943.0121947375769,17.74943008678929,f9fc3e4bdd03852f5414eca809ed725d67191a50facf49256d50d66ab4e74c57,14,0,0,0,14,0,57
previous_best,mixed_endpoint_50025,50025,mixed,endpoint,af8d32939189e4d9da987770e9f14a6ba322513b245e0c183cfc9f853a047483,14,14,6184.701436338266,441.76438830987615,23253.507181691337,9706.545452973653,244,20,14,0,25,,True,15,57,1.9240901000448503,1.9847277000080794,216,202,28,3,1445.9999999999986,87.99999999999983,4650.701436338268,139.52306680460424,6,226,-1.8189894035458565e-12,True,943.0121947375769,2.074856830987301,5626ac49b5cf2b2fb63e0536b7205eabe8cd2061989b31c13c18d85c27f012d3,15,11,0,0,0,0,0
LC,mixed_endpoint_50025,50025,mixed,endpoint,af8d32939189e4d9da987770e9f14a6ba322513b245e0c183cfc9f853a047483,14,14,6675.853832795324,476.84670234252314,25474.269163976594,11123.924478219511,241,42,14,10,25,,True,9,56,2.6319132999051362,2.711466999986442,215,201,26,6,1427.0000000000016,154.00000000000094,5094.853832795319,386.0469148419561,28,222,4.547473508864641e-12,True,943.0121947375769,17.74943008678929,0cf30c19cde31809ca2ac120f751ddebde11375abc1098720fb7e46955d44a29,0,0,0,0,0,0,140
E2,mixed_endpoint_50025,50025,mixed,endpoint,af8d32939189e4d9da987770e9f14a6ba322513b245e0c183cfc9f853a047483,14,14,6659.05180152249,475.6465572516064,25420.25900761242,11069.914321855342,241,40,14,10,25,,True,9,55,2.9080257999594323,3.035366199997952,215,201,26,6,1427.0000000000016,148.0000000000011,5084.051801522485,386.0469148419561,26,222,5.4569682106375694e-12,True,943.0121947375769,17.74943008678929,0fcaf955a3bb3aefc7b6c7a7e3d48c559adb08e320eb8faedcabc364779dac5f,0,0,0,0,0,0,138
E1,mixed_endpoint_50025,50025,mixed,endpoint,af8d32939189e4d9da987770e9f14a6ba322513b245e0c183cfc9f853a047483,14,14,6659.05180152249,475.6465572516064,25420.25900761242,11069.914321855342,241,40,14,10,25,,True,9,55,3.127631999872392,3.250679199991282,215,201,26,6,1427.0000000000016,148.0000000000011,5084.051801522485,386.0469148419561,26,222,5.4569682106375694e-12,True,943.0121947375769,17.74943008678929,0fcaf955a3bb3aefc7b6c7a7e3d48c559adb08e320eb8faedcabc364779dac5f,0,0,0,0,0,0,138
G075,mixed_endpoint_50025,50025,mixed,endpoint,af8d32939189e4d9da987770e9f14a6ba322513b245e0c183cfc9f853a047483,14,14,6675.853832795324,476.84670234252314,25474.269163976594,11123.924478219511,241,42,14,10,25,,True,9,56,2.2137153999938164,2.678898400015896,215,201,26,6,1427.0000000000016,154.00000000000094,5094.853832795319,386.0469148419561,28,222,4.547473508864641e-12,True,943.0121947375769,17.74943008678929,0cf30c19cde31809ca2ac120f751ddebde11375abc1098720fb7e46955d44a29,0,0,0,0,0,0,140
B20,mixed_endpoint_50024,50024,mixed,endpoint,2d8ee688a0e7b609ece9cbc7da19b371fb662b1cf1c6466e7c747fb0a7cfc405,13,13,7072.453102983612,544.0348540756625,26007.265514918065,10644.977701278156,295,33,13,6,25,,True,10,57,5.918053600093117,5.992653399996925,267,254,28,7,1745.9999999999995,124.99999999999876,5201.453102983613,0.0,20,271,-9.094947017729282e-13,True,943.0121947375769,17.74943008678929,ce9c9be38cc409549615dff99f612e57b234e233952aee617b14a8e0c3e967d8,0,0,0,0,0,0,58
G15,mixed_endpoint_50025,50025,mixed,endpoint,af8d32939189e4d9da987770e9f14a6ba322513b245e0c183cfc9f853a047483,14,14,6675.853832795324,476.84670234252314,25474.269163976594,11123.924478219511,241,42,14,10,25,,True,9,56,2.3414390000980347,2.8266681999957655,215,201,26,6,1427.0000000000016,154.00000000000094,5094.853832795319,386.0469148419561,28,222,4.547473508864641e-12,True,943.0121947375769,17.74943008678929,0cf30c19cde31809ca2ac120f751ddebde11375abc1098720fb7e46955d44a29,0,0,0,0,0,0,140
R2,mixed_endpoint_50025,50025,mixed,endpoint,af8d32939189e4d9da987770e9f14a6ba322513b245e0c183cfc9f853a047483,14,14,6675.853832795324,476.84670234252314,25474.269163976594,11123.924478219511,241,42,14,10,25,,True,9,56,2.526691400067648,2.6173707999987528,215,201,26,6,1427.0000000000016,154.00000000000094,5094.853832795319,386.0469148419561,28,222,4.547473508864641e-12,True,943.0121947375769,17.74943008678929,0cf30c19cde31809ca2ac120f751ddebde11375abc1098720fb7e46955d44a29,0,0,0,0,0,0,140
R4,mixed_endpoint_50025,50025,mixed,endpoint,af8d32939189e4d9da987770e9f14a6ba322513b245e0c183cfc9f853a047483,14,14,6675.853832795324,476.84670234252314,25474.269163976594,11123.924478219511,241,42,14,10,25,,True,9,56,2.5182833999569993,2.6050482999999076,215,201,26,6,1427.0000000000016,154.00000000000094,5094.853832795319,386.0469148419561,28,222,4.547473508864641e-12,True,943.0121947375769,17.74943008678929,0cf30c19cde31809ca2ac120f751ddebde11375abc1098720fb7e46955d44a29,0,0,0,0,0,0,140
H400,mixed_endpoint_50025,50025,mixed,endpoint,af8d32939189e4d9da987770e9f14a6ba322513b245e0c183cfc9f853a047483,14,14,6633.623601588286,473.83025725630614,25143.11800794144,10864.210495775862,241,48,14,9,25,,True,11,60,2.4737125000101514,2.563322399975732,217,203,24,3,1433.000000000001,171.9999999999988,5028.623601588287,429.7170123760079,34,228,-1.8189894035458565e-12,True,943.0121947375769,17.74943008678929,a2b3b5144fa5ed32482bc3fcf39b9afed823a3a12866e4f4227716c446d50e95,0,0,0,0,0,0,107
baseline,mixed_endpoint_50026,50026,mixed,endpoint,ecefd353b3fb48273c446ab76597cf262a57db6062c69bd625980bc16a6226bb,10,10,6318.812769936998,631.8812769936998,21984.063849684993,7754.020199240798,314,14,10,0,25,,True,6,60,0.8755749998963438,0.9426454000058584,286,276,28,5,1859.9999999999993,61.99999999999995,4396.812769936999,124.7111349968036,4,290,-9.094947017729282e-13,True,943.0121947375769,17.74943008678929,962b6a89d5860cd59ce150c0039d1fbd48c39bec0ea2bb90752957f6d5c2ef0a,0,0,0,0,0,0,0
B60,mixed_endpoint_50025,50025,mixed,endpoint,af8d32939189e4d9da987770e9f14a6ba322513b245e0c183cfc9f853a047483,14,14,5917.981558137155,422.7129684383682,21814.907790685786,7100.76087994598,249,16,14,6,25,,True,13,44,4.241469900094671,4.303954999981215,230,216,19,0,1478.999999999998,75.99999999999976,4362.981558137157,604.5161021007825,2,234,-1.8189894035458565e-12,True,943.0121947375769,17.74943008678929,aaa3245e1cf38e6f74b358b780055c14270e54cd0213f62bccb05d7b083cdeda,0,0,0,0,0,0,59
H200,mixed_endpoint_50025,50025,mixed,endpoint,af8d32939189e4d9da987770e9f14a6ba322513b245e0c183cfc9f853a047483,14,14,6687.758491618671,477.6970351156193,25528.79245809335,11145.50316854379,241,42,14,7,25,,True,10,61,2.663539499975741,2.7393745000008494,215,201,26,6,1428.0000000000014,153.99999999999955,5105.758491618667,387.13340571846584,28,223,9.094947017729282e-13,True,943.0121947375769,17.74943008678929,88266a4086ff4db5b4088acb2524ba1b2e95af39c9280b196543e8e43a06331a,0,0,0,0,0,0,152
LC,mixed_endpoint_50026,50026,mixed,endpoint,ecefd353b3fb48273c446ab76597cf262a57db6062c69bd625980bc16a6226bb,10,10,6245.01635010873,624.501635010873,21840.08175054365,5725.567808074813,305,14,10,6,25,,True,10,44,1.5215883999189828,1.5878894999914337,286,276,19,2,1815.0000000000005,61.99999999999983,4368.016350108729,0.0,4,290,0.0,True,943.0121947375769,17.74943008678929,df16213a1f753a7923532c7279dc0cc18d0db2215f37f727115e651847be1644,0,0,0,0,0,0,81
N20,mixed_endpoint_50025,50025,mixed,endpoint,af8d32939189e4d9da987770e9f14a6ba322513b245e0c183cfc9f853a047483,14,14,6678.853832795324,477.06098805680887,25474.269163976594,11123.924478219511,241,43,14,10,25,,True,9,56,2.384905500046443,2.8685783999972045,215,201,26,6,1427.0000000000016,157.00000000000094,5094.853832795319,386.0469148419561,29,222,4.547473508864641e-12,True,943.0121947375769,17.74943008678929,5e6235da224566c2467254e46ace4b041a3f27408f3d727d25a10aad31c92769,0,0,0,0,0,0,140
LPC,mixed_endpoint_50026,50026,mixed,endpoint,ecefd353b3fb48273c446ab76597cf262a57db6062c69bd625980bc16a6226bb,10,10,6436.126111812388,643.6126111812389,22635.630559061938,6741.094581178041,308,20,10,3,25,,True,5,44,1.0244112000218593,1.0854730999853928,293,283,15,0,1828.9999999999998,80.00000000000064,4527.126111812388,216.1132317160791,10,289,9.094947017729282e-13,True,943.0121947375769,17.74943008678929,7e5aaf21ea5e3b79e8f2114fc0c1ea5cc04b2a0bd5a95fb76b036550a9e3ce37,5,0,0,0,5,0,36
previous_best,mixed_endpoint_50026,50026,mixed,endpoint,ecefd353b3fb48273c446ab76597cf262a57db6062c69bd625980bc16a6226bb,10,10,6483.286166947977,648.3286166947977,22436.430834739884,7863.1523756665865,325,15,10,0,25,,True,9,50,1.353853699984029,1.42286619998049,305,295,20,2,1931.0,64.9999999999997,4487.286166947977,333.2744427241296,5,306,0.0,True,943.0121947375769,2.074856830987301,271a9626e5765245e39d7816863b3024bd57ac4dd0c8c0cbc47409c4f8aa25c9,9,6,0,0,0,0,0
N50,mixed_endpoint_50025,50025,mixed,endpoint,af8d32939189e4d9da987770e9f14a6ba322513b245e0c183cfc9f853a047483,14,14,6678.853832795324,477.06098805680887,25474.269163976594,11123.924478219511,241,43,14,10,25,,True,9,56,2.425602299947059,2.863246799999615,215,201,26,6,1427.0000000000016,157.00000000000094,5094.853832795319,386.0469148419561,29,222,4.547473508864641e-12,True,943.0121947375769,17.74943008678929,5e6235da224566c2467254e46ace4b041a3f27408f3d727d25a10aad31c92769,0,0,0,0,0,0,140
E1,mixed_endpoint_50026,50026,mixed,endpoint,ecefd353b3fb48273c446ab76597cf262a57db6062c69bd625980bc16a6226bb,10,10,6792.39999394956,679.2399993949559,24086.99996974781,5843.314593926334,309,39,10,6,25,,True,4,45,1.6478359999891836,1.778520199994091,294,284,15,1,1837.9999999999998,136.99999999999653,4817.399993949563,712.2998856059376,29,293,-1.8189894035458565e-12,True,943.0121947375769,17.74943008678929,7057f5ac90cd7a8770183bc546e2776a6096b30387214dd3f23172642c99a754,0,0,0,0,0,0,72
E2,mixed_endpoint_50026,50026,mixed,endpoint,ecefd353b3fb48273c446ab76597cf262a57db6062c69bd625980bc16a6226bb,10,10,6792.39999394956,679.2399993949559,24086.99996974781,5843.314593926334,309,39,10,6,25,,True,4,45,1.7348754000267945,1.8640718000242487,294,284,15,1,1837.9999999999998,136.99999999999653,4817.399993949563,712.2998856059376,29,293,-1.8189894035458565e-12,True,943.0121947375769,17.74943008678929,7057f5ac90cd7a8770183bc546e2776a6096b30387214dd3f23172642c99a754,0,0,0,0,0,0,72
ER,mixed_endpoint_50025,50025,mixed,endpoint,af8d32939189e4d9da987770e9f14a6ba322513b245e0c183cfc9f853a047483,14,14,6659.05180152249,475.6465572516064,25420.25900761242,11069.914321855342,241,40,14,10,25,,True,9,55,3.166078699956415,3.291514900018228,215,201,26,6,1427.0000000000016,148.0000000000011,5084.051801522485,386.0469148419561,26,222,5.4569682106375694e-12,True,943.0121947375769,17.74943008678929,0fcaf955a3bb3aefc7b6c7a7e3d48c559adb08e320eb8faedcabc364779dac5f,0,0,0,0,0,0,138
EN,mixed_endpoint_50025,50025,mixed,endpoint,af8d32939189e4d9da987770e9f14a6ba322513b245e0c183cfc9f853a047483,14,14,6662.05180152249,475.8608429658921,25420.25900761242,11069.914321855342,241,41,14,10,25,,True,9,55,2.741620800050441,3.1717181999993045,215,201,26,6,1427.0000000000016,151.0000000000011,5084.051801522485,386.0469148419561,27,222,5.4569682106375694e-12,True,943.0121947375769,17.74943008678929,b466da32f4795bf4b8cbba58f9704476870e2a3c80bd618cd1a7f08c7a51f790,0,0,0,0,0,0,138
ERN,mixed_endpoint_50025,50025,mixed,endpoint,af8d32939189e4d9da987770e9f14a6ba322513b245e0c183cfc9f853a047483,14,14,6662.05180152249,475.8608429658921,25420.25900761242,11069.914321855342,241,41,14,10,25,,True,9,55,2.711285100056557,3.131753599998774,215,201,26,6,1427.0000000000016,151.0000000000011,5084.051801522485,386.0469148419561,27,222,5.4569682106375694e-12,True,943.0121947375769,17.74943008678929,b466da32f4795bf4b8cbba58f9704476870e2a3c80bd618cd1a7f08c7a51f790,0,0,0,0,0,0,138
G075,mixed_endpoint_50026,50026,mixed,endpoint,ecefd353b3fb48273c446ab76597cf262a57db6062c69bd625980bc16a6226bb,10,10,6245.01635010873,624.501635010873,21840.08175054365,5725.567808074813,305,14,10,6,25,,True,10,44,1.0797002000035718,1.391051200014772,286,276,19,2,1815.0000000000005,61.99999999999983,4368.016350108729,0.0,4,290,0.0,True,943.0121947375769,17.74943008678929,df16213a1f753a7923532c7279dc0cc18d0db2215f37f727115e651847be1644,0,0,0,0,0,0,81
G15,mixed_endpoint_50026,50026,mixed,endpoint,ecefd353b3fb48273c446ab76597cf262a57db6062c69bd625980bc16a6226bb,10,10,6245.01635010873,624.501635010873,21840.08175054365,5725.567808074813,305,14,10,6,25,,True,10,44,1.2683379999944009,1.5924104999867268,286,276,19,2,1815.0000000000005,61.99999999999983,4368.016350108729,0.0,4,290,0.0,True,943.0121947375769,17.74943008678929,df16213a1f753a7923532c7279dc0cc18d0db2215f37f727115e651847be1644,0,0,0,0,0,0,81
R4,mixed_endpoint_50026,50026,mixed,endpoint,ecefd353b3fb48273c446ab76597cf262a57db6062c69bd625980bc16a6226bb,10,10,6245.01635010873,624.501635010873,21840.08175054365,5725.567808074813,305,14,10,6,25,,True,10,44,1.4127297999802977,1.47594589999062,286,276,19,2,1815.0000000000005,61.99999999999983,4368.016350108729,0.0,4,290,0.0,True,943.0121947375769,17.74943008678929,df16213a1f753a7923532c7279dc0cc18d0db2215f37f727115e651847be1644,0,0,0,0,0,0,81
R2,mixed_endpoint_50026,50026,mixed,endpoint,ecefd353b3fb48273c446ab76597cf262a57db6062c69bd625980bc16a6226bb,10,10,6245.01635010873,624.501635010873,21840.08175054365,5725.567808074813,305,14,10,6,25,,True,10,44,1.5323088999430183,1.6028623000020161,286,276,19,2,1815.0000000000005,61.99999999999983,4368.016350108729,0.0,4,290,0.0,True,943.0121947375769,17.74943008678929,df16213a1f753a7923532c7279dc0cc18d0db2215f37f727115e651847be1644,0,0,0,0,0,0,81
H200,mixed_endpoint_50026,50026,mixed,endpoint,ecefd353b3fb48273c446ab76597cf262a57db6062c69bd625980bc16a6226bb,10,10,6492.081797702655,649.2081797702656,22940.408988513278,7090.8701731838655,305,23,10,3,25,,True,8,50,1.355989599978784,1.4085477000044193,286,276,19,2,1815.0000000000005,88.99999999999956,4588.0817977026545,0.0,13,290,0.0,True,943.0121947375769,17.74943008678929,7243bded72c81d85ca734d3a53150e5b6b0afb2774c17b0f8888879644ef561b,0,0,0,0,0,0,87
N50,mixed_endpoint_50026,50026,mixed,endpoint,ecefd353b3fb48273c446ab76597cf262a57db6062c69bd625980bc16a6226bb,10,10,6245.01635010873,624.501635010873,21840.08175054365,5725.567808074813,305,14,10,6,25,,True,10,44,1.0881548000324983,1.3818281999847386,286,276,19,2,1815.0000000000005,61.99999999999983,4368.016350108729,0.0,4,290,0.0,True,943.0121947375769,17.74943008678929,555845ec1737d74b5bda6155d807c6a595af008b329f7d6bd9204c8a0920fe4c,0,0,0,0,0,0,81
B60,mixed_endpoint_50026,50026,mixed,endpoint,ecefd353b3fb48273c446ab76597cf262a57db6062c69bd625980bc16a6226bb,10,10,7033.649442350412,703.3649442350412,25608.24721175206,8903.872047118153,303,32,10,6,25,,True,7,44,2.5936090000905097,2.6646135000046343,286,276,17,4,1796.0000000000005,116.0000000000002,5121.649442350412,147.74265165963698,22,281,0.0,True,943.0121947375769,17.74943008678929,94a941c9c9bac1a04a151557315ff4ac37b0444fc71fb19d1f2d1a70d87d7b22,0,0,0,0,0,0,12
N20,mixed_endpoint_50026,50026,mixed,endpoint,ecefd353b3fb48273c446ab76597cf262a57db6062c69bd625980bc16a6226bb,10,10,6245.01635010873,624.501635010873,21840.08175054365,5725.567808074813,305,14,10,6,25,,True,10,44,1.2122947000607383,1.4985324000008404,286,276,19,2,1815.0000000000005,61.99999999999983,4368.016350108729,0.0,4,290,0.0,True,943.0121947375769,17.74943008678929,555845ec1737d74b5bda6155d807c6a595af008b329f7d6bd9204c8a0920fe4c,0,0,0,0,0,0,81
H400,mixed_endpoint_50026,50026,mixed,endpoint,ecefd353b3fb48273c446ab76597cf262a57db6062c69bd625980bc16a6226bb,10,10,6492.081797702655,649.2081797702656,22940.408988513278,7090.8701731838655,305,23,10,3,25,,True,8,50,1.5562978999805637,1.620516900002258,286,276,19,2,1815.0000000000005,88.99999999999956,4588.0817977026545,0.0,13,290,0.0,True,943.0121947375769,17.74943008678929,7243bded72c81d85ca734d3a53150e5b6b0afb2774c17b0f8888879644ef561b,0,0,0,0,0,0,87
B20,mixed_endpoint_50026,50026,mixed,endpoint,ecefd353b3fb48273c446ab76597cf262a57db6062c69bd625980bc16a6226bb,10,10,6823.899935833362,682.3899935833363,24599.49967916682,9311.443791870373,301,34,10,7,25,,True,7,47,3.6708537999656983,3.748155500012217,281,271,20,6,1781.9999999999993,122.00000000000018,4919.899935833362,216.1132317160791,24,277,-1.8189894035458565e-12,True,943.0121947375769,17.74943008678929,3dd0a406580ebe9cc80ce135f8605ad99ca3670ae833753d29dd7063b1c72534,0,0,0,0,0,0,42
ER,mixed_endpoint_50026,50026,mixed,endpoint,ecefd353b3fb48273c446ab76597cf262a57db6062c69bd625980bc16a6226bb,10,10,6468.495413278635,646.8495413278636,22992.477066393174,6308.705398147451,301,20,10,6,25,,True,7,45,1.7865060000040103,1.884218699997291,283,273,18,2,1790.0000000000005,79.99999999999949,4598.495413278635,0.0,10,285,0.0,True,943.0121947375769,17.74943008678929,f8dd0c20195343af0b25dfb80b2a01d1c38d152e57d28259a8e9051960236e87,0,0,0,0,0,0,78
EN,mixed_endpoint_50026,50026,mixed,endpoint,ecefd353b3fb48273c446ab76597cf262a57db6062c69bd625980bc16a6226bb,10,10,6792.39999394956,679.2399993949559,24086.99996974781,5843.314593926334,309,39,10,6,25,,True,4,45,1.3192837000533473,1.6533961000095587,294,284,15,1,1837.9999999999998,136.99999999999653,4817.399993949563,712.2998856059376,29,293,-1.8189894035458565e-12,True,943.0121947375769,17.74943008678929,7057f5ac90cd7a8770183bc546e2776a6096b30387214dd3f23172642c99a754,0,0,0,0,0,0,72
ERN,mixed_endpoint_50026,50026,mixed,endpoint,ecefd353b3fb48273c446ab76597cf262a57db6062c69bd625980bc16a6226bb,10,10,6468.495413278635,646.8495413278636,22992.477066393174,6308.705398147451,301,20,10,6,25,,True,7,45,1.5245342999696732,1.8825558999960776,283,273,18,2,1790.0000000000005,79.99999999999949,4598.495413278635,0.0,10,285,0.0,True,943.0121947375769,17.74943008678929,f8dd0c20195343af0b25dfb80b2a01d1c38d152e57d28259a8e9051960236e87,0,0,0,0,0,0,78
baseline,mixed_endpoint_50027,50027,mixed,endpoint,01bf5eef6d94a47da78dea1f00b0da3ad5d918739b8069005211c5b993d3fca0,13,13,7189.751920228544,553.0578400175802,27068.759601142712,11964.355350257843,287,20,13,0,25,,True,8,82,1.4590602000243962,1.529595599975437,241,228,46,9,1690.0000000000014,85.99999999999942,5413.751920228543,101.69073667659177,7,255,1.8189894035458565e-12,True,943.0121947375769,17.74943008678929,794ced1ca9174ac388c5aaa7557c4bc8d1ed35c7d678a969c60364db47e347dd,0,0,0,0,0,0,0
LC,mixed_endpoint_50027,50027,mixed,endpoint,01bf5eef6d94a47da78dea1f00b0da3ad5d918739b8069005211c5b993d3fca0,13,13,6331.652773224254,487.0502133249426,23808.263866121262,8387.863408547895,247,26,13,7,25,,True,6,52,1.4660690000164323,1.5312515999830794,226,213,21,2,1466.0000000000005,103.99999999999962,4761.652773224255,528.9666578920442,13,231,1.8189894035458565e-12,True,943.0121947375769,17.74943008678929,4e366481a0d4aa35e6290d2331d5cbe75eb7a481ca339cbf5b3e8a725eaa764e,0,0,0,0,0,0,55
previous_best,mixed_endpoint_50027,50027,mixed,endpoint,01bf5eef6d94a47da78dea1f00b0da3ad5d918739b8069005211c5b993d3fca0,13,13,6561.099276826676,504.69994437128275,24085.49638413339,8686.7835196961,279,20,13,0,25,,True,14,56,1.246186700038379,1.2940171999798622,253,240,26,5,1657.9999999999984,85.99999999999869,4817.099276826679,134.1291261042088,7,263,-1.8189894035458565e-12,True,943.0121947375769,2.074856830987301,b43d18d46fb260501d55fac6572ac41503ec011ca6e4b126645f6e94aadeb17e,14,9,0,0,0,0,0
LPC,mixed_endpoint_50027,50027,mixed,endpoint,01bf5eef6d94a47da78dea1f00b0da3ad5d918739b8069005211c5b993d3fca0,13,13,6207.714632857201,477.51651021978466,23368.573164285997,8826.002210553905,242,25,13,9,25,,True,11,48,1.9232432999706361,2.0100305999803822,220,207,22,3,1433.0000000000002,101.00000000000007,4673.7146328572,528.9666578920442,12,223,9.094947017729282e-13,True,943.0121947375769,17.74943008678929,ff55058996985aa905870950e71d42ce7fd0f6432ed8ae4d65ac39f3369f97f0,11,0,0,0,11,0,118
E1,mixed_endpoint_50027,50027,mixed,endpoint,01bf5eef6d94a47da78dea1f00b0da3ad5d918739b8069005211c5b993d3fca0,13,13,6192.121101946895,476.31700784206885,23660.605509734472,7874.386950836222,229,27,13,7,25,,True,6,52,1.7706470999401063,1.8580784999940079,208,195,21,2,1353.0000000000005,106.99999999999966,4732.121101946894,703.5432612678842,14,208,0.0,True,943.0121947375769,17.74943008678929,99dcef56d660a2faaa52a46d9be34f5a0a78c5d35330c7d7a2fa3a2d2e055254,0,0,0,0,0,0,59
E2,mixed_endpoint_50027,50027,mixed,endpoint,01bf5eef6d94a47da78dea1f00b0da3ad5d918739b8069005211c5b993d3fca0,13,13,6192.121101946895,476.31700784206885,23660.605509734472,7874.386950836222,229,27,13,7,25,,True,6,52,1.8814057000272442,1.9824991999776103,208,195,21,2,1353.0000000000005,106.99999999999966,4732.121101946894,703.5432612678842,14,208,0.0,True,943.0121947375769,17.74943008678929,99dcef56d660a2faaa52a46d9be34f5a0a78c5d35330c7d7a2fa3a2d2e055254,0,0,0,0,0,0,59
G075,mixed_endpoint_50027,50027,mixed,endpoint,01bf5eef6d94a47da78dea1f00b0da3ad5d918739b8069005211c5b993d3fca0,13,13,6331.652773224254,487.0502133249426,23808.263866121262,8387.863408547895,247,26,13,7,25,,True,6,52,1.4537026001198683,1.8463691000069957,226,213,21,2,1466.0000000000005,103.99999999999962,4761.652773224255,528.9666578920442,13,231,1.8189894035458565e-12,True,943.0121947375769,17.74943008678929,4e366481a0d4aa35e6290d2331d5cbe75eb7a481ca339cbf5b3e8a725eaa764e,0,0,0,0,0,0,55
G15,mixed_endpoint_50027,50027,mixed,endpoint,01bf5eef6d94a47da78dea1f00b0da3ad5d918739b8069005211c5b993d3fca0,13,13,6331.652773224254,487.0502133249426,23808.263866121262,8387.863408547895,247,26,13,7,25,,True,6,52,1.4627319999563042,1.9121713999775238,226,213,21,2,1466.0000000000005,103.99999999999962,4761.652773224255,528.9666578920442,13,231,1.8189894035458565e-12,True,943.0121947375769,17.74943008678929,4e366481a0d4aa35e6290d2331d5cbe75eb7a481ca339cbf5b3e8a725eaa764e,0,0,0,0,0,0,55
R4,mixed_endpoint_50027,50027,mixed,endpoint,01bf5eef6d94a47da78dea1f00b0da3ad5d918739b8069005211c5b993d3fca0,13,13,6331.652773224254,487.0502133249426,23808.263866121262,8387.863408547895,247,26,13,7,25,,True,6,52,1.5869252000702545,1.6522507999907248,226,213,21,2,1466.0000000000005,103.99999999999962,4761.652773224255,528.9666578920442,13,231,1.8189894035458565e-12,True,943.0121947375769,17.74943008678929,4e366481a0d4aa35e6290d2331d5cbe75eb7a481ca339cbf5b3e8a725eaa764e,0,0,0,0,0,0,55
R2,mixed_endpoint_50027,50027,mixed,endpoint,01bf5eef6d94a47da78dea1f00b0da3ad5d918739b8069005211c5b993d3fca0,13,13,6331.652773224254,487.0502133249426,23808.263866121262,8387.863408547895,247,26,13,7,25,,True,6,52,1.7578697000280954,1.8368975000048522,226,213,21,2,1466.0000000000005,103.99999999999962,4761.652773224255,528.9666578920442,13,231,1.8189894035458565e-12,True,943.0121947375769,17.74943008678929,4e366481a0d4aa35e6290d2331d5cbe75eb7a481ca339cbf5b3e8a725eaa764e,0,0,0,0,0,0,55
B20,mixed_endpoint_50025,50025,mixed,endpoint,af8d32939189e4d9da987770e9f14a6ba322513b245e0c183cfc9f853a047483,14,14,7151.841094536356,510.84579246688253,27464.205472681755,13730.276403645361,259,34,14,7,25,,True,13,58,10.881784199969843,10.978049700002884,227,213,32,11,1529.0000000000005,130.0000000000027,5492.841094536358,0.0,20,234,4.547473508864641e-12,True,943.0121947375769,17.74943008678929,7a200ee937c50dcf954f584c94814b19494c422385e2c2a310f4804f47fb4b72,0,0,0,0,0,0,74
H200,mixed_endpoint_50027,50027,mixed,endpoint,01bf5eef6d94a47da78dea1f00b0da3ad5d918739b8069005211c5b993d3fca0,13,13,6228.25488535588,479.09652964276,23881.2744267794,8093.715547832437,231,21,13,4,25,,True,6,58,1.99116599993431,2.063756400020793,208,195,23,4,1363.0000000000007,88.99999999999959,4776.254885355878,703.5432612678842,8,208,0.0,True,943.0121947375769,17.74943008678929,9e3ad00a856b57615d57feee62f1d865bb5b8536065ee8958c6d7b4feb4805c3,0,0,0,0,0,0,61
H400,mixed_endpoint_50027,50027,mixed,endpoint,01bf5eef6d94a47da78dea1f00b0da3ad5d918739b8069005211c5b993d3fca0,13,13,6276.393800680153,482.7995231292425,24091.969003400765,8302.448237826782,231,23,13,4,25,,True,6,60,1.8320834998739883,1.8950735999969766,208,195,23,4,1363.0000000000005,94.99999999999919,4818.393800680153,703.5432612678842,10,208,0.0,True,943.0121947375769,17.74943008678929,a5050448beff400e7281d5ee1a3f21587df36bdd9e2a10e5b0f71bf7375ca942,0,0,0,0,0,0,66
baseline,mixed_endpoint_50028,50028,mixed,endpoint,8c49cebb9fcb826e49ab9bd8039f6fceec725c16c55182cd331d2603ec1a6abd,10,10,6679.261962210873,667.9261962210874,23586.309811054365,9629.16200579559,319,17,10,1,25,,True,11,56,0.8606237000785768,0.913962899998296,290,280,29,2,1890.9999999999993,71.00000000000153,4717.261962210873,221.1112894684702,7,296,0.0,True,943.0121947375769,17.74943008678929,1cde39abdb7fe4abfc74832d122ea3440b6edefc96d6b8aac99dfb27a0b70601,0,0,0,0,0,0,0
N50,mixed_endpoint_50027,50027,mixed,endpoint,01bf5eef6d94a47da78dea1f00b0da3ad5d918739b8069005211c5b993d3fca0,13,13,6331.652773224254,487.0502133249426,23808.263866121262,8387.863408547895,247,26,13,7,25,,True,6,52,1.2031784999999218,1.6477250000170898,226,213,21,2,1466.0000000000005,103.99999999999962,4761.652773224255,528.9666578920442,13,231,1.8189894035458565e-12,True,943.0121947375769,17.74943008678929,4e366481a0d4aa35e6290d2331d5cbe75eb7a481ca339cbf5b3e8a725eaa764e,0,0,0,0,0,0,55
N20,mixed_endpoint_50027,50027,mixed,endpoint,01bf5eef6d94a47da78dea1f00b0da3ad5d918739b8069005211c5b993d3fca0,13,13,6331.652773224254,487.0502133249426,23808.263866121262,8387.863408547895,247,26,13,7,25,,True,6,52,1.3471772998746019,1.8182297000021208,226,213,21,2,1466.0000000000005,103.99999999999962,4761.652773224255,528.9666578920442,13,231,1.8189894035458565e-12,True,943.0121947375769,17.74943008678929,4e366481a0d4aa35e6290d2331d5cbe75eb7a481ca339cbf5b3e8a725eaa764e,0,0,0,0,0,0,55
LC,mixed_endpoint_50028,50028,mixed,endpoint,8c49cebb9fcb826e49ab9bd8039f6fceec725c16c55182cd331d2603ec1a6abd,10,10,6349.410836655279,634.9410836655279,21677.054183276392,7561.92339473959,319,32,10,7,25,,True,8,41,1.0535392000165302,1.128922900010366,304,294,15,1,1898.000000000001,115.99999999999953,4335.410836655277,989.7631270428355,22,303,9.094947017729282e-13,True,943.0121947375769,17.74943008678929,bf87c9ff5d6696fadbbb709290a8e60824fe554dbe1f8e1a9db5683fa1119885,0,0,0,0,0,0,24
ER,mixed_endpoint_50027,50027,mixed,endpoint,01bf5eef6d94a47da78dea1f00b0da3ad5d918739b8069005211c5b993d3fca0,13,13,6192.121101946895,476.31700784206885,23660.605509734472,7874.386950836222,229,27,13,7,25,,True,6,52,1.944118699990213,2.0388103000004776,208,195,21,2,1353.0000000000005,106.99999999999966,4732.121101946894,703.5432612678842,14,208,0.0,True,943.0121947375769,17.74943008678929,99dcef56d660a2faaa52a46d9be34f5a0a78c5d35330c7d7a2fa3a2d2e055254,0,0,0,0,0,0,59
EN,mixed_endpoint_50027,50027,mixed,endpoint,01bf5eef6d94a47da78dea1f00b0da3ad5d918739b8069005211c5b993d3fca0,13,13,6192.121101946895,476.31700784206885,23660.605509734472,7874.386950836222,229,27,13,7,25,,True,6,52,1.4043535999953747,1.8038684999919496,208,195,21,2,1353.0000000000005,106.99999999999966,4732.121101946894,703.5432612678842,14,208,0.0,True,943.0121947375769,17.74943008678929,99dcef56d660a2faaa52a46d9be34f5a0a78c5d35330c7d7a2fa3a2d2e055254,0,0,0,0,0,0,59
ERN,mixed_endpoint_50027,50027,mixed,endpoint,01bf5eef6d94a47da78dea1f00b0da3ad5d918739b8069005211c5b993d3fca0,13,13,6192.121101946895,476.31700784206885,23660.605509734472,7874.386950836222,229,27,13,7,25,,True,6,52,1.438809800078161,1.8408205000159796,208,195,21,2,1353.0000000000005,106.99999999999966,4732.121101946894,703.5432612678842,14,208,0.0,True,943.0121947375769,17.74943008678929,99dcef56d660a2faaa52a46d9be34f5a0a78c5d35330c7d7a2fa3a2d2e055254,0,0,0,0,0,0,59
LPC,mixed_endpoint_50028,50028,mixed,endpoint,8c49cebb9fcb826e49ab9bd8039f6fceec725c16c55182cd331d2603ec1a6abd,10,10,6367.804510252039,636.7804510252039,21469.0225512602,7313.403928503434,333,24,10,5,25,,True,10,42,1.1338355999905616,1.200463299988769,315,305,18,1,1982.000000000001,92.00000000000013,4293.804510252038,385.19518899779814,14,317,-9.094947017729282e-13,True,943.0121947375769,17.74943008678929,d7f125585d2d39b57e9691544f4973a46b05f20b07fa3922f2f0a6ce041a2784,10,0,0,0,10,0,65
previous_best,mixed_endpoint_50028,50028,mixed,endpoint,8c49cebb9fcb826e49ab9bd8039f6fceec725c16c55182cd331d2603ec1a6abd,10,10,6503.015401787203,650.3015401787203,22200.077008936012,6007.183764524809,337,14,10,0,25,,True,10,50,1.3272773999196943,1.3780125000048429,315,305,22,5,2000.9999999999998,62.000000000000625,4440.015401787203,212.05036315489815,4,316,0.0,True,943.0121947375769,2.074856830987301,fdd508367dbf70e903a425a381afec43b1fed03634c06fb34a8a160225ea0fe0,10,5,0,0,0,0,0
E1,mixed_endpoint_50028,50028,mixed,endpoint,8c49cebb9fcb826e49ab9bd8039f6fceec725c16c55182cd331d2603ec1a6abd,10,10,6349.410836655279,634.9410836655279,21677.054183276392,7561.92339473959,319,32,10,7,25,,True,8,41,1.1270596000249498,1.226631500001531,304,294,15,1,1898.000000000001,115.99999999999953,4335.410836655277,989.7631270428355,22,303,9.094947017729282e-13,True,943.0121947375769,17.74943008678929,f9f9170e087f8d18b9675d2533512b61df2964e43a22c2908b8e6a24b6fffbb6,0,0,0,0,0,0,24
B60,mixed_endpoint_50027,50027,mixed,endpoint,01bf5eef6d94a47da78dea1f00b0da3ad5d918739b8069005211c5b993d3fca0,13,13,6828.609808394743,525.2776775688263,25428.0490419737,10399.692016897541,278,24,13,8,25,,True,9,54,4.293621599965263,4.366635599988513,252,239,26,6,1645.000000000002,98.00000000000026,5085.609808394742,279.3477107476474,11,255,2.7284841053187847e-12,True,943.0121947375769,17.74943008678929,83dc6597ce1a4e4db84aab8979e34154fc3667d1f2922ea08cc318e9d67cf4bf,0,0,0,0,0,0,24
E2,mixed_endpoint_50028,50028,mixed,endpoint,8c49cebb9fcb826e49ab9bd8039f6fceec725c16c55182cd331d2603ec1a6abd,10,10,6349.410836655279,634.9410836655279,21677.054183276392,7561.92339473959,319,32,10,7,25,,True,8,41,1.0891437000245787,1.192511300003389,304,294,15,1,1898.000000000001,115.99999999999953,4335.410836655277,989.7631270428355,22,303,9.094947017729282e-13,True,943.0121947375769,17.74943008678929,f9f9170e087f8d18b9675d2533512b61df2964e43a22c2908b8e6a24b6fffbb6,0,0,0,0,0,0,24
G075,mixed_endpoint_50028,50028,mixed,endpoint,8c49cebb9fcb826e49ab9bd8039f6fceec725c16c55182cd331d2603ec1a6abd,10,10,6349.410836655279,634.9410836655279,21677.054183276392,7561.92339473959,319,32,10,7,25,,True,8,41,0.8481381999445148,1.096161800000118,304,294,15,1,1898.000000000001,115.99999999999953,4335.410836655277,989.7631270428355,22,303,9.094947017729282e-13,True,943.0121947375769,17.74943008678929,bf87c9ff5d6696fadbbb709290a8e60824fe554dbe1f8e1a9db5683fa1119885,0,0,0,0,0,0,24
R2,mixed_endpoint_50028,50028,mixed,endpoint,8c49cebb9fcb826e49ab9bd8039f6fceec725c16c55182cd331d2603ec1a6abd,10,10,6349.410836655279,634.9410836655279,21677.054183276392,7561.92339473959,319,32,10,7,25,,True,8,41,0.8676744999247603,0.9336220999830402,304,294,15,1,1898.000000000001,115.99999999999953,4335.410836655277,989.7631270428355,22,303,9.094947017729282e-13,True,943.0121947375769,17.74943008678929,bf87c9ff5d6696fadbbb709290a8e60824fe554dbe1f8e1a9db5683fa1119885,0,0,0,0,0,0,24
B20,mixed_endpoint_50027,50027,mixed,endpoint,01bf5eef6d94a47da78dea1f00b0da3ad5d918739b8069005211c5b993d3fca0,13,13,6654.539226027722,511.88763277136326,24547.696130138607,9114.65734082191,275,33,13,7,25,,True,8,57,5.0781347999873105,5.149838399986038,247,234,28,6,1620.0000000000014,125.0000000000006,4909.539226027721,233.56637118949675,20,245,9.094947017729282e-13,True,943.0121947375769,17.74943008678929,5fee50786327a538a3eec87c3dc27543a25959f2a28c2b57958db36f5ecc5e49,0,0,0,0,0,0,26
G15,mixed_endpoint_50028,50028,mixed,endpoint,8c49cebb9fcb826e49ab9bd8039f6fceec725c16c55182cd331d2603ec1a6abd,10,10,6349.410836655279,634.9410836655279,21677.054183276392,7561.92339473959,319,32,10,7,25,,True,8,41,0.8902808999409899,1.1730563000019174,304,294,15,1,1898.000000000001,115.99999999999953,4335.410836655277,989.7631270428355,22,303,9.094947017729282e-13,True,943.0121947375769,17.74943008678929,bf87c9ff5d6696fadbbb709290a8e60824fe554dbe1f8e1a9db5683fa1119885,0,0,0,0,0,0,24
R4,mixed_endpoint_50028,50028,mixed,endpoint,8c49cebb9fcb826e49ab9bd8039f6fceec725c16c55182cd331d2603ec1a6abd,10,10,6349.410836655279,634.9410836655279,21677.054183276392,7561.92339473959,319,32,10,7,25,,True,8,41,1.0639610999496654,1.1283823999983724,304,294,15,1,1898.000000000001,115.99999999999953,4335.410836655277,989.7631270428355,22,303,9.094947017729282e-13,True,943.0121947375769,17.74943008678929,bf87c9ff5d6696fadbbb709290a8e60824fe554dbe1f8e1a9db5683fa1119885,0,0,0,0,0,0,24
H200,mixed_endpoint_50028,50028,mixed,endpoint,8c49cebb9fcb826e49ab9bd8039f6fceec725c16c55182cd331d2603ec1a6abd,10,10,6403.9474662609155,640.3947466260915,21939.73733130457,7821.274893649642,320,31,10,4,25,,True,8,46,1.251756900048349,1.3218831999984104,304,294,16,1,1903.000000000001,113.00000000000026,4387.947466260914,989.7631270428355,21,303,1.8189894035458565e-12,True,943.0121947375769,17.74943008678929,a8536dbc9230b78c6a1d24686f593c325c263ca3a2933b6e4f73e331d47f35bd,0,0,0,0,0,0,27
N20,mixed_endpoint_50028,50028,mixed,endpoint,8c49cebb9fcb826e49ab9bd8039f6fceec725c16c55182cd331d2603ec1a6abd,10,10,6349.410836655279,634.9410836655279,21677.054183276392,7561.92339473959,319,32,10,7,25,,True,8,41,0.8337472999410238,1.112058500002604,304,294,15,1,1898.000000000001,115.99999999999953,4335.410836655277,989.7631270428355,22,303,9.094947017729282e-13,True,943.0121947375769,17.74943008678929,bf87c9ff5d6696fadbbb709290a8e60824fe554dbe1f8e1a9db5683fa1119885,0,0,0,0,0,0,24
H400,mixed_endpoint_50028,50028,mixed,endpoint,8c49cebb9fcb826e49ab9bd8039f6fceec725c16c55182cd331d2603ec1a6abd,10,10,6423.3629536914195,642.3362953691419,22021.814768457087,7902.6732035384875,320,32,10,4,25,,True,8,47,1.1408771000569686,1.195332299976144,304,294,16,1,1903.000000000001,116.00000000000037,4404.362953691418,989.7631270428355,22,303,1.8189894035458565e-12,True,943.0121947375769,17.74943008678929,e210112105ef2cccfedf1ece5fb67dcf56db7ba1b573ccf6d7c095658e6a3515,0,0,0,0,0,0,28
N50,mixed_endpoint_50028,50028,mixed,endpoint,8c49cebb9fcb826e49ab9bd8039f6fceec725c16c55182cd331d2603ec1a6abd,10,10,6349.410836655279,634.9410836655279,21677.054183276392,7561.92339473959,319,32,10,7,25,,True,8,41,0.8415927000169177,1.1189245999848936,304,294,15,1,1898.000000000001,115.99999999999953,4335.410836655277,989.7631270428355,22,303,9.094947017729282e-13,True,943.0121947375769,17.74943008678929,bf87c9ff5d6696fadbbb709290a8e60824fe554dbe1f8e1a9db5683fa1119885,0,0,0,0,0,0,24
ER,mixed_endpoint_50028,50028,mixed,endpoint,8c49cebb9fcb826e49ab9bd8039f6fceec725c16c55182cd331d2603ec1a6abd,10,10,6349.410836655279,634.9410836655279,21677.054183276392,7561.92339473959,319,32,10,7,25,,True,8,41,1.0969994000042789,1.1873513000027742,304,294,15,1,1898.000000000001,115.99999999999953,4335.410836655277,989.7631270428355,22,303,9.094947017729282e-13,True,943.0121947375769,17.74943008678929,f9f9170e087f8d18b9675d2533512b61df2964e43a22c2908b8e6a24b6fffbb6,0,0,0,0,0,0,24
ERN,mixed_endpoint_50028,50028,mixed,endpoint,8c49cebb9fcb826e49ab9bd8039f6fceec725c16c55182cd331d2603ec1a6abd,10,10,6349.410836655279,634.9410836655279,21677.054183276392,7561.92339473959,319,32,10,7,25,,True,8,41,0.8754100000951439,1.1412006999889854,304,294,15,1,1898.000000000001,115.99999999999953,4335.410836655277,989.7631270428355,22,303,9.094947017729282e-13,True,943.0121947375769,17.74943008678929,f9f9170e087f8d18b9675d2533512b61df2964e43a22c2908b8e6a24b6fffbb6,0,0,0,0,0,0,24
baseline,mixed_endpoint_50029,50029,mixed,endpoint,f2a12ca1825e052f673d8a45f9de882d636bededb649d122d38f31207b0cc1d2,15,15,6731.231476587459,448.7487651058306,25186.1573829373,9603.930420589313,273,18,15,0,25,,True,5,72,1.2558824000589084,1.3167262999922968,238,223,35,4,1609.9999999999977,84.00000000000036,5037.231476587462,191.7606406862651,3,245,-9.094947017729282e-13,True,943.0121947375769,17.74943008678929,23e3db53702806874531db9be0ac4d98128c7d451013b6c3ee94da1bf8d534aa,0,0,0,0,0,0,0
EN,mixed_endpoint_50028,50028,mixed,endpoint,8c49cebb9fcb826e49ab9bd8039f6fceec725c16c55182cd331d2603ec1a6abd,10,10,6349.410836655279,634.9410836655279,21677.054183276392,7561.92339473959,319,32,10,7,25,,True,8,41,1.1521597000246402,1.5357262000034098,304,294,15,1,1898.000000000001,115.99999999999953,4335.410836655277,989.7631270428355,22,303,9.094947017729282e-13,True,943.0121947375769,17.74943008678929,f9f9170e087f8d18b9675d2533512b61df2964e43a22c2908b8e6a24b6fffbb6,0,0,0,0,0,0,24
LC,mixed_endpoint_50029,50029,mixed,endpoint,f2a12ca1825e052f673d8a45f9de882d636bededb649d122d38f31207b0cc1d2,15,15,6567.708808225828,437.8472538817219,24708.544041129142,8944.252395224503,254,30,15,8,25,,True,11,57,1.680154500034405,1.7472600999753922,225,210,29,6,1505.9999999999995,119.99999999999824,4941.70880822583,0.0,15,236,-9.094947017729282e-13,True,943.0121947375769,17.74943008678929,964b2b97b7aa5d71315aa83c250f354455da8fca6abd200483e32ab7a9d4eeed,0,0,0,0,0,0,41
LPC,mixed_endpoint_50029,50029,mixed,endpoint,f2a12ca1825e052f673d8a45f9de882d636bededb649d122d38f31207b0cc1d2,15,15,6282.751905608236,418.850127040549,24478.75952804118,9006.613773790794,220,19,15,6,25,,True,19,55,1.7330195998365525,1.8080452000140212,185,170,35,6,1300.0000000000002,86.99999999999956,4895.751905608236,242.0978304298369,4,200,-9.094947017729282e-13,True,943.0121947375769,17.74943008678929,b6d73a0c224a7ec9653488ad43675d37dcad578a1c4fb78d8729fe9a9467d252,19,0,0,0,19,0,85
B60,mixed_endpoint_50028,50028,mixed,endpoint,8c49cebb9fcb826e49ab9bd8039f6fceec725c16c55182cd331d2603ec1a6abd,10,10,6466.3393780695405,646.633937806954,22081.69689034771,5731.390625745169,333,18,10,6,25,,True,8,44,4.007344799989369,4.091687699983595,315,305,18,2,1975.9999999999998,73.99999999999983,4416.3393780695405,212.05036315489815,8,311,-1.8189894035458565e-12,True,943.0121947375769,17.74943008678929,dbd006bc24c32ee7b0f6526b9c19816565d5ccfc10bf976e6d909e039de6efd8,0,0,0,0,0,0,8
previous_best,mixed_endpoint_50029,50029,mixed,endpoint,f2a12ca1825e052f673d8a45f9de882d636bededb649d122d38f31207b0cc1d2,15,15,6880.733806827811,458.71558712185407,26903.66903413907,9331.59831988566,239,21,15,0,25,,True,19,63,1.9669542000920046,2.026003100007074,202,187,37,10,1406.9999999999986,92.99999999999986,5380.733806827812,243.11094549509107,6,212,-2.7284841053187847e-12,True,943.0121947375769,2.074856830987301,385758249d2d707d61e7dd248256d2fdf497aa6b6968bffb1a3eb13ea92570a8,19,9,0,0,0,0,0
B20,mixed_endpoint_50028,50028,mixed,endpoint,8c49cebb9fcb826e49ab9bd8039f6fceec725c16c55182cd331d2603ec1a6abd,10,10,6313.376458994916,631.3376458994916,21066.882294974574,6723.805061965907,336,28,10,8,25,,True,8,44,4.1628493999596685,4.239924599998631,318,308,18,2,1996.000000000002,104.00000000000041,4213.376458994913,802.0118295786115,18,316,9.094947017729282e-13,True,943.0121947375769,17.74943008678929,3d43a9455ebf50356bcbb0bf2d5b120810f2f1a0828d226dad6a5957c7c28aaa,0,0,0,0,0,0,13
G075,mixed_endpoint_50029,50029,mixed,endpoint,f2a12ca1825e052f673d8a45f9de882d636bededb649d122d38f31207b0cc1d2,15,15,6567.708808225828,437.8472538817219,24708.544041129142,8944.252395224503,254,30,15,8,25,,True,11,57,1.2795738000713754,1.7433856000134256,225,210,29,6,1505.9999999999995,119.99999999999824,4941.70880822583,0.0,15,236,-9.094947017729282e-13,True,943.0121947375769,17.74943008678929,964b2b97b7aa5d71315aa83c250f354455da8fca6abd200483e32ab7a9d4eeed,0,0,0,0,0,0,41
G15,mixed_endpoint_50029,50029,mixed,endpoint,f2a12ca1825e052f673d8a45f9de882d636bededb649d122d38f31207b0cc1d2,15,15,6567.708808225828,437.8472538817219,24708.544041129142,8944.252395224503,254,30,15,8,25,,True,11,57,1.166876599949319,1.5761125000135507,225,210,29,6,1505.9999999999995,119.99999999999824,4941.70880822583,0.0,15,236,-9.094947017729282e-13,True,943.0121947375769,17.74943008678929,964b2b97b7aa5d71315aa83c250f354455da8fca6abd200483e32ab7a9d4eeed,0,0,0,0,0,0,41
R2,mixed_endpoint_50029,50029,mixed,endpoint,f2a12ca1825e052f673d8a45f9de882d636bededb649d122d38f31207b0cc1d2,15,15,6567.708808225828,437.8472538817219,24708.544041129142,8944.252395224503,254,30,15,8,25,,True,11,57,1.4752705999999307,1.535383600014029,225,210,29,6,1505.9999999999995,119.99999999999824,4941.70880822583,0.0,15,236,-9.094947017729282e-13,True,943.0121947375769,17.74943008678929,964b2b97b7aa5d71315aa83c250f354455da8fca6abd200483e32ab7a9d4eeed,0,0,0,0,0,0,41
E2,mixed_endpoint_50029,50029,mixed,endpoint,f2a12ca1825e052f673d8a45f9de882d636bededb649d122d38f31207b0cc1d2,15,15,6559.785524650667,437.3190349767111,25663.927623253338,9393.697426361743,222,28,15,6,25,,True,6,59,2.350491699966369,2.462221800000407,196,181,26,5,1312.9999999999984,113.9999999999995,5132.785524650667,0.0,13,203,-9.094947017729282e-13,True,943.0121947375769,17.74943008678929,a80bb5c00c717701fb20f55f6df61deff98451e1e7c0f09ebade36c596179ffe,0,0,0,0,0,0,37
B60,mixed_endpoint_50029,50029,mixed,endpoint,f2a12ca1825e052f673d8a45f9de882d636bededb649d122d38f31207b0cc1d2,15,15,6977.375706181459,465.15838041209724,26636.878530907292,12494.647327246079,264,21,15,4,25,,True,8,60,2.2484442998247687,2.294805399986217,235,220,29,9,1557.000000000001,92.99999999999942,5327.375706181458,837.4049418146742,6,237,0.0,True,943.0121947375769,17.74943008678929,91dd2d41643d1d57d46b9e57afc0559b30a0931d065efbe5cd74dbff005bded6,0,0,0,0,0,0,11
E1,mixed_endpoint_50029,50029,mixed,endpoint,f2a12ca1825e052f673d8a45f9de882d636bededb649d122d38f31207b0cc1d2,15,15,6559.785524650667,437.3190349767111,25663.927623253338,9393.697426361743,222,28,15,6,25,,True,6,59,2.49337199999718,2.622404900001129,196,181,26,5,1312.9999999999984,113.9999999999995,5132.785524650667,0.0,13,203,-9.094947017729282e-13,True,943.0121947375769,17.74943008678929,a80bb5c00c717701fb20f55f6df61deff98451e1e7c0f09ebade36c596179ffe,0,0,0,0,0,0,37
R4,mixed_endpoint_50029,50029,mixed,endpoint,f2a12ca1825e052f673d8a45f9de882d636bededb649d122d38f31207b0cc1d2,15,15,6567.708808225828,437.8472538817219,24708.544041129142,8944.252395224503,254,30,15,8,25,,True,11,57,1.6208633999922313,1.6990726999938488,225,210,29,6,1505.9999999999995,119.99999999999824,4941.70880822583,0.0,15,236,-9.094947017729282e-13,True,943.0121947375769,17.74943008678929,964b2b97b7aa5d71315aa83c250f354455da8fca6abd200483e32ab7a9d4eeed,0,0,0,0,0,0,41
baseline,mixed_endpoint_50030,50030,mixed,endpoint,818475a636b00e84e820b71bb73f1951b195babf57017deb094aa7440c7b588d,10,10,6525.824866038993,652.5824866038993,22359.12433019496,7670.138121422964,337,14,10,0,25,,True,3,68,0.7731877999322023,0.8148146000166889,304,294,33,3,1991.9999999999995,62.0000000000003,4471.824866038992,187.16888859175106,4,307,0.0,True,943.0121947375769,17.74943008678929,d95c52c0b161b799d58b9414d1caaf10abc998ca6584a8aedaef81ad15fa56f4,0,0,0,0,0,0,0
H200,mixed_endpoint_50029,50029,mixed,endpoint,f2a12ca1825e052f673d8a45f9de882d636bededb649d122d38f31207b0cc1d2,15,15,6906.039469119401,460.4026312746267,27245.197345597007,10749.043972374657,229,25,15,1,25,,True,7,71,2.024067499936791,2.085159600013867,196,181,33,9,1351.9999999999995,104.99999999999734,5449.039469119401,0.0,10,207,-9.094947017729282e-13,True,943.0121947375769,17.74943008678929,8abd573ceadb0cfda1da44c0099c8bb878c4579c74288fc62e914382606ce1b7,0,0,0,0,0,0,45
N20,mixed_endpoint_50029,50029,mixed,endpoint,f2a12ca1825e052f673d8a45f9de882d636bededb649d122d38f31207b0cc1d2,15,15,6567.708808225828,437.8472538817219,24708.544041129142,8944.252395224503,254,30,15,8,25,,True,11,57,1.1761777999636251,1.6211947999836411,225,210,29,6,1505.9999999999995,119.99999999999824,4941.70880822583,0.0,15,236,-9.094947017729282e-13,True,943.0121947375769,17.74943008678929,964b2b97b7aa5d71315aa83c250f354455da8fca6abd200483e32ab7a9d4eeed,0,0,0,0,0,0,41
H400,mixed_endpoint_50029,50029,mixed,endpoint,f2a12ca1825e052f673d8a45f9de882d636bededb649d122d38f31207b0cc1d2,15,15,6619.649117447332,441.3099411631555,26068.24558723666,11414.031503086555,219,27,15,1,25,,True,6,72,1.6735550001612864,1.7238541999831796,188,173,31,7,1294.9999999999998,110.99999999999972,5213.649117447334,1609.2788018063493,12,200,0.0,True,943.0121947375769,17.74943008678929,74db63d96931757fbe9697a402b41d3a8381136d5c8fffcb0f37a4fa91877bb0,0,0,0,0,0,0,61
LPC,mixed_endpoint_50030,50030,mixed,endpoint,818475a636b00e84e820b71bb73f1951b195babf57017deb094aa7440c7b588d,10,10,6577.289168868862,657.7289168868863,22941.445844344307,7080.529989874686,318,27,10,5,25,,True,8,46,0.9952828999375924,1.0679087000025902,299,289,19,3,1887.9999999999998,100.99999999999957,4588.289168868863,273.9931555829862,17,298,9.094947017729282e-13,True,943.0121947375769,17.74943008678929,c58cacac20a9519b426e95a22fa25d3f6d0657b396390f3ad44939757c739de4,8,0,0,0,8,0,41
N50,mixed_endpoint_50029,50029,mixed,endpoint,f2a12ca1825e052f673d8a45f9de882d636bededb649d122d38f31207b0cc1d2,15,15,6567.708808225828,437.8472538817219,24708.544041129142,8944.252395224503,254,30,15,8,25,,True,11,57,1.2470193997141905,1.660319700022228,225,210,29,6,1505.9999999999995,119.99999999999824,4941.70880822583,0.0,15,236,-9.094947017729282e-13,True,943.0121947375769,17.74943008678929,964b2b97b7aa5d71315aa83c250f354455da8fca6abd200483e32ab7a9d4eeed,0,0,0,0,0,0,41
LC,mixed_endpoint_50030,50030,mixed,endpoint,818475a636b00e84e820b71bb73f1951b195babf57017deb094aa7440c7b588d,10,10,6959.150360887115,695.9150360887115,24165.751804435582,8566.26150169159,345,18,10,3,25,,True,3,51,1.129529099795036,1.1858672999951523,326,316,19,2,2052.000000000001,73.99999999999869,4833.150360887116,393.0916126413849,8,327,-9.094947017729282e-13,True,943.0121947375769,17.74943008678929,20b379ae615d2d03a8da7373b7307d75ca22ca30dc1b2abaf2735404eabe43e7,0,0,0,0,0,0,43
previous_best,mixed_endpoint_50030,50030,mixed,endpoint,818475a636b00e84e820b71bb73f1951b195babf57017deb094aa7440c7b588d,10,10,6312.675939787245,631.2675939787244,21303.379698936224,6204.659112645068,335,13,10,0,25,,True,13,47,1.1202101000817493,1.1756330000062007,312,302,23,2,1992.9999999999998,59.00000000000057,4260.675939787246,1507.3698240980466,3,318,0.0,True,943.0121947375769,2.074856830987301,3183b7845f1ac8e8e7883f48b34fd822a66ce96afb93861fac19ea915946bade,13,3,0,0,0,0,0
ER,mixed_endpoint_50029,50029,mixed,endpoint,f2a12ca1825e052f673d8a45f9de882d636bededb649d122d38f31207b0cc1d2,15,15,6559.785524650667,437.3190349767111,25663.927623253338,9393.697426361743,222,28,15,6,25,,True,6,59,2.3126793000556063,2.4098555000091437,196,181,26,5,1312.9999999999984,113.9999999999995,5132.785524650667,0.0,13,203,-9.094947017729282e-13,True,943.0121947375769,17.74943008678929,a80bb5c00c717701fb20f55f6df61deff98451e1e7c0f09ebade36c596179ffe,0,0,0,0,0,0,37
ERN,mixed_endpoint_50029,50029,mixed,endpoint,f2a12ca1825e052f673d8a45f9de882d636bededb649d122d38f31207b0cc1d2,15,15,6559.785524650667,437.3190349767111,25663.927623253338,9393.697426361743,222,28,15,6,25,,True,6,59,1.831613600050332,2.3182764000084717,196,181,26,5,1312.9999999999984,113.9999999999995,5132.785524650667,0.0,13,203,-9.094947017729282e-13,True,943.0121947375769,17.74943008678929,a80bb5c00c717701fb20f55f6df61deff98451e1e7c0f09ebade36c596179ffe,0,0,0,0,0,0,37
EN,mixed_endpoint_50029,50029,mixed,endpoint,f2a12ca1825e052f673d8a45f9de882d636bededb649d122d38f31207b0cc1d2,15,15,6559.785524650667,437.3190349767111,25663.927623253338,9393.697426361743,222,28,15,6,25,,True,6,59,1.9749092000129167,2.4713180999970064,196,181,26,5,1312.9999999999984,113.9999999999995,5132.785524650667,0.0,13,203,-9.094947017729282e-13,True,943.0121947375769,17.74943008678929,a80bb5c00c717701fb20f55f6df61deff98451e1e7c0f09ebade36c596179ffe,0,0,0,0,0,0,37
E1,mixed_endpoint_50030,50030,mixed,endpoint,818475a636b00e84e820b71bb73f1951b195babf57017deb094aa7440c7b588d,10,10,6927.227733687895,692.7227733687895,23881.13866843948,8272.840818081375,343,30,10,5,25,,True,3,48,1.5228728000074625,1.6430971999943722,326,316,17,2,2041.000000000001,109.9999999999994,4776.227733687895,393.0916126413849,20,326,-9.094947017729282e-13,True,943.0121947375769,17.74943008678929,671ce151e9da84f89b4a65a929c9b1644c0d46e6882eecc2315a1726d059c65e,0,0,0,0,0,0,40
G15,mixed_endpoint_50030,50030,mixed,endpoint,818475a636b00e84e820b71bb73f1951b195babf57017deb094aa7440c7b588d,10,10,6959.150360887115,695.9150360887115,24165.751804435582,8566.26150169159,345,18,10,3,25,,True,3,51,1.0101726998691447,1.3683900000178255,326,316,19,2,2052.000000000001,73.99999999999869,4833.150360887116,393.0916126413849,8,327,-9.094947017729282e-13,True,943.0121947375769,17.74943008678929,20b379ae615d2d03a8da7373b7307d75ca22ca30dc1b2abaf2735404eabe43e7,0,0,0,0,0,0,43
E2,mixed_endpoint_50030,50030,mixed,endpoint,818475a636b00e84e820b71bb73f1951b195babf57017deb094aa7440c7b588d,10,10,6927.227733687895,692.7227733687895,23881.13866843948,8272.840818081375,343,30,10,5,25,,True,3,48,1.446493100025691,1.580182000005152,326,316,17,2,2041.000000000001,109.9999999999994,4776.227733687895,393.0916126413849,20,326,-9.094947017729282e-13,True,943.0121947375769,17.74943008678929,671ce151e9da84f89b4a65a929c9b1644c0d46e6882eecc2315a1726d059c65e,0,0,0,0,0,0,40
G075,mixed_endpoint_50030,50030,mixed,endpoint,818475a636b00e84e820b71bb73f1951b195babf57017deb094aa7440c7b588d,10,10,6959.150360887115,695.9150360887115,24165.751804435582,8566.26150169159,345,18,10,3,25,,True,3,51,1.0701018999388907,1.5000599000195507,326,316,19,2,2052.000000000001,73.99999999999869,4833.150360887116,393.0916126413849,8,327,-9.094947017729282e-13,True,943.0121947375769,17.74943008678929,20b379ae615d2d03a8da7373b7307d75ca22ca30dc1b2abaf2735404eabe43e7,0,0,0,0,0,0,43
R2,mixed_endpoint_50030,50030,mixed,endpoint,818475a636b00e84e820b71bb73f1951b195babf57017deb094aa7440c7b588d,10,10,6959.150360887115,695.9150360887115,24165.751804435582,8566.26150169159,345,18,10,3,25,,True,3,51,1.3887071999779437,1.4588234999973793,326,316,19,2,2052.000000000001,73.99999999999869,4833.150360887116,393.0916126413849,8,327,-9.094947017729282e-13,True,943.0121947375769,17.74943008678929,20b379ae615d2d03a8da7373b7307d75ca22ca30dc1b2abaf2735404eabe43e7,0,0,0,0,0,0,43
R4,mixed_endpoint_50030,50030,mixed,endpoint,818475a636b00e84e820b71bb73f1951b195babf57017deb094aa7440c7b588d,10,10,6959.150360887115,695.9150360887115,24165.751804435582,8566.26150169159,345,18,10,3,25,,True,3,51,1.3780817000370007,1.4539898999792058,326,316,19,2,2052.000000000001,73.99999999999869,4833.150360887116,393.0916126413849,8,327,-9.094947017729282e-13,True,943.0121947375769,17.74943008678929,20b379ae615d2d03a8da7373b7307d75ca22ca30dc1b2abaf2735404eabe43e7,0,0,0,0,0,0,43
H400,mixed_endpoint_50030,50030,mixed,endpoint,818475a636b00e84e820b71bb73f1951b195babf57017deb094aa7440c7b588d,10,10,6798.842105760264,679.8842105760264,23714.210528801315,8027.291396636496,332,22,10,2,25,,True,3,55,1.0331331000488717,1.091859400010435,313,303,19,4,1969.999999999999,86.00000000000114,4742.842105760263,1516.1848191780873,12,310,9.094947017729282e-13,True,943.0121947375769,17.74943008678929,1bc0165489dbc7d8ef57d19aca4548c2bfb56431570e0d5aafcdd65558ecbff3,0,0,0,0,0,0,42
baseline,mixed_endpoint_50031,50031,mixed,endpoint,7c8ff739846e74f26b55c7a19a404838a003b872a24b63e7223a97803b3ea69c,11,11,7111.56686064853,646.5060782407754,24717.834303242642,9550.67915732951,355,14,11,0,25,,True,3,65,0.7382672000385355,0.7940145999891683,325,314,30,4,2104.000000000001,64.00000000000036,4943.566860648529,0.0,3,329,9.094947017729282e-13,True,943.0121947375769,17.74943008678929,f6c4441e6c2d74bcfbc5d8991bf27343234977cd543f4cdb4a4561b1170051a1,0,0,0,0,0,0,0
H200,mixed_endpoint_50030,50030,mixed,endpoint,818475a636b00e84e820b71bb73f1951b195babf57017deb094aa7440c7b588d,10,10,6952.218781140628,695.2218781140629,24176.09390570315,8565.161031863201,345,15,10,2,25,,True,3,55,1.3175340999441687,1.3741985999804456,326,316,19,2,2052.0000000000005,64.99999999999963,4835.218781140628,393.0916126413849,5,327,-1.8189894035458565e-12,True,943.0121947375769,17.74943008678929,96cb9e4bf7ab05d180c1a55b883015837e419572109293a562fc9ff5cd07df8d,0,0,0,0,0,0,47
N20,mixed_endpoint_50030,50030,mixed,endpoint,818475a636b00e84e820b71bb73f1951b195babf57017deb094aa7440c7b588d,10,10,6959.150360887115,695.9150360887115,24165.751804435582,8566.26150169159,345,18,10,3,25,,True,3,51,0.873133999935817,1.2188796999980696,326,316,19,2,2052.000000000001,73.99999999999869,4833.150360887116,393.0916126413849,8,327,-9.094947017729282e-13,True,943.0121947375769,17.74943008678929,1afea7d6d207e8119d553e3fbeb551b8a7321567526c713d18090f56cf9829e5,0,0,0,0,0,0,43
N50,mixed_endpoint_50030,50030,mixed,endpoint,818475a636b00e84e820b71bb73f1951b195babf57017deb094aa7440c7b588d,10,10,6959.150360887115,695.9150360887115,24165.751804435582,8566.26150169159,345,18,10,3,25,,True,3,51,0.9078129000845365,1.2947348000016063,326,316,19,2,2052.000000000001,73.99999999999869,4833.150360887116,393.0916126413849,8,327,-9.094947017729282e-13,True,943.0121947375769,17.74943008678929,20b379ae615d2d03a8da7373b7307d75ca22ca30dc1b2abaf2735404eabe43e7,0,0,0,0,0,0,43
ER,mixed_endpoint_50030,50030,mixed,endpoint,818475a636b00e84e820b71bb73f1951b195babf57017deb094aa7440c7b588d,10,10,6927.227733687895,692.7227733687895,23881.13866843948,8272.840818081375,343,30,10,5,25,,True,3,48,1.300859099952504,1.4284977999923285,326,316,17,2,2041.000000000001,109.9999999999994,4776.227733687895,393.0916126413849,20,326,-9.094947017729282e-13,True,943.0121947375769,17.74943008678929,671ce151e9da84f89b4a65a929c9b1644c0d46e6882eecc2315a1726d059c65e,0,0,0,0,0,0,40
EN,mixed_endpoint_50030,50030,mixed,endpoint,818475a636b00e84e820b71bb73f1951b195babf57017deb094aa7440c7b588d,10,10,6927.227733687895,692.7227733687895,23881.13866843948,8272.840818081375,343,30,10,5,25,,True,3,48,1.0589508000120986,1.446360400004778,326,316,17,2,2041.000000000001,109.9999999999994,4776.227733687895,393.0916126413849,20,326,-9.094947017729282e-13,True,943.0121947375769,17.74943008678929,671ce151e9da84f89b4a65a929c9b1644c0d46e6882eecc2315a1726d059c65e,0,0,0,0,0,0,40
LC,mixed_endpoint_50031,50031,mixed,endpoint,7c8ff739846e74f26b55c7a19a404838a003b872a24b63e7223a97803b3ea69c,11,11,7285.610927235839,662.328266112349,25813.054636179193,10965.261454519088,345,17,11,3,25,,True,6,53,0.96296129989787,1.0119859999977052,322,311,23,0,2050.0000000000005,73.00000000000023,5162.610927235841,75.59366955891528,6,325,0.0,True,943.0121947375769,17.74943008678929,01f6865f83140625255ddc423b376b94953ebc39d5701c9d83fb33032a06f071,0,0,0,0,0,0,20
ERN,mixed_endpoint_50030,50030,mixed,endpoint,818475a636b00e84e820b71bb73f1951b195babf57017deb094aa7440c7b588d,10,10,6927.227733687895,692.7227733687895,23881.13866843948,8272.840818081375,343,30,10,5,25,,True,3,48,1.1890829000622034,1.599301700014621,326,316,17,2,2041.000000000001,109.9999999999994,4776.227733687895,393.0916126413849,20,326,-9.094947017729282e-13,True,943.0121947375769,17.74943008678929,671ce151e9da84f89b4a65a929c9b1644c0d46e6882eecc2315a1726d059c65e,0,0,0,0,0,0,40
B60,mixed_endpoint_50030,50030,mixed,endpoint,818475a636b00e84e820b71bb73f1951b195babf57017deb094aa7440c7b588d,10,10,6955.247738041319,695.5247738041319,23921.238690206592,7985.758050136528,345,36,10,6,25,,True,12,52,3.090236900112359,3.1760298000008333,315,305,30,16,2042.9999999999995,128.00000000000045,4784.247738041319,1957.7088212406943,26,318,9.094947017729282e-13,True,943.0121947375769,17.74943008678929,df15450d82d54d06f223d4e75921b5d73ac1d839fbbc9853b0d2208369a8c593,0,0,0,0,0,0,20
LPC,mixed_endpoint_50031,50031,mixed,endpoint,7c8ff739846e74f26b55c7a19a404838a003b872a24b63e7223a97803b3ea69c,11,11,6803.856145271236,618.5323768428397,23014.28072635617,8403.123856677646,362,12,11,1,25,,True,6,58,1.0558594000176527,1.1048628000135068,333,322,29,6,2143.0000000000005,58.00000000000017,4602.856145271235,950.5524928332961,1,333,1.8189894035458565e-12,True,943.0121947375769,17.74943008678929,3680596c790ac7a38d756fb6a12b7df24c504df5bfb119e87b5022f0c0ed95ee,6,0,0,0,6,0,4
E1,mixed_endpoint_50031,50031,mixed,endpoint,7c8ff739846e74f26b55c7a19a404838a003b872a24b63e7223a97803b3ea69c,11,11,6509.741905415754,591.7947186741595,21778.70952707878,7698.764560992888,345,26,11,4,25,,True,5,48,0.9812297999742441,1.0660609000187833,327,316,18,0,2054.000000000001,99.99999999999949,4355.741905415754,708.0688650752436,15,329,-1.8189894035458565e-12,True,943.0121947375769,17.74943008678929,fa90bba891de15f1148bd40ffddc3d00698021846886ceedc7daff39541066f1,0,0,0,0,0,0,2
previous_best,mixed_endpoint_50031,50031,mixed,endpoint,7c8ff739846e74f26b55c7a19a404838a003b872a24b63e7223a97803b3ea69c,11,11,6377.739723574077,579.7945203249161,21163.698617870385,5403.406243707774,350,14,11,0,25,,True,9,45,1.0601344000024255,1.1201236000051722,334,323,16,1,2080.999999999999,64.00000000000144,4232.739723574077,0.0,3,331,0.0,True,943.0121947375769,2.074856830987301,3dcf8c5c3f09b350c4485d688272a53c1413e5d0f390336939ea9198749d439e,9,6,0,0,0,0,0
E2,mixed_endpoint_50031,50031,mixed,endpoint,7c8ff739846e74f26b55c7a19a404838a003b872a24b63e7223a97803b3ea69c,11,11,6509.741905415754,591.7947186741595,21778.70952707878,7698.764560992888,345,26,11,4,25,,True,5,48,0.9780399999872316,1.0728637000138406,327,316,18,0,2054.000000000001,99.99999999999949,4355.741905415754,708.0688650752436,15,329,-1.8189894035458565e-12,True,943.0121947375769,17.74943008678929,fa90bba891de15f1148bd40ffddc3d00698021846886ceedc7daff39541066f1,0,0,0,0,0,0,2
G075,mixed_endpoint_50031,50031,mixed,endpoint,7c8ff739846e74f26b55c7a19a404838a003b872a24b63e7223a97803b3ea69c,11,11,7285.610927235839,662.328266112349,25813.054636179193,10965.261454519088,345,17,11,3,25,,True,6,53,0.8124008000595495,1.204518399987137,322,311,23,0,2050.0000000000005,73.00000000000023,5162.610927235841,75.59366955891528,6,325,0.0,True,943.0121947375769,17.74943008678929,01f6865f83140625255ddc423b376b94953ebc39d5701c9d83fb33032a06f071,0,0,0,0,0,0,20
G15,mixed_endpoint_50031,50031,mixed,endpoint,7c8ff739846e74f26b55c7a19a404838a003b872a24b63e7223a97803b3ea69c,11,11,7285.610927235839,662.328266112349,25813.054636179193,10965.261454519088,345,17,11,3,25,,True,6,53,0.7804502999933902,1.1553765999851748,322,311,23,0,2050.0000000000005,73.00000000000023,5162.610927235841,75.59366955891528,6,325,0.0,True,943.0121947375769,17.74943008678929,01f6865f83140625255ddc423b376b94953ebc39d5701c9d83fb33032a06f071,0,0,0,0,0,0,20
H200,mixed_endpoint_50031,50031,mixed,endpoint,7c8ff739846e74f26b55c7a19a404838a003b872a24b63e7223a97803b3ea69c,11,11,7276.296698353487,661.4815180321352,25816.483491767423,11222.735652488795,342,19,11,3,25,,True,5,55,1.0154337998537812,1.0690045999945141,322,311,20,0,2034.0000000000018,79.00000000000136,5163.296698353484,75.59366955891528,8,324,2.7284841053187847e-12,True,943.0121947375769,17.74943008678929,a05932f47872c9c0c6085f4dbb389bf52b36b02a23340805ecbb0921166d5832,0,0,0,0,0,0,21
R2,mixed_endpoint_50031,50031,mixed,endpoint,7c8ff739846e74f26b55c7a19a404838a003b872a24b63e7223a97803b3ea69c,11,11,7285.610927235839,662.328266112349,25813.054636179193,10965.261454519088,345,17,11,3,25,,True,6,53,1.2725906999257859,1.3396069000009447,322,311,23,0,2050.0000000000005,73.00000000000023,5162.610927235841,75.59366955891528,6,325,0.0,True,943.0121947375769,17.74943008678929,3962e648413738c5bbf72fcdbbd89065a1aa77c20662047e0c56a29a29773a34,0,0,0,0,0,0,20
R4,mixed_endpoint_50031,50031,mixed,endpoint,7c8ff739846e74f26b55c7a19a404838a003b872a24b63e7223a97803b3ea69c,11,11,7285.610927235839,662.328266112349,25813.054636179193,10965.261454519088,345,17,11,3,25,,True,6,53,1.3348422000417486,1.4007891000073869,322,311,23,0,2050.0000000000005,73.00000000000023,5162.610927235841,75.59366955891528,6,325,0.0,True,943.0121947375769,17.74943008678929,01f6865f83140625255ddc423b376b94953ebc39d5701c9d83fb33032a06f071,0,0,0,0,0,0,20
H400,mixed_endpoint_50031,50031,mixed,endpoint,7c8ff739846e74f26b55c7a19a404838a003b872a24b63e7223a97803b3ea69c,11,11,7325.572035019803,665.9610940927093,26047.860175099002,11459.485101161627,342,20,11,3,25,,True,5,56,1.2894444000266958,1.362415699986741,322,311,20,0,2034.0000000000018,82.00000000000108,5209.572035019802,75.59366955891528,9,324,1.8189894035458565e-12,True,943.0121947375769,17.74943008678929,f31fb10fe377facca7066b16bd9a829c4154fcd51d705827032d7f3754d7ba07,0,0,0,0,0,0,22
N20,mixed_endpoint_50031,50031,mixed,endpoint,7c8ff739846e74f26b55c7a19a404838a003b872a24b63e7223a97803b3ea69c,11,11,7285.610927235839,662.328266112349,25813.054636179193,10965.261454519088,345,17,11,3,25,,True,6,53,0.9470157000469044,1.4261653999856208,322,311,23,0,2050.0000000000005,73.00000000000023,5162.610927235841,75.59366955891528,6,325,0.0,True,943.0121947375769,17.74943008678929,7becac8015d1b1b23c4d44e4c5d73a0f3749a407a7744d422ec38f351ec1a24d,0,0,0,0,0,0,20
N50,mixed_endpoint_50031,50031,mixed,endpoint,7c8ff739846e74f26b55c7a19a404838a003b872a24b63e7223a97803b3ea69c,11,11,7285.610927235839,662.328266112349,25813.054636179193,10965.261454519088,345,17,11,3,25,,True,6,53,0.9201034999277908,1.3772966999968048,322,311,23,0,2050.0000000000005,73.00000000000023,5162.610927235841,75.59366955891528,6,325,0.0,True,943.0121947375769,17.74943008678929,01f6865f83140625255ddc423b376b94953ebc39d5701c9d83fb33032a06f071,0,0,0,0,0,0,20
ER,mixed_endpoint_50031,50031,mixed,endpoint,7c8ff739846e74f26b55c7a19a404838a003b872a24b63e7223a97803b3ea69c,11,11,6509.741905415754,591.7947186741595,21778.70952707878,7698.764560992888,345,26,11,4,25,,True,5,48,1.1714472000603564,1.2789979000226595,327,316,18,0,2054.000000000001,99.99999999999949,4355.741905415754,708.0688650752436,15,329,-1.8189894035458565e-12,True,943.0121947375769,17.74943008678929,fa90bba891de15f1148bd40ffddc3d00698021846886ceedc7daff39541066f1,0,0,0,0,0,0,2
EN,mixed_endpoint_50031,50031,mixed,endpoint,7c8ff739846e74f26b55c7a19a404838a003b872a24b63e7223a97803b3ea69c,11,11,6509.741905415754,591.7947186741595,21778.70952707878,7698.764560992888,345,26,11,4,25,,True,5,48,0.7865425999625586,1.2549048000073526,327,316,18,0,2054.000000000001,99.99999999999949,4355.741905415754,708.0688650752436,15,329,-1.8189894035458565e-12,True,943.0121947375769,17.74943008678929,fa90bba891de15f1148bd40ffddc3d00698021846886ceedc7daff39541066f1,0,0,0,0,0,0,2
ERN,mixed_endpoint_50031,50031,mixed,endpoint,7c8ff739846e74f26b55c7a19a404838a003b872a24b63e7223a97803b3ea69c,11,11,6509.741905415754,591.7947186741595,21778.70952707878,7698.764560992888,345,26,11,4,25,,True,5,48,0.8045959999435581,1.3099364999798127,327,316,18,0,2054.000000000001,99.99999999999949,4355.741905415754,708.0688650752436,15,329,-1.8189894035458565e-12,True,943.0121947375769,17.74943008678929,fa90bba891de15f1148bd40ffddc3d00698021846886ceedc7daff39541066f1,0,0,0,0,0,0,2
baseline,mixed_endpoint_50032,50032,mixed,endpoint,0bf699586d27b3236b53e55f775084aaa0f18b4353cc0c0f1e2944c8d5c372d0,14,14,6387.063069786891,456.2187906990636,23305.315348934444,11381.438468579725,278,21,14,1,25,,True,10,76,1.3081849001173396,1.372942600020906,234,220,44,6,1635.0,91.00000000000125,4661.06306978689,219.5070070783895,7,245,1.8189894035458565e-12,True,943.0121947375769,17.74943008678929,65a31269ce8d9bbb218c255d7c3e4aa0454d1c18c5deb1c514c7404f669b9b8e,0,0,0,0,0,0,0
B60,mixed_endpoint_50031,50031,mixed,endpoint,7c8ff739846e74f26b55c7a19a404838a003b872a24b63e7223a97803b3ea69c,11,11,7122.828445974832,647.5298587249847,24529.142229874156,8643.885206024246,360,20,11,5,25,,True,10,51,2.925589499878697,3.0105443999927957,334,323,26,9,2135.0,82.00000000000055,4905.828445974832,0.0,9,335,9.094947017729282e-13,True,943.0121947375769,17.74943008678929,d79195ff57501ea34f06429dbfdda7083e0d2dd6f7bcf6a674e0c3e3148b56bf,0,0,0,0,0,0,18
LPC,mixed_endpoint_50032,50032,mixed,endpoint,0bf699586d27b3236b53e55f775084aaa0f18b4353cc0c0f1e2944c8d5c372d0,14,14,6141.038211706496,438.64558655046403,22860.191058532495,9872.079750735076,249,22,14,4,25,,True,14,48,1.2381771998771,1.29645100000198,226,212,23,1,1474.999999999998,93.99999999999945,4572.038211706498,376.5647190499594,8,230,-2.7284841053187847e-12,True,943.0121947375769,17.74943008678929,586b91b7d5b261b8b29f69dc561b96bfa832b117c8d3df8a9088cf324ab7ca7f,14,0,0,0,14,0,39
LC,mixed_endpoint_50032,50032,mixed,endpoint,0bf699586d27b3236b53e55f775084aaa0f18b4353cc0c0f1e2944c8d5c372d0,14,14,6261.104203843462,447.22172884596154,23480.521019217307,9233.87808773533,245,27,14,8,25,,True,11,56,1.8512087999260984,1.9266135999932885,219,205,26,3,1456.0000000000018,108.99999999999832,4696.1042038434625,0.0,13,231,0.0,True,943.0121947375769,17.74943008678929,f7d1fc120943922227ac27935bc591cf00de5feef2b822055a753758a4dff6f6,0,0,0,0,0,0,56
B20,mixed_endpoint_50029,50029,mixed,endpoint,f2a12ca1825e052f673d8a45f9de882d636bededb649d122d38f31207b0cc1d2,15,15,7157.178317056322,477.14522113708813,26800.89158528163,12173.394659711972,285,29,15,5,25,,True,9,67,10.096772699878784,10.179348600009689,249,234,36,14,1679.9999999999995,116.99999999999976,5360.178317056321,191.69119584578584,14,255,-4.547473508864641e-12,True,943.0121947375769,17.74943008678929,9f4098eb2196c0f8ce77f9b6b8ce5ebf99fa7605f19c8649b13b0648268168de,0,0,0,0,0,0,72
B20,mixed_endpoint_50031,50031,mixed,endpoint,7c8ff739846e74f26b55c7a19a404838a003b872a24b63e7223a97803b3ea69c,11,11,7298.822747225214,663.5293406568376,24779.113736126066,9774.90203248641,363,56,11,7,25,,True,9,55,4.01417369992123,4.136484899994684,334,323,29,12,2153.000000000001,189.99999999999972,4955.822747225213,0.0,45,338,9.094947017729282e-13,True,943.0121947375769,17.74943008678929,e75a5169207d418da1d8a3961b1d07389b31d6a6ac57ca3d2f282b904f86367c,0,0,0,0,0,0,18
previous_best,mixed_endpoint_50032,50032,mixed,endpoint,0bf699586d27b3236b53e55f775084aaa0f18b4353cc0c0f1e2944c8d5c372d0,14,14,6493.743757046398,463.83883978902844,24828.718785231995,9538.616687751202,244,17,14,0,25,,True,17,51,1.8792556000116747,1.927332999999635,217,203,27,4,1448.999999999999,78.99999999999922,4965.7437570464,0.0,3,229,-9.094947017729282e-13,True,943.0121947375769,2.074856830987301,3f15aa163278d97824fdb191fd3ad2f4b961885fd13c7d8e5fef68ed46a5acbb,17,7,0,0,0,0,0
E1,mixed_endpoint_50032,50032,mixed,endpoint,0bf699586d27b3236b53e55f775084aaa0f18b4353cc0c0f1e2944c8d5c372d0,14,14,6479.302761257879,462.8073400898485,24441.51380628939,10722.036111982956,238,49,14,10,25,,True,10,49,1.8886446999385953,2.026897200004896,217,203,21,1,1416.0000000000005,174.99999999999937,4888.302761257878,288.09595629127216,35,226,9.094947017729282e-13,True,943.0121947375769,17.74943008678929,ced1fdeef6bafb68871679410ba71152c4e80a3a08733b7c000915a9f055fb20,0,0,0,0,0,0,44
B20,mixed_endpoint_50030,50030,mixed,endpoint,818475a636b00e84e820b71bb73f1951b195babf57017deb094aa7440c7b588d,10,10,7104.64944081333,710.464944081333,24748.247204066647,9065.896950720513,337,48,10,5,25,,True,10,56,7.049882999883266,7.1400299000088125,305,295,32,17,1990.999999999999,164.00000000000176,4949.64944081333,275.4577697768955,38,306,9.094947017729282e-13,True,943.0121947375769,17.74943008678929,6f5c10fc981fbcc645e987356c951147e8ff46a886f23fc2c55e4981f92c3441,0,0,0,0,0,0,19
E2,mixed_endpoint_50032,50032,mixed,endpoint,0bf699586d27b3236b53e55f775084aaa0f18b4353cc0c0f1e2944c8d5c372d0,14,14,6479.302761257879,462.8073400898485,24441.51380628939,10722.036111982956,238,49,14,10,25,,True,10,49,1.75273400003789,1.8955060000007506,217,203,21,1,1416.0000000000005,174.99999999999937,4888.302761257878,288.09595629127216,35,226,9.094947017729282e-13,True,943.0121947375769,17.74943008678929,ced1fdeef6bafb68871679410ba71152c4e80a3a08733b7c000915a9f055fb20,0,0,0,0,0,0,44
G075,mixed_endpoint_50032,50032,mixed,endpoint,0bf699586d27b3236b53e55f775084aaa0f18b4353cc0c0f1e2944c8d5c372d0,14,14,6261.104203843462,447.22172884596154,23480.521019217307,9233.87808773533,245,27,14,8,25,,True,11,56,1.3632673000684008,1.7481687999970745,219,205,26,3,1456.0000000000018,108.99999999999832,4696.1042038434625,0.0,13,231,0.0,True,943.0121947375769,17.74943008678929,f7d1fc120943922227ac27935bc591cf00de5feef2b822055a753758a4dff6f6,0,0,0,0,0,0,56
G15,mixed_endpoint_50032,50032,mixed,endpoint,0bf699586d27b3236b53e55f775084aaa0f18b4353cc0c0f1e2944c8d5c372d0,14,14,6261.104203843462,447.22172884596154,23480.521019217307,9233.87808773533,245,27,14,8,25,,True,11,56,1.5325420999433845,1.949173700006213,219,205,26,3,1456.0000000000018,108.99999999999832,4696.1042038434625,0.0,13,231,0.0,True,943.0121947375769,17.74943008678929,f7d1fc120943922227ac27935bc591cf00de5feef2b822055a753758a4dff6f6,0,0,0,0,0,0,56
R2,mixed_endpoint_50032,50032,mixed,endpoint,0bf699586d27b3236b53e55f775084aaa0f18b4353cc0c0f1e2944c8d5c372d0,14,14,6269.435889316233,447.8168492368738,23512.17944658117,9398.570094005112,245,27,14,8,25,,True,12,55,1.668180400156416,1.7344723000132944,219,205,26,3,1458.0000000000007,108.99999999999862,4702.435889316234,0.0,13,233,0.0,True,943.0121947375769,17.74943008678929,519fbd8f4d69463151fcbf6b73600c026ee77fe55d532920cce0265e6b66c4c2,0,0,0,0,0,0,55
H200,mixed_endpoint_50032,50032,mixed,endpoint,0bf699586d27b3236b53e55f775084aaa0f18b4353cc0c0f1e2944c8d5c372d0,14,14,6366.789073643055,454.7706481173611,23978.945368215274,9784.394903017246,241,37,14,5,25,,True,10,59,1.558993400016334,1.6280724999960512,218,204,23,0,1432.0000000000018,138.9999999999986,4795.7890736430545,0.0,23,227,9.094947017729282e-13,True,943.0121947375769,17.74943008678929,252c60ca1b962851540b2c43221cddda4cacbb0d20a9b6de206af7fe72f39fef,0,0,0,0,0,0,53
H400,mixed_endpoint_50032,50032,mixed,endpoint,0bf699586d27b3236b53e55f775084aaa0f18b4353cc0c0f1e2944c8d5c372d0,14,14,6366.789073643055,454.7706481173611,23978.945368215274,9784.394903017246,241,37,14,5,25,,True,10,59,1.5924417000787798,1.6542901000066195,218,204,23,0,1432.0000000000018,138.9999999999986,4795.7890736430545,0.0,23,227,9.094947017729282e-13,True,943.0121947375769,17.74943008678929,252c60ca1b962851540b2c43221cddda4cacbb0d20a9b6de206af7fe72f39fef,0,0,0,0,0,0,53
R4,mixed_endpoint_50032,50032,mixed,endpoint,0bf699586d27b3236b53e55f775084aaa0f18b4353cc0c0f1e2944c8d5c372d0,14,14,6261.104203843462,447.22172884596154,23480.521019217307,9233.87808773533,245,27,14,8,25,,True,11,56,1.7766633999417536,1.853249500010861,219,205,26,3,1456.0000000000018,108.99999999999832,4696.1042038434625,0.0,13,231,0.0,True,943.0121947375769,17.74943008678929,f7d1fc120943922227ac27935bc591cf00de5feef2b822055a753758a4dff6f6,0,0,0,0,0,0,56
N20,mixed_endpoint_50032,50032,mixed,endpoint,0bf699586d27b3236b53e55f775084aaa0f18b4353cc0c0f1e2944c8d5c372d0,14,14,6261.104203843462,447.22172884596154,23480.521019217307,9233.87808773533,245,27,14,8,25,,True,11,56,1.3892716999398544,1.7944904000032693,219,205,26,3,1456.0000000000018,108.99999999999832,4696.1042038434625,0.0,13,231,0.0,True,943.0121947375769,17.74943008678929,c3dc3da8001db91d4fca64c1d212af750a7c672e861f061424f31b33f7825d13,0,0,0,0,0,0,56
N50,mixed_endpoint_50032,50032,mixed,endpoint,0bf699586d27b3236b53e55f775084aaa0f18b4353cc0c0f1e2944c8d5c372d0,14,14,6261.104203843462,447.22172884596154,23480.521019217307,9233.87808773533,245,27,14,8,25,,True,11,56,1.571525199979078,2.0320306999783497,219,205,26,3,1456.0000000000018,108.99999999999832,4696.1042038434625,0.0,13,231,0.0,True,943.0121947375769,17.74943008678929,20bf94bb1d42e9a6153d8dba5733dd2161cb6d6176f9ba5af39ebbe248f3facf,0,0,0,0,0,0,56
baseline,mixed_endpoint_50033,50033,mixed,endpoint,38fc37e89e5bf67849ab3abf760ff14867a0e54f25a52b9b7e9bf6c1c2c0bf75,13,13,6146.649560041173,472.81919692624405,22393.247800205878,9501.373493907895,268,18,13,0,25,,True,9,71,1.185520799976075,1.2390903999912553,230,217,38,1,1587.9999999999993,79.9999999999988,4478.649560041174,865.6911319550209,5,248,-2.7284841053187847e-12,True,943.0121947375769,17.74943008678929,558d40164b86870ab5aab9449edf9656b26f46cfa8e40356ac07e195fb8486ec,0,0,0,0,0,0,0
ER,mixed_endpoint_50032,50032,mixed,endpoint,0bf699586d27b3236b53e55f775084aaa0f18b4353cc0c0f1e2944c8d5c372d0,14,14,6479.302761257879,462.8073400898485,24441.51380628939,10722.036111982956,238,49,14,10,25,,True,10,49,2.0256480999232735,2.1903463999915402,217,203,21,1,1416.0000000000005,174.99999999999937,4888.302761257878,288.09595629127216,35,226,9.094947017729282e-13,True,943.0121947375769,17.74943008678929,ced1fdeef6bafb68871679410ba71152c4e80a3a08733b7c000915a9f055fb20,0,0,0,0,0,0,44
B20,mixed_endpoint_50032,50032,mixed,endpoint,0bf699586d27b3236b53e55f775084aaa0f18b4353cc0c0f1e2944c8d5c372d0,14,14,6326.385662992968,451.8846902137834,23411.928314964844,10388.490419245816,254,38,14,8,25,,True,11,50,3.87882140011061,3.9604619000165258,231,217,23,3,1501.9999999999993,142.00000000000043,4682.385662992969,0.0,24,232,-9.094947017729282e-13,True,943.0121947375769,17.74943008678929,2a259cf16dc24da972625b859c0cbc879d334d6141da08976d39a7d4451650c3,0,0,0,0,0,0,51
EN,mixed_endpoint_50032,50032,mixed,endpoint,0bf699586d27b3236b53e55f775084aaa0f18b4353cc0c0f1e2944c8d5c372d0,14,14,6479.302761257879,462.8073400898485,24441.51380628939,10722.036111982956,238,49,14,10,25,,True,10,49,1.672606599953724,2.1450346000201534,217,203,21,1,1416.0000000000005,174.99999999999937,4888.302761257878,288.09595629127216,35,226,9.094947017729282e-13,True,943.0121947375769,17.74943008678929,ced1fdeef6bafb68871679410ba71152c4e80a3a08733b7c000915a9f055fb20,0,0,0,0,0,0,44
ERN,mixed_endpoint_50032,50032,mixed,endpoint,0bf699586d27b3236b53e55f775084aaa0f18b4353cc0c0f1e2944c8d5c372d0,14,14,6479.302761257879,462.8073400898485,24441.51380628939,10722.036111982956,238,49,14,10,25,,True,10,49,1.6162212998897303,2.0793340999807697,217,203,21,1,1416.0000000000005,174.99999999999937,4888.302761257878,288.09595629127216,35,226,9.094947017729282e-13,True,943.0121947375769,17.74943008678929,ced1fdeef6bafb68871679410ba71152c4e80a3a08733b7c000915a9f055fb20,0,0,0,0,0,0,44
LC,mixed_endpoint_50033,50033,mixed,endpoint,38fc37e89e5bf67849ab3abf760ff14867a0e54f25a52b9b7e9bf6c1c2c0bf75,13,13,5915.902776811166,455.06944437008974,22084.513884055832,9403.985057904358,237,23,13,5,25,,True,9,53,1.8731242001522332,1.931856000010157,212,199,25,3,1404.000000000001,94.99999999999942,4416.902776811166,1060.1025814367322,10,219,0.0,True,943.0121947375769,17.74943008678929,b6e5c57721915da3a39804fc67d4eb2c178b05df76909bf1ad7a2654568b3797,0,0,0,0,0,0,80
LPC,mixed_endpoint_50033,50033,mixed,endpoint,38fc37e89e5bf67849ab3abf760ff14867a0e54f25a52b9b7e9bf6c1c2c0bf75,13,13,6659.636197389747,512.279707491519,24308.18098694873,8855.528916796191,285,26,13,6,25,,True,16,48,1.5924894999188837,1.6739012000034563,258,245,27,2,1694.0000000000014,104.00000000000027,4861.636197389746,866.2920702351121,13,269,1.8189894035458565e-12,True,943.0121947375769,17.74943008678929,ef1e424d8e2ef99b065c2c1ff167424f6b9aeeebe552aa1674f74bae9c9bcccf,16,0,0,0,16,0,51
previous_best,mixed_endpoint_50033,50033,mixed,endpoint,38fc37e89e5bf67849ab3abf760ff14867a0e54f25a52b9b7e9bf6c1c2c0bf75,13,13,5919.466575673075,455.34358274408265,21847.332878365378,9513.734087233666,247,20,13,0,25,,True,15,58,1.6932943999709096,1.7411366000014823,218,205,29,4,1463.999999999999,86.00000000000072,4369.466575673075,277.839472862649,7,229,-9.094947017729282e-13,True,943.0121947375769,2.074856830987301,ceaf3c97c8d52ce342c274d5488866607409959535cdc3cfd4e9de3a87c492b0,15,10,0,0,0,0,0
E1,mixed_endpoint_50033,50033,mixed,endpoint,38fc37e89e5bf67849ab3abf760ff14867a0e54f25a52b9b7e9bf6c1c2c0bf75,13,13,5909.727029163631,454.5943868587409,22078.635145818156,9038.177809295714,236,23,13,5,25,,True,9,52,2.1540073000942357,2.2309682999912184,212,199,24,3,1399.0000000000007,94.99999999999986,4415.727029163631,1060.1025814367322,10,219,0.0,True,943.0121947375769,17.74943008678929,c5fff63bee2c5a47a187fb5bfcca952c35f5ff94884719fec52f4ff081dc4ce3,0,0,0,0,0,0,79
E2,mixed_endpoint_50033,50033,mixed,endpoint,38fc37e89e5bf67849ab3abf760ff14867a0e54f25a52b9b7e9bf6c1c2c0bf75,13,13,5909.727029163631,454.5943868587409,22078.635145818156,9038.177809295714,236,23,13,5,25,,True,9,52,2.1905944000172894,2.2599148000008427,212,199,24,3,1399.0000000000007,94.99999999999986,4415.727029163631,1060.1025814367322,10,219,0.0,True,943.0121947375769,17.74943008678929,c5fff63bee2c5a47a187fb5bfcca952c35f5ff94884719fec52f4ff081dc4ce3,0,0,0,0,0,0,79
G075,mixed_endpoint_50033,50033,mixed,endpoint,38fc37e89e5bf67849ab3abf760ff14867a0e54f25a52b9b7e9bf6c1c2c0bf75,13,13,5915.902776811166,455.06944437008974,22084.513884055832,9403.985057904358,237,23,13,5,25,,True,9,53,1.4165531998733059,1.8053936999931466,212,199,25,3,1404.000000000001,94.99999999999942,4416.902776811166,1060.1025814367322,10,219,0.0,True,943.0121947375769,17.74943008678929,b6e5c57721915da3a39804fc67d4eb2c178b05df76909bf1ad7a2654568b3797,0,0,0,0,0,0,80
G15,mixed_endpoint_50033,50033,mixed,endpoint,38fc37e89e5bf67849ab3abf760ff14867a0e54f25a52b9b7e9bf6c1c2c0bf75,13,13,5915.902776811166,455.06944437008974,22084.513884055832,9403.985057904358,237,23,13,5,25,,True,9,53,1.2911171999876387,1.657512300007511,212,199,25,3,1404.000000000001,94.99999999999942,4416.902776811166,1060.1025814367322,10,219,0.0,True,943.0121947375769,17.74943008678929,b6e5c57721915da3a39804fc67d4eb2c178b05df76909bf1ad7a2654568b3797,0,0,0,0,0,0,80
R2,mixed_endpoint_50033,50033,mixed,endpoint,38fc37e89e5bf67849ab3abf760ff14867a0e54f25a52b9b7e9bf6c1c2c0bf75,13,13,5915.902776811166,455.06944437008974,22084.513884055832,9403.985057904358,237,23,13,5,25,,True,9,53,1.5869470000325236,1.641283500008285,212,199,25,3,1404.000000000001,94.99999999999942,4416.902776811166,1060.1025814367322,10,219,0.0,True,943.0121947375769,17.74943008678929,95a833b9c40beaea174b4f5e7d8b0d6c781a237480196764ec1922a11f3d441d,0,0,0,0,0,0,80
H200,mixed_endpoint_50033,50033,mixed,endpoint,38fc37e89e5bf67849ab3abf760ff14867a0e54f25a52b9b7e9bf6c1c2c0bf75,13,13,5902.062507857347,454.004808296719,22070.31253928674,9038.481222620045,236,21,13,4,25,,True,9,52,1.5874493000446819,1.6365611999935936,212,199,24,3,1399.0,88.99999999999925,4414.062507857348,1059.9166360637146,8,219,-1.8189894035458565e-12,True,943.0121947375769,17.74943008678929,636f79fec2dc31ff93d44798bb4f4accc763e423b2232c828d4bf41b540e584e,0,0,0,0,0,0,79
R4,mixed_endpoint_50033,50033,mixed,endpoint,38fc37e89e5bf67849ab3abf760ff14867a0e54f25a52b9b7e9bf6c1c2c0bf75,13,13,5915.902776811166,455.06944437008974,22084.513884055832,9403.985057904358,237,23,13,5,25,,True,9,53,1.7659450999635737,1.828424300008919,212,199,25,3,1404.000000000001,94.99999999999942,4416.902776811166,1060.1025814367322,10,219,0.0,True,943.0121947375769,17.74943008678929,b6e5c57721915da3a39804fc67d4eb2c178b05df76909bf1ad7a2654568b3797,0,0,0,0,0,0,80
H400,mixed_endpoint_50033,50033,mixed,endpoint,38fc37e89e5bf67849ab3abf760ff14867a0e54f25a52b9b7e9bf6c1c2c0bf75,13,13,5910.274369371677,454.63648995166744,22096.371846858387,9064.54053019169,236,22,13,4,25,,True,9,53,1.6707534999004565,1.7274717999971472,212,199,24,3,1399.0000000000005,91.99999999999949,4419.274369371677,1059.9166360637146,9,219,-9.094947017729282e-13,True,943.0121947375769,17.74943008678929,6f19865eb7c709d8dc4ae6e7fab786fcae20f38fe5ab3dd7f8f549573a169abb,0,0,0,0,0,0,79
B60,mixed_endpoint_50033,50033,mixed,endpoint,38fc37e89e5bf67849ab3abf760ff14867a0e54f25a52b9b7e9bf6c1c2c0bf75,13,13,6721.114283551144,517.0087910423956,24655.57141775571,9374.319758506092,282,31,13,6,25,,True,14,49,2.470961899962276,2.53147810001974,258,245,24,4,1670.9999999999998,119.00000000000013,4931.114283551145,864.6055628453832,18,261,1.8189894035458565e-12,True,943.0121947375769,17.74943008678929,83313b19895616d43a88507672f71a9517cd7fe5bfe86d2aae9eed40a25323fd,0,0,0,0,0,0,66
N20,mixed_endpoint_50033,50033,mixed,endpoint,38fc37e89e5bf67849ab3abf760ff14867a0e54f25a52b9b7e9bf6c1c2c0bf75,13,13,5915.902776811166,455.06944437008974,22084.513884055832,9403.985057904358,237,23,13,5,25,,True,9,53,1.4003896000504028,1.7999935999978334,212,199,25,3,1404.000000000001,94.99999999999942,4416.902776811166,1060.1025814367322,10,219,0.0,True,943.0121947375769,17.74943008678929,b6e5c57721915da3a39804fc67d4eb2c178b05df76909bf1ad7a2654568b3797,0,0,0,0,0,0,80
N50,mixed_endpoint_50033,50033,mixed,endpoint,38fc37e89e5bf67849ab3abf760ff14867a0e54f25a52b9b7e9bf6c1c2c0bf75,13,13,5915.902776811166,455.06944437008974,22084.513884055832,9403.985057904358,237,23,13,5,25,,True,9,53,1.5469882002216764,1.9368875999934971,212,199,25,3,1404.000000000001,94.99999999999942,4416.902776811166,1060.1025814367322,10,219,0.0,True,943.0121947375769,17.74943008678929,b6e5c57721915da3a39804fc67d4eb2c178b05df76909bf1ad7a2654568b3797,0,0,0,0,0,0,80
baseline,mixed_endpoint_50034,50034,mixed,endpoint,2af5c6792164c443c46a20ea935134fc1eb4f4b38b33228854dd7173d2df76aa,16,16,6417.51326515959,401.0945790724744,24602.56632579797,13670.955509184223,236,23,16,0,20,,True,11,76,1.4160887001198716,1.476723999978276,191,175,45,4,1395.9999999999975,100.99999999999982,4920.513265159592,0.0,7,216,-3.637978807091713e-12,True,943.0121947375769,17.74943008678929,ef8deb435367239e21d8d707cc757c3666bf8e3e43b050e67915bcdb8f83f47f,0,0,0,0,0,0,0
ERN,mixed_endpoint_50033,50033,mixed,endpoint,38fc37e89e5bf67849ab3abf760ff14867a0e54f25a52b9b7e9bf6c1c2c0bf75,13,13,5909.727029163631,454.5943868587409,22078.635145818156,9038.177809295714,236,23,13,5,25,,True,9,52,1.8652583999501076,2.230352700018557,212,199,24,3,1399.0000000000007,94.99999999999986,4415.727029163631,1060.1025814367322,10,219,0.0,True,943.0121947375769,17.74943008678929,c51d9a69db1331cf686885e2bc9ac3c271b010a1f9489056c8e36c1605ecca3e,0,0,0,0,0,0,79
ER,mixed_endpoint_50033,50033,mixed,endpoint,38fc37e89e5bf67849ab3abf760ff14867a0e54f25a52b9b7e9bf6c1c2c0bf75,13,13,5909.727029163631,454.5943868587409,22078.635145818156,9038.177809295714,236,23,13,5,25,,True,9,52,2.335707200021716,2.410869500017725,212,199,24,3,1399.0000000000007,94.99999999999986,4415.727029163631,1060.1025814367322,10,219,0.0,True,943.0121947375769,17.74943008678929,c51d9a69db1331cf686885e2bc9ac3c271b010a1f9489056c8e36c1605ecca3e,0,0,0,0,0,0,79
EN,mixed_endpoint_50033,50033,mixed,endpoint,38fc37e89e5bf67849ab3abf760ff14867a0e54f25a52b9b7e9bf6c1c2c0bf75,13,13,5909.727029163631,454.5943868587409,22078.635145818156,9038.177809295714,236,23,13,5,25,,True,9,52,2.0179718998551834,2.4356213999853935,212,199,24,3,1399.0000000000007,94.99999999999986,4415.727029163631,1060.1025814367322,10,219,0.0,True,943.0121947375769,17.74943008678929,c5fff63bee2c5a47a187fb5bfcca952c35f5ff94884719fec52f4ff081dc4ce3,0,0,0,0,0,0,79
LC,mixed_endpoint_50034,50034,mixed,endpoint,2af5c6792164c443c46a20ea935134fc1eb4f4b38b33228854dd7173d2df76aa,16,16,5374.799956538284,335.92499728364277,20808.999782691422,9184.701455847373,183,33,16,8,20,,True,8,55,1.9301952999085188,1.9973656000220217,157,141,26,5,1082.0000000000005,131.00000000000003,4161.799956538284,0.0,17,167,0.0,True,943.0121947375769,17.74943008678929,3de80434ad435a260bb8fef4313a8908fba26e3c4866cb2d39908e355ed9e9b8,0,0,0,0,0,0,28
LPC,mixed_endpoint_50034,50034,mixed,endpoint,2af5c6792164c443c46a20ea935134fc1eb4f4b38b33228854dd7173d2df76aa,16,16,5068.363675785992,316.7727297366245,18671.818378929947,10898.997651094785,195,47,16,6,16,,True,16,45,1.8802349001343828,1.9560591999907047,167,151,28,2,1161.0,172.9999999999998,3734.3636757859917,0.0,31,186,2.7284841053187847e-12,True,943.0121947375769,17.74943008678929,79ccf4c23c9386c8d3d4736d221ae497bb2c4dda50f2f1e3a8f02dbe40a87d75,16,0,0,0,16,0,70
previous_best,mixed_endpoint_50034,50034,mixed,endpoint,2af5c6792164c443c46a20ea935134fc1eb4f4b38b33228854dd7173d2df76aa,16,16,5144.906229328228,321.55663933301423,20339.531146641148,9793.291273409232,166,23,16,0,17,,True,23,54,1.8619678000104614,1.9098774000012781,128,112,38,4,975.9999999999994,100.99999999999947,4067.9062293282286,0.0,7,146,-1.8189894035458565e-12,True,943.0121947375769,2.074856830987301,625f8b17a1cb4d9bdfce71fe8d7488b1ec43f21c9cd378a716f906138152688d,23,11,0,0,0,0,0
B20,mixed_endpoint_50033,50033,mixed,endpoint,38fc37e89e5bf67849ab3abf760ff14867a0e54f25a52b9b7e9bf6c1c2c0bf75,13,13,6501.493963421051,500.1149202631578,23522.46981710527,8523.80429482782,281,35,13,7,25,,True,14,49,4.480826099897968,4.563374299992574,257,244,24,2,1665.9999999999998,130.9999999999992,4704.493963421052,1061.7489778727677,22,261,-2.7284841053187847e-12,True,943.0121947375769,17.74943008678929,78b3798aa1aff8fec607f12c7b146d3ffd396265c6bc285cd8d561b8a3430718,0,0,0,0,0,0,61
E1,mixed_endpoint_50034,50034,mixed,endpoint,2af5c6792164c443c46a20ea935134fc1eb4f4b38b33228854dd7173d2df76aa,16,16,5836.267684287739,364.7667302679837,22341.338421438686,9839.76600496692,181,88,16,9,20,,True,8,52,2.0853299000300467,2.263495999999577,156,140,25,5,1072.0000000000016,295.9999999999998,4468.267684287738,0.0,72,167,1.8189894035458565e-12,True,943.0121947375769,17.74943008678929,bc5eec2e3c269f637b6974004957569930b2ead172d7a17fb827de82a6c6dcb1,0,0,0,0,0,0,18
B60,mixed_endpoint_50032,50032,mixed,endpoint,0bf699586d27b3236b53e55f775084aaa0f18b4353cc0c0f1e2944c8d5c372d0,14,14,7806.812047726986,557.629431980499,30989.060238634946,15078.995945940498,259,22,14,6,25,,True,14,70,8.29154280005605,8.415666600019904,214,200,45,23,1514.999999999999,93.99999999999977,6197.812047726984,268.53455447686247,8,220,-3.637978807091713e-12,True,943.0121947375769,17.74943008678929,d69d95d57d0cc83d78103427271c0b1be947efe2ec0036cb73efb85f078879d5,0,0,0,0,0,0,92
E2,mixed_endpoint_50034,50034,mixed,endpoint,2af5c6792164c443c46a20ea935134fc1eb4f4b38b33228854dd7173d2df76aa,16,16,5836.267684287739,364.7667302679837,22341.338421438686,9839.76600496692,181,88,16,9,20,,True,8,52,1.9863661999697797,2.153465999988839,156,140,25,5,1072.0000000000016,295.9999999999998,4468.267684287738,0.0,72,167,1.8189894035458565e-12,True,943.0121947375769,17.74943008678929,bc5eec2e3c269f637b6974004957569930b2ead172d7a17fb827de82a6c6dcb1,0,0,0,0,0,0,18
G15,mixed_endpoint_50034,50034,mixed,endpoint,2af5c6792164c443c46a20ea935134fc1eb4f4b38b33228854dd7173d2df76aa,16,16,5374.799956538284,335.92499728364277,20808.999782691422,9184.701455847373,183,33,16,8,20,,True,8,55,1.5523764000390656,2.061400699982187,157,141,26,5,1082.0000000000005,131.00000000000003,4161.799956538284,0.0,17,167,0.0,True,943.0121947375769,17.74943008678929,3de80434ad435a260bb8fef4313a8908fba26e3c4866cb2d39908e355ed9e9b8,0,0,0,0,0,0,28
G075,mixed_endpoint_50034,50034,mixed,endpoint,2af5c6792164c443c46a20ea935134fc1eb4f4b38b33228854dd7173d2df76aa,16,16,5374.799956538284,335.92499728364277,20808.999782691422,9184.701455847373,183,33,16,8,20,,True,8,55,1.5980892999796197,2.09894450000138,157,141,26,5,1082.0000000000005,131.00000000000003,4161.799956538284,0.0,17,167,0.0,True,943.0121947375769,17.74943008678929,3de80434ad435a260bb8fef4313a8908fba26e3c4866cb2d39908e355ed9e9b8,0,0,0,0,0,0,28
H400,mixed_endpoint_50034,50034,mixed,endpoint,2af5c6792164c443c46a20ea935134fc1eb4f4b38b33228854dd7173d2df76aa,16,16,5101.139985999288,318.8212491249555,19985.699929996437,10257.28613250632,165,31,16,3,17,,True,8,54,1.957787399936933,2.013924999977462,142,126,23,0,979.0000000000005,125.00000000000034,3997.139985999286,0.0,15,154,9.094947017729282e-13,True,943.0121947375769,17.74943008678929,0b545e48eb8abd7bf7871e054e68127ab8df0d1ee49f648b4d2d1b8418a30da1,0,0,0,0,0,0,18
R2,mixed_endpoint_50034,50034,mixed,endpoint,2af5c6792164c443c46a20ea935134fc1eb4f4b38b33228854dd7173d2df76aa,16,16,5417.23935057958,338.57745941122374,20821.196752897897,9184.209430274359,182,48,16,9,20,,True,8,54,2.0075425000104588,2.0901934999856167,157,141,25,5,1077.0000000000002,176.00000000000009,4164.23935057958,0.0,32,167,9.094947017729282e-13,True,943.0121947375769,17.74943008678929,339ff0410cede27d8897c36072a9d518f757e93cb05ea4aa3941c2dd7279a18e,0,0,0,0,0,0,27
H200,mixed_endpoint_50034,50034,mixed,endpoint,2af5c6792164c443c46a20ea935134fc1eb4f4b38b33228854dd7173d2df76aa,16,16,5101.139985999288,318.8212491249555,19985.699929996437,10257.28613250632,165,31,16,3,17,,True,8,54,1.9979938999458682,2.0506030000105966,142,126,23,0,979.0000000000005,125.00000000000034,3997.139985999286,0.0,15,154,9.094947017729282e-13,True,943.0121947375769,17.74943008678929,0b545e48eb8abd7bf7871e054e68127ab8df0d1ee49f648b4d2d1b8418a30da1,0,0,0,0,0,0,18
R4,mixed_endpoint_50034,50034,mixed,endpoint,2af5c6792164c443c46a20ea935134fc1eb4f4b38b33228854dd7173d2df76aa,16,16,5374.799956538284,335.92499728364277,20808.999782691422,9184.701455847373,183,33,16,8,20,,True,8,55,2.01157640008023,2.085368700005347,157,141,26,5,1082.0000000000005,131.00000000000003,4161.799956538284,0.0,17,167,0.0,True,943.0121947375769,17.74943008678929,3de80434ad435a260bb8fef4313a8908fba26e3c4866cb2d39908e355ed9e9b8,0,0,0,0,0,0,28
N20,mixed_endpoint_50034,50034,mixed,endpoint,2af5c6792164c443c46a20ea935134fc1eb4f4b38b33228854dd7173d2df76aa,16,16,5374.799956538284,335.92499728364277,20808.999782691422,9184.701455847373,183,33,16,8,20,,True,8,55,1.6345548000535928,2.1432357000012416,157,141,26,5,1082.0000000000005,131.00000000000003,4161.799956538284,0.0,17,167,0.0,True,943.0121947375769,17.74943008678929,c2de9314e347ec6dbf44306d831ab5dfaad3b3780b6ff31979b7e2afdcf281ef,0,0,0,0,0,0,28
N50,mixed_endpoint_50034,50034,mixed,endpoint,2af5c6792164c443c46a20ea935134fc1eb4f4b38b33228854dd7173d2df76aa,16,16,5374.799956538284,335.92499728364277,20808.999782691422,9184.701455847373,183,33,16,8,20,,True,8,55,1.5622758000681642,2.0525099000078626,157,141,26,5,1082.0000000000005,131.00000000000003,4161.799956538284,0.0,17,167,0.0,True,943.0121947375769,17.74943008678929,c2de9314e347ec6dbf44306d831ab5dfaad3b3780b6ff31979b7e2afdcf281ef,0,0,0,0,0,0,28
EN,mixed_endpoint_50034,50034,mixed,endpoint,2af5c6792164c443c46a20ea935134fc1eb4f4b38b33228854dd7173d2df76aa,16,16,5836.267684287739,364.7667302679837,22341.338421438686,9839.76600496692,181,88,16,9,20,,True,8,52,1.5769695000490174,2.151353900000686,156,140,25,5,1072.0000000000016,295.9999999999998,4468.267684287738,0.0,72,167,1.8189894035458565e-12,True,943.0121947375769,17.74943008678929,bc5eec2e3c269f637b6974004957569930b2ead172d7a17fb827de82a6c6dcb1,0,0,0,0,0,0,18
ER,mixed_endpoint_50034,50034,mixed,endpoint,2af5c6792164c443c46a20ea935134fc1eb4f4b38b33228854dd7173d2df76aa,16,16,5836.267684287739,364.7667302679837,22341.338421438686,9839.76600496692,181,88,16,9,20,,True,8,52,2.3101724999723956,2.4985775999957696,156,140,25,5,1072.0000000000016,295.9999999999998,4468.267684287738,0.0,72,167,1.8189894035458565e-12,True,943.0121947375769,17.74943008678929,3826985557d6d6b77eb7c7c60af04bddeac346b5dba0dcb0c87bf33b6f90439e,0,0,0,0,0,0,18
LPC,mixed_endpoint_50035,50035,mixed,endpoint,6908b397dfcbd3fdad99ff539aee58960837c75b3ff86f716cd17533ddd94de1,15,15,7132.607015616233,475.50713437441556,26003.03507808117,10118.479035864855,303,35,15,4,25,,True,8,60,0.992977199901361,1.0510429000132717,274,259,29,4,1796.9999999999998,134.99999999999977,5200.607015616234,661.1540384216078,20,282,-9.094947017729282e-13,True,943.0121947375769,17.74943008678929,a4329c1f9a80828c31a31a793f2774d4167b3fa3a3da138faa2460c3f8451c58,8,0,0,0,8,0,6
baseline,mixed_endpoint_50035,50035,mixed,endpoint,6908b397dfcbd3fdad99ff539aee58960837c75b3ff86f716cd17533ddd94de1,15,15,6834.241800885018,455.6161200590012,25336.20900442512,11669.617310366817,286,16,15,0,25,,True,5,72,1.1826393000374082,1.2336041000089608,249,234,37,3,1688.9999999999984,77.99999999999913,5067.241800885021,229.13037569937933,1,259,-5.4569682106375694e-12,True,943.0121947375769,17.74943008678929,ba549d25369ee9072395b3094ad06582e8eef2a0db556bb3189471f43282f3f9,0,0,0,0,0,0,0
E1,mixed_endpoint_50035,50035,mixed,endpoint,6908b397dfcbd3fdad99ff539aee58960837c75b3ff86f716cd17533ddd94de1,15,15,7166.487606381037,477.7658404254025,25937.438031905196,10087.082857516862,299,58,15,8,25,,True,5,59,1.1820460002345499,1.321905400021933,274,259,25,4,1774.9999999999993,204.0,5187.487606381039,661.1540384216078,43,280,-1.8189894035458565e-12,True,943.0121947375769,17.74943008678929,40fe85ad17e204d57ddc9fd1e583bc0edbe825e9089cba0a2ba127a1332d869e,0,0,0,0,0,0,10
E2,mixed_endpoint_50035,50035,mixed,endpoint,6908b397dfcbd3fdad99ff539aee58960837c75b3ff86f716cd17533ddd94de1,15,15,7166.487606381037,477.7658404254025,25937.438031905196,10087.082857516862,299,58,15,8,25,,True,5,59,1.2774383001378737,1.4467720999964513,274,259,25,4,1774.9999999999993,204.0,5187.487606381039,661.1540384216078,43,280,-1.8189894035458565e-12,True,943.0121947375769,17.74943008678929,40fe85ad17e204d57ddc9fd1e583bc0edbe825e9089cba0a2ba127a1332d869e,0,0,0,0,0,0,10
ERN,mixed_endpoint_50034,50034,mixed,endpoint,2af5c6792164c443c46a20ea935134fc1eb4f4b38b33228854dd7173d2df76aa,16,16,5836.267684287739,364.7667302679837,22341.338421438686,9839.76600496692,181,88,16,9,20,,True,8,52,1.6229726001038216,2.208888199995272,156,140,25,5,1072.0000000000016,295.9999999999998,4468.267684287738,0.0,72,167,1.8189894035458565e-12,True,943.0121947375769,17.74943008678929,3826985557d6d6b77eb7c7c60af04bddeac346b5dba0dcb0c87bf33b6f90439e,0,0,0,0,0,0,18
LC,mixed_endpoint_50035,50035,mixed,endpoint,6908b397dfcbd3fdad99ff539aee58960837c75b3ff86f716cd17533ddd94de1,15,15,7075.270008820732,471.68466725471546,26431.35004410366,11954.753850999004,283,27,15,7,25,,True,6,62,2.058042799733812,2.126751999981934,254,239,29,5,1678.0000000000018,111.00000000000043,5286.270008820731,545.5900037359033,12,263,0.0,True,943.0121947375769,17.74943008678929,05617bc798b3b7773c4862988587e61c507c80efd91730c1b8da65e10852081f,0,0,0,0,0,0,108
previous_best,mixed_endpoint_50035,50035,mixed,endpoint,6908b397dfcbd3fdad99ff539aee58960837c75b3ff86f716cd17533ddd94de1,15,15,7335.056175831702,489.00374505544676,27605.28087915851,11822.737056077991,291,19,15,0,25,,True,14,62,2.1282199999841396,2.19680239999434,258,243,33,9,1726.9999999999984,87.0000000000012,5521.056175831701,0.0,4,272,0.0,True,943.0121947375769,2.074856830987301,3e3a2c91f2a33b2300fdd1665cfce60368a8657b1ce729d36d0c25428584b3da,14,8,0,0,0,0,0
H200,mixed_endpoint_50035,50035,mixed,endpoint,6908b397dfcbd3fdad99ff539aee58960837c75b3ff86f716cd17533ddd94de1,15,15,7085.929267962147,472.39528453080976,26014.646339810733,10388.093389387914,302,20,15,1,25,,True,6,66,1.3245284000586253,1.3820864000008442,274,259,28,4,1793.000000000001,89.99999999999983,5202.929267962148,657.4974094639001,5,283,0.0,True,943.0121947375769,17.74943008678929,4e756b50577e963a91212fafc326bb3f8fee6b83e460f82825ad7f1ce1909293,0,0,0,0,0,0,8
B60,mixed_endpoint_50034,50034,mixed,endpoint,2af5c6792164c443c46a20ea935134fc1eb4f4b38b33228854dd7173d2df76aa,16,16,4921.091456916666,307.56821605729164,19500.457284583346,13000.430942340548,148,39,16,9,11,,True,8,46,5.861282099940581,5.934707699983846,121,105,27,5,871.999999999999,148.9999999999997,3900.0914569166684,0.0,23,132,-2.7284841053187847e-12,True,943.0121947375769,17.74943008678929,b9be054e549bffdb75ac36537693cfca4038a4ad4115d614e44d5cfc52fc39c9,0,0,0,0,0,0,47
H400,mixed_endpoint_50035,50035,mixed,endpoint,6908b397dfcbd3fdad99ff539aee58960837c75b3ff86f716cd17533ddd94de1,15,15,7082.1822798945095,472.1454853263006,26015.91139947255,10389.358449049727,300,22,15,1,25,,True,6,66,1.0996367999177892,1.1457526999874972,274,259,26,2,1783.0000000000005,95.99999999999986,5203.18227989451,657.4974094639001,7,283,0.0,True,943.0121947375769,17.74943008678929,24b1c549f08d3b0490bd6905c647fb456e99b5cf9cb663aa21986a7a8ce9ca20,0,0,0,0,0,0,8
R2,mixed_endpoint_50035,50035,mixed,endpoint,6908b397dfcbd3fdad99ff539aee58960837c75b3ff86f716cd17533ddd94de1,15,15,7115.079566082368,474.3386377388245,26365.397830411843,11903.445393977914,281,48,15,10,25,,True,6,60,2.0134157000284176,2.1081078999850433,254,239,27,5,1668.000000000001,174.00000000000082,5273.079566082368,545.5900037359033,33,263,-9.094947017729282e-13,True,943.0121947375769,17.74943008678929,c9b88f1f413be6a998200dd29566bad9325a58f06e54d15d14c587fa9a25e565,0,0,0,0,0,0,105
G15,mixed_endpoint_50035,50035,mixed,endpoint,6908b397dfcbd3fdad99ff539aee58960837c75b3ff86f716cd17533ddd94de1,15,15,7075.270008820732,471.68466725471546,26431.35004410366,11954.753850999004,283,27,15,7,25,,True,6,62,1.6908732000447344,2.2116563000017777,254,239,29,5,1678.0000000000018,111.00000000000043,5286.270008820731,545.5900037359033,12,263,0.0,True,943.0121947375769,17.74943008678929,05617bc798b3b7773c4862988587e61c507c80efd91730c1b8da65e10852081f,0,0,0,0,0,0,108
G075,mixed_endpoint_50035,50035,mixed,endpoint,6908b397dfcbd3fdad99ff539aee58960837c75b3ff86f716cd17533ddd94de1,15,15,7075.270008820732,471.68466725471546,26431.35004410366,11954.753850999004,283,27,15,7,25,,True,6,62,1.7479510999983177,2.296001500013517,254,239,29,5,1678.0000000000018,111.00000000000043,5286.270008820731,545.5900037359033,12,263,0.0,True,943.0121947375769,17.74943008678929,05617bc798b3b7773c4862988587e61c507c80efd91730c1b8da65e10852081f,0,0,0,0,0,0,108
R4,mixed_endpoint_50035,50035,mixed,endpoint,6908b397dfcbd3fdad99ff539aee58960837c75b3ff86f716cd17533ddd94de1,15,15,7075.270008820732,471.68466725471546,26431.35004410366,11954.753850999004,283,27,15,7,25,,True,6,62,2.027059500076575,2.1103807000035886,254,239,29,5,1678.0000000000018,111.00000000000043,5286.270008820731,545.5900037359033,12,263,0.0,True,943.0121947375769,17.74943008678929,05617bc798b3b7773c4862988587e61c507c80efd91730c1b8da65e10852081f,0,0,0,0,0,0,108
N20,mixed_endpoint_50035,50035,mixed,endpoint,6908b397dfcbd3fdad99ff539aee58960837c75b3ff86f716cd17533ddd94de1,15,15,7075.270008820732,471.68466725471546,26431.35004410366,11954.753850999004,283,27,15,7,25,,True,6,62,1.4781109000032302,2.0080567999975756,254,239,29,5,1678.0000000000018,111.00000000000043,5286.270008820731,545.5900037359033,12,263,0.0,True,943.0121947375769,17.74943008678929,05617bc798b3b7773c4862988587e61c507c80efd91730c1b8da65e10852081f,0,0,0,0,0,0,108
baseline,mixed_endpoint_50036,50036,mixed,endpoint,f72e9584ab0e4859fa976395f5190949616dcfff80def6fd4bd3310b942ace80,12,12,6734.258257500034,561.1881881250029,24626.29128750019,10240.909611406316,295,15,12,0,25,,True,4,69,0.9997646999836434,1.0467951000027824,261,249,34,4,1739.999999999998,69.0000000000005,4925.258257500035,210.91913073145315,3,265,-3.637978807091713e-12,True,943.0121947375769,17.74943008678929,4278637586a55f8376d574b8323b64e70e1713fd2c07c348a03f38b0977a0b91,0,0,0,0,0,0,0
N50,mixed_endpoint_50035,50035,mixed,endpoint,6908b397dfcbd3fdad99ff539aee58960837c75b3ff86f716cd17533ddd94de1,15,15,7075.270008820732,471.68466725471546,26431.35004410366,11954.753850999004,283,27,15,7,25,,True,6,62,1.6141969001328107,2.149852899980033,254,239,29,5,1678.0000000000018,111.00000000000043,5286.270008820731,545.5900037359033,12,263,0.0,True,943.0121947375769,17.74943008678929,05617bc798b3b7773c4862988587e61c507c80efd91730c1b8da65e10852081f,0,0,0,0,0,0,108
EN,mixed_endpoint_50035,50035,mixed,endpoint,6908b397dfcbd3fdad99ff539aee58960837c75b3ff86f716cd17533ddd94de1,15,15,7166.487606381037,477.7658404254025,25937.438031905196,10087.082857516862,299,58,15,8,25,,True,5,59,0.9334708999667782,1.4669339999963995,274,259,25,4,1774.9999999999993,204.0,5187.487606381039,661.1540384216078,43,280,-1.8189894035458565e-12,True,943.0121947375769,17.74943008678929,40fe85ad17e204d57ddc9fd1e583bc0edbe825e9089cba0a2ba127a1332d869e,0,0,0,0,0,0,10
ER,mixed_endpoint_50035,50035,mixed,endpoint,6908b397dfcbd3fdad99ff539aee58960837c75b3ff86f716cd17533ddd94de1,15,15,7166.487606381037,477.7658404254025,25937.438031905196,10087.082857516862,299,58,15,8,25,,True,5,59,1.338228100037668,1.4996079000120517,274,259,25,4,1774.9999999999993,204.0,5187.487606381039,661.1540384216078,43,280,-1.8189894035458565e-12,True,943.0121947375769,17.74943008678929,67e8b608af6a067d2b3a34fce02987798e30a08ab075ce76a9608a7925576ced,0,0,0,0,0,0,10
LPC,mixed_endpoint_50036,50036,mixed,endpoint,f72e9584ab0e4859fa976395f5190949616dcfff80def6fd4bd3310b942ace80,12,12,6274.598932887902,522.8832444073252,21897.99466443952,7864.420446730894,304,21,12,7,25,,True,8,46,1.212137900030939,1.286368200002471,286,274,18,0,1808.0,86.99999999999892,4379.598932887903,193.80166438527613,9,288,-1.8189894035458565e-12,True,943.0121947375769,17.74943008678929,8bca772801c885263020e4ae291037e98730fd8720abf6cc1710f8fd4c1724d8,8,0,0,0,8,0,36
ERN,mixed_endpoint_50035,50035,mixed,endpoint,6908b397dfcbd3fdad99ff539aee58960837c75b3ff86f716cd17533ddd94de1,15,15,7166.487606381037,477.7658404254025,25937.438031905196,10087.082857516862,299,58,15,8,25,,True,5,59,0.9079525999550242,1.4651785000169184,274,259,25,4,1774.9999999999993,204.0,5187.487606381039,661.1540384216078,43,280,-1.8189894035458565e-12,True,943.0121947375769,17.74943008678929,67e8b608af6a067d2b3a34fce02987798e30a08ab075ce76a9608a7925576ced,0,0,0,0,0,0,10
LC,mixed_endpoint_50036,50036,mixed,endpoint,f72e9584ab0e4859fa976395f5190949616dcfff80def6fd4bd3310b942ace80,12,12,7041.429894842291,586.7858245701909,26402.14947421145,10153.13167485996,274,38,12,7,25,,True,7,50,1.4108334000047762,1.4736846000014339,254,242,20,2,1623.0000000000014,137.99999999999972,5280.429894842291,308.13811093589993,26,253,1.8189894035458565e-12,True,943.0121947375769,17.74943008678929,fe2d8eb9a0a9a6ffee9cd5f40758f298befade4c64fd186eb2883f3b7a627f81,0,0,0,0,0,0,74
previous_best,mixed_endpoint_50036,50036,mixed,endpoint,f72e9584ab0e4859fa976395f5190949616dcfff80def6fd4bd3310b942ace80,12,12,6514.0907945551135,542.8408995462595,23125.453972775562,8252.287406163094,306,16,12,0,25,,True,12,50,1.3339649000845384,1.3869010000198614,284,272,22,1,1817.0000000000011,72.00000000000101,4625.090794555112,0.0,4,287,9.094947017729282e-13,True,943.0121947375769,2.074856830987301,81f37f425bd9b66fb8268d523b313f4a05b6c5155466ba5f31e7a022ca325f11,12,6,0,0,0,0,0
B20,mixed_endpoint_50034,50034,mixed,endpoint,2af5c6792164c443c46a20ea935134fc1eb4f4b38b33228854dd7173d2df76aa,16,16,5244.918836377587,327.80742727359916,20524.594181887922,12099.013202646109,170,35,16,8,17,,True,10,48,8.312042300007306,8.378817299992079,144,128,26,2,1003.0000000000006,137.00000000000176,4104.918836377584,0.0,19,153,1.8189894035458565e-12,True,943.0121947375769,17.74943008678929,1aecf2a84698262823a2847b51a7dc2844d652b4034102ade1733046ba1cdb64,0,0,0,0,0,0,97
E1,mixed_endpoint_50036,50036,mixed,endpoint,f72e9584ab0e4859fa976395f5190949616dcfff80def6fd4bd3310b942ace80,12,12,6391.341281128402,532.6117734273669,22276.706405642017,8110.182736706418,305,32,12,6,25,,True,7,48,1.3594316999660805,1.4548420000064652,286,274,19,1,1816.0,119.99999999999952,4455.341281128403,193.80166438527613,20,291,-9.094947017729282e-13,True,943.0121947375769,17.74943008678929,239eda88f133944be75dd694f5374ffe92ed2ddd2b3eb4ffdd6c6795c181c473,0,0,0,0,0,0,40
E2,mixed_endpoint_50036,50036,mixed,endpoint,f72e9584ab0e4859fa976395f5190949616dcfff80def6fd4bd3310b942ace80,12,12,6391.341281128402,532.6117734273669,22276.706405642017,8110.182736706418,305,32,12,6,25,,True,7,48,1.6422715999942739,1.7658460999955423,286,274,19,1,1816.0,119.99999999999952,4455.341281128403,193.80166438527613,20,291,-9.094947017729282e-13,True,943.0121947375769,17.74943008678929,239eda88f133944be75dd694f5374ffe92ed2ddd2b3eb4ffdd6c6795c181c473,0,0,0,0,0,0,40
B60,mixed_endpoint_50035,50035,mixed,endpoint,6908b397dfcbd3fdad99ff539aee58960837c75b3ff86f716cd17533ddd94de1,15,15,8118.725513905612,541.2483675937075,31553.62756952807,16579.818970526703,291,20,15,4,25,,True,8,73,5.556803900049999,5.631405399995856,252,237,39,16,1717.9999999999995,89.9999999999989,6310.725513905613,0.0,5,263,-1.8189894035458565e-12,True,943.0121947375769,17.74943008678929,bf87b0c8191d1d385594f3ae76ba36a7613f787b1f0ee9c6163a09abb09e383f,0,0,0,0,0,0,34
G075,mixed_endpoint_50036,50036,mixed,endpoint,f72e9584ab0e4859fa976395f5190949616dcfff80def6fd4bd3310b942ace80,12,12,7041.429894842291,586.7858245701909,26402.14947421145,10153.13167485996,274,38,12,7,25,,True,7,50,1.5332990999158937,1.96883679999155,254,242,20,2,1623.0000000000014,137.99999999999972,5280.429894842291,308.13811093589993,26,253,1.8189894035458565e-12,True,943.0121947375769,17.74943008678929,fe2d8eb9a0a9a6ffee9cd5f40758f298befade4c64fd186eb2883f3b7a627f81,0,0,0,0,0,0,74
G15,mixed_endpoint_50036,50036,mixed,endpoint,f72e9584ab0e4859fa976395f5190949616dcfff80def6fd4bd3310b942ace80,12,12,7041.429894842291,586.7858245701909,26402.14947421145,10153.13167485996,274,38,12,7,25,,True,7,50,1.4480707999609876,1.8845295000064652,254,242,20,2,1623.0000000000014,137.99999999999972,5280.429894842291,308.13811093589993,26,253,1.8189894035458565e-12,True,943.0121947375769,17.74943008678929,fe2d8eb9a0a9a6ffee9cd5f40758f298befade4c64fd186eb2883f3b7a627f81,0,0,0,0,0,0,74
R2,mixed_endpoint_50036,50036,mixed,endpoint,f72e9584ab0e4859fa976395f5190949616dcfff80def6fd4bd3310b942ace80,12,12,6964.348583275284,580.362381939607,26151.742916376417,9902.725117024926,274,29,12,7,25,,True,7,49,1.7618429000431206,1.8505642999953125,254,242,20,2,1623.0000000000014,110.99999999999976,5230.348583275283,308.13811093589993,17,253,9.094947017729282e-13,True,943.0121947375769,17.74943008678929,af4d7deb976ab1536a5ed4eed8e45ea246459ee571d28d701347557de6bfada0,0,0,0,0,0,0,71
R4,mixed_endpoint_50036,50036,mixed,endpoint,f72e9584ab0e4859fa976395f5190949616dcfff80def6fd4bd3310b942ace80,12,12,7041.429894842291,586.7858245701909,26402.14947421145,10153.13167485996,274,38,12,7,25,,True,7,50,1.8483300999214407,1.9428391999972519,254,242,20,2,1623.0000000000014,137.99999999999972,5280.429894842291,308.13811093589993,26,253,1.8189894035458565e-12,True,943.0121947375769,17.74943008678929,fe2d8eb9a0a9a6ffee9cd5f40758f298befade4c64fd186eb2883f3b7a627f81,0,0,0,0,0,0,74
H200,mixed_endpoint_50036,50036,mixed,endpoint,f72e9584ab0e4859fa976395f5190949616dcfff80def6fd4bd3310b942ace80,12,12,6372.307311205213,531.0256092671011,22366.536556026065,8210.707772895634,306,18,12,3,25,,True,7,53,1.6246320000791457,1.7072123999823816,286,274,20,1,1821.0,78.00000000000013,4473.307311205214,193.80166438527613,6,291,0.0,True,943.0121947375769,17.74943008678929,2ed8e2153e78aa9b41b6350bc0bbde06024ac9afc79fc63dec01710cb087fe63,0,0,0,0,0,0,46
H400,mixed_endpoint_50036,50036,mixed,endpoint,f72e9584ab0e4859fa976395f5190949616dcfff80def6fd4bd3310b942ace80,12,12,6372.307311205213,531.0256092671011,22366.536556026065,8210.707772895634,306,18,12,3,25,,True,7,53,1.616013600025326,1.699400899989996,286,274,20,1,1821.0,78.00000000000013,4473.307311205214,193.80166438527613,6,291,0.0,True,943.0121947375769,17.74943008678929,2ed8e2153e78aa9b41b6350bc0bbde06024ac9afc79fc63dec01710cb087fe63,0,0,0,0,0,0,46
baseline,mixed_endpoint_50037,50037,mixed,endpoint,f8e777052e83a2d414327779e88400ed488460a8c06cc6a39875f5649a926864,10,10,7117.095657934797,711.7095657934797,25270.478289673974,8232.301683669097,338,13,10,0,25,,True,4,61,0.8941976999049075,0.9391168000001926,310,300,28,3,2004.0000000000014,58.99999999999858,5054.095657934797,0.0,3,314,1.8189894035458565e-12,True,943.0121947375769,17.74943008678929,23c20fa083996844a62f16f8a5dbd14f58854c08b494276ce9b9293651991cba,0,0,0,0,0,0,0
B60,mixed_endpoint_50036,50036,mixed,endpoint,f72e9584ab0e4859fa976395f5190949616dcfff80def6fd4bd3310b942ace80,12,12,6545.4093588618125,545.4507799051511,24037.04679430906,7986.09139653697,279,20,12,4,25,,True,10,48,2.9553946999949403,3.021752300002845,257,245,22,6,1653.9999999999998,84.00000000000001,4807.4093588618125,155.16005704232703,8,259,9.094947017729282e-13,True,943.0121947375769,17.74943008678929,639100e7f982b23cc89de9ad885074ad0f3283847450586a7e73d710426409ac,0,0,0,0,0,0,66
N20,mixed_endpoint_50036,50036,mixed,endpoint,f72e9584ab0e4859fa976395f5190949616dcfff80def6fd4bd3310b942ace80,12,12,7041.429894842291,586.7858245701909,26402.14947421145,10153.13167485996,274,38,12,7,25,,True,7,50,1.4614262000250164,1.9044626000104472,254,242,20,2,1623.0000000000014,137.99999999999972,5280.429894842291,308.13811093589993,26,253,1.8189894035458565e-12,True,943.0121947375769,17.74943008678929,fe2d8eb9a0a9a6ffee9cd5f40758f298befade4c64fd186eb2883f3b7a627f81,0,0,0,0,0,0,74
N50,mixed_endpoint_50036,50036,mixed,endpoint,f72e9584ab0e4859fa976395f5190949616dcfff80def6fd4bd3310b942ace80,12,12,7041.429894842291,586.7858245701909,26402.14947421145,10153.13167485996,274,38,12,7,25,,True,7,50,1.2939307000197005,1.702363399992464,254,242,20,2,1623.0000000000014,137.99999999999972,5280.429894842291,308.13811093589993,26,253,1.8189894035458565e-12,True,943.0121947375769,17.74943008678929,fe2d8eb9a0a9a6ffee9cd5f40758f298befade4c64fd186eb2883f3b7a627f81,0,0,0,0,0,0,74
EN,mixed_endpoint_50036,50036,mixed,endpoint,f72e9584ab0e4859fa976395f5190949616dcfff80def6fd4bd3310b942ace80,12,12,6391.341281128402,532.6117734273669,22276.706405642017,8110.182736706418,305,32,12,6,25,,True,7,48,1.1037620000133757,1.514399500010768,286,274,19,1,1816.0,119.99999999999952,4455.341281128403,193.80166438527613,20,291,-9.094947017729282e-13,True,943.0121947375769,17.74943008678929,239eda88f133944be75dd694f5374ffe92ed2ddd2b3eb4ffdd6c6795c181c473,0,0,0,0,0,0,40
ERN,mixed_endpoint_50036,50036,mixed,endpoint,f72e9584ab0e4859fa976395f5190949616dcfff80def6fd4bd3310b942ace80,12,12,6391.341281128402,532.6117734273669,22276.706405642017,8110.182736706418,305,32,12,6,25,,True,7,48,1.0594525999040343,1.4994212000165135,286,274,19,1,1816.0,119.99999999999952,4455.341281128403,193.80166438527613,20,291,-9.094947017729282e-13,True,943.0121947375769,17.74943008678929,239eda88f133944be75dd694f5374ffe92ed2ddd2b3eb4ffdd6c6795c181c473,0,0,0,0,0,0,40
ER,mixed_endpoint_50036,50036,mixed,endpoint,f72e9584ab0e4859fa976395f5190949616dcfff80def6fd4bd3310b942ace80,12,12,6391.341281128402,532.6117734273669,22276.706405642017,8110.182736706418,305,32,12,6,25,,True,7,48,1.616569400037406,1.7362733999907505,286,274,19,1,1816.0,119.99999999999952,4455.341281128403,193.80166438527613,20,291,-9.094947017729282e-13,True,943.0121947375769,17.74943008678929,239eda88f133944be75dd694f5374ffe92ed2ddd2b3eb4ffdd6c6795c181c473,0,0,0,0,0,0,40
LPC,mixed_endpoint_50037,50037,mixed,endpoint,f8e777052e83a2d414327779e88400ed488460a8c06cc6a39875f5649a926864,10,10,6876.716664604102,687.6716664604103,23833.583323020524,8300.832749611,331,42,10,5,25,,True,9,49,1.153758100059349,1.2467610999883618,307,297,24,7,1963.9999999999993,145.99999999999827,4766.716664604105,1345.6016885106965,32,309,-2.7284841053187847e-12,True,943.0121947375769,17.74943008678929,407ba2b9d7aa260fd706080e1bab5e60741e88934244f4ba890bcf34f3040bca,9,0,0,0,9,0,38
previous_best,mixed_endpoint_50037,50037,mixed,endpoint,f8e777052e83a2d414327779e88400ed488460a8c06cc6a39875f5649a926864,10,10,6264.886061462176,626.4886061462176,21974.430307310875,5847.357771405791,306,11,10,0,25,,True,9,44,1.0460866000503302,1.0861080999893602,288,278,18,1,1817.0000000000018,52.999999999999666,4394.886061462176,206.37297898718043,1,287,9.094947017729282e-13,True,943.0121947375769,2.074856830987301,51f5fa5434f85aef9aa4a98eb64cbde49fa84d08a84677b1d84ff231785f57ab,9,4,0,0,0,0,0
LC,mixed_endpoint_50037,50037,mixed,endpoint,f8e777052e83a2d414327779e88400ed488460a8c06cc6a39875f5649a926864,10,10,7017.471126687289,701.747112668729,24002.355633436455,8386.148797979382,350,40,10,5,25,,True,7,53,1.5937200000043958,1.6900935999874491,325,315,25,8,2076.999999999998,139.99999999999937,4800.471126687291,233.0162177689699,30,327,-1.8189894035458565e-12,True,943.0121947375769,17.74943008678929,ddcc07f2178a1df925a6a762fd89cd90e155b8fba494d336c4f3441f459b9ce0,0,0,0,0,0,0,88
E2,mixed_endpoint_50037,50037,mixed,endpoint,f8e777052e83a2d414327779e88400ed488460a8c06cc6a39875f5649a926864,10,10,7026.764048602061,702.676404860206,23938.820243010312,8316.39689968958,349,49,10,6,25,,True,7,51,1.8897233000025153,2.0550258999865036,325,315,24,8,2071.999999999999,167.00000000000026,4787.764048602061,233.01621776897082,39,327,-1.8189894035458565e-12,True,943.0121947375769,17.74943008678929,c1883ff913e33016e2162006be5968a45f160fcbb7010116976ac90a8baab743,0,0,0,0,0,0,84
G075,mixed_endpoint_50037,50037,mixed,endpoint,f8e777052e83a2d414327779e88400ed488460a8c06cc6a39875f5649a926864,10,10,7017.471126687289,701.747112668729,24002.355633436455,8386.148797979382,350,40,10,5,25,,True,7,53,1.221665099990787,1.6002875000122003,325,315,25,8,2076.999999999998,139.99999999999937,4800.471126687291,233.0162177689699,30,327,-1.8189894035458565e-12,True,943.0121947375769,17.74943008678929,ddcc07f2178a1df925a6a762fd89cd90e155b8fba494d336c4f3441f459b9ce0,0,0,0,0,0,0,88
R2,mixed_endpoint_50037,50037,mixed,endpoint,f8e777052e83a2d414327779e88400ed488460a8c06cc6a39875f5649a926864,10,10,7017.471126687289,701.747112668729,24002.355633436455,8386.148797979382,350,40,10,5,25,,True,7,53,1.5418210999050643,1.6381151999812573,325,315,25,8,2076.999999999998,139.99999999999937,4800.471126687291,233.0162177689699,30,327,-1.8189894035458565e-12,True,943.0121947375769,17.74943008678929,75068adef09103be12f4e7e19ade49736e92888d5b6a4c4b170d89c872c6f25c,0,0,0,0,0,0,88
E1,mixed_endpoint_50037,50037,mixed,endpoint,f8e777052e83a2d414327779e88400ed488460a8c06cc6a39875f5649a926864,10,10,7026.764048602061,702.676404860206,23938.820243010312,8316.39689968958,349,49,10,6,25,,True,7,51,2.07256439991761,2.244446600001538,325,315,24,8,2071.999999999999,167.00000000000026,4787.764048602061,233.01621776897082,39,327,-1.8189894035458565e-12,True,943.0121947375769,17.74943008678929,c1883ff913e33016e2162006be5968a45f160fcbb7010116976ac90a8baab743,0,0,0,0,0,0,84
B20,mixed_endpoint_50036,50036,mixed,endpoint,f72e9584ab0e4859fa976395f5190949616dcfff80def6fd4bd3310b942ace80,12,12,6972.472292856717,581.0393577380597,25142.36146428359,11249.375176821733,315,18,12,3,25,,True,12,52,5.35729190002894,5.428349900001194,287,275,28,8,1865.9999999999998,77.99999999999935,5028.472292856717,816.7984680005575,6,291,-9.094947017729282e-13,True,943.0121947375769,17.74943008678929,ff61d1d9e05851df032b4946eceba0848a943498f15f1d20f7e4158e6bcc67fb,0,0,0,0,0,0,32
G15,mixed_endpoint_50037,50037,mixed,endpoint,f8e777052e83a2d414327779e88400ed488460a8c06cc6a39875f5649a926864,10,10,7017.471126687289,701.747112668729,24002.355633436455,8386.148797979382,350,40,10,5,25,,True,7,53,1.3359424999216571,1.7329403999901842,325,315,25,8,2076.999999999998,139.99999999999937,4800.471126687291,233.0162177689699,30,327,-1.8189894035458565e-12,True,943.0121947375769,17.74943008678929,ddcc07f2178a1df925a6a762fd89cd90e155b8fba494d336c4f3441f459b9ce0,0,0,0,0,0,0,88
R4,mixed_endpoint_50037,50037,mixed,endpoint,f8e777052e83a2d414327779e88400ed488460a8c06cc6a39875f5649a926864,10,10,7017.471126687289,701.747112668729,24002.355633436455,8386.148797979382,350,40,10,5,25,,True,7,53,1.6366617000603583,1.7431219999853056,325,315,25,8,2076.999999999998,139.99999999999937,4800.471126687291,233.0162177689699,30,327,-1.8189894035458565e-12,True,943.0121947375769,17.74943008678929,ddcc07f2178a1df925a6a762fd89cd90e155b8fba494d336c4f3441f459b9ce0,0,0,0,0,0,0,88
H200,mixed_endpoint_50037,50037,mixed,endpoint,f8e777052e83a2d414327779e88400ed488460a8c06cc6a39875f5649a926864,10,10,6659.586013620002,665.9586013620002,22577.93006810001,7836.497264635434,345,24,10,3,25,,True,8,54,1.7146338999154978,1.787393400009023,325,315,20,0,2052.0,91.99999999999939,4515.586013620004,233.0121244303091,14,327,0.0,True,943.0121947375769,17.74943008678929,8aaf5038d9bc406418f2e690eb80b0df615e24e3f933e9aaaae425d84d8a8ea8,0,0,0,0,0,0,87
H400,mixed_endpoint_50037,50037,mixed,endpoint,f8e777052e83a2d414327779e88400ed488460a8c06cc6a39875f5649a926864,10,10,6659.586013620002,665.9586013620002,22577.93006810001,7836.497264635434,345,24,10,3,25,,True,8,54,1.9758465999912005,2.0628112999838777,325,315,20,0,2052.0,91.99999999999939,4515.586013620004,233.0121244303091,14,327,0.0,True,943.0121947375769,17.74943008678929,8aaf5038d9bc406418f2e690eb80b0df615e24e3f933e9aaaae425d84d8a8ea8,0,0,0,0,0,0,87
B20,mixed_endpoint_50035,50035,mixed,endpoint,6908b397dfcbd3fdad99ff539aee58960837c75b3ff86f716cd17533ddd94de1,15,15,8587.019682064954,572.4679788043303,33215.098410324805,19179.932877668372,305,42,15,8,25,,True,5,86,10.484653199935565,10.617924499994842,254,239,51,28,1787.9999999999964,155.99999999999844,6643.019682064956,229.29666503442604,27,263,-7.275957614183426e-12,True,943.0121947375769,17.74943008678929,34380869525234f751b3dc7730f811f113b00c0c57e0ac4cb8fed1ebecb23d39,0,0,0,0,0,0,68
LC,mixed_endpoint_50038,50038,mixed,endpoint,9cc1e37f46718508c94a78d9d1a8c0fa1740b44b1375b6d75190abf7e42cd90e,11,11,6770.095188011228,615.4631989101116,23780.475940056145,7670.215599063126,324,22,11,4,25,,True,8,50,1.3032846001442522,1.3763751000224147,301,290,23,4,1926.0000000000002,87.9999999999993,4756.095188011229,880.2035481873017,11,306,-9.094947017729282e-13,True,943.0121947375769,17.74943008678929,c95f40c4e260f41a9770303d5e813ebbaa1794e477a2e4402d40f0b974a69038,0,0,0,0,0,0,19
baseline,mixed_endpoint_50038,50038,mixed,endpoint,9cc1e37f46718508c94a78d9d1a8c0fa1740b44b1375b6d75190abf7e42cd90e,11,11,6875.752084039783,625.0683712763439,24403.76042019891,10916.495592382904,326,16,11,0,25,,True,5,73,1.435348100028932,1.5014997000107542,288,277,38,4,1924.9999999999995,70.00000000000067,4880.752084039783,205.69640474884363,5,295,9.094947017729282e-13,True,943.0121947375769,17.74943008678929,c70e70378f93b1b3c4d8e824897d890daf9d807d24a8a813dd75bc4852a1a70f,0,0,0,0,0,0,0
LPC,mixed_endpoint_50038,50038,mixed,endpoint,9cc1e37f46718508c94a78d9d1a8c0fa1740b44b1375b6d75190abf7e42cd90e,11,11,6523.63979254119,593.05816295829,21843.198962705956,6454.0051655267225,352,13,11,3,25,,True,10,50,1.2542574000253808,1.3384302000049502,329,318,23,2,2093.999999999999,60.99999999999975,4368.639792541192,601.4484184060966,2,334,-9.094947017729282e-13,True,943.0121947375769,17.74943008678929,98ec17260caddc6f37a936ea214c7c8e4d452abfc3f43ab6f30ade1d95eb763a,10,0,0,0,10,0,9
N20,mixed_endpoint_50037,50037,mixed,endpoint,f8e777052e83a2d414327779e88400ed488460a8c06cc6a39875f5649a926864,10,10,7017.471126687289,701.747112668729,24002.355633436455,8386.148797979382,350,40,10,5,25,,True,7,53,1.3518104000540916,1.7666597999923397,325,315,25,8,2076.999999999998,139.99999999999937,4800.471126687291,233.0162177689699,30,327,-1.8189894035458565e-12,True,943.0121947375769,17.74943008678929,50b503f3a7d726666c597619639c0e4d4a0a033eb78e2fae5535fc75bbee18d2,0,0,0,0,0,0,88
N50,mixed_endpoint_50037,50037,mixed,endpoint,f8e777052e83a2d414327779e88400ed488460a8c06cc6a39875f5649a926864,10,10,7017.471126687289,701.747112668729,24002.355633436455,8386.148797979382,350,40,10,5,25,,True,7,53,1.4453935000055935,1.8818463000061456,325,315,25,8,2076.999999999998,139.99999999999937,4800.471126687291,233.0162177689699,30,327,-1.8189894035458565e-12,True,943.0121947375769,17.74943008678929,ddcc07f2178a1df925a6a762fd89cd90e155b8fba494d336c4f3441f459b9ce0,0,0,0,0,0,0,88
previous_best,mixed_endpoint_50038,50038,mixed,endpoint,9cc1e37f46718508c94a78d9d1a8c0fa1740b44b1375b6d75190abf7e42cd90e,11,11,6723.954106829302,611.2685551663002,22794.77053414651,6690.096899075736,352,17,11,0,25,,True,14,51,1.0193679001240525,1.089970800006995,328,317,24,3,2091.999999999999,73.0000000000006,4558.954106829304,592.0199090186297,6,332,0.0,True,943.0121947375769,2.074856830987301,f8471c00668bc06547b92e965517044b6c357f50341549d0bce9468e2ba3d0d6,14,9,0,0,0,0,0
ER,mixed_endpoint_50037,50037,mixed,endpoint,f8e777052e83a2d414327779e88400ed488460a8c06cc6a39875f5649a926864,10,10,7026.764048602061,702.676404860206,23938.820243010312,8316.39689968958,349,49,10,6,25,,True,7,51,2.121937699848786,2.346402399998624,325,315,24,8,2071.999999999999,167.00000000000026,4787.764048602061,233.01621776897082,39,327,-1.8189894035458565e-12,True,943.0121947375769,17.74943008678929,370df70c00f4143c30bea81da8ff64102b4ad2c66b502d913543162d814533eb,0,0,0,0,0,0,84
EN,mixed_endpoint_50037,50037,mixed,endpoint,f8e777052e83a2d414327779e88400ed488460a8c06cc6a39875f5649a926864,10,10,7026.764048602061,702.676404860206,23938.820243010312,8316.39689968958,349,49,10,6,25,,True,7,51,1.9063564999378286,2.413198599999305,325,315,24,8,2071.999999999999,167.00000000000026,4787.764048602061,233.01621776897082,39,327,-1.8189894035458565e-12,True,943.0121947375769,17.74943008678929,c1883ff913e33016e2162006be5968a45f160fcbb7010116976ac90a8baab743,0,0,0,0,0,0,84
ERN,mixed_endpoint_50037,50037,mixed,endpoint,f8e777052e83a2d414327779e88400ed488460a8c06cc6a39875f5649a926864,10,10,7026.764048602061,702.676404860206,23938.820243010312,8316.39689968958,349,49,10,6,25,,True,7,51,1.9408212001435459,2.4370443999941926,325,315,24,8,2071.999999999999,167.00000000000026,4787.764048602061,233.01621776897082,39,327,-1.8189894035458565e-12,True,943.0121947375769,17.74943008678929,370df70c00f4143c30bea81da8ff64102b4ad2c66b502d913543162d814533eb,0,0,0,0,0,0,84
B60,mixed_endpoint_50037,50037,mixed,endpoint,f8e777052e83a2d414327779e88400ed488460a8c06cc6a39875f5649a926864,10,10,6917.291230807468,691.7291230807468,25056.456154037354,9988.434257174726,310,17,10,3,25,,True,7,53,4.470294999948237,4.537387900025351,286,276,24,5,1834.999999999999,70.99999999999935,5011.291230807471,1151.6467373751402,7,285,-2.7284841053187847e-12,True,943.0121947375769,17.74943008678929,b85f9eac77ac3fbf8ff4d9cadbdc700a9dc17179923af33937e18083264c85a3,0,0,0,0,0,0,23
E1,mixed_endpoint_50038,50038,mixed,endpoint,9cc1e37f46718508c94a78d9d1a8c0fa1740b44b1375b6d75190abf7e42cd90e,11,11,6836.439123509909,621.4944657736281,23872.19561754955,7761.935276556529,323,40,11,5,25,,True,8,49,1.4792684999702033,1.6035119000007398,301,290,22,4,1920.0000000000011,141.99999999999886,4774.439123509909,880.2035481873017,29,305,-9.094947017729282e-13,True,943.0121947375769,17.74943008678929,f16a1873568291a464f21196415f56f6ac64ac859ac57af03200af4b318f5fdc,0,0,0,0,0,0,19
E2,mixed_endpoint_50038,50038,mixed,endpoint,9cc1e37f46718508c94a78d9d1a8c0fa1740b44b1375b6d75190abf7e42cd90e,11,11,6836.439123509909,621.4944657736281,23872.19561754955,7761.935276556529,323,40,11,5,25,,True,8,49,1.4923794000351336,1.6082698000245728,301,290,22,4,1920.0000000000011,141.99999999999886,4774.439123509909,880.2035481873017,29,305,-9.094947017729282e-13,True,943.0121947375769,17.74943008678929,f16a1873568291a464f21196415f56f6ac64ac859ac57af03200af4b318f5fdc,0,0,0,0,0,0,19
G075,mixed_endpoint_50038,50038,mixed,endpoint,9cc1e37f46718508c94a78d9d1a8c0fa1740b44b1375b6d75190abf7e42cd90e,11,11,6770.095188011228,615.4631989101116,23780.475940056145,7670.215599063126,324,22,11,4,25,,True,8,50,1.0366551999468356,1.543093600019347,301,290,23,4,1926.0000000000002,87.9999999999993,4756.095188011229,880.2035481873017,11,306,-9.094947017729282e-13,True,943.0121947375769,17.74943008678929,c95f40c4e260f41a9770303d5e813ebbaa1794e477a2e4402d40f0b974a69038,0,0,0,0,0,0,19
G15,mixed_endpoint_50038,50038,mixed,endpoint,9cc1e37f46718508c94a78d9d1a8c0fa1740b44b1375b6d75190abf7e42cd90e,11,11,6770.095188011228,615.4631989101116,23780.475940056145,7670.215599063126,324,22,11,4,25,,True,8,50,1.012879200046882,1.4947220000030939,301,290,23,4,1926.0000000000002,87.9999999999993,4756.095188011229,880.2035481873017,11,306,-9.094947017729282e-13,True,943.0121947375769,17.74943008678929,c95f40c4e260f41a9770303d5e813ebbaa1794e477a2e4402d40f0b974a69038,0,0,0,0,0,0,19
R2,mixed_endpoint_50038,50038,mixed,endpoint,9cc1e37f46718508c94a78d9d1a8c0fa1740b44b1375b6d75190abf7e42cd90e,11,11,6770.095188011228,615.4631989101116,23780.475940056145,7670.215599063126,324,22,11,4,25,,True,8,50,1.3840235999959987,1.4681391000049189,301,290,23,4,1926.0000000000002,87.9999999999993,4756.095188011229,880.2035481873017,11,306,-9.094947017729282e-13,True,943.0121947375769,17.74943008678929,c95f40c4e260f41a9770303d5e813ebbaa1794e477a2e4402d40f0b974a69038,0,0,0,0,0,0,19
R4,mixed_endpoint_50038,50038,mixed,endpoint,9cc1e37f46718508c94a78d9d1a8c0fa1740b44b1375b6d75190abf7e42cd90e,11,11,6770.095188011228,615.4631989101116,23780.475940056145,7670.215599063126,324,22,11,4,25,,True,8,50,1.2709673999343067,1.339991299988469,301,290,23,4,1926.0000000000002,87.9999999999993,4756.095188011229,880.2035481873017,11,306,-9.094947017729282e-13,True,943.0121947375769,17.74943008678929,c95f40c4e260f41a9770303d5e813ebbaa1794e477a2e4402d40f0b974a69038,0,0,0,0,0,0,19
H200,mixed_endpoint_50038,50038,mixed,endpoint,9cc1e37f46718508c94a78d9d1a8c0fa1740b44b1375b6d75190abf7e42cd90e,11,11,6791.533665412306,617.4121514011186,23942.668327061532,7828.4003332602515,325,16,11,2,25,,True,8,55,1.2265407000959385,1.2925910000049043,301,290,24,4,1933.0000000000002,69.99999999999861,4788.5336654123075,879.3388315679986,5,308,-9.094947017729282e-13,True,943.0121947375769,17.74943008678929,e7aec9013509102ef1d16f9c32858b8bb4278348439f1b9b60b96675371b81fa,0,0,0,0,0,0,20
H400,mixed_endpoint_50038,50038,mixed,endpoint,9cc1e37f46718508c94a78d9d1a8c0fa1740b44b1375b6d75190abf7e42cd90e,11,11,6762.627789058208,614.784344459837,23718.13894529104,8647.869597259105,325,21,11,3,25,,True,8,56,1.3417758999567013,1.413069899979746,302,291,23,3,1934.0000000000002,84.99999999999929,4743.62778905821,879.3388315679986,10,309,0.0,True,943.0121947375769,17.74943008678929,0a90c55d16f8e72cfc3452013140a38ce4c23041c5d727d7bdb6b4b062f9f749,0,0,0,0,0,0,17
N20,mixed_endpoint_50038,50038,mixed,endpoint,9cc1e37f46718508c94a78d9d1a8c0fa1740b44b1375b6d75190abf7e42cd90e,11,11,6770.095188011228,615.4631989101116,23780.475940056145,7670.215599063126,324,22,11,4,25,,True,8,50,0.9404272000247147,1.4242496000078972,301,290,23,4,1926.0000000000002,87.9999999999993,4756.095188011229,880.2035481873017,11,306,-9.094947017729282e-13,True,943.0121947375769,17.74943008678929,c95f40c4e260f41a9770303d5e813ebbaa1794e477a2e4402d40f0b974a69038,0,0,0,0,0,0,19
N50,mixed_endpoint_50038,50038,mixed,endpoint,9cc1e37f46718508c94a78d9d1a8c0fa1740b44b1375b6d75190abf7e42cd90e,11,11,6770.095188011228,615.4631989101116,23780.475940056145,7670.215599063126,324,22,11,4,25,,True,8,50,0.8391153998672962,1.2454178000043612,301,290,23,4,1926.0000000000002,87.9999999999993,4756.095188011229,880.2035481873017,11,306,-9.094947017729282e-13,True,943.0121947375769,17.74943008678929,c95f40c4e260f41a9770303d5e813ebbaa1794e477a2e4402d40f0b974a69038,0,0,0,0,0,0,19
B60,mixed_endpoint_50038,50038,mixed,endpoint,9cc1e37f46718508c94a78d9d1a8c0fa1740b44b1375b6d75190abf7e42cd90e,11,11,7112.0016096202,646.5456008745637,25010.008048101,9473.418569038922,333,37,11,6,25,,True,6,53,2.7029151001770515,2.79251969998586,311,300,22,6,1977.0000000000005,132.99999999999926,5002.001609620202,551.009333470527,26,312,0.0,True,943.0121947375769,17.74943008678929,e2a3a3706ca5fa1c4fedd8bbebf4e83487c80103dc1cc3c40913deb7ea4b4607,0,0,0,0,0,0,18
B20,mixed_endpoint_50038,50038,mixed,endpoint,9cc1e37f46718508c94a78d9d1a8c0fa1740b44b1375b6d75190abf7e42cd90e,11,11,6753.792741144508,613.9811582858644,23223.96370572254,8224.537995273906,341,21,11,6,25,,True,10,50,2.8210112999367993,2.905425799981458,318,307,23,9,2023.9999999999989,85.00000000000075,4644.792741144507,881.3626621645417,10,319,0.0,True,943.0121947375769,17.74943008678929,31a12a6d724ba3bcc8faddecc52987ee3a16444fde7dcd46644cfcae397f4544,0,0,0,0,0,0,21
ER,mixed_endpoint_50038,50038,mixed,endpoint,9cc1e37f46718508c94a78d9d1a8c0fa1740b44b1375b6d75190abf7e42cd90e,11,11,6836.439123509909,621.4944657736281,23872.19561754955,7761.935276556529,323,40,11,5,25,,True,8,49,1.3079978001478594,1.4141779000055976,301,290,22,4,1920.0000000000011,141.99999999999886,4774.439123509909,880.2035481873017,29,305,-9.094947017729282e-13,True,943.0121947375769,17.74943008678929,f16a1873568291a464f21196415f56f6ac64ac859ac57af03200af4b318f5fdc,0,0,0,0,0,0,19
EN,mixed_endpoint_50038,50038,mixed,endpoint,9cc1e37f46718508c94a78d9d1a8c0fa1740b44b1375b6d75190abf7e42cd90e,11,11,6836.439123509909,621.4944657736281,23872.19561754955,7761.935276556529,323,40,11,5,25,,True,8,49,0.972504899953492,1.3732490000256803,301,290,22,4,1920.0000000000011,141.99999999999886,4774.439123509909,880.2035481873017,29,305,-9.094947017729282e-13,True,943.0121947375769,17.74943008678929,f16a1873568291a464f21196415f56f6ac64ac859ac57af03200af4b318f5fdc,0,0,0,0,0,0,19
B20,mixed_endpoint_50037,50037,mixed,endpoint,f8e777052e83a2d414327779e88400ed488460a8c06cc6a39875f5649a926864,10,10,7106.544254456752,710.6544254456752,24787.72127228375,9220.367590094978,342,33,10,5,25,,True,6,51,6.800469699839596,6.881453100009821,321,311,21,5,2029.9999999999993,119.00000000000264,4957.5442544567495,420.4324033643761,23,320,1.8189894035458565e-12,True,943.0121947375769,17.74943008678929,b126d48272107a78eebd970502574a84c1441031d1dce39e639083d82948adb4,0,0,0,0,0,0,45
ERN,mixed_endpoint_50038,50038,mixed,endpoint,9cc1e37f46718508c94a78d9d1a8c0fa1740b44b1375b6d75190abf7e42cd90e,11,11,6836.439123509909,621.4944657736281,23872.19561754955,7761.935276556529,323,40,11,5,25,,True,8,49,0.9801797998952679,1.4406168999848887,301,290,22,4,1920.0000000000011,141.99999999999886,4774.439123509909,880.2035481873017,29,305,-9.094947017729282e-13,True,943.0121947375769,17.74943008678929,f16a1873568291a464f21196415f56f6ac64ac859ac57af03200af4b318f5fdc,0,0,0,0,0,0,19
baseline,mixed_endpoint_50039,50039,mixed,endpoint,dcc9998eebd992f1277cdb1bfc5681e538056c292d3c59373cf9d619c308f8f6,13,13,6546.934527872266,503.6103482978666,23974.672639361324,9685.281547800962,284,17,13,0,25,,True,11,71,1.475306700071087,1.535929200006649,243,230,41,1,1675.0000000000014,77.00000000000007,4794.934527872266,427.36842037822225,4,255,9.094947017729282e-13,True,943.0121947375769,17.74943008678929,c3bca05fde6b8c3739e9c0244b7f1abeb0d0088842e5ccb1007a8af88a711a1d,0,0,0,0,0,0,0
previous_best,mixed_endpoint_50039,50039,mixed,endpoint,dcc9998eebd992f1277cdb1bfc5681e538056c292d3c59373cf9d619c308f8f6,13,13,6214.109486554409,478.0084220426469,22425.54743277206,8007.153740004723,278,18,13,0,25,,True,15,52,1.4270721998764202,1.4799939999938942,253,240,25,2,1649.0000000000011,79.99999999999882,4485.109486554409,0.0,5,259,-2.7284841053187847e-12,True,943.0121947375769,2.074856830987301,02411eab71d6649d2013edfdb5e4d07d22f8f62f24a009cec27fc8275ef74216,15,8,0,0,0,0,0
LC,mixed_endpoint_50039,50039,mixed,endpoint,dcc9998eebd992f1277cdb1bfc5681e538056c292d3c59373cf9d619c308f8f6,13,13,6809.6299173288135,523.8176859483702,24743.14958664407,9919.773710470927,297,24,13,4,25,,True,9,54,1.6814569999405649,1.7594930000195745,273,260,24,0,1763.0000000000002,98.00000000000038,4948.629917328813,573.8926618209662,11,278,-9.094947017729282e-13,True,943.0121947375769,17.74943008678929,39344dab3f42c5467483fdaeb982ee965ef0211f2d52ceffc0618563893d3eca,0,0,0,0,0,0,46
E1,mixed_endpoint_50039,50039,mixed,endpoint,dcc9998eebd992f1277cdb1bfc5681e538056c292d3c59373cf9d619c308f8f6,13,13,6835.728646379403,525.8252804907232,24648.643231897015,9820.210926078136,294,44,13,6,25,,True,9,49,1.6175237000279594,1.7325922999880277,273,260,21,0,1748.000000000001,157.99999999999898,4929.728646379403,573.8926618209662,31,278,0.0,True,943.0121947375769,17.74943008678929,958bba1a6043986393e7164c0879b5e835c9f6315b14e64902aaba7ae75425a0,0,0,0,0,0,0,40
E2,mixed_endpoint_50039,50039,mixed,endpoint,dcc9998eebd992f1277cdb1bfc5681e538056c292d3c59373cf9d619c308f8f6,13,13,6835.728646379403,525.8252804907232,24648.643231897015,9820.210926078136,294,44,13,6,25,,True,9,49,1.912934799969662,2.053208600002108,273,260,21,0,1748.000000000001,157.99999999999898,4929.728646379403,573.8926618209662,31,278,0.0,True,943.0121947375769,17.74943008678929,958bba1a6043986393e7164c0879b5e835c9f6315b14e64902aaba7ae75425a0,0,0,0,0,0,0,40
LPC,mixed_endpoint_50039,50039,mixed,endpoint,dcc9998eebd992f1277cdb1bfc5681e538056c292d3c59373cf9d619c308f8f6,13,13,6352.951866685459,488.6886051296507,24109.7593334273,8174.510684672996,246,15,13,5,25,,True,16,51,2.619661700009601,2.692746199987596,216,203,30,6,1459.999999999999,70.99999999999973,4821.951866685461,183.5407143198654,2,230,-9.094947017729282e-13,True,943.0121947375769,17.74943008678929,9ca576c00966ef152830aa4ca4bd413a7ff2674395196bcccd7d57c7df131532,16,0,0,0,16,0,89
G15,mixed_endpoint_50039,50039,mixed,endpoint,dcc9998eebd992f1277cdb1bfc5681e538056c292d3c59373cf9d619c308f8f6,13,13,6809.6299173288135,523.8176859483702,24743.14958664407,9919.773710470927,297,24,13,4,25,,True,9,54,1.5382219000312034,1.9980680999869946,273,260,24,0,1763.0000000000002,98.00000000000038,4948.629917328813,573.8926618209662,11,278,-9.094947017729282e-13,True,943.0121947375769,17.74943008678929,39344dab3f42c5467483fdaeb982ee965ef0211f2d52ceffc0618563893d3eca,0,0,0,0,0,0,46
G075,mixed_endpoint_50039,50039,mixed,endpoint,dcc9998eebd992f1277cdb1bfc5681e538056c292d3c59373cf9d619c308f8f6,13,13,6809.6299173288135,523.8176859483702,24743.14958664407,9919.773710470927,297,24,13,4,25,,True,9,54,1.5685141999274492,2.102836300007766,273,260,24,0,1763.0000000000002,98.00000000000038,4948.629917328813,573.8926618209662,11,278,-9.094947017729282e-13,True,943.0121947375769,17.74943008678929,39344dab3f42c5467483fdaeb982ee965ef0211f2d52ceffc0618563893d3eca,0,0,0,0,0,0,46
R2,mixed_endpoint_50039,50039,mixed,endpoint,dcc9998eebd992f1277cdb1bfc5681e538056c292d3c59373cf9d619c308f8f6,13,13,6788.653823708135,522.2041402852411,24633.26911854067,9902.938274934682,297,24,13,4,25,,True,10,53,2.0719681999471504,2.151673899992602,273,260,24,0,1764.0000000000016,98.00000000000034,4926.653823708132,573.8926618209662,11,279,9.094947017729282e-13,True,943.0121947375769,17.74943008678929,bdee7526c7222fb4ecc89cbfaf465eb41f87b1921ad3186496ed926d1d8ad7ef,0,0,0,0,0,0,46
R4,mixed_endpoint_50039,50039,mixed,endpoint,dcc9998eebd992f1277cdb1bfc5681e538056c292d3c59373cf9d619c308f8f6,13,13,6809.6299173288135,523.8176859483702,24743.14958664407,9919.773710470927,297,24,13,4,25,,True,9,54,1.9705511000938714,2.052765600004932,273,260,24,0,1763.0000000000002,98.00000000000038,4948.629917328813,573.8926618209662,11,278,-9.094947017729282e-13,True,943.0121947375769,17.74943008678929,39344dab3f42c5467483fdaeb982ee965ef0211f2d52ceffc0618563893d3eca,0,0,0,0,0,0,46
H200,mixed_endpoint_50039,50039,mixed,endpoint,dcc9998eebd992f1277cdb1bfc5681e538056c292d3c59373cf9d619c308f8f6,13,13,7013.65052710625,539.511579008173,25638.252635531248,10543.250945924603,293,40,13,5,25,,True,8,61,2.1675941001449246,2.2715595999907237,270,257,23,1,1740.0000000000007,145.99999999999977,5127.650527106249,748.0290500989913,27,275,0.0,True,943.0121947375769,17.74943008678929,da011fe040fed5fa0c8b01f34d0e316560aff2f764da72f62d71f59e67a50a51,0,0,0,0,0,0,61
N20,mixed_endpoint_50039,50039,mixed,endpoint,dcc9998eebd992f1277cdb1bfc5681e538056c292d3c59373cf9d619c308f8f6,13,13,6809.6299173288135,523.8176859483702,24743.14958664407,9919.773710470927,297,24,13,4,25,,True,9,54,1.5355711999291088,2.1148927000176627,273,260,24,0,1763.0000000000002,98.00000000000038,4948.629917328813,573.8926618209662,11,278,-9.094947017729282e-13,True,943.0121947375769,17.74943008678929,ba2f5647ce63a69730f5133062055f769df76f8f99920c9355ce0af8d5e8ff16,0,0,0,0,0,0,46
H400,mixed_endpoint_50039,50039,mixed,endpoint,dcc9998eebd992f1277cdb1bfc5681e538056c292d3c59373cf9d619c308f8f6,13,13,7002.480244068973,538.6523264668441,25607.401220344866,10510.676607971795,292,40,13,5,25,,True,8,60,2.166621099895565,2.2585923000006005,270,257,22,1,1735.0000000000007,145.9999999999998,5121.480244068973,748.0290500989913,27,275,0.0,True,943.0121947375769,17.74943008678929,2f4687a2df909778f26b98811321cfa36ae1ad30cab0c943a99296d3ec39ce72,0,0,0,0,0,0,60
N50,mixed_endpoint_50039,50039,mixed,endpoint,dcc9998eebd992f1277cdb1bfc5681e538056c292d3c59373cf9d619c308f8f6,13,13,6809.6299173288135,523.8176859483702,24743.14958664407,9919.773710470927,297,24,13,4,25,,True,9,54,1.4579883999249432,1.989150300010806,273,260,24,0,1763.0000000000002,98.00000000000038,4948.629917328813,573.8926618209662,11,278,-9.094947017729282e-13,True,943.0121947375769,17.74943008678929,348e85f6e3d61a07543249169dd6f4a8e596451ad0b5c275b609954052fbcfbb,0,0,0,0,0,0,46
ER,mixed_endpoint_50039,50039,mixed,endpoint,dcc9998eebd992f1277cdb1bfc5681e538056c292d3c59373cf9d619c308f8f6,13,13,6835.728646379403,525.8252804907232,24648.643231897015,9820.210926078136,294,44,13,6,25,,True,9,49,1.7294109998038039,1.8372597000270616,273,260,21,0,1748.000000000001,157.99999999999898,4929.728646379403,573.8926618209662,31,278,0.0,True,943.0121947375769,17.74943008678929,958bba1a6043986393e7164c0879b5e835c9f6315b14e64902aaba7ae75425a0,0,0,0,0,0,0,40
baseline,mixed_endpoint_50040,50040,mixed,endpoint,b4faea4de284aec6dc16b51e378e560c71a5aaafa4a229eb876cf5d7b188442e,15,15,6369.105032352776,424.60700215685176,24510.525161763875,11434.963401796722,234,21,15,0,25,,True,7,79,1.406516000017291,1.4567545999889262,193,178,41,0,1374.0000000000014,92.99999999999945,4902.105032352775,475.3518707836638,6,204,9.094947017729282e-13,True,943.0121947375769,17.74943008678929,e126b0f97507bfb2fb13f76e9afc409048ad4e305d3f5c83f64b9d03b23db59f,0,0,0,0,0,0,0
ERN,mixed_endpoint_50039,50039,mixed,endpoint,dcc9998eebd992f1277cdb1bfc5681e538056c292d3c59373cf9d619c308f8f6,13,13,6835.728646379403,525.8252804907232,24648.643231897015,9820.210926078136,294,44,13,6,25,,True,9,49,1.284830799966585,1.6919326999923214,273,260,21,0,1748.000000000001,157.99999999999898,4929.728646379403,573.8926618209662,31,278,0.0,True,943.0121947375769,17.74943008678929,958bba1a6043986393e7164c0879b5e835c9f6315b14e64902aaba7ae75425a0,0,0,0,0,0,0,40
EN,mixed_endpoint_50039,50039,mixed,endpoint,dcc9998eebd992f1277cdb1bfc5681e538056c292d3c59373cf9d619c308f8f6,13,13,6835.728646379403,525.8252804907232,24648.643231897015,9820.210926078136,294,44,13,6,25,,True,9,49,1.3828815999440849,1.8654374000034295,273,260,21,0,1748.000000000001,157.99999999999898,4929.728646379403,573.8926618209662,31,278,0.0,True,943.0121947375769,17.74943008678929,958bba1a6043986393e7164c0879b5e835c9f6315b14e64902aaba7ae75425a0,0,0,0,0,0,0,40
B60,mixed_endpoint_50039,50039,mixed,endpoint,dcc9998eebd992f1277cdb1bfc5681e538056c292d3c59373cf9d619c308f8f6,13,13,6123.424483849234,471.03265260378726,21632.122419246167,7029.621772417271,288,19,13,4,25,,True,14,44,3.8738557001342997,3.9475686000077985,268,255,20,0,1714.0000000000007,82.99999999999997,4326.424483849234,468.1588113909138,6,274,9.094947017729282e-13,True,943.0121947375769,17.74943008678929,21f1bd410fb317eab222feabc699da13cb6bf936466a7e9b950f1ed07eecdb4c,0,0,0,0,0,0,82
LC,mixed_endpoint_50040,50040,mixed,endpoint,b4faea4de284aec6dc16b51e378e560c71a5aaafa4a229eb876cf5d7b188442e,15,15,6196.375217093651,413.09168113957674,23946.87608546825,8972.636558730457,214,35,15,7,25,,True,13,54,2.073466699948767,2.153881400008686,187,172,27,2,1272.0000000000002,135.00000000000125,4789.375217093651,105.91619184933461,20,202,9.094947017729282e-13,True,943.0121947375769,17.74943008678929,0dcf1ba434718f3c5f3433bb95746f9bbce47bcc78781e7c3c85ff16e4fc3eb9,0,0,0,0,0,0,48
previous_best,mixed_endpoint_50040,50040,mixed,endpoint,b4faea4de284aec6dc16b51e378e560c71a5aaafa4a229eb876cf5d7b188442e,15,15,6855.6749646302,457.0449976420133,26268.374823151,12188.254505350276,255,20,15,0,25,,True,18,59,1.9670770000957418,2.02646370002185,222,207,33,3,1512.0000000000005,90.00000000000121,5253.674964630199,279.9436746239162,5,237,0.0,True,943.0121947375769,2.074856830987301,d14e27c7392de5521478fc8af8d1e90b53fd103a03745811df1096741db8e2ab,18,7,0,0,0,0,0
LPC,mixed_endpoint_50040,50040,mixed,endpoint,b4faea4de284aec6dc16b51e378e560c71a5aaafa4a229eb876cf5d7b188442e,15,15,6555.345258263748,437.02301721758323,25246.726291318744,10220.251229808664,223,51,15,10,25,,True,22,55,2.8494742001057602,2.9799933999893256,187,172,36,9,1322.999999999999,183.0000000000021,5049.345258263748,0.0,36,208,-9.094947017729282e-13,True,943.0121947375769,17.74943008678929,6901def761b1d3c6ae8545f281a4c8a52b4b9096e61bed5c0f4557a8b34e1e75,22,0,0,0,22,0,137
E1,mixed_endpoint_50040,50040,mixed,endpoint,b4faea4de284aec6dc16b51e378e560c71a5aaafa4a229eb876cf5d7b188442e,15,15,6229.309357615276,415.28729050768504,23881.546788076364,9637.82816968018,217,47,15,10,25,,True,9,60,2.3484186998102814,2.6155089999956544,187,172,30,8,1282.0000000000002,171.00000000000315,4776.309357615273,478.02062573672447,32,197,2.7284841053187847e-12,True,943.0121947375769,17.74943008678929,16336ed3ed9ead488af4fa95fa14a4b12a538f0e15e174533f4a6c156789462e,0,0,0,0,0,0,18
E2,mixed_endpoint_50040,50040,mixed,endpoint,b4faea4de284aec6dc16b51e378e560c71a5aaafa4a229eb876cf5d7b188442e,15,15,6229.309357615276,415.28729050768504,23881.546788076364,9637.82816968018,217,47,15,10,25,,True,9,60,2.4213249000313226,2.6664775000244845,187,172,30,8,1282.0000000000002,171.00000000000315,4776.309357615273,478.02062573672447,32,197,2.7284841053187847e-12,True,943.0121947375769,17.74943008678929,16336ed3ed9ead488af4fa95fa14a4b12a538f0e15e174533f4a6c156789462e,0,0,0,0,0,0,18
G075,mixed_endpoint_50040,50040,mixed,endpoint,b4faea4de284aec6dc16b51e378e560c71a5aaafa4a229eb876cf5d7b188442e,15,15,6196.375217093651,413.09168113957674,23946.87608546825,8972.636558730457,214,35,15,7,25,,True,13,54,1.9115552000293974,2.4283777000091504,187,172,27,2,1272.0000000000002,135.00000000000125,4789.375217093651,105.91619184933461,20,202,9.094947017729282e-13,True,943.0121947375769,17.74943008678929,0dcf1ba434718f3c5f3433bb95746f9bbce47bcc78781e7c3c85ff16e4fc3eb9,0,0,0,0,0,0,48
G15,mixed_endpoint_50040,50040,mixed,endpoint,b4faea4de284aec6dc16b51e378e560c71a5aaafa4a229eb876cf5d7b188442e,15,15,6196.375217093651,413.09168113957674,23946.87608546825,8972.636558730457,214,35,15,7,25,,True,13,54,1.958388599945465,2.4751304000092205,187,172,27,2,1272.0000000000002,135.00000000000125,4789.375217093651,105.91619184933461,20,202,9.094947017729282e-13,True,943.0121947375769,17.74943008678929,0dcf1ba434718f3c5f3433bb95746f9bbce47bcc78781e7c3c85ff16e4fc3eb9,0,0,0,0,0,0,48
R2,mixed_endpoint_50040,50040,mixed,endpoint,b4faea4de284aec6dc16b51e378e560c71a5aaafa4a229eb876cf5d7b188442e,15,15,6196.375217093651,413.09168113957674,23946.87608546825,8972.636558730457,214,35,15,7,25,,True,13,54,2.352382699988084,2.4401148000033572,187,172,27,2,1272.0000000000002,135.00000000000125,4789.375217093651,105.91619184933461,20,202,9.094947017729282e-13,True,943.0121947375769,17.74943008678929,0dcf1ba434718f3c5f3433bb95746f9bbce47bcc78781e7c3c85ff16e4fc3eb9,0,0,0,0,0,0,48
R4,mixed_endpoint_50040,50040,mixed,endpoint,b4faea4de284aec6dc16b51e378e560c71a5aaafa4a229eb876cf5d7b188442e,15,15,6196.375217093651,413.09168113957674,23946.87608546825,8972.636558730457,214,35,15,7,25,,True,13,54,2.3397463001019787,2.434538799978327,187,172,27,2,1272.0000000000002,135.00000000000125,4789.375217093651,105.91619184933461,20,202,9.094947017729282e-13,True,943.0121947375769,17.74943008678929,0dcf1ba434718f3c5f3433bb95746f9bbce47bcc78781e7c3c85ff16e4fc3eb9,0,0,0,0,0,0,48
H200,mixed_endpoint_50040,50040,mixed,endpoint,b4faea4de284aec6dc16b51e378e560c71a5aaafa4a229eb876cf5d7b188442e,15,15,6412.826461158965,427.5217640772643,24879.132305794818,10729.561584734261,219,38,15,6,25,,True,9,68,2.6451968001783825,2.761995000008028,187,172,32,8,1293.0,144.00000000000247,4975.826461158962,0.0,23,198,9.094947017729282e-13,True,943.0121947375769,17.74943008678929,1a8c0a6c2c4b1ce3560fc5a7d161ae858dd7eef7e4831cb1237dd5c77334057d,0,0,0,0,0,0,23
H400,mixed_endpoint_50040,50040,mixed,endpoint,b4faea4de284aec6dc16b51e378e560c71a5aaafa4a229eb876cf5d7b188442e,15,15,6821.9958923832,454.79972615888,26029.979461916002,11790.945949555664,246,42,15,7,25,,True,13,67,2.781298899790272,2.877430699998513,215,200,31,5,1459.9999999999993,156.00000000000034,5205.995892383202,187.59178178121056,27,230,0.0,True,943.0121947375769,17.74943008678929,5b5904fa733265df84a4d74cfb368af4e5f3f400c8203544271c409652122509,0,0,0,0,0,0,65
N20,mixed_endpoint_50040,50040,mixed,endpoint,b4faea4de284aec6dc16b51e378e560c71a5aaafa4a229eb876cf5d7b188442e,15,15,6196.375217093651,413.09168113957674,23946.87608546825,8972.636558730457,214,35,15,7,25,,True,13,54,1.8098627000581473,2.3812312000081874,187,172,27,2,1272.0000000000002,135.00000000000125,4789.375217093651,105.91619184933461,20,202,9.094947017729282e-13,True,943.0121947375769,17.74943008678929,6ccc3bf04e2b89be14ed6eaf37410fb21c941ec548dc3318d62f7d4c4d6746da,0,0,0,0,0,0,48
baseline,mixed_endpoint_50041,50041,mixed,endpoint,40022e7736c18ad168f60696679523e726353fd2c1d0ec9ecb788c86549f5216,13,13,6500.260062003905,500.0200047695311,23436.300310019535,10743.025980151973,294,15,13,0,25,,True,7,71,1.4208094999776222,1.4764961999899242,255,242,39,4,1741.9999999999995,70.9999999999998,4687.260062003905,315.93113525361696,2,272,-1.8189894035458565e-12,True,943.0121947375769,17.74943008678929,1fa4891a621be504a2ccc98b1e88a349369d7a433666a8d44fac64549c30fe2c,0,0,0,0,0,0,0
N50,mixed_endpoint_50040,50040,mixed,endpoint,b4faea4de284aec6dc16b51e378e560c71a5aaafa4a229eb876cf5d7b188442e,15,15,6196.375217093651,413.09168113957674,23946.87608546825,8972.636558730457,214,35,15,7,25,,True,13,54,1.720373899966944,2.228793999995105,187,172,27,2,1272.0000000000002,135.00000000000125,4789.375217093651,105.91619184933461,20,202,9.094947017729282e-13,True,943.0121947375769,17.74943008678929,0dcf1ba434718f3c5f3433bb95746f9bbce47bcc78781e7c3c85ff16e4fc3eb9,0,0,0,0,0,0,48
B60,mixed_endpoint_50040,50040,mixed,endpoint,b4faea4de284aec6dc16b51e378e560c71a5aaafa4a229eb876cf5d7b188442e,15,15,7003.211620492343,466.88077469948956,25886.058102461728,11742.4401519561,288,29,15,7,25,,True,14,53,4.5956078001181595,4.680642099992838,260,245,28,6,1709.0000000000005,116.99999999999805,5177.211620492345,378.4739614878181,14,269,-2.7284841053187847e-12,True,943.0121947375769,17.74943008678929,4dc1c5b8cb2ad2ccc0d2d08233a678462ca49ecd1b075531e22f30a3c3fb1cbe,0,0,0,0,0,0,51
ER,mixed_endpoint_50040,50040,mixed,endpoint,b4faea4de284aec6dc16b51e378e560c71a5aaafa4a229eb876cf5d7b188442e,15,15,6229.309357615276,415.28729050768504,23881.546788076364,9637.82816968018,217,47,15,10,25,,True,9,60,2.3111572000489105,2.5245797999959905,187,172,30,8,1282.0000000000002,171.00000000000315,4776.309357615273,478.02062573672447,32,197,2.7284841053187847e-12,True,943.0121947375769,17.74943008678929,ea23a49ee7ac9b9fe7e1b6c8e6c9933c4de69d7661465d6daa28a682da9dd7c0,0,0,0,0,0,0,18
B20,mixed_endpoint_50039,50039,mixed,endpoint,dcc9998eebd992f1277cdb1bfc5681e538056c292d3c59373cf9d619c308f8f6,13,13,6515.637320530662,501.2028708100509,23193.186602653313,9931.563362823164,298,27,13,3,25,,True,9,52,8.524157299892977,8.601238600007491,276,263,22,2,1770.0,107.00000000000124,4638.637320530661,284.52222832751613,14,280,-9.094947017729282e-13,True,943.0121947375769,17.74943008678929,403f9aee38f7adf88c3887120dd647704904205bbf3dd0a0c289e526318c66e9,0,0,0,0,0,0,4
LC,mixed_endpoint_50041,50041,mixed,endpoint,40022e7736c18ad168f60696679523e726353fd2c1d0ec9ecb788c86549f5216,13,13,6301.4828555078275,484.72945042367905,23152.41427753913,9462.559703916859,268,19,13,3,25,,True,8,62,2.0454074000299443,2.1031432999880053,236,223,32,9,1588.000000000001,83.00000000000053,4630.482855507827,882.9297078022782,6,248,1.8189894035458565e-12,True,943.0121947375769,17.74943008678929,2937fdd42971c1661c77b5684b8b13ff51a0be7cb48a82d6e6fb08c7b04f226b,0,0,0,0,0,0,35
EN,mixed_endpoint_50040,50040,mixed,endpoint,b4faea4de284aec6dc16b51e378e560c71a5aaafa4a229eb876cf5d7b188442e,15,15,6229.309357615276,415.28729050768504,23881.546788076364,9637.82816968018,217,47,15,10,25,,True,9,60,1.7868767000036314,2.422971799998777,187,172,30,8,1282.0000000000002,171.00000000000315,4776.309357615273,478.02062573672447,32,197,2.7284841053187847e-12,True,943.0121947375769,17.74943008678929,16336ed3ed9ead488af4fa95fa14a4b12a538f0e15e174533f4a6c156789462e,0,0,0,0,0,0,18
ERN,mixed_endpoint_50040,50040,mixed,endpoint,b4faea4de284aec6dc16b51e378e560c71a5aaafa4a229eb876cf5d7b188442e,15,15,6229.309357615276,415.28729050768504,23881.546788076364,9637.82816968018,217,47,15,10,25,,True,9,60,1.828532499843277,2.4575516000040807,187,172,30,8,1282.0000000000002,171.00000000000315,4776.309357615273,478.02062573672447,32,197,2.7284841053187847e-12,True,943.0121947375769,17.74943008678929,ea23a49ee7ac9b9fe7e1b6c8e6c9933c4de69d7661465d6daa28a682da9dd7c0,0,0,0,0,0,0,18
LPC,mixed_endpoint_50041,50041,mixed,endpoint,40022e7736c18ad168f60696679523e726353fd2c1d0ec9ecb788c86549f5216,13,13,5901.815709031356,453.9858237716428,21049.07854515678,7110.154416813067,269,24,13,4,25,,True,14,57,1.5521250999590848,1.6231961000012234,236,223,33,8,1594.0000000000007,98.00000000000047,4209.815709031356,882.9297078022782,11,249,0.0,True,943.0121947375769,17.74943008678929,608a7efec6904000318fc6b2f694c4856af8689ae2f96c7bbfb6e5b95ef6b9f9,14,0,0,0,14,0,25
previous_best,mixed_endpoint_50041,50041,mixed,endpoint,40022e7736c18ad168f60696679523e726353fd2c1d0ec9ecb788c86549f5216,13,13,6212.621434353241,477.89395648871084,23078.1071717662,9545.349515423753,255,21,13,0,25,,True,13,67,2.050578499940457,2.1074462000105996,220,207,35,7,1508.000000000001,89.00000000000139,4615.621434353239,995.7799475571919,8,233,9.094947017729282e-13,True,943.0121947375769,2.074856830987301,73d5392def9d4552952fd515a9a9907702f32c1dc8fd1749ec0709396ed16eef,13,9,0,0,0,0,0
E1,mixed_endpoint_50041,50041,mixed,endpoint,40022e7736c18ad168f60696679523e726353fd2c1d0ec9ecb788c86549f5216,13,13,6364.116413981932,489.5474164601486,23230.582069909662,9562.50037980438,264,42,13,5,25,,True,8,57,2.1848222000699025,2.329334000009112,236,223,28,7,1566.000000000001,151.99999999999977,4646.116413981932,882.9297078022782,29,246,0.0,True,943.0121947375769,17.74943008678929,eb73ba1b0eb4c93b77c2ffd2d7b98fe39133692a61b31151e0734b594d1b1d5e,0,0,0,0,0,0,29
E2,mixed_endpoint_50041,50041,mixed,endpoint,40022e7736c18ad168f60696679523e726353fd2c1d0ec9ecb788c86549f5216,13,13,6364.116413981932,489.5474164601486,23230.582069909662,9562.50037980438,264,42,13,5,25,,True,8,57,2.255180400068639,2.3839152999862563,236,223,28,7,1566.000000000001,151.99999999999977,4646.116413981932,882.9297078022782,29,246,0.0,True,943.0121947375769,17.74943008678929,eb73ba1b0eb4c93b77c2ffd2d7b98fe39133692a61b31151e0734b594d1b1d5e,0,0,0,0,0,0,29
R2,mixed_endpoint_50041,50041,mixed,endpoint,40022e7736c18ad168f60696679523e726353fd2c1d0ec9ecb788c86549f5216,13,13,6374.472233059945,490.34401792768807,23357.361165299724,9679.56018994492,266,33,13,4,25,,True,8,59,2.005873400019482,2.0900741999794263,236,223,30,8,1578.0000000000014,125.00000000000021,4671.472233059945,882.9297078022782,20,248,0.0,True,943.0121947375769,17.74943008678929,e88ef5ccb700d09ab782c4043809d7c2e1d08a6ca1d8c46dc60850f5f6c0264c,0,0,0,0,0,0,31
R4,mixed_endpoint_50041,50041,mixed,endpoint,40022e7736c18ad168f60696679523e726353fd2c1d0ec9ecb788c86549f5216,13,13,6286.932311762224,483.6101778278634,23094.661558811113,9416.860583456313,268,18,13,3,25,,True,8,61,2.147314799920423,2.2207589999889024,236,223,32,9,1588.0000000000014,80.00000000000067,4618.932311762223,882.9297078022782,5,248,1.8189894035458565e-12,True,943.0121947375769,17.74943008678929,a9accbe049e5ba3dbf1e3b2fd8a5c4b6a31a1723b2cd599f505b58d1199b6f52,0,0,0,0,0,0,33
G075,mixed_endpoint_50041,50041,mixed,endpoint,40022e7736c18ad168f60696679523e726353fd2c1d0ec9ecb788c86549f5216,13,13,6301.4828555078275,484.72945042367905,23152.41427753913,9462.559703916859,268,19,13,3,25,,True,8,62,1.8093197999696713,2.346958000009181,236,223,32,9,1588.000000000001,83.00000000000053,4630.482855507827,882.9297078022782,6,248,1.8189894035458565e-12,True,943.0121947375769,17.74943008678929,2937fdd42971c1661c77b5684b8b13ff51a0be7cb48a82d6e6fb08c7b04f226b,0,0,0,0,0,0,35
G15,mixed_endpoint_50041,50041,mixed,endpoint,40022e7736c18ad168f60696679523e726353fd2c1d0ec9ecb788c86549f5216,13,13,6301.4828555078275,484.72945042367905,23152.41427753913,9462.559703916859,268,19,13,3,25,,True,8,62,1.8281873000087216,2.3804186999914236,236,223,32,9,1588.000000000001,83.00000000000053,4630.482855507827,882.9297078022782,6,248,1.8189894035458565e-12,True,943.0121947375769,17.74943008678929,2937fdd42971c1661c77b5684b8b13ff51a0be7cb48a82d6e6fb08c7b04f226b,0,0,0,0,0,0,35
H400,mixed_endpoint_50041,50041,mixed,endpoint,40022e7736c18ad168f60696679523e726353fd2c1d0ec9ecb788c86549f5216,13,13,5978.3462158769335,459.87278583668717,22301.73107938468,8700.712108217107,243,16,13,1,25,,True,10,55,2.285501300066244,2.343932899995707,216,203,27,2,1443.9999999999989,73.99999999999974,4460.346215876934,1032.2772975927955,3,229,-2.7284841053187847e-12,True,943.0121947375769,17.74943008678929,d19d3ecc78c08207cfb196a368d2c958b78287143c4f1aac74f26d372a209b4f,0,0,0,0,0,0,37
H200,mixed_endpoint_50041,50041,mixed,endpoint,40022e7736c18ad168f60696679523e726353fd2c1d0ec9ecb788c86549f5216,13,13,6362.021673637509,489.38628258750066,23400.108368187546,9738.570859897447,269,21,13,1,25,,True,8,66,2.4737585001566913,2.533748000016203,236,223,33,9,1593.0000000000007,88.9999999999999,4680.021673637508,882.9297078022782,8,248,-9.094947017729282e-13,True,943.0121947375769,17.74943008678929,5e090b012056fd97b54885293ed61ead1e8e7c5f6a493567f5ef525326bf6026,0,0,0,0,0,0,39
N20,mixed_endpoint_50041,50041,mixed,endpoint,40022e7736c18ad168f60696679523e726353fd2c1d0ec9ecb788c86549f5216,13,13,6301.4828555078275,484.72945042367905,23152.41427753913,9462.559703916859,268,19,13,3,25,,True,8,62,1.6418389998143539,2.232425099995453,236,223,32,9,1588.000000000001,83.00000000000053,4630.482855507827,882.9297078022782,6,248,1.8189894035458565e-12,True,943.0121947375769,17.74943008678929,5811dd3dd822624e1ffaf944b188f47e770ac347b5750f68bf093e9ce758af63,0,0,0,0,0,0,35
B20,mixed_endpoint_50040,50040,mixed,endpoint,b4faea4de284aec6dc16b51e378e560c71a5aaafa4a229eb876cf5d7b188442e,15,15,6633.684083771448,442.2456055847632,25048.42041885724,9897.429323458544,259,21,15,6,25,,True,10,64,8.841043499967782,8.919434799987357,226,211,33,5,1530.9999999999998,93.00000000000011,5009.684083771448,803.8274945973371,6,236,0.0,True,943.0121947375769,17.74943008678929,a591ddf321bf205daa8d73e6a5ff0055353d0ba9889b2b26e696b649dac3c2bd,0,0,0,0,0,0,90
baseline,mixed_endpoint_50042,50042,mixed,endpoint,04d694ec1b713e9d6146935db100f31650ec6fb1dfae5296fd028eea7f7d78bb,15,15,6986.199101536184,465.74660676907894,26540.99550768094,10564.940307555811,268,21,15,0,25,,True,11,72,1.402195499977097,1.4643730999960098,230,215,38,3,1584.999999999999,92.99999999999875,5308.199101536185,0.0,6,245,-3.637978807091713e-12,True,943.0121947375769,17.74943008678929,e5c45fb590a44a718264d11e5662c2b4d1ff28b1dfac7496f9f7f3c4a142e20c,0,0,0,0,0,0,0
N50,mixed_endpoint_50041,50041,mixed,endpoint,40022e7736c18ad168f60696679523e726353fd2c1d0ec9ecb788c86549f5216,13,13,6301.4828555078275,484.72945042367905,23152.41427753913,9462.559703916859,268,19,13,3,25,,True,8,62,1.6734872001688927,2.233197100023972,236,223,32,9,1588.000000000001,83.00000000000053,4630.482855507827,882.9297078022782,6,248,1.8189894035458565e-12,True,943.0121947375769,17.74943008678929,2937fdd42971c1661c77b5684b8b13ff51a0be7cb48a82d6e6fb08c7b04f226b,0,0,0,0,0,0,35
B60,mixed_endpoint_50041,50041,mixed,endpoint,40022e7736c18ad168f60696679523e726353fd2c1d0ec9ecb788c86549f5216,13,13,6795.24115924413,522.7108584033947,26286.205796220656,12717.675779200275,244,24,13,4,25,,True,8,57,4.396222900075372,4.476337800006149,216,203,28,6,1439.9999999999993,97.9999999999986,5257.241159244132,463.2594350091467,11,220,-9.094947017729282e-13,True,943.0121947375769,17.74943008678929,572ccd9adc41a360dc9e7e53aa20252f07f187622996646bfc6514cda675fa3e,0,0,0,0,0,0,9
ER,mixed_endpoint_50041,50041,mixed,endpoint,40022e7736c18ad168f60696679523e726353fd2c1d0ec9ecb788c86549f5216,13,13,6364.116413981932,489.5474164601486,23230.582069909662,9562.50037980438,264,42,13,5,25,,True,8,57,2.4452380000730045,2.5973517000093125,236,223,28,7,1566.000000000001,151.99999999999977,4646.116413981932,882.9297078022782,29,246,0.0,True,943.0121947375769,17.74943008678929,2252d2a3dbb6d0505c084fcb0bf6a3ab389288a683c21aa8c873bcef96082b88,0,0,0,0,0,0,29
EN,mixed_endpoint_50041,50041,mixed,endpoint,40022e7736c18ad168f60696679523e726353fd2c1d0ec9ecb788c86549f5216,13,13,6364.116413981932,489.5474164601486,23230.582069909662,9562.50037980438,264,42,13,5,25,,True,8,57,1.8667862999427598,2.408541500015417,236,223,28,7,1566.000000000001,151.99999999999977,4646.116413981932,882.9297078022782,29,246,0.0,True,943.0121947375769,17.74943008678929,eb73ba1b0eb4c93b77c2ffd2d7b98fe39133692a61b31151e0734b594d1b1d5e,0,0,0,0,0,0,29
ERN,mixed_endpoint_50041,50041,mixed,endpoint,40022e7736c18ad168f60696679523e726353fd2c1d0ec9ecb788c86549f5216,13,13,6364.116413981932,489.5474164601486,23230.582069909662,9562.50037980438,264,42,13,5,25,,True,8,57,1.8375324001244735,2.4173024999909103,236,223,28,7,1566.000000000001,151.99999999999977,4646.116413981932,882.9297078022782,29,246,0.0,True,943.0121947375769,17.74943008678929,2252d2a3dbb6d0505c084fcb0bf6a3ab389288a683c21aa8c873bcef96082b88,0,0,0,0,0,0,29
previous_best,mixed_endpoint_50042,50042,mixed,endpoint,04d694ec1b713e9d6146935db100f31650ec6fb1dfae5296fd028eea7f7d78bb,15,15,6416.989822490032,427.79932149933546,24759.94911245018,10458.921807511182,219,49,15,1,25,,True,24,59,1.9077393001061864,1.982464600005187,179,164,40,12,1287.9999999999975,176.9999999999987,4951.989822490036,486.7007546439427,34,193,-4.547473508864641e-12,True,943.0121947375769,2.074856830987301,e22712ee1aca271eb418310be0f7256ac7f8d3b56d3e9238f19b4cbc010fe1cc,24,10,0,0,0,0,0
LPC,mixed_endpoint_50042,50042,mixed,endpoint,04d694ec1b713e9d6146935db100f31650ec6fb1dfae5296fd028eea7f7d78bb,15,15,6216.29153362085,414.4194355747233,24941.45766810426,8957.22204000149,189,27,15,4,25,,True,18,50,2.103876500041224,2.1786508999939542,161,146,28,1,1116.9999999999989,110.99999999999977,4988.29153362085,0.0,12,172,-1.8189894035458565e-12,True,943.0121947375769,17.74943008678929,3e82191374e091c4d10b954d18ad10bd0a7df4c2e4509754761847215e7dbbfb,18,0,0,0,18,0,61
LC,mixed_endpoint_50042,50042,mixed,endpoint,04d694ec1b713e9d6146935db100f31650ec6fb1dfae5296fd028eea7f7d78bb,15,15,6485.146903835542,432.34312692236944,24740.734519177728,11083.667576652437,219,73,15,6,25,,True,11,70,2.767841200111434,2.920577899989439,179,164,40,14,1287.9999999999993,248.9999999999969,4948.1469038355435,73.58782168216749,58,193,-3.637978807091713e-12,True,943.0121947375769,17.74943008678929,4578932ee7f4aa66adee1779ea5092306c7fedab961341945bfc6bacc548a2bb,0,0,0,0,0,0,100
E1,mixed_endpoint_50042,50042,mixed,endpoint,04d694ec1b713e9d6146935db100f31650ec6fb1dfae5296fd028eea7f7d78bb,15,15,6553.065500421493,436.87103336143286,24780.327502107484,11107.686863837363,216,99,15,8,25,,True,11,65,3.2875313000404276,3.8068915999901947,179,164,37,14,1269.9999999999998,326.9999999999965,4956.065500421495,73.58782168216749,84,190,-3.637978807091713e-12,True,943.0121947375769,17.74943008678929,b6164e438bfdc7347abbc9b3c08aa6bdbc4a041bc3d5e95c41a6a06a8793335e,0,0,0,0,0,0,89
G15,mixed_endpoint_50042,50042,mixed,endpoint,04d694ec1b713e9d6146935db100f31650ec6fb1dfae5296fd028eea7f7d78bb,15,15,6485.146903835542,432.34312692236944,24740.734519177728,11083.667576652437,219,73,15,6,25,,True,11,70,2.4583971999236383,3.1125279999978375,179,164,40,14,1287.9999999999993,248.9999999999969,4948.1469038355435,73.58782168216749,58,193,-3.637978807091713e-12,True,943.0121947375769,17.74943008678929,4578932ee7f4aa66adee1779ea5092306c7fedab961341945bfc6bacc548a2bb,0,0,0,0,0,0,100
G075,mixed_endpoint_50042,50042,mixed,endpoint,04d694ec1b713e9d6146935db100f31650ec6fb1dfae5296fd028eea7f7d78bb,15,15,6485.146903835542,432.34312692236944,24740.734519177728,11083.667576652437,219,73,15,6,25,,True,11,70,2.609140500018839,3.261549599992577,179,164,40,14,1287.9999999999993,248.9999999999969,4948.1469038355435,73.58782168216749,58,193,-3.637978807091713e-12,True,943.0121947375769,17.74943008678929,4578932ee7f4aa66adee1779ea5092306c7fedab961341945bfc6bacc548a2bb,0,0,0,0,0,0,100
E2,mixed_endpoint_50042,50042,mixed,endpoint,04d694ec1b713e9d6146935db100f31650ec6fb1dfae5296fd028eea7f7d78bb,15,15,6553.065500421493,436.87103336143286,24780.327502107484,11107.686863837363,216,99,15,8,25,,True,11,65,3.2905537999467924,3.8184071000141557,179,164,37,14,1269.9999999999998,326.9999999999965,4956.065500421495,73.58782168216749,84,190,-3.637978807091713e-12,True,943.0121947375769,17.74943008678929,b6164e438bfdc7347abbc9b3c08aa6bdbc4a041bc3d5e95c41a6a06a8793335e,0,0,0,0,0,0,89
R2,mixed_endpoint_50042,50042,mixed,endpoint,04d694ec1b713e9d6146935db100f31650ec6fb1dfae5296fd028eea7f7d78bb,15,15,6485.146903835542,432.34312692236944,24740.734519177728,11083.667576652437,219,73,15,6,25,,True,11,70,2.8981843000510707,3.050307099998463,179,164,40,14,1287.9999999999993,248.9999999999969,4948.1469038355435,73.58782168216749,58,193,-3.637978807091713e-12,True,943.0121947375769,17.74943008678929,4578932ee7f4aa66adee1779ea5092306c7fedab961341945bfc6bacc548a2bb,0,0,0,0,0,0,100
H200,mixed_endpoint_50042,50042,mixed,endpoint,04d694ec1b713e9d6146935db100f31650ec6fb1dfae5296fd028eea7f7d78bb,15,15,6909.626347959836,460.6417565306557,26138.131739799188,11214.634170171455,263,29,15,4,25,,True,14,64,2.8945846998831257,2.9719751000229735,231,216,32,3,1564.999999999999,116.9999999999993,5227.626347959837,0.0,14,250,-1.8189894035458565e-12,True,943.0121947375769,17.74943008678929,ce2c3bef5dd08c84894fa5ab1c55109d527cd6800c9a52a717ab1253aeff2465,0,0,0,0,0,0,57
R4,mixed_endpoint_50042,50042,mixed,endpoint,04d694ec1b713e9d6146935db100f31650ec6fb1dfae5296fd028eea7f7d78bb,15,15,6485.146903835542,432.34312692236944,24740.734519177728,11083.667576652437,219,73,15,6,25,,True,11,70,3.0084867999248672,3.169796900008805,179,164,40,14,1287.9999999999993,248.9999999999969,4948.1469038355435,73.58782168216749,58,193,-3.637978807091713e-12,True,943.0121947375769,17.74943008678929,4578932ee7f4aa66adee1779ea5092306c7fedab961341945bfc6bacc548a2bb,0,0,0,0,0,0,100
H400,mixed_endpoint_50042,50042,mixed,endpoint,04d694ec1b713e9d6146935db100f31650ec6fb1dfae5296fd028eea7f7d78bb,15,15,6934.884366801881,462.3256244534587,25809.421834009438,11964.702999559648,271,44,15,6,25,,True,13,68,3.2551572000375018,3.341106800013222,240,225,31,3,1610.9999999999984,161.9999999999985,5161.884366801882,147.25042442455197,29,256,-6.366462912410498e-12,True,943.0121947375769,17.74943008678929,885721dfaf77bc0a8023fac28333b2f198cb4d2960221ece4538b0fbcc7e4710,0,0,0,0,0,0,121
B60,mixed_endpoint_50042,50042,mixed,endpoint,04d694ec1b713e9d6146935db100f31650ec6fb1dfae5296fd028eea7f7d78bb,15,15,5966.692749702509,397.77951664683394,23148.46374851255,9023.266126094193,207,29,15,7,25,,True,13,55,4.541111200029263,4.618700899998657,179,164,28,4,1219.9999999999998,117.00000000000006,4629.692749702509,79.24209632230213,14,185,-9.094947017729282e-13,True,943.0121947375769,17.74943008678929,b0e3877a5d30beabc232cb8192da741fb010c231a0b74fefbc01c2e734edaeb3,0,0,0,0,0,0,82
N20,mixed_endpoint_50042,50042,mixed,endpoint,04d694ec1b713e9d6146935db100f31650ec6fb1dfae5296fd028eea7f7d78bb,15,15,6485.146903835542,432.34312692236944,24740.734519177728,11083.667576652437,219,73,15,6,25,,True,11,70,2.5627849999582395,3.216282500012312,179,164,40,14,1287.9999999999993,248.9999999999969,4948.1469038355435,73.58782168216749,58,193,-3.637978807091713e-12,True,943.0121947375769,17.74943008678929,7947a9a4d15bea4f32a6c6c44c7c8c8e51a4087aa1c617cec7c5639e181f4a2c,0,0,0,0,0,0,100
baseline,mixed_endpoint_50043,50043,mixed,endpoint,8e014d4d70875948a9236d3bbde86ebed1f690b01eaa353ce94f957e9f11e431,14,14,6883.022311340176,491.6444508100126,25920.11155670088,10982.203278744571,274,18,14,0,25,,True,8,78,1.3892041998624336,1.4473574000003282,230,216,44,6,1616.9999999999993,81.99999999999969,5184.022311340177,890.874559166693,4,247,9.094947017729282e-13,True,943.0121947375769,17.74943008678929,adcfbb711047c73d123a67b9ba6b40ab340e35111ac6efa62df208baec05760b,0,0,0,0,0,0,0
LPC,mixed_endpoint_50043,50043,mixed,endpoint,8e014d4d70875948a9236d3bbde86ebed1f690b01eaa353ce94f957e9f11e431,14,14,6432.928876033782,459.49491971669875,24054.644380168917,8812.613385327522,251,36,14,8,25,,True,13,52,1.324238399945898,1.398310999997193,226,212,25,1,1486.0,136.00000000000023,4810.928876033783,1272.2864813816077,22,231,-9.094947017729282e-13,True,943.0121947375769,17.74943008678929,6af0b937c0c56620fceb8f87853a15e153b29f350b0536477fcdba2b7ed1d63c,13,0,0,0,13,0,17
previous_best,mixed_endpoint_50043,50043,mixed,endpoint,8e014d4d70875948a9236d3bbde86ebed1f690b01eaa353ce94f957e9f11e431,14,14,7026.877295598569,501.9198068284692,27164.386477992837,12024.37146020991,256,19,14,0,25,,True,14,62,1.3888430999650154,1.4422006999957375,223,209,33,9,1509.0000000000007,84.99999999999994,5432.877295598569,0.0,5,229,9.094947017729282e-13,True,943.0121947375769,2.074856830987301,7698f7540499ad50a2c9346aede836468447323b16251db7f8dcd05924177a37,14,7,0,0,0,0,0
LC,mixed_endpoint_50043,50043,mixed,endpoint,8e014d4d70875948a9236d3bbde86ebed1f690b01eaa353ce94f957e9f11e431,14,14,6526.431614520013,466.1736867514295,25447.15807260006,9212.864204084304,220,34,14,4,25,,True,8,53,1.9488176000886597,2.0267641999816988,197,183,23,2,1306.9999999999998,130.0000000000003,5089.431614520014,101.33195933835486,20,207,9.094947017729282e-13,True,943.0121947375769,17.74943008678929,aa2f9b9165dede9ab1b23181edbe7d8c0fb8ff2ff43159fc672f51e0ae7ff5b3,0,0,0,0,0,0,56
N50,mixed_endpoint_50042,50042,mixed,endpoint,04d694ec1b713e9d6146935db100f31650ec6fb1dfae5296fd028eea7f7d78bb,15,15,6485.146903835542,432.34312692236944,24740.734519177728,11083.667576652437,219,73,15,6,25,,True,11,70,2.5797243998968042,3.156894999992801,179,164,40,14,1287.9999999999993,248.9999999999969,4948.1469038355435,73.58782168216749,58,193,-3.637978807091713e-12,True,943.0121947375769,17.74943008678929,a47574cf64caa2867a6d6ae777c2e61b9006658d5a06f8a145e7a1752f777091,0,0,0,0,0,0,100
E1,mixed_endpoint_50043,50043,mixed,endpoint,8e014d4d70875948a9236d3bbde86ebed1f690b01eaa353ce94f957e9f11e431,14,14,6241.434974311907,445.81678387942196,23362.174871559535,8531.130981966005,248,23,14,4,25,,True,7,55,2.0443792999431025,2.146043400018243,224,210,24,3,1472.0000000000005,96.99999999999977,4672.434974311906,758.0821521381295,9,232,0.0,True,943.0121947375769,17.74943008678929,f86b84b3664efeb1064a2c23c097e7daa070de71a14d207104b378c88e6568a8,0,0,0,0,0,0,20
E2,mixed_endpoint_50043,50043,mixed,endpoint,8e014d4d70875948a9236d3bbde86ebed1f690b01eaa353ce94f957e9f11e431,14,14,6241.434974311907,445.81678387942196,23362.174871559535,8531.130981966005,248,23,14,4,25,,True,7,55,2.03828129984322,2.1342943999916315,224,210,24,3,1472.0000000000005,96.99999999999977,4672.434974311906,758.0821521381295,9,232,0.0,True,943.0121947375769,17.74943008678929,f86b84b3664efeb1064a2c23c097e7daa070de71a14d207104b378c88e6568a8,0,0,0,0,0,0,20
ER,mixed_endpoint_50042,50042,mixed,endpoint,04d694ec1b713e9d6146935db100f31650ec6fb1dfae5296fd028eea7f7d78bb,15,15,6553.065500421493,436.87103336143286,24780.327502107484,11107.686863837363,216,99,15,8,25,,True,11,65,3.20814000008977,3.676238000014564,179,164,37,14,1269.9999999999998,326.9999999999965,4956.065500421495,73.58782168216749,84,190,-3.637978807091713e-12,True,943.0121947375769,17.74943008678929,b6164e438bfdc7347abbc9b3c08aa6bdbc4a041bc3d5e95c41a6a06a8793335e,0,0,0,0,0,0,89
ERN,mixed_endpoint_50042,50042,mixed,endpoint,04d694ec1b713e9d6146935db100f31650ec6fb1dfae5296fd028eea7f7d78bb,15,15,6553.065500421493,436.87103336143286,24780.327502107484,11107.686863837363,216,99,15,8,25,,True,11,65,2.906034699990414,3.826510299986694,179,164,37,14,1269.9999999999998,326.9999999999965,4956.065500421495,73.58782168216749,84,190,-3.637978807091713e-12,True,943.0121947375769,17.74943008678929,b6164e438bfdc7347abbc9b3c08aa6bdbc4a041bc3d5e95c41a6a06a8793335e,0,0,0,0,0,0,89
EN,mixed_endpoint_50042,50042,mixed,endpoint,04d694ec1b713e9d6146935db100f31650ec6fb1dfae5296fd028eea7f7d78bb,15,15,6553.065500421493,436.87103336143286,24780.327502107484,11107.686863837363,216,99,15,8,25,,True,11,65,2.9773662002116907,3.885272299987264,179,164,37,14,1269.9999999999998,326.9999999999965,4956.065500421495,73.58782168216749,84,190,-3.637978807091713e-12,True,943.0121947375769,17.74943008678929,b6164e438bfdc7347abbc9b3c08aa6bdbc4a041bc3d5e95c41a6a06a8793335e,0,0,0,0,0,0,89
G075,mixed_endpoint_50043,50043,mixed,endpoint,8e014d4d70875948a9236d3bbde86ebed1f690b01eaa353ce94f957e9f11e431,14,14,6526.431614520013,466.1736867514295,25447.15807260006,9212.864204084304,220,34,14,4,25,,True,8,53,1.6210300001548603,2.126415300008375,197,183,23,2,1306.9999999999998,130.0000000000003,5089.431614520014,101.33195933835486,20,207,9.094947017729282e-13,True,943.0121947375769,17.74943008678929,aa2f9b9165dede9ab1b23181edbe7d8c0fb8ff2ff43159fc672f51e0ae7ff5b3,0,0,0,0,0,0,56
G15,mixed_endpoint_50043,50043,mixed,endpoint,8e014d4d70875948a9236d3bbde86ebed1f690b01eaa353ce94f957e9f11e431,14,14,6526.431614520013,466.1736867514295,25447.15807260006,9212.864204084304,220,34,14,4,25,,True,8,53,1.539087300101528,2.0661028000176884,197,183,23,2,1306.9999999999998,130.0000000000003,5089.431614520014,101.33195933835486,20,207,9.094947017729282e-13,True,943.0121947375769,17.74943008678929,aa2f9b9165dede9ab1b23181edbe7d8c0fb8ff2ff43159fc672f51e0ae7ff5b3,0,0,0,0,0,0,56
H200,mixed_endpoint_50043,50043,mixed,endpoint,8e014d4d70875948a9236d3bbde86ebed1f690b01eaa353ce94f957e9f11e431,14,14,6294.778050863956,449.62700363313974,23568.89025431978,8713.617496539728,248,27,14,3,25,,True,7,58,1.6511380002775695,1.7161524000111967,224,210,24,3,1472.0000000000007,108.99999999999943,4713.778050863956,758.7151323984963,13,232,0.0,True,943.0121947375769,17.74943008678929,b0a0294687713321457b323282b507dbe885455486c544df7e07c9f4d3f3b6f5,0,0,0,0,0,0,24
R2,mixed_endpoint_50043,50043,mixed,endpoint,8e014d4d70875948a9236d3bbde86ebed1f690b01eaa353ce94f957e9f11e431,14,14,6526.431614520013,466.1736867514295,25447.15807260006,9212.864204084304,220,34,14,4,25,,True,8,53,2.0395504999614786,2.120488899992779,197,183,23,2,1306.9999999999998,130.0000000000003,5089.431614520014,101.33195933835486,20,207,9.094947017729282e-13,True,943.0121947375769,17.74943008678929,aa2f9b9165dede9ab1b23181edbe7d8c0fb8ff2ff43159fc672f51e0ae7ff5b3,0,0,0,0,0,0,56
R4,mixed_endpoint_50043,50043,mixed,endpoint,8e014d4d70875948a9236d3bbde86ebed1f690b01eaa353ce94f957e9f11e431,14,14,6526.431614520013,466.1736867514295,25447.15807260006,9212.864204084304,220,34,14,4,25,,True,8,53,2.001386800024193,2.0830587000236847,197,183,23,2,1306.9999999999998,130.0000000000003,5089.431614520014,101.33195933835486,20,207,9.094947017729282e-13,True,943.0121947375769,17.74943008678929,aa2f9b9165dede9ab1b23181edbe7d8c0fb8ff2ff43159fc672f51e0ae7ff5b3,0,0,0,0,0,0,56
N20,mixed_endpoint_50043,50043,mixed,endpoint,8e014d4d70875948a9236d3bbde86ebed1f690b01eaa353ce94f957e9f11e431,14,14,6526.431614520013,466.1736867514295,25447.15807260006,9212.864204084304,220,34,14,4,25,,True,8,53,1.637912599981064,2.12589999998454,197,183,23,2,1306.9999999999998,130.0000000000003,5089.431614520014,101.33195933835486,20,207,9.094947017729282e-13,True,943.0121947375769,17.74943008678929,aa2f9b9165dede9ab1b23181edbe7d8c0fb8ff2ff43159fc672f51e0ae7ff5b3,0,0,0,0,0,0,56
B20,mixed_endpoint_50041,50041,mixed,endpoint,40022e7736c18ad168f60696679523e726353fd2c1d0ec9ecb788c86549f5216,13,13,7543.067149161201,580.2359345508617,29470.335745806027,14919.097891422922,267,20,13,3,25,,True,4,73,14.167519399983576,14.259892800007947,227,214,40,14,1562.999999999999,85.99999999999987,5894.067149161202,0.0,7,228,-4.547473508864641e-12,True,943.0121947375769,17.74943008678929,3e6a7e81a3859b5c644fa420e8e96e80942d57c9b3502c8d1f44ce230493981d,0,0,0,0,0,0,8
N50,mixed_endpoint_50043,50043,mixed,endpoint,8e014d4d70875948a9236d3bbde86ebed1f690b01eaa353ce94f957e9f11e431,14,14,6526.431614520013,466.1736867514295,25447.15807260006,9212.864204084304,220,34,14,4,25,,True,8,53,1.783132199983811,2.3002511000086088,197,183,23,2,1306.9999999999998,130.0000000000003,5089.431614520014,101.33195933835486,20,207,9.094947017729282e-13,True,943.0121947375769,17.74943008678929,aa2f9b9165dede9ab1b23181edbe7d8c0fb8ff2ff43159fc672f51e0ae7ff5b3,0,0,0,0,0,0,56
B20,mixed_endpoint_50042,50042,mixed,endpoint,04d694ec1b713e9d6146935db100f31650ec6fb1dfae5296fd028eea7f7d78bb,15,15,5915.1319567708315,394.34213045138875,23060.65978385415,9876.249636247601,206,21,15,7,25,,True,13,59,10.139557500049705,10.218984299979638,176,161,30,5,1210.0000000000018,92.99999999999979,4612.131956770829,683.7806300618577,6,180,1.8189894035458565e-12,True,943.0121947375769,17.74943008678929,1bd123f3ffe491031cee8cd510a3c952380b0737c9efa859062f93c06e98c840,0,0,0,0,0,0,77
ER,mixed_endpoint_50043,50043,mixed,endpoint,8e014d4d70875948a9236d3bbde86ebed1f690b01eaa353ce94f957e9f11e431,14,14,6241.434974311907,445.81678387942196,23362.174871559535,8531.130981966005,248,23,14,4,25,,True,7,55,2.021948500070721,2.1126907000143547,224,210,24,3,1472.0000000000005,96.99999999999977,4672.434974311906,758.0821521381295,9,232,0.0,True,943.0121947375769,17.74943008678929,f86b84b3664efeb1064a2c23c097e7daa070de71a14d207104b378c88e6568a8,0,0,0,0,0,0,20
EN,mixed_endpoint_50043,50043,mixed,endpoint,8e014d4d70875948a9236d3bbde86ebed1f690b01eaa353ce94f957e9f11e431,14,14,6244.434974311907,446.0310695937077,23362.174871559535,8531.130981966005,248,24,14,4,25,,True,7,55,1.671144699997967,2.190076600003522,224,210,24,3,1472.0000000000005,99.99999999999977,4672.434974311906,758.0821521381295,10,232,0.0,True,943.0121947375769,17.74943008678929,a0f68b8b5a456b84ade4a2ce7dc155ea52856fb75a91f570fe9634bca5caeb92,0,0,0,0,0,0,20
baseline,mixed_endpoint_50044,50044,mixed,endpoint,47f4e9792ba5ca707bccaf05d783bb326f70aa4df96be93679ad780a2c4e1bfc,13,13,6827.632934200485,525.2025334000373,25343.164671002418,9707.12228129743,284,17,13,0,25,,True,5,69,1.36196580005344,1.4183672000071965,251,238,33,2,1682.0000000000005,77.00000000000145,5068.632934200482,1150.389434463903,4,262,9.094947017729282e-13,True,943.0121947375769,17.74943008678929,c128003fc821d84f2871b3275288048a30ae5844402f6335908eae8935b384f6,0,0,0,0,0,0,0
LC,mixed_endpoint_50044,50044,mixed,endpoint,47f4e9792ba5ca707bccaf05d783bb326f70aa4df96be93679ad780a2c4e1bfc,13,13,6421.050646003164,493.92697276947416,23350.25323001581,8852.363760021586,281,19,13,4,25,,True,8,53,1.832801999989897,1.8997805999824777,257,244,24,0,1668.0000000000014,83.00000000000057,4670.050646003161,1149.524903551399,6,263,1.8189894035458565e-12,True,943.0121947375769,17.74943008678929,70fab12238dc395ec8e6097301bfb36887a9bb9dbe7987c2a4c5a25f4f98a406,0,0,0,0,0,0,72
ERN,mixed_endpoint_50043,50043,mixed,endpoint,8e014d4d70875948a9236d3bbde86ebed1f690b01eaa353ce94f957e9f11e431,14,14,6244.434974311907,446.0310695937077,23362.174871559535,8531.130981966005,248,24,14,4,25,,True,7,55,1.6723664000164717,2.25501510000322,224,210,24,3,1472.0000000000005,99.99999999999977,4672.434974311906,758.0821521381295,10,232,0.0,True,943.0121947375769,17.74943008678929,a0f68b8b5a456b84ade4a2ce7dc155ea52856fb75a91f570fe9634bca5caeb92,0,0,0,0,0,0,20
H400,mixed_endpoint_50043,50043,mixed,endpoint,8e014d4d70875948a9236d3bbde86ebed1f690b01eaa353ce94f957e9f11e431,14,14,7100.220787794037,507.1586276995741,27556.103938970184,11758.64248663634,243,45,14,4,25,,True,9,77,3.5135754999064375,3.6243964999739546,204,190,39,16,1426.0000000000014,163.00000000000287,5511.220787794036,0.0,31,211,9.094947017729282e-13,True,943.0121947375769,17.74943008678929,d4cb2163966228dda00dfd5ef9237e88005b9a77e1ab3a50a032389620dce96f,0,0,0,0,0,0,125
B60,mixed_endpoint_50043,50043,mixed,endpoint,8e014d4d70875948a9236d3bbde86ebed1f690b01eaa353ce94f957e9f11e431,14,14,7509.590865474815,536.3993475339154,29217.954327374075,13906.614229059707,252,51,14,9,25,,True,8,63,5.623489500110736,5.7239059999992605,221,207,31,11,1485.0000000000005,181.00000000000097,5843.590865474813,1039.9431875907258,37,225,0.0,True,943.0121947375769,17.74943008678929,a360e203b8a795ac6a042f5897031b8eac07fe8f26965f50073e17bd38cb80b5,0,0,0,0,0,0,51
LPC,mixed_endpoint_50044,50044,mixed,endpoint,47f4e9792ba5ca707bccaf05d783bb326f70aa4df96be93679ad780a2c4e1bfc,13,13,6123.643404009629,471.04949261612535,22578.217020048145,8396.667416020126,257,19,13,5,25,,True,13,51,1.752934000105597,1.8328787999926135,230,217,27,3,1524.9999999999993,83.0000000000005,4515.643404009628,1057.5973045598412,6,240,0.0,True,943.0121947375769,17.74943008678929,7e9b0ba3e27d667b85d3c2ec055e890cc74a3f5090f31050fdd9b7906aea8d57,13,0,0,0,13,0,67
E1,mixed_endpoint_50044,50044,mixed,endpoint,47f4e9792ba5ca707bccaf05d783bb326f70aa4df96be93679ad780a2c4e1bfc,13,13,6437.047283249599,495.15748332689225,23765.236416247993,8306.445923251053,265,28,13,5,25,,True,10,49,1.5466036999132484,1.6510501000157092,243,230,22,3,1573.999999999999,110.00000000000193,4753.047283249598,226.85088157069822,15,249,0.0,True,943.0121947375769,17.74943008678929,8a3c5ad7f6107f0a7c3e794bffbae69a904eb4c6a3ef8f598729009cb4f14cbb,0,0,0,0,0,0,18
E2,mixed_endpoint_50044,50044,mixed,endpoint,47f4e9792ba5ca707bccaf05d783bb326f70aa4df96be93679ad780a2c4e1bfc,13,13,6437.047283249599,495.15748332689225,23765.236416247993,8306.445923251053,265,28,13,5,25,,True,10,49,1.5156939998851158,1.6160168999922462,243,230,22,3,1573.999999999999,110.00000000000193,4753.047283249598,226.85088157069822,15,249,0.0,True,943.0121947375769,17.74943008678929,8a3c5ad7f6107f0a7c3e794bffbae69a904eb4c6a3ef8f598729009cb4f14cbb,0,0,0,0,0,0,18
previous_best,mixed_endpoint_50044,50044,mixed,endpoint,47f4e9792ba5ca707bccaf05d783bb326f70aa4df96be93679ad780a2c4e1bfc,13,13,6382.200898180545,490.9385306292727,22371.004490902716,6310.544175102032,307,19,13,0,25,,True,21,52,2.02809370009345,2.0955816000059713,277,264,30,6,1825.0000000000002,83.00000000000148,4474.200898180545,0.0,6,290,1.8189894035458565e-12,True,943.0121947375769,2.074856830987301,50d71e778c39921f02032647ec059d9775815a89d4f6e06708835b88aa236221,21,9,0,0,0,0,0
G075,mixed_endpoint_50044,50044,mixed,endpoint,47f4e9792ba5ca707bccaf05d783bb326f70aa4df96be93679ad780a2c4e1bfc,13,13,6421.050646003164,493.92697276947416,23350.25323001581,8852.363760021586,281,19,13,4,25,,True,8,53,1.4917657999612857,2.020308599981945,257,244,24,0,1668.0000000000014,83.00000000000057,4670.050646003161,1149.524903551399,6,263,1.8189894035458565e-12,True,943.0121947375769,17.74943008678929,70fab12238dc395ec8e6097301bfb36887a9bb9dbe7987c2a4c5a25f4f98a406,0,0,0,0,0,0,72
G15,mixed_endpoint_50044,50044,mixed,endpoint,47f4e9792ba5ca707bccaf05d783bb326f70aa4df96be93679ad780a2c4e1bfc,13,13,6421.050646003164,493.92697276947416,23350.25323001581,8852.363760021586,281,19,13,4,25,,True,8,53,1.2759605000901502,1.7513471000129357,257,244,24,0,1668.0000000000014,83.00000000000057,4670.050646003161,1149.524903551399,6,263,1.8189894035458565e-12,True,943.0121947375769,17.74943008678929,70fab12238dc395ec8e6097301bfb36887a9bb9dbe7987c2a4c5a25f4f98a406,0,0,0,0,0,0,72
B20,mixed_endpoint_50043,50043,mixed,endpoint,8e014d4d70875948a9236d3bbde86ebed1f690b01eaa353ce94f957e9f11e431,14,14,6949.419586673173,496.3871133337981,26877.09793336587,11074.937082197217,241,40,14,9,25,,True,10,56,7.291691400081618,7.380004800012102,214,200,27,6,1426.0000000000007,148.00000000000065,5375.419586673173,185.55774416850636,26,221,0.0,True,943.0121947375769,17.74943008678929,d5d5050a571102a9cc68365d975bf93dc3280510bd01fd2a7a5cc690a090ebc0,0,0,0,0,0,0,64
H200,mixed_endpoint_50044,50044,mixed,endpoint,47f4e9792ba5ca707bccaf05d783bb326f70aa4df96be93679ad780a2c4e1bfc,13,13,6289.105401164251,483.77733855109625,23195.527005821248,9114.439806011305,259,30,13,3,25,,True,5,67,1.5468170001695398,1.6166563000006136,235,222,24,1,1534.0000000000005,116.00000000000078,4639.10540116425,0.0,17,239,9.094947017729282e-13,True,943.0121947375769,17.74943008678929,efcd835b37d8bd84c8c65aeac5a17b2f92332f77a06b7859720ec7ec35ef92ce,0,0,0,0,0,0,41
R2,mixed_endpoint_50044,50044,mixed,endpoint,47f4e9792ba5ca707bccaf05d783bb326f70aa4df96be93679ad780a2c4e1bfc,13,13,6421.050646003164,493.92697276947416,23350.25323001581,8852.363760021586,281,19,13,4,25,,True,8,53,1.9308070998522453,2.0119159999885596,257,244,24,0,1668.0000000000014,83.00000000000057,4670.050646003161,1149.524903551399,6,263,1.8189894035458565e-12,True,943.0121947375769,17.74943008678929,70fab12238dc395ec8e6097301bfb36887a9bb9dbe7987c2a4c5a25f4f98a406,0,0,0,0,0,0,72
R4,mixed_endpoint_50044,50044,mixed,endpoint,47f4e9792ba5ca707bccaf05d783bb326f70aa4df96be93679ad780a2c4e1bfc,13,13,6421.050646003164,493.92697276947416,23350.25323001581,8852.363760021586,281,19,13,4,25,,True,8,53,1.886499000043841,1.9547587999841198,257,244,24,0,1668.0000000000014,83.00000000000057,4670.050646003161,1149.524903551399,6,263,1.8189894035458565e-12,True,943.0121947375769,17.74943008678929,70fab12238dc395ec8e6097301bfb36887a9bb9dbe7987c2a4c5a25f4f98a406,0,0,0,0,0,0,72
H400,mixed_endpoint_50044,50044,mixed,endpoint,47f4e9792ba5ca707bccaf05d783bb326f70aa4df96be93679ad780a2c4e1bfc,13,13,6289.775166853069,483.8288589886976,23193.875834265342,8633.251524274921,259,30,13,3,25,,True,6,66,1.6202198998944368,1.6871557999984361,235,222,24,1,1534.9999999999998,116.00000000000101,4638.775166853068,0.0,17,240,9.094947017729282e-13,True,943.0121947375769,17.74943008678929,4e9de44504bab6d54a5707d98dc618ab40d31a8d8a50ba3521f182e716197cd5,0,0,0,0,0,0,41
N20,mixed_endpoint_50044,50044,mixed,endpoint,47f4e9792ba5ca707bccaf05d783bb326f70aa4df96be93679ad780a2c4e1bfc,13,13,6421.050646003164,493.92697276947416,23350.25323001581,8852.363760021586,281,19,13,4,25,,True,8,53,1.6013992000662256,2.1253823000006378,257,244,24,0,1668.0000000000014,83.00000000000057,4670.050646003161,1149.524903551399,6,263,1.8189894035458565e-12,True,943.0121947375769,17.74943008678929,70fab12238dc395ec8e6097301bfb36887a9bb9dbe7987c2a4c5a25f4f98a406,0,0,0,0,0,0,72
N50,mixed_endpoint_50044,50044,mixed,endpoint,47f4e9792ba5ca707bccaf05d783bb326f70aa4df96be93679ad780a2c4e1bfc,13,13,6421.050646003164,493.92697276947416,23350.25323001581,8852.363760021586,281,19,13,4,25,,True,8,53,1.4995860999915749,1.9822352999763098,257,244,24,0,1668.0000000000014,83.00000000000057,4670.050646003161,1149.524903551399,6,263,1.8189894035458565e-12,True,943.0121947375769,17.74943008678929,70fab12238dc395ec8e6097301bfb36887a9bb9dbe7987c2a4c5a25f4f98a406,0,0,0,0,0,0,72
ER,mixed_endpoint_50044,50044,mixed,endpoint,47f4e9792ba5ca707bccaf05d783bb326f70aa4df96be93679ad780a2c4e1bfc,13,13,6437.047283249599,495.15748332689225,23765.236416247993,8306.445923251053,265,28,13,5,25,,True,10,49,1.7504735999391414,1.8545808999915607,243,230,22,3,1573.999999999999,110.00000000000193,4753.047283249598,226.85088157069822,15,249,0.0,True,943.0121947375769,17.74943008678929,fd2037f5f3a03d0eeba33e0041d6dc506c1c1ac147d00b120710072531834039,0,0,0,0,0,0,18
EN,mixed_endpoint_50044,50044,mixed,endpoint,47f4e9792ba5ca707bccaf05d783bb326f70aa4df96be93679ad780a2c4e1bfc,13,13,6437.047283249599,495.15748332689225,23765.236416247993,8306.445923251053,265,28,13,5,25,,True,10,49,1.284116800146876,1.7405945000064094,243,230,22,3,1573.999999999999,110.00000000000193,4753.047283249598,226.85088157069822,15,249,0.0,True,943.0121947375769,17.74943008678929,8a3c5ad7f6107f0a7c3e794bffbae69a904eb4c6a3ef8f598729009cb4f14cbb,0,0,0,0,0,0,18
ERN,mixed_endpoint_50044,50044,mixed,endpoint,47f4e9792ba5ca707bccaf05d783bb326f70aa4df96be93679ad780a2c4e1bfc,13,13,6437.047283249599,495.15748332689225,23765.236416247993,8306.445923251053,265,28,13,5,25,,True,10,49,1.3872246000100859,1.853474899980938,243,230,22,3,1573.999999999999,110.00000000000193,4753.047283249598,226.85088157069822,15,249,0.0,True,943.0121947375769,17.74943008678929,fd2037f5f3a03d0eeba33e0041d6dc506c1c1ac147d00b120710072531834039,0,0,0,0,0,0,18
previous_best,mixed_endpoint_50045,50045,mixed,endpoint,bec53dbc0dba8a5fc53e35d428ef00a258eee9d7dba7c7e49222a4d61fad25c5,16,16,3524.2068504122403,220.26292815076502,14286.0342520612,11367.49357757836,97,20,16,0,7,,True,27,35,1.5419701000500936,1.578658299986273,61,45,36,2,575.0000000000006,91.9999999999999,2857.2068504122403,0.0,4,90,4.547473508864641e-13,True,943.0121947375769,2.074856830987301,0963bce6c0b76b05f0435b180147c18d3b27d3ef9b6385c56378975f763d1507,27,8,0,0,0,0,0
baseline,mixed_endpoint_50045,50045,mixed,endpoint,bec53dbc0dba8a5fc53e35d428ef00a258eee9d7dba7c7e49222a4d61fad25c5,16,16,7927.573128257411,495.47332051608817,32107.865641287073,21960.52227305075,188,125,16,1,19,,True,11,87,2.0140455000218935,2.231020900013391,131,115,57,14,1098.9999999999998,407.000000000002,6421.573128257411,0.0,109,159,-3.637978807091713e-12,True,943.0121947375769,17.74943008678929,5cb265062870d49c20f9551a1db0d48858e93a4907bdf0d18cc0f47221fd7b79,0,0,0,0,0,0,0
LC,mixed_endpoint_50045,50045,mixed,endpoint,bec53dbc0dba8a5fc53e35d428ef00a258eee9d7dba7c7e49222a4d61fad25c5,16,16,5400.7189800419055,337.5449362526191,20918.59490020953,12095.985030116257,174,54,16,8,17,,True,12,59,3.093704499944579,3.20966180000687,137,121,37,13,1023.0000000000003,193.99999999999937,4183.718980041905,0.0,38,153,0.0,True,943.0121947375769,17.74943008678929,9b976fbc588c43a2644fe6afe8db68e0f1cdbcc53fd498e796b4b1e84c90bfab,0,0,0,0,0,0,95
B60,mixed_endpoint_50044,50044,mixed,endpoint,47f4e9792ba5ca707bccaf05d783bb326f70aa4df96be93679ad780a2c4e1bfc,13,13,6938.597514352308,533.7382703347929,26307.987571761532,10844.279357239819,263,31,13,8,25,,True,8,54,5.717078299901914,5.818731900013518,240,227,23,4,1557.9999999999993,119.00000000000286,5261.597514352307,745.400200585741,18,243,1.8189894035458565e-12,True,943.0121947375769,17.74943008678929,86b5551e46fc926df2b0ea102b48841af22e3ac530b73995d86f3ce58e8d77a6,0,0,0,0,0,0,46
LPC,mixed_endpoint_50045,50045,mixed,endpoint,bec53dbc0dba8a5fc53e35d428ef00a258eee9d7dba7c7e49222a4d61fad25c5,16,16,6954.683918730174,434.66774492063587,26333.41959365088,14065.257909482028,213,134,16,8,22,,True,20,59,3.064604999992298,3.3099381999927573,172,156,41,12,1253.999999999998,434.0000000000048,5266.683918730174,0.0,118,189,-1.8189894035458565e-12,True,943.0121947375769,17.74943008678929,67f9e2d629c7c0b92e3c81142c221801ec50a1583c1a1febcae3665bbb5b25dc,20,0,0,0,20,0,100
E1,mixed_endpoint_50045,50045,mixed,endpoint,bec53dbc0dba8a5fc53e35d428ef00a258eee9d7dba7c7e49222a4d61fad25c5,16,16,5444.755484389012,340.29721777431325,21033.777421945062,11903.326223698214,169,70,16,10,17,,True,12,52,3.3269968999084085,3.5643134999845643,137,121,32,10,996.0000000000006,241.99999999999818,4206.755484389012,0.0,54,151,0.0,True,943.0121947375769,17.74943008678929,f0f2077db551e8f5d473ef60326b5487a963991c272660ed8ea8dcce35f48292,0,0,0,0,0,0,86
E2,mixed_endpoint_50045,50045,mixed,endpoint,bec53dbc0dba8a5fc53e35d428ef00a258eee9d7dba7c7e49222a4d61fad25c5,16,16,5444.755484389012,340.29721777431325,21033.777421945062,11903.326223698214,169,70,16,10,17,,True,12,52,3.4570111999928486,3.6845899000181817,137,121,32,10,996.0000000000006,241.99999999999818,4206.755484389012,0.0,54,151,0.0,True,943.0121947375769,17.74943008678929,f0f2077db551e8f5d473ef60326b5487a963991c272660ed8ea8dcce35f48292,0,0,0,0,0,0,86
G075,mixed_endpoint_50045,50045,mixed,endpoint,bec53dbc0dba8a5fc53e35d428ef00a258eee9d7dba7c7e49222a4d61fad25c5,16,16,5400.7189800419055,337.5449362526191,20918.59490020953,12095.985030116257,174,54,16,8,17,,True,12,59,2.9643396000319626,3.5807825999800116,137,121,37,13,1023.0000000000003,193.99999999999937,4183.718980041905,0.0,38,153,0.0,True,943.0121947375769,17.74943008678929,9b976fbc588c43a2644fe6afe8db68e0f1cdbcc53fd498e796b4b1e84c90bfab,0,0,0,0,0,0,95
R2,mixed_endpoint_50045,50045,mixed,endpoint,bec53dbc0dba8a5fc53e35d428ef00a258eee9d7dba7c7e49222a4d61fad25c5,16,16,5394.837772962435,337.1773608101522,20814.188864812175,11988.223212886924,171,64,16,9,17,,True,12,56,3.1114761999924667,3.2246026000066195,137,121,34,11,1008.000000000001,223.99999999999932,4162.8377729624335,0.0,48,153,0.0,True,943.0121947375769,17.74943008678929,e7dd776842c96dfe9db5d9e23c3df1efffc9c31f9914d1374dbde18a167b273f,0,0,0,0,0,0,92
G15,mixed_endpoint_50045,50045,mixed,endpoint,bec53dbc0dba8a5fc53e35d428ef00a258eee9d7dba7c7e49222a4d61fad25c5,16,16,5400.7189800419055,337.5449362526191,20918.59490020953,12095.985030116257,174,54,16,8,17,,True,12,59,2.80265570001211,3.409947200008901,137,121,37,13,1023.0000000000003,193.99999999999937,4183.718980041905,0.0,38,153,0.0,True,943.0121947375769,17.74943008678929,9b976fbc588c43a2644fe6afe8db68e0f1cdbcc53fd498e796b4b1e84c90bfab,0,0,0,0,0,0,95
R4,mixed_endpoint_50045,50045,mixed,endpoint,bec53dbc0dba8a5fc53e35d428ef00a258eee9d7dba7c7e49222a4d61fad25c5,16,16,5416.120138566872,338.5075086604295,20930.600692834367,12104.635040909116,173,60,16,9,17,,True,12,58,3.2263763999799266,3.366840000002412,137,121,36,13,1018.0000000000003,211.99999999999818,4186.120138566873,0.0,44,153,-1.8189894035458565e-12,True,943.0121947375769,17.74943008678929,1390c9967b21d8dc36ffd44891667b2fb448f5964490ab9fdad93e4139da41f3,0,0,0,0,0,0,94
baseline,mixed_endpoint_50046,50046,mixed,endpoint,89178c692d59a76cb24ff07ce44bc4a2414d1f388f06069f1e39b48d21ae2382,12,12,6854.153717753047,571.1794764794206,24395.768588765237,9090.140704705944,320,21,12,0,25,,True,6,71,1.1367092000728007,1.189425000018673,288,276,32,1,1887.9999999999989,87.00000000000068,4879.153717753048,2121.0447068913736,9,288,0.0,True,943.0121947375769,17.74943008678929,f3413895da1270a34ff7e416231590bf45ca7691b935a04a9a10f872d1ee03ef,0,0,0,0,0,0,0
H200,mixed_endpoint_50045,50045,mixed,endpoint,bec53dbc0dba8a5fc53e35d428ef00a258eee9d7dba7c7e49222a4d61fad25c5,16,16,5082.718652203112,317.6699157626945,19388.59326101557,11354.594024459138,178,41,16,5,19,,True,13,64,2.995028199686203,3.068852099997457,146,130,32,6,1050.0000000000018,154.99999999999898,3877.718652203111,0.0,25,160,-1.8189894035458565e-12,True,943.0121947375769,17.74943008678929,c34e5764702bab745669279073b432f9f7113ffd35c4d199d7fb8b2d874bdc28,0,0,0,0,0,0,104
B20,mixed_endpoint_50044,50044,mixed,endpoint,47f4e9792ba5ca707bccaf05d783bb326f70aa4df96be93679ad780a2c4e1bfc,13,13,6600.662102346908,507.74323864206985,23848.310511734533,10622.994996354042,285,39,13,8,25,,True,7,57,8.984294500027318,9.089605399989523,258,245,27,8,1687.9999999999986,143.0000000000012,4769.662102346912,89.94309292873913,26,263,9.094947017729282e-13,True,943.0121947375769,17.74943008678929,9c3e0915c2207b1ac7e661d01d181347497dfb81c8a469dc72d1d72a7df01cd2,0,0,0,0,0,0,61
H400,mixed_endpoint_50045,50045,mixed,endpoint,bec53dbc0dba8a5fc53e35d428ef00a258eee9d7dba7c7e49222a4d61fad25c5,16,16,5076.662500321385,317.29140627008655,19343.312501606928,11119.67705334456,178,42,16,5,19,,True,14,64,3.225116099958541,3.308182399981888,146,130,32,6,1050.0000000000018,157.9999999999995,3868.6625003213835,0.0,26,160,-9.094947017729282e-13,True,943.0121947375769,17.74943008678929,868d8854825b42daa292c27e25181a1b3454f5920baaf573a372d4920eccfa3a,0,0,0,0,0,0,106
N20,mixed_endpoint_50045,50045,mixed,endpoint,bec53dbc0dba8a5fc53e35d428ef00a258eee9d7dba7c7e49222a4d61fad25c5,16,16,5403.7189800419055,337.7324362526191,20918.59490020953,12095.985030116257,174,55,16,8,17,,True,12,59,2.6897642998374067,3.290608899988001,137,121,37,13,1023.0000000000003,196.99999999999937,4183.718980041905,0.0,39,153,0.0,True,943.0121947375769,17.74943008678929,fc2db1f8671296e5ae0ac7470a4ec9d7c7d99f0a9e2f9210705676583b8c08e2,0,0,0,0,0,0,95
LC,mixed_endpoint_50046,50046,mixed,endpoint,89178c692d59a76cb24ff07ce44bc4a2414d1f388f06069f1e39b48d21ae2382,12,12,7747.428057951294,645.6190048292746,27927.14028975647,11012.375161711838,313,98,12,5,25,,True,5,67,1.5065084999951068,1.6354010000068229,278,266,35,16,1844.0,317.9999999999991,5585.428057951296,2369.1536695059676,86,279,0.0,True,943.0121947375769,17.74943008678929,fe9d3070580d4fdbafeae7febca208e960b6bdee35b5461b869997f9dd72461b,0,0,0,0,0,0,45
N50,mixed_endpoint_50045,50045,mixed,endpoint,bec53dbc0dba8a5fc53e35d428ef00a258eee9d7dba7c7e49222a4d61fad25c5,16,16,5400.7189800419055,337.5449362526191,20918.59490020953,12095.985030116257,174,54,16,8,17,,True,12,59,2.488104000018211,3.097569100005785,137,121,37,13,1023.0000000000003,193.99999999999937,4183.718980041905,0.0,38,153,0.0,True,943.0121947375769,17.74943008678929,ca370aae6f69b7a2a11aee9ca3b702a3d0b7571cabf3f34b7e18f32a613c467f,0,0,0,0,0,0,95
LPC,mixed_endpoint_50046,50046,mixed,endpoint,89178c692d59a76cb24ff07ce44bc4a2414d1f388f06069f1e39b48d21ae2382,12,12,7217.993647390467,601.4994706158723,26019.968236952343,9102.694752768959,308,56,12,4,25,,True,9,58,1.4455675001081545,1.5567473999981303,278,266,30,8,1821.9999999999986,192.0000000000002,5203.993647390469,2366.5334312339764,44,282,-1.8189894035458565e-12,True,943.0121947375769,17.74943008678929,bbcc2683dcdd63854eb804997b08e7ebd8863f6a217c7bd8885b81557536a8ee,9,0,0,0,9,0,26
ER,mixed_endpoint_50045,50045,mixed,endpoint,bec53dbc0dba8a5fc53e35d428ef00a258eee9d7dba7c7e49222a4d61fad25c5,16,16,5444.755484389012,340.29721777431325,21033.777421945062,11903.326223698214,169,70,16,10,17,,True,12,52,3.1137099000625312,3.349049599986756,137,121,32,10,996.0000000000006,241.99999999999818,4206.755484389012,0.0,54,151,0.0,True,943.0121947375769,17.74943008678929,f0f2077db551e8f5d473ef60326b5487a963991c272660ed8ea8dcce35f48292,0,0,0,0,0,0,86
EN,mixed_endpoint_50045,50045,mixed,endpoint,bec53dbc0dba8a5fc53e35d428ef00a258eee9d7dba7c7e49222a4d61fad25c5,16,16,5447.755484389012,340.48471777431325,21033.777421945062,11903.326223698214,169,71,16,10,17,,True,12,52,2.708963700046297,3.331618800002616,137,121,32,10,996.0000000000006,244.99999999999818,4206.755484389012,0.0,55,151,0.0,True,943.0121947375769,17.74943008678929,832397badb3f0e9d914ae89f3892d74bad071a30cab351b13a7e3f95588a4eb7,0,0,0,0,0,0,86
ERN,mixed_endpoint_50045,50045,mixed,endpoint,bec53dbc0dba8a5fc53e35d428ef00a258eee9d7dba7c7e49222a4d61fad25c5,16,16,5447.755484389012,340.48471777431325,21033.777421945062,11903.326223698214,169,71,16,10,17,,True,12,52,2.68585859995801,3.285576199996285,137,121,32,10,996.0000000000006,244.99999999999818,4206.755484389012,0.0,55,151,0.0,True,943.0121947375769,17.74943008678929,832397badb3f0e9d914ae89f3892d74bad071a30cab351b13a7e3f95588a4eb7,0,0,0,0,0,0,86
E1,mixed_endpoint_50046,50046,mixed,endpoint,89178c692d59a76cb24ff07ce44bc4a2414d1f388f06069f1e39b48d21ae2382,12,12,7718.686118344577,643.2238431953814,27673.430591722878,10759.415221333373,310,111,12,8,25,,True,5,63,1.7633829999540467,2.0993220999953337,278,266,32,16,1827.0000000000014,356.9999999999994,5534.686118344579,2369.1536695059676,99,277,1.8189894035458565e-12,True,943.0121947375769,17.74943008678929,7f174b80f50abc80e5ca4851e7cbb23a9c3b2b634190d22ed3a0a5f0a5425d54,0,0,0,0,0,0,42
previous_best,mixed_endpoint_50046,50046,mixed,endpoint,89178c692d59a76cb24ff07ce44bc4a2414d1f388f06069f1e39b48d21ae2382,12,12,5978.499187367957,498.20826561399645,21347.49593683979,6665.778013690964,276,16,12,0,25,,True,13,53,2.1775205999729224,2.2423425000160933,250,238,26,5,1637.0,71.99999999999952,4269.499187367959,188.3161502697194,4,257,-9.094947017729282e-13,True,943.0121947375769,2.074856830987301,70b0834b2e29d6b32ce3b2164e148831c0c4870c2fb550ffcd1cbb807bf37266,13,6,0,0,0,0,0
E2,mixed_endpoint_50046,50046,mixed,endpoint,89178c692d59a76cb24ff07ce44bc4a2414d1f388f06069f1e39b48d21ae2382,12,12,7718.686118344577,643.2238431953814,27673.430591722878,10759.415221333373,310,111,12,8,25,,True,5,63,1.8198167998925783,2.128093400009675,278,266,32,16,1827.0000000000014,356.9999999999994,5534.686118344579,2369.1536695059676,99,277,1.8189894035458565e-12,True,943.0121947375769,17.74943008678929,7f174b80f50abc80e5ca4851e7cbb23a9c3b2b634190d22ed3a0a5f0a5425d54,0,0,0,0,0,0,42
G075,mixed_endpoint_50046,50046,mixed,endpoint,89178c692d59a76cb24ff07ce44bc4a2414d1f388f06069f1e39b48d21ae2382,12,12,7747.428057951294,645.6190048292746,27927.14028975647,11012.375161711838,313,98,12,5,25,,True,5,67,1.2341663000697736,1.7720129000081215,278,266,35,16,1844.0,317.9999999999991,5585.428057951296,2369.1536695059676,86,279,0.0,True,943.0121947375769,17.74943008678929,fe9d3070580d4fdbafeae7febca208e960b6bdee35b5461b869997f9dd72461b,0,0,0,0,0,0,45
R2,mixed_endpoint_50046,50046,mixed,endpoint,89178c692d59a76cb24ff07ce44bc4a2414d1f388f06069f1e39b48d21ae2382,12,12,7747.027216357125,645.5856013630938,27815.13608178562,10901.120711396115,312,107,12,6,25,,True,5,65,1.5981423002085648,1.7522417000145651,278,266,34,16,1839.0000000000014,344.99999999999903,5563.027216357125,2369.1536695059676,95,279,1.8189894035458565e-12,True,943.0121947375769,17.74943008678929,9e94b3e8562d6f1a7eb274541d74a8d40f16b1678b4a24c9d2673e1ddd3fdf7e,0,0,0,0,0,0,45
G15,mixed_endpoint_50046,50046,mixed,endpoint,89178c692d59a76cb24ff07ce44bc4a2414d1f388f06069f1e39b48d21ae2382,12,12,7747.428057951294,645.6190048292746,27927.14028975647,11012.375161711838,313,98,12,5,25,,True,5,67,1.2798477000324056,1.8984553999907803,278,266,35,16,1844.0,317.9999999999991,5585.428057951296,2369.1536695059676,86,279,0.0,True,943.0121947375769,17.74943008678929,fe9d3070580d4fdbafeae7febca208e960b6bdee35b5461b869997f9dd72461b,0,0,0,0,0,0,45
R4,mixed_endpoint_50046,50046,mixed,endpoint,89178c692d59a76cb24ff07ce44bc4a2414d1f388f06069f1e39b48d21ae2382,12,12,7747.428057951294,645.6190048292746,27927.14028975647,11012.375161711838,313,98,12,5,25,,True,5,67,1.599892800062662,1.7404937999963295,278,266,35,16,1844.0,317.9999999999991,5585.428057951296,2369.1536695059676,86,279,0.0,True,943.0121947375769,17.74943008678929,fe9d3070580d4fdbafeae7febca208e960b6bdee35b5461b869997f9dd72461b,0,0,0,0,0,0,45
H200,mixed_endpoint_50046,50046,mixed,endpoint,89178c692d59a76cb24ff07ce44bc4a2414d1f388f06069f1e39b48d21ae2382,12,12,7909.977665591941,659.1648054659951,28649.888327959703,11734.860978842013,313,104,12,4,25,,True,5,73,1.6590150000411086,1.792494000022998,278,266,35,16,1843.9999999999995,335.99999999999955,5729.977665591942,2369.17997312478,92,279,9.094947017729282e-13,True,943.0121947375769,17.74943008678929,01c6e200ea2a767a0bd585a19e815940e45d7a9d2135132c7d193a4d1f56b40c,0,0,0,0,0,0,53
H400,mixed_endpoint_50046,50046,mixed,endpoint,89178c692d59a76cb24ff07ce44bc4a2414d1f388f06069f1e39b48d21ae2382,12,12,6828.626697801672,569.052224816806,24233.133489008345,9134.915225450079,316,26,12,4,25,,True,8,55,1.629150100168772,1.699755899986485,295,283,21,1,1879.9999999999995,102.00000000000259,4846.62669780167,1593.110865033017,14,300,2.7284841053187847e-12,True,943.0121947375769,17.74943008678929,3c7fb5188f9dd95e9406d8509e25516a3b90a90735922772f823623f9ac8dac0,0,0,0,0,0,0,32
N20,mixed_endpoint_50046,50046,mixed,endpoint,89178c692d59a76cb24ff07ce44bc4a2414d1f388f06069f1e39b48d21ae2382,12,12,7750.428057951294,645.8690048292746,27927.14028975647,11012.375161711838,313,99,12,5,25,,True,5,67,1.1716593998135068,1.703317599982256,278,266,35,16,1844.0,320.9999999999991,5585.428057951296,2369.1536695059676,87,279,0.0,True,943.0121947375769,17.74943008678929,60a742587c592832317815b2e584d02258fbe14482802f5b30ea25eca1caf16f,0,0,0,0,0,0,45
N50,mixed_endpoint_50046,50046,mixed,endpoint,89178c692d59a76cb24ff07ce44bc4a2414d1f388f06069f1e39b48d21ae2382,12,12,7747.428057951294,645.6190048292746,27927.14028975647,11012.375161711838,313,98,12,5,25,,True,5,67,1.1460248999355827,1.7168286999803968,278,266,35,16,1844.0,317.9999999999991,5585.428057951296,2369.1536695059676,86,279,0.0,True,943.0121947375769,17.74943008678929,fe9d3070580d4fdbafeae7febca208e960b6bdee35b5461b869997f9dd72461b,0,0,0,0,0,0,45
B60,mixed_endpoint_50046,50046,mixed,endpoint,89178c692d59a76cb24ff07ce44bc4a2414d1f388f06069f1e39b48d21ae2382,12,12,7048.541487527249,587.3784572939375,24187.707437636258,6706.515484250819,359,19,12,6,25,,True,9,50,3.5897030999476556,3.6798291000013705,337,325,22,6,2130.0000000000005,80.99999999999835,4837.541487527249,473.51475846944413,7,335,-2.7284841053187847e-12,True,943.0121947375769,17.74943008678929,1bb1389b83a5b3723b9ae0474b48e26c98bbdd324541417c6930407b23950f8e,0,0,0,0,0,0,19
ER,mixed_endpoint_50046,50046,mixed,endpoint,89178c692d59a76cb24ff07ce44bc4a2414d1f388f06069f1e39b48d21ae2382,12,12,7718.686118344577,643.2238431953814,27673.430591722878,10759.415221333373,310,111,12,8,25,,True,5,63,1.6091575999744236,1.8753294999769423,278,266,32,16,1827.0000000000014,356.9999999999994,5534.686118344579,2369.1536695059676,99,277,1.8189894035458565e-12,True,943.0121947375769,17.74943008678929,7c106b87585dabb2c5d6352b2bcfffab96b47593368056d36282f6bd8f3ee95c,0,0,0,0,0,0,42
baseline,mixed_endpoint_50047,50047,mixed,endpoint,94e5b1abe5495dd813bcb4f1737843f8b4eb76ee51be90a0d8d4d117a34890bb,12,12,6707.914689221919,558.9928907684932,24029.573446109593,8176.179909208828,308,18,12,0,25,,True,9,68,1.3718467000580858,1.4475459000095725,273,261,35,5,1824.0000000000005,78.00000000000007,4805.914689221919,335.781907977017,6,284,0.0,True,943.0121947375769,17.74943008678929,2251a04e810ea6256d50302328becb67022a89464e095d6eb76ecca5befdf929,0,0,0,0,0,0,0
previous_best,mixed_endpoint_50047,50047,mixed,endpoint,94e5b1abe5495dd813bcb4f1737843f8b4eb76ee51be90a0d8d4d117a34890bb,12,12,6933.1888894932745,577.7657407911062,24345.944447466376,7476.137577769624,334,19,12,0,25,,True,15,56,1.1475468999124132,1.2099680000101216,306,294,28,4,1982.9999999999998,80.99999999999899,4869.1888894932745,204.8109410852412,7,313,-9.094947017729282e-13,True,943.0121947375769,2.074856830987301,5c900c846b25bf68bd2c563a0de88deea318c94f9b4d8dee20079b1c37106e2a,15,9,0,0,0,0,0
EN,mixed_endpoint_50046,50046,mixed,endpoint,89178c692d59a76cb24ff07ce44bc4a2414d1f388f06069f1e39b48d21ae2382,12,12,7721.686118344577,643.4738431953814,27673.430591722878,10759.415221333373,310,112,12,8,25,,True,5,63,1.328103200008627,2.025983300001826,278,266,32,16,1827.0000000000014,359.99999999999926,5534.686118344579,2369.1536695059676,100,277,1.8189894035458565e-12,True,943.0121947375769,17.74943008678929,6bee34eae1d8c7d416aed1c07a72ea0fadda6bba278dc9b5ffe530becaccaaa5,0,0,0,0,0,0,42
ERN,mixed_endpoint_50046,50046,mixed,endpoint,89178c692d59a76cb24ff07ce44bc4a2414d1f388f06069f1e39b48d21ae2382,12,12,7721.686118344577,643.4738431953814,27673.430591722878,10759.415221333373,310,112,12,8,25,,True,5,63,1.3105283000913914,2.0465784999832977,278,266,32,16,1827.0000000000014,359.99999999999926,5534.686118344579,2369.1536695059676,100,277,1.8189894035458565e-12,True,943.0121947375769,17.74943008678929,13855075b93ad173bb7d9dd503814113bbbcef9b79ae0afe5ea67cd3acfb45b6,0,0,0,0,0,0,42
LC,mixed_endpoint_50047,50047,mixed,endpoint,94e5b1abe5495dd813bcb4f1737843f8b4eb76ee51be90a0d8d4d117a34890bb,12,12,6764.044649211704,563.6703874343087,23780.223246058522,8704.544095954012,306,56,12,4,25,,True,10,55,1.665828299970599,1.7687035000126343,277,265,29,8,1816.000000000001,191.9999999999998,4756.044649211705,116.5169156598995,44,286,0.0,True,943.0121947375769,17.74943008678929,8f2719ffe7143b9d1d6c32a2477ab5d8822192425b699210146fa51b3ae1ccfa,0,0,0,0,0,0,33
LPC,mixed_endpoint_50047,50047,mixed,endpoint,94e5b1abe5495dd813bcb4f1737843f8b4eb76ee51be90a0d8d4d117a34890bb,12,12,6663.308665584161,555.2757221320134,23176.54332792081,8147.414835629192,308,59,12,4,25,,True,15,52,1.5706464998365846,1.6859208000241779,277,265,31,8,1827.0000000000007,201.00000000000023,4635.308665584161,115.97497261827357,47,287,-9.094947017729282e-13,True,943.0121947375769,17.74943008678929,c657aea119d82ae347b0af218182eba0ac28911a8f9c0486fa7b721d3688bbc4,15,0,0,0,15,0,14
E1,mixed_endpoint_50047,50047,mixed,endpoint,94e5b1abe5495dd813bcb4f1737843f8b4eb76ee51be90a0d8d4d117a34890bb,12,12,6710.986931278594,559.2489109398829,23269.93465639297,8324.840092685039,305,74,12,5,25,,True,11,53,2.1292246999801137,2.3402473000169266,277,265,28,8,1811.000000000001,245.99999999999963,4653.986931278594,116.5169156598995,62,286,0.0,True,943.0121947375769,17.74943008678929,9cf2ef2baecf7ef61ec8d26d2160f14ed99db6286e6ae02033a6eea471c67bc3,0,0,0,0,0,0,31
E2,mixed_endpoint_50047,50047,mixed,endpoint,94e5b1abe5495dd813bcb4f1737843f8b4eb76ee51be90a0d8d4d117a34890bb,12,12,6710.986931278594,559.2489109398829,23269.93465639297,8324.840092685039,305,74,12,5,25,,True,11,53,2.0636309999681544,2.29054799998994,277,265,28,8,1811.000000000001,245.99999999999963,4653.986931278594,116.5169156598995,62,286,0.0,True,943.0121947375769,17.74943008678929,9cf2ef2baecf7ef61ec8d26d2160f14ed99db6286e6ae02033a6eea471c67bc3,0,0,0,0,0,0,31
G075,mixed_endpoint_50047,50047,mixed,endpoint,94e5b1abe5495dd813bcb4f1737843f8b4eb76ee51be90a0d8d4d117a34890bb,12,12,6764.044649211704,563.6703874343087,23780.223246058522,8704.544095954012,306,56,12,4,25,,True,10,55,1.471888699918054,1.9817822999903,277,265,29,8,1816.000000000001,191.9999999999998,4756.044649211705,116.5169156598995,44,286,0.0,True,943.0121947375769,17.74943008678929,8f2719ffe7143b9d1d6c32a2477ab5d8822192425b699210146fa51b3ae1ccfa,0,0,0,0,0,0,33
B60,mixed_endpoint_50045,50045,mixed,endpoint,bec53dbc0dba8a5fc53e35d428ef00a258eee9d7dba7c7e49222a4d61fad25c5,16,16,5263.519759732464,328.969984983279,21702.598798662308,12929.924307168547,142,22,16,2,14,,True,4,61,12.54785519989673,12.603946799994446,108,92,34,4,825.0000000000019,98.00000000000061,4340.519759732462,0.0,6,115,2.7284841053187847e-12,True,943.0121947375769,17.74943008678929,d3b414d3159255c0e3bac9c20b184b8da51003db6b47455c79f4eef278d8767f,0,0,0,0,0,0,34
R2,mixed_endpoint_50047,50047,mixed,endpoint,94e5b1abe5495dd813bcb4f1737843f8b4eb76ee51be90a0d8d4d117a34890bb,12,12,6764.044649211704,563.6703874343087,23780.223246058522,8704.544095954012,306,56,12,4,25,,True,10,55,1.703358499915339,1.8124260999902617,277,265,29,8,1816.000000000001,191.9999999999998,4756.044649211705,116.5169156598995,44,286,0.0,True,943.0121947375769,17.74943008678929,8f2719ffe7143b9d1d6c32a2477ab5d8822192425b699210146fa51b3ae1ccfa,0,0,0,0,0,0,33
G15,mixed_endpoint_50047,50047,mixed,endpoint,94e5b1abe5495dd813bcb4f1737843f8b4eb76ee51be90a0d8d4d117a34890bb,12,12,6764.044649211704,563.6703874343087,23780.223246058522,8704.544095954012,306,56,12,4,25,,True,10,55,1.4524925000441726,1.9521723999932874,277,265,29,8,1816.000000000001,191.9999999999998,4756.044649211705,116.5169156598995,44,286,0.0,True,943.0121947375769,17.74943008678929,8f2719ffe7143b9d1d6c32a2477ab5d8822192425b699210146fa51b3ae1ccfa,0,0,0,0,0,0,33
R4,mixed_endpoint_50047,50047,mixed,endpoint,94e5b1abe5495dd813bcb4f1737843f8b4eb76ee51be90a0d8d4d117a34890bb,12,12,6764.044649211704,563.6703874343087,23780.223246058522,8704.544095954012,306,56,12,4,25,,True,10,55,1.79759999999078,1.917384900007164,277,265,29,8,1816.000000000001,191.9999999999998,4756.044649211705,116.5169156598995,44,286,0.0,True,943.0121947375769,17.74943008678929,8f2719ffe7143b9d1d6c32a2477ab5d8822192425b699210146fa51b3ae1ccfa,0,0,0,0,0,0,33
B20,mixed_endpoint_50045,50045,mixed,endpoint,bec53dbc0dba8a5fc53e35d428ef00a258eee9d7dba7c7e49222a4d61fad25c5,16,16,5283.529472888624,330.220592055539,21092.647364443088,18868.455248909602,105,142,16,8,7,,True,11,57,12.808000100019854,12.982609900005627,62,46,43,18,606.9999999999998,458.00000000000654,4218.529472888622,0.0,126,82,6.366462912410498e-12,True,943.0121947375769,17.74943008678929,7ccc3c22abd00b39552e414a8ea570613e95cd97171994abaf1edf8af45938be,0,0,0,0,0,0,40
H200,mixed_endpoint_50047,50047,mixed,endpoint,94e5b1abe5495dd813bcb4f1737843f8b4eb76ee51be90a0d8d4d117a34890bb,12,12,6724.640184262393,560.386682021866,23493.200921311967,8415.546130797775,307,60,12,4,25,,True,11,59,1.943585999921197,2.0602328999957535,277,265,30,9,1822.0000000000005,203.99999999999986,4698.640184262394,116.5169156598995,48,287,-9.094947017729282e-13,True,943.0121947375769,17.74943008678929,407e789394fd7b646e252f9a6afc749a0529d7cf8b222e64471fdc9fab83c3d2,0,0,0,0,0,0,38
B60,mixed_endpoint_50047,50047,mixed,endpoint,94e5b1abe5495dd813bcb4f1737843f8b4eb76ee51be90a0d8d4d117a34890bb,12,12,7035.421967595443,586.2851639662869,25062.109837977212,8415.930656100963,329,17,12,5,25,,True,11,52,2.9112656000070274,3.0294997000019066,302,290,27,7,1948.0000000000016,75.0000000000002,5012.421967595443,205.38355759153,5,303,0.0,True,943.0121947375769,17.74943008678929,f0b2ca3ebd1c2687e0ed9041d748da9078bf472848941161a398767803c62f2b,0,0,0,0,0,0,33
N20,mixed_endpoint_50047,50047,mixed,endpoint,94e5b1abe5495dd813bcb4f1737843f8b4eb76ee51be90a0d8d4d117a34890bb,12,12,6764.044649211704,563.6703874343087,23780.223246058522,8704.544095954012,306,56,12,4,25,,True,10,55,1.3005118000146467,1.7720164000056684,277,265,29,8,1816.000000000001,191.9999999999998,4756.044649211705,116.5169156598995,44,286,0.0,True,943.0121947375769,17.74943008678929,8f2719ffe7143b9d1d6c32a2477ab5d8822192425b699210146fa51b3ae1ccfa,0,0,0,0,0,0,33
H400,mixed_endpoint_50047,50047,mixed,endpoint,94e5b1abe5495dd813bcb4f1737843f8b4eb76ee51be90a0d8d4d117a34890bb,12,12,6852.615924013305,571.0513270011087,24123.07962006652,9045.424829552334,307,61,12,4,25,,True,11,60,1.8742639000993222,1.9893305999867152,277,265,30,9,1821.000000000001,206.99999999999991,4824.615924013305,116.5169156598995,49,286,9.094947017729282e-13,True,943.0121947375769,17.74943008678929,4f7ee31cbc7adaf76783ae9d20c8f2c064ae8c51c70785475df9488ff428911b,0,0,0,0,0,0,39
baseline,mixed_endpoint_50048,50048,mixed,endpoint,b30353fff4dc09dc5485f2ec2090b1aae5c05aaad66cc993911da5ae30d6e2f9,12,12,6676.281837910692,556.356819825891,25351.40918955345,10448.247211906462,259,15,12,0,25,,True,12,56,1.1340327000652906,1.187902799982112,230,218,29,3,1537.0000000000011,69.00000000000018,5070.281837910693,90.1644841978432,3,242,1.8189894035458565e-12,True,943.0121947375769,17.74943008678929,ad6561f22043099083af4177db4427ae91255989a340a141d0c69a151554d1ee,0,0,0,0,0,0,0
N50,mixed_endpoint_50047,50047,mixed,endpoint,94e5b1abe5495dd813bcb4f1737843f8b4eb76ee51be90a0d8d4d117a34890bb,12,12,6764.044649211704,563.6703874343087,23780.223246058522,8704.544095954012,306,56,12,4,25,,True,10,55,1.3306308999890462,1.7492637000104878,277,265,29,8,1816.000000000001,191.9999999999998,4756.044649211705,116.5169156598995,44,286,0.0,True,943.0121947375769,17.74943008678929,8f2719ffe7143b9d1d6c32a2477ab5d8822192425b699210146fa51b3ae1ccfa,0,0,0,0,0,0,33
B20,mixed_endpoint_50046,50046,mixed,endpoint,89178c692d59a76cb24ff07ce44bc4a2414d1f388f06069f1e39b48d21ae2382,12,12,6693.8385676258395,557.8198806354866,24604.1928381292,8720.225852391786,270,53,12,2,25,,True,10,55,8.674469600140583,8.785814899980323,243,231,27,8,1590.0000000000002,182.9999999999995,4920.83856762584,476.70065499937664,41,240,0.0,True,943.0121947375769,17.74943008678929,1a86b60db423bedf7b9d60578302ee877c329bb9d967461945b28b9273d5ff57,0,0,0,0,0,0,7
ER,mixed_endpoint_50047,50047,mixed,endpoint,94e5b1abe5495dd813bcb4f1737843f8b4eb76ee51be90a0d8d4d117a34890bb,12,12,6710.986931278594,559.2489109398829,23269.93465639297,8324.840092685039,305,74,12,5,25,,True,11,53,1.9159942000696901,2.0862352000258397,277,265,28,8,1811.000000000001,245.99999999999963,4653.986931278594,116.5169156598995,62,286,0.0,True,943.0121947375769,17.74943008678929,9cf2ef2baecf7ef61ec8d26d2160f14ed99db6286e6ae02033a6eea471c67bc3,0,0,0,0,0,0,31
LPC,mixed_endpoint_50048,50048,mixed,endpoint,b30353fff4dc09dc5485f2ec2090b1aae5c05aaad66cc993911da5ae30d6e2f9,12,12,6634.4093493528435,552.8674457794036,23762.046746764216,7871.476983574957,304,17,12,2,25,,True,13,47,1.5217355000204407,1.584594099986134,280,268,24,2,1807.0000000000007,75.00000000000111,4752.409349352842,1055.6883103338323,5,287,0.0,True,943.0121947375769,17.74943008678929,a955884580abc1f95974f401fe8926074c37351e4b79af0f5404017a0be29553,13,0,0,0,13,0,30
LC,mixed_endpoint_50048,50048,mixed,endpoint,b30353fff4dc09dc5485f2ec2090b1aae5c05aaad66cc993911da5ae30d6e2f9,12,12,6630.137556848687,552.511463070724,23945.68778424343,8802.761750162179,294,23,12,4,25,,True,8,53,1.7312450000317767,1.8058975000167266,270,258,24,4,1748.0000000000007,93.00000000000026,4789.137556848686,1055.6883103338323,11,278,1.8189894035458565e-12,True,943.0121947375769,17.74943008678929,94354ff9a65c502b1bf2b837cd66b744165f6c8d76e062723aea25d955101808,0,0,0,0,0,0,43
EN,mixed_endpoint_50047,50047,mixed,endpoint,94e5b1abe5495dd813bcb4f1737843f8b4eb76ee51be90a0d8d4d117a34890bb,12,12,6710.986931278594,559.2489109398829,23269.93465639297,8324.840092685039,305,74,12,5,25,,True,11,53,1.6057499000744428,2.111935299995821,277,265,28,8,1811.000000000001,245.99999999999963,4653.986931278594,116.5169156598995,62,286,0.0,True,943.0121947375769,17.74943008678929,9cf2ef2baecf7ef61ec8d26d2160f14ed99db6286e6ae02033a6eea471c67bc3,0,0,0,0,0,0,31
ERN,mixed_endpoint_50047,50047,mixed,endpoint,94e5b1abe5495dd813bcb4f1737843f8b4eb76ee51be90a0d8d4d117a34890bb,12,12,6710.986931278594,559.2489109398829,23269.93465639297,8324.840092685039,305,74,12,5,25,,True,11,53,1.5744717999186832,2.035051699989708,277,265,28,8,1811.000000000001,245.99999999999963,4653.986931278594,116.5169156598995,62,286,0.0,True,943.0121947375769,17.74943008678929,9cf2ef2baecf7ef61ec8d26d2160f14ed99db6286e6ae02033a6eea471c67bc3,0,0,0,0,0,0,31
previous_best,mixed_endpoint_50048,50048,mixed,endpoint,b30353fff4dc09dc5485f2ec2090b1aae5c05aaad66cc993911da5ae30d6e2f9,12,12,6365.81382140499,530.4844851170825,22869.069107024952,9277.606424761227,289,19,12,0,25,,True,11,62,1.3227399000024889,1.375647900014883,259,247,30,4,1711.0000000000011,80.99999999999926,4573.8138214049895,0.0,7,266,0.0,True,943.0121947375769,2.074856830987301,782fe742253eb99e987396adff3ef7132d0ed3594b25ce9b450839344f98aaf2,11,8,0,0,0,0,0
B20,mixed_endpoint_50047,50047,mixed,endpoint,94e5b1abe5495dd813bcb4f1737843f8b4eb76ee51be90a0d8d4d117a34890bb,12,12,7314.1147420546085,609.509561837884,25805.573710273056,9529.317697764682,326,67,12,7,25,,True,11,55,4.975745700125117,5.123894299991662,296,284,30,11,1927.9999999999989,224.99999999999827,5161.11474205461,166.05605138230294,55,298,-2.7284841053187847e-12,True,943.0121947375769,17.74943008678929,84dbbd8a7c648d852329fed3353dab653bcd5f9b8b7760858958f647ac552626,0,0,0,0,0,0,23
E1,mixed_endpoint_50048,50048,mixed,endpoint,b30353fff4dc09dc5485f2ec2090b1aae5c05aaad66cc993911da5ae30d6e2f9,12,12,6508.803751547774,542.4003126289812,23044.018757738864,8143.634615555232,292,47,12,5,25,,True,8,48,2.117711800034158,2.2892237000050955,272,260,20,2,1735.0000000000014,165.00000000000045,4608.803751547774,0.0,35,275,9.094947017729282e-13,True,943.0121947375769,17.74943008678929,6bc94aa1a537083252670db611227856511975e6458f89558522269a12044894,0,0,0,0,0,0,44
E2,mixed_endpoint_50048,50048,mixed,endpoint,b30353fff4dc09dc5485f2ec2090b1aae5c05aaad66cc993911da5ae30d6e2f9,12,12,6508.803751547774,542.4003126289812,23044.018757738864,8143.634615555232,292,47,12,5,25,,True,8,48,2.4634823999658693,2.6618279999820516,272,260,20,2,1735.0000000000014,165.00000000000045,4608.803751547774,0.0,35,275,9.094947017729282e-13,True,943.0121947375769,17.74943008678929,6bc94aa1a537083252670db611227856511975e6458f89558522269a12044894,0,0,0,0,0,0,44
G075,mixed_endpoint_50048,50048,mixed,endpoint,b30353fff4dc09dc5485f2ec2090b1aae5c05aaad66cc993911da5ae30d6e2f9,12,12,6630.137556848687,552.511463070724,23945.68778424343,8802.761750162179,294,23,12,4,25,,True,8,53,2.4891264998877887,3.2296837999892887,270,258,24,4,1748.0000000000007,93.00000000000026,4789.137556848686,1055.6883103338323,11,278,1.8189894035458565e-12,True,943.0121947375769,17.74943008678929,94354ff9a65c502b1bf2b837cd66b744165f6c8d76e062723aea25d955101808,0,0,0,0,0,0,43
R2,mixed_endpoint_50048,50048,mixed,endpoint,b30353fff4dc09dc5485f2ec2090b1aae5c05aaad66cc993911da5ae30d6e2f9,12,12,6661.478313334186,555.1231927778489,23942.391566670918,8803.274671326497,293,36,12,5,25,,True,8,52,3.2374381999543402,3.3805906000197865,270,258,23,4,1741.0000000000011,132.00000000000034,4788.478313334183,1055.6883103338323,24,276,2.7284841053187847e-12,True,943.0121947375769,17.74943008678929,1eb1a2967e98c5b090c21ad79d8360abf26dc6462f06a7c99963eb52996cd983,0,0,0,0,0,0,43
R4,mixed_endpoint_50048,50048,mixed,endpoint,b30353fff4dc09dc5485f2ec2090b1aae5c05aaad66cc993911da5ae30d6e2f9,12,12,6630.137556848687,552.511463070724,23945.68778424343,8802.761750162179,294,23,12,4,25,,True,8,53,3.241511600004742,3.370082999987062,270,258,24,4,1748.0000000000007,93.00000000000026,4789.137556848686,1055.6883103338323,11,278,1.8189894035458565e-12,True,943.0121947375769,17.74943008678929,94354ff9a65c502b1bf2b837cd66b744165f6c8d76e062723aea25d955101808,0,0,0,0,0,0,43
H200,mixed_endpoint_50048,50048,mixed,endpoint,b30353fff4dc09dc5485f2ec2090b1aae5c05aaad66cc993911da5ae30d6e2f9,12,12,6349.608134025336,529.134011168778,22793.04067012667,7872.29637950508,288,18,12,1,25,,True,9,53,3.1820762000861578,3.2926113000139594,266,254,22,3,1713.000000000002,78.00000000000006,4558.608134025334,1055.7480324884746,6,273,1.8189894035458565e-12,True,943.0121947375769,17.74943008678929,f962051b52571df3bed1028c799336d2b52c877351bae9c7147f2f1477e6b941,0,0,0,0,0,0,26
G15,mixed_endpoint_50048,50048,mixed,endpoint,b30353fff4dc09dc5485f2ec2090b1aae5c05aaad66cc993911da5ae30d6e2f9,12,12,6630.137556848687,552.511463070724,23945.68778424343,8802.761750162179,294,23,12,4,25,,True,8,53,2.6279984000429977,3.4089963999867905,270,258,24,4,1748.0000000000007,93.00000000000026,4789.137556848686,1055.6883103338323,11,278,1.8189894035458565e-12,True,943.0121947375769,17.74943008678929,94354ff9a65c502b1bf2b837cd66b744165f6c8d76e062723aea25d955101808,0,0,0,0,0,0,43
H400,mixed_endpoint_50048,50048,mixed,endpoint,b30353fff4dc09dc5485f2ec2090b1aae5c05aaad66cc993911da5ae30d6e2f9,12,12,6349.608134025336,529.134011168778,22793.04067012667,7872.29637950508,288,18,12,1,25,,True,9,53,3.1971142000402324,3.29527020000387,266,254,22,3,1713.000000000002,78.00000000000006,4558.608134025334,1055.7480324884746,6,273,1.8189894035458565e-12,True,943.0121947375769,17.74943008678929,f962051b52571df3bed1028c799336d2b52c877351bae9c7147f2f1477e6b941,0,0,0,0,0,0,26
N50,mixed_endpoint_50048,50048,mixed,endpoint,b30353fff4dc09dc5485f2ec2090b1aae5c05aaad66cc993911da5ae30d6e2f9,12,12,6630.137556848687,552.511463070724,23945.68778424343,8802.761750162179,294,23,12,4,25,,True,8,53,2.6487066999834497,3.4341856999963056,270,258,24,4,1748.0000000000007,93.00000000000026,4789.137556848686,1055.6883103338323,11,278,1.8189894035458565e-12,True,943.0121947375769,17.74943008678929,94354ff9a65c502b1bf2b837cd66b744165f6c8d76e062723aea25d955101808,0,0,0,0,0,0,43
N20,mixed_endpoint_50048,50048,mixed,endpoint,b30353fff4dc09dc5485f2ec2090b1aae5c05aaad66cc993911da5ae30d6e2f9,12,12,6630.137556848687,552.511463070724,23945.68778424343,8802.761750162179,294,23,12,4,25,,True,8,53,2.6716431000095326,3.4469753000012133,270,258,24,4,1748.0000000000007,93.00000000000026,4789.137556848686,1055.6883103338323,11,278,1.8189894035458565e-12,True,943.0121947375769,17.74943008678929,6b2c2074c1c0fdcbbb953aad4bfde684135eb420c4f78e69dfc399016e2afd67,0,0,0,0,0,0,43
ER,mixed_endpoint_50048,50048,mixed,endpoint,b30353fff4dc09dc5485f2ec2090b1aae5c05aaad66cc993911da5ae30d6e2f9,12,12,6508.803751547774,542.4003126289812,23044.018757738864,8143.634615555232,292,47,12,5,25,,True,8,48,3.02316439995775,3.2637886999873444,272,260,20,2,1735.0000000000014,165.00000000000045,4608.803751547774,0.0,35,275,9.094947017729282e-13,True,943.0121947375769,17.74943008678929,f68ac7a78ccce9e37abdd0fbae46b1aa5aabde0d3c40db1cb3de7c6408592bce,0,0,0,0,0,0,44
EN,mixed_endpoint_50048,50048,mixed,endpoint,b30353fff4dc09dc5485f2ec2090b1aae5c05aaad66cc993911da5ae30d6e2f9,12,12,6508.803751547774,542.4003126289812,23044.018757738864,8143.634615555232,292,47,12,5,25,,True,8,48,2.3854352999769617,3.1689177000080235,272,260,20,2,1735.0000000000014,165.00000000000045,4608.803751547774,0.0,35,275,9.094947017729282e-13,True,943.0121947375769,17.74943008678929,6bc94aa1a537083252670db611227856511975e6458f89558522269a12044894,0,0,0,0,0,0,44
baseline,mixed_endpoint_50049,50049,mixed,endpoint,eda3370ed6f9107fae116f4118d95c018529c04caa8e197563bdb4badc949015,15,15,6557.952149233247,437.19680994888313,24794.760746166237,10177.409709975258,253,23,15,0,25,,True,13,70,1.6660415999067482,1.7387791000073776,217,202,36,2,1500.000000000001,99.00000000000067,4958.952149233245,645.588823948021,8,235,-9.094947017729282e-13,True,943.0121947375769,17.74943008678929,f27414ea1741e08229c5c85ef5106f180e603e8ed8ac62e046ebe1fdf4797632,0,0,0,0,0,0,0
B60,mixed_endpoint_50048,50048,mixed,endpoint,b30353fff4dc09dc5485f2ec2090b1aae5c05aaad66cc993911da5ae30d6e2f9,12,12,7567.0801719687315,630.5900143307276,28470.40085984365,14165.555380727736,294,37,12,5,25,,True,7,59,5.718310700147413,5.91078259999631,265,253,29,11,1738.000000000002,134.9999999999997,5694.0801719687315,0.0,25,268,1.8189894035458565e-12,True,943.0121947375769,17.74943008678929,6f915dda7fb1a2b7df3f839d8bcd3eb8887398d2180171f45faab462b8e3bfcd,0,0,0,0,0,0,6
ERN,mixed_endpoint_50048,50048,mixed,endpoint,b30353fff4dc09dc5485f2ec2090b1aae5c05aaad66cc993911da5ae30d6e2f9,12,12,6508.803751547774,542.4003126289812,23044.018757738864,8143.634615555232,292,47,12,5,25,,True,8,48,2.045770300057484,2.6859418000094593,272,260,20,2,1735.0000000000014,165.00000000000045,4608.803751547774,0.0,35,275,9.094947017729282e-13,True,943.0121947375769,17.74943008678929,f68ac7a78ccce9e37abdd0fbae46b1aa5aabde0d3c40db1cb3de7c6408592bce,0,0,0,0,0,0,44
LPC,mixed_endpoint_50049,50049,mixed,endpoint,eda3370ed6f9107fae116f4118d95c018529c04caa8e197563bdb4badc949015,15,15,6039.588854439433,402.63925696262885,23747.944272197168,8160.373171113161,200,27,15,6,25,,True,15,50,2.374279200070305,2.469662299990887,174,159,26,5,1179.0000000000002,110.99999999999963,4749.588854439435,936.5251853877389,12,179,-9.094947017729282e-13,True,943.0121947375769,17.74943008678929,59e55a0cb61d19cc250623897d5439ccd9d3b1b47c27ee12d0c9ab4c21461457,15,0,0,0,15,0,79
E1,mixed_endpoint_50049,50049,mixed,endpoint,eda3370ed6f9107fae116f4118d95c018529c04caa8e197563bdb4badc949015,15,15,6517.245921495004,434.4830614330003,24566.229607475016,9638.03685226406,240,51,15,9,25,,True,7,59,2.4254069999442436,2.6178305999783333,213,198,27,6,1421.0000000000007,183.00000000000045,4913.245921495001,236.62736107289402,36,221,9.094947017729282e-13,True,943.0121947375769,17.74943008678929,27100bbbc6fe6f93b8d9f31e56232dbdb32ded93041a8bb916c0f697f9967c23,0,0,0,0,0,0,22
