variant,scene_id,selective_probe,optimistic_attempt,optimistic_success,selective_heard,early_optical,optical_actions,optical_candidate_cells,optical_actions_within_early_threshold,failed_clear,measures,clears,mass_attempts,mass_success,budget_probes,burst_actions,burst_measurements,burst_clears,cost_gated_optical_executions
baseline,mixed_endpoint_50000,0,0,0,0,0,0,0,0,8,345,18,0,0,0,0,0,0,0
previous_best,mixed_endpoint_50000,9,6,0,7,0,0,0,0,6,334,16,0,0,0,0,0,0,0
S_all,mixed_endpoint_50000,15,0,0,14,0,0,0,0,5,347,15,0,0,0,0,0,0,0
F60,mixed_endpoint_50000,0,0,0,0,0,0,0,0,8,345,18,0,0,0,1,0,1,0
C15,mixed_endpoint_50000,0,0,0,0,0,6,42,0,23,325,33,0,0,0,0,0,0,6
P1,mixed_endpoint_50000,14,0,0,13,0,0,0,0,5,346,15,0,0,14,0,0,0,0
F120,mixed_endpoint_50000,0,0,0,0,0,0,0,0,7,344,17,0,0,0,11,6,5,0
L30,mixed_endpoint_50000,0,0,0,0,0,0,0,0,5,340,15,0,0,0,0,0,0,0
P2,mixed_endpoint_50000,15,0,0,14,0,0,0,0,5,347,15,0,0,15,0,0,0,0
L90,mixed_endpoint_50000,0,0,0,0,0,0,0,0,7,340,17,0,0,0,0,0,0,0
C1,mixed_endpoint_50000,0,0,0,0,0,2,8,0,11,343,21,0,0,0,0,0,0,2
M75,mixed_endpoint_50000,0,0,0,0,0,0,0,0,4,347,14,6,2,0,0,0,0,0
M50,mixed_endpoint_50000,0,0,0,0,0,0,0,0,5,344,15,8,3,0,0,0,0,0
LPC,mixed_endpoint_50000,11,0,0,8,0,3,28,0,8,317,18,0,0,11,0,0,0,3
baseline,mixed_endpoint_50001,0,0,0,0,0,0,0,0,6,254,20,0,0,0,0,0,0,0
PC,mixed_endpoint_50000,9,0,0,8,0,6,38,0,23,327,33,0,0,9,0,0,0,6
LC,mixed_endpoint_50000,0,0,0,0,0,4,24,0,7,335,17,0,0,0,0,0,0,4
S_all,mixed_endpoint_50001,18,0,0,18,0,0,0,0,5,248,19,0,0,0,0,0,0,0
previous_best,mixed_endpoint_50001,21,11,3,21,0,0,0,0,8,230,22,0,0,0,0,0,0,0
L30,mixed_endpoint_50001,0,0,0,0,0,0,0,0,2,211,16,0,0,0,0,0,0,0
L90,mixed_endpoint_50001,0,0,0,0,0,0,0,0,5,232,19,0,0,0,0,0,0,0
P1,mixed_endpoint_50001,13,0,0,12,0,0,0,0,5,246,19,0,0,13,0,0,0,0
F60,mixed_endpoint_50001,0,0,0,0,0,0,0,0,6,254,20,0,0,0,3,0,3,0
P2,mixed_endpoint_50001,17,0,0,17,0,0,0,0,4,270,18,0,0,17,0,0,0,0
F120,mixed_endpoint_50001,0,0,0,0,0,0,0,0,6,254,20,0,0,0,16,10,6,0
C1,mixed_endpoint_50001,0,0,0,0,0,4,19,0,8,251,22,0,0,0,0,0,0,4
C15,mixed_endpoint_50001,0,0,0,0,0,7,49,0,20,248,34,0,0,0,0,0,0,7
PC,mixed_endpoint_50001,12,0,0,11,0,6,42,0,13,241,27,0,0,12,0,0,0,6
baseline,mixed_endpoint_50002,0,0,0,0,0,0,0,0,4,151,20,0,0,0,0,0,0,0
LC,mixed_endpoint_50001,0,0,0,0,0,6,36,0,14,208,28,0,0,0,0,0,0,6
M50,mixed_endpoint_50001,0,0,0,0,0,0,0,0,6,258,20,8,2,0,0,0,0,0
M75,mixed_endpoint_50001,0,0,0,0,0,1,7,0,12,261,26,9,1,0,0,0,0,0
S_all,mixed_endpoint_50002,26,0,0,25,0,0,0,0,6,216,22,0,0,0,0,0,0,0
previous_best,mixed_endpoint_50002,18,7,0,15,0,0,0,0,7,215,23,0,0,0,0,0,0,0
LPC,mixed_endpoint_50001,14,0,0,13,0,7,36,0,18,270,32,0,0,14,0,0,0,7
F60,mixed_endpoint_50002,0,0,0,0,0,0,0,0,4,151,20,0,0,0,0,0,0,0
F120,mixed_endpoint_50002,0,0,0,0,0,0,0,0,6,211,22,0,0,0,19,11,8,0
L30,mixed_endpoint_50002,0,0,0,0,0,1,39,0,21,183,37,0,0,0,0,0,0,0
L90,mixed_endpoint_50002,0,0,0,0,0,1,42,0,27,216,43,0,0,0,0,0,0,0
P2,mixed_endpoint_50002,24,0,0,23,0,0,0,0,5,214,21,0,0,24,0,0,0,0
P1,mixed_endpoint_50002,21,0,0,18,0,0,0,0,11,219,27,0,0,21,0,0,0,0
C1,mixed_endpoint_50002,0,0,0,0,0,0,0,0,4,151,20,0,0,0,0,0,0,0
C15,mixed_endpoint_50002,0,0,0,0,0,4,36,0,8,146,24,0,0,0,0,0,0,4
M50,mixed_endpoint_50002,0,0,0,0,0,0,0,0,4,151,20,4,0,0,0,0,0,0
M75,mixed_endpoint_50002,0,0,0,0,0,0,0,0,0,149,16,2,2,0,0,0,0,0
PC,mixed_endpoint_50002,14,0,0,13,0,7,62,0,11,202,27,0,0,14,0,0,0,7
S_all,mixed_endpoint_50003,19,0,0,16,0,0,0,0,4,255,19,0,0,0,0,0,0,0
baseline,mixed_endpoint_50003,0,0,0,0,0,0,0,0,5,265,20,0,0,0,0,0,0,0
L90,mixed_endpoint_50003,0,0,0,0,0,0,0,0,7,197,22,0,0,0,0,0,0,0
LC,mixed_endpoint_50002,0,0,0,0,0,7,75,0,23,179,39,0,0,0,0,0,0,6
LPC,mixed_endpoint_50002,17,0,0,15,0,7,40,0,22,188,38,0,0,17,0,0,0,7
L30,mixed_endpoint_50003,0,0,0,0,0,0,0,0,7,297,22,0,0,0,0,0,0,0
P1,mixed_endpoint_50003,17,0,0,14,0,0,0,0,5,257,20,0,0,17,0,0,0,0
previous_best,mixed_endpoint_50003,24,9,2,19,0,0,0,0,7,264,22,0,0,0,0,0,0,0
F120,mixed_endpoint_50003,0,0,0,0,0,0,0,0,5,234,20,0,0,0,12,7,5,0
P2,mixed_endpoint_50003,23,0,0,19,0,0,0,0,6,269,21,0,0,23,0,0,0,0
F60,mixed_endpoint_50003,0,0,0,0,0,0,0,0,5,265,20,0,0,0,3,1,2,0
baseline,mixed_endpoint_50004,0,0,0,0,0,0,0,0,5,347,16,0,0,0,0,0,0,0
C1,mixed_endpoint_50003,0,0,0,0,0,3,15,0,11,261,26,0,0,0,0,0,0,3
C15,mixed_endpoint_50003,0,0,0,0,0,4,23,0,15,258,30,0,0,0,0,0,0,4
previous_best,mixed_endpoint_50004,11,6,3,11,0,0,0,0,3,322,14,0,0,0,0,0,0,0
LPC,mixed_endpoint_50003,14,0,0,14,0,8,43,0,5,199,20,0,0,14,0,0,0,8
S_all,mixed_endpoint_50004,17,0,0,13,0,0,0,0,5,351,16,0,0,0,0,0,0,0
PC,mixed_endpoint_50003,17,0,0,14,0,5,32,0,9,251,24,0,0,17,0,0,0,5
L90,mixed_endpoint_50004,0,0,0,0,0,0,0,0,2,326,13,0,0,0,0,0,0,0
L30,mixed_endpoint_50004,0,0,0,0,0,0,0,0,6,335,17,0,0,0,0,0,0,0
M50,mixed_endpoint_50003,0,0,0,0,0,0,0,0,4,262,19,5,1,0,0,0,0,0
M75,mixed_endpoint_50003,0,0,0,0,0,0,0,0,6,258,21,6,0,0,0,0,0,0
LC,mixed_endpoint_50003,0,0,0,0,0,8,58,0,24,289,39,0,0,0,0,0,0,8
P1,mixed_endpoint_50004,13,0,0,10,0,0,0,0,5,347,16,0,0,13,0,0,0,0
F60,mixed_endpoint_50004,0,0,0,0,0,0,0,0,5,347,16,0,0,0,2,0,2,0
P2,mixed_endpoint_50004,17,0,0,13,0,0,0,0,5,351,16,0,0,17,0,0,0,0
F120,mixed_endpoint_50004,0,0,0,0,0,0,0,0,5,347,16,0,0,0,9,4,5,0
C1,mixed_endpoint_50004,0,0,0,0,0,3,12,0,5,344,16,0,0,0,0,0,0,3
C15,mixed_endpoint_50004,0,0,0,0,0,5,31,0,19,342,30,0,0,0,0,0,0,5
PC,mixed_endpoint_50004,10,0,0,8,0,6,43,0,20,338,31,0,0,10,0,0,0,6
M50,mixed_endpoint_50004,0,0,0,0,0,0,0,0,6,349,17,7,1,0,0,0,0,0
M75,mixed_endpoint_50004,0,0,0,0,0,0,0,0,3,343,14,3,0,0,0,0,0,0
LC,mixed_endpoint_50004,0,0,0,0,0,6,42,0,21,328,32,0,0,0,0,0,0,6
previous_best,mixed_endpoint_50005,17,6,1,16,0,0,0,0,5,303,18,0,0,0,0,0,0,0
baseline,mixed_endpoint_50005,0,0,0,0,0,0,0,0,3,290,16,0,0,0,0,0,0,0
L30,mixed_endpoint_50005,0,0,0,0,0,0,0,0,3,278,16,0,0,0,0,0,0,0
LPC,mixed_endpoint_50004,8,0,0,7,0,7,46,0,22,329,33,0,0,8,0,0,0,7
S_all,mixed_endpoint_50005,15,0,0,15,0,0,0,0,9,289,22,0,0,0,0,0,0,0
L90,mixed_endpoint_50005,0,0,0,0,0,0,0,0,8,273,21,0,0,0,0,0,0,0
P1,mixed_endpoint_50005,14,0,0,13,0,0,0,0,6,278,19,0,0,14,0,0,0,0
C15,mixed_endpoint_50005,0,0,0,0,0,3,22,0,6,287,19,0,0,0,0,0,0,3
F60,mixed_endpoint_50005,0,0,0,0,0,0,0,0,3,290,16,0,0,0,0,0,0,0
F120,mixed_endpoint_50005,0,0,0,0,0,0,0,0,4,269,17,0,0,0,13,9,4,0
P2,mixed_endpoint_50005,15,0,0,15,0,0,0,0,9,289,22,0,0,15,0,0,0,0
C1,mixed_endpoint_50005,0,0,0,0,0,1,8,0,9,289,22,0,0,0,0,0,0,1
M50,mixed_endpoint_50005,0,0,0,0,0,0,0,0,4,289,17,5,1,0,0,0,0,0
LC,mixed_endpoint_50005,0,0,0,0,0,4,24,0,8,275,21,0,0,0,0,0,0,4
M75,mixed_endpoint_50005,0,0,0,0,0,0,0,0,4,289,17,5,1,0,0,0,0,0
PC,mixed_endpoint_50005,13,0,0,12,0,7,52,0,11,272,24,0,0,13,0,0,0,7
baseline,mixed_endpoint_50006,0,0,0,0,0,0,0,0,7,274,20,0,0,0,0,0,0,0
S_all,mixed_endpoint_50006,17,0,0,14,0,0,0,0,2,285,15,0,0,0,0,0,0,0
LPC,mixed_endpoint_50005,15,0,0,14,0,4,24,0,9,265,22,0,0,15,0,0,0,4
L30,mixed_endpoint_50006,0,0,0,0,0,0,0,0,5,252,18,0,0,0,0,0,0,0
P1,mixed_endpoint_50006,17,0,0,15,0,0,0,0,6,290,19,0,0,17,0,0,0,0
previous_best,mixed_endpoint_50006,21,7,1,17,0,0,0,0,6,272,19,0,0,0,0,0,0,0
P2,mixed_endpoint_50006,19,0,0,15,0,1,7,0,12,286,25,0,0,19,0,0,0,0
F120,mixed_endpoint_50006,0,0,0,0,0,0,0,0,4,262,17,0,0,0,11,8,3,0
L90,mixed_endpoint_50006,0,0,0,0,0,1,28,0,32,269,45,0,0,0,0,0,0,0
C15,mixed_endpoint_50006,0,0,0,0,0,6,44,0,8,263,21,0,0,0,0,0,0,6
F60,mixed_endpoint_50006,0,0,0,0,0,0,0,0,7,274,20,0,0,0,4,1,3,0
C1,mixed_endpoint_50006,0,0,0,0,0,2,11,0,10,272,23,0,0,0,0,0,0,2
PC,mixed_endpoint_50006,11,0,0,10,0,6,48,0,21,278,34,0,0,11,0,0,0,6
baseline,mixed_endpoint_50007,0,0,0,0,0,0,0,0,3,269,16,0,0,0,0,0,0,0
S_all,mixed_endpoint_50007,16,0,0,15,0,0,0,0,6,299,19,0,0,0,0,0,0,0
M50,mixed_endpoint_50006,0,0,0,0,0,0,0,0,7,274,20,7,0,0,0,0,0,0
LC,mixed_endpoint_50006,0,0,0,0,0,5,28,0,10,242,23,0,0,0,0,0,0,5
L30,mixed_endpoint_50007,0,0,0,0,0,0,0,0,8,326,21,0,0,0,0,0,0,0
LPC,mixed_endpoint_50006,17,0,0,13,0,6,45,0,8,261,21,0,0,17,0,0,0,6
M75,mixed_endpoint_50006,0,0,0,0,0,0,0,0,6,274,19,6,0,0,0,0,0,0
previous_best,mixed_endpoint_50007,17,6,0,15,0,0,0,0,6,370,19,0,0,0,0,0,0,0
L90,mixed_endpoint_50007,0,0,0,0,0,0,0,0,9,330,22,0,0,0,0,0,0,0
P2,mixed_endpoint_50007,16,0,0,15,0,0,0,0,6,299,19,0,0,16,0,0,0,0
P1,mixed_endpoint_50007,14,0,0,11,0,0,0,0,3,308,16,0,0,14,0,0,0,0
F120,mixed_endpoint_50007,0,0,0,0,0,0,0,0,3,269,16,0,0,0,3,0,3,0
F60,mixed_endpoint_50007,0,0,0,0,0,0,0,0,3,269,16,0,0,0,0,0,0,0
C1,mixed_endpoint_50007,0,0,0,0,0,1,4,0,2,268,15,0,0,0,0,0,0,1
C15,mixed_endpoint_50007,0,0,0,0,0,5,42,0,15,266,28,0,0,0,0,0,0,5
M50,mixed_endpoint_50007,0,0,0,0,0,0,0,0,4,271,17,5,1,0,0,0,0,0
PC,mixed_endpoint_50007,11,0,0,9,0,5,35,0,12,301,25,0,0,11,0,0,0,5
M75,mixed_endpoint_50007,0,0,0,0,0,0,0,0,2,290,15,6,4,0,0,0,0,0
LC,mixed_endpoint_50007,0,0,0,0,0,9,63,0,19,316,32,0,0,0,0,0,0,9
S_all,mixed_endpoint_50008,22,0,0,21,0,0,0,0,4,277,19,0,0,0,0,0,0,0
LPC,mixed_endpoint_50007,12,0,0,12,0,10,62,0,25,303,38,0,0,12,0,0,0,10
previous_best,mixed_endpoint_50008,19,11,4,17,0,0,0,0,7,259,22,0,0,0,0,0,0,0
baseline,mixed_endpoint_50008,0,0,0,0,0,0,0,0,5,327,20,0,0,0,0,0,0,0
L30,mixed_endpoint_50008,0,0,0,0,0,0,0,0,5,217,20,0,0,0,0,0,0,0
P1,mixed_endpoint_50008,16,0,0,15,0,0,0,0,4,271,19,0,0,16,0,0,0,0
P2,mixed_endpoint_50008,22,0,0,21,0,0,0,0,4,277,19,0,0,22,0,0,0,0
L90,mixed_endpoint_50008,0,0,0,0,0,1,59,0,61,255,76,0,0,0,0,0,0,0
F120,mixed_endpoint_50008,0,0,0,0,0,0,0,0,9,240,24,0,0,0,18,9,9,0
F60,mixed_endpoint_50008,0,0,0,0,0,0,0,0,5,327,20,0,0,0,4,1,3,0
baseline,mixed_endpoint_50009,0,0,0,0,0,0,0,0,3,344,13,0,0,0,0,0,0,0
C15,mixed_endpoint_50008,0,0,0,0,0,6,49,0,8,318,23,0,0,0,0,0,0,6
previous_best,mixed_endpoint_50009,9,2,2,9,0,0,0,0,0,352,10,0,0,0,0,0,0,0
C1,mixed_endpoint_50008,0,0,0,0,0,3,19,0,12,320,27,0,0,0,0,0,0,3
S_all,mixed_endpoint_50009,10,0,0,9,0,0,0,0,6,352,16,0,0,0,0,0,0,0
PC,mixed_endpoint_50008,12,0,0,12,0,7,54,0,14,264,29,0,0,12,0,0,0,7
LC,mixed_endpoint_50008,0,0,0,0,0,6,43,0,14,214,29,0,0,0,0,0,0,6
L30,mixed_endpoint_50009,0,0,0,0,0,0,0,0,2,352,12,0,0,0,0,0,0,0
L90,mixed_endpoint_50009,0,0,0,0,0,0,0,0,0,348,10,0,0,0,0,0,0,0
F60,mixed_endpoint_50009,0,0,0,0,0,0,0,0,3,344,13,0,0,0,1,0,1,0
P1,mixed_endpoint_50009,9,0,0,8,0,0,0,0,5,352,15,0,0,9,0,0,0,0
LPC,mixed_endpoint_50008,18,0,0,17,0,7,51,0,26,243,41,0,0,18,0,0,0,7
M50,mixed_endpoint_50008,0,0,0,0,0,0,0,0,4,328,19,6,2,0,0,0,0,0
P2,mixed_endpoint_50009,10,0,0,9,0,0,0,0,6,352,16,0,0,10,0,0,0,0
F120,mixed_endpoint_50009,0,0,0,0,0,0,0,0,2,355,12,0,0,0,8,4,4,0
C15,mixed_endpoint_50009,0,0,0,0,0,5,39,0,8,341,18,0,0,0,0,0,0,5
C1,mixed_endpoint_50009,0,0,0,0,0,1,4,0,3,343,13,0,0,0,0,0,0,1
M75,mixed_endpoint_50008,0,0,0,0,0,0,0,0,6,339,21,8,2,0,0,0,0,0
M50,mixed_endpoint_50009,0,0,0,0,0,0,0,0,2,345,12,4,2,0,0,0,0,0
M75,mixed_endpoint_50009,0,0,0,0,0,0,0,0,2,345,12,4,2,0,0,0,0,0
PC,mixed_endpoint_50009,7,0,0,6,0,4,30,0,10,347,20,0,0,7,0,0,0,4
LC,mixed_endpoint_50009,0,0,0,0,0,3,16,0,6,350,16,0,0,0,0,0,0,3
LPC,mixed_endpoint_50009,9,0,0,9,0,1,8,0,2,353,12,0,0,9,0,0,0,1
baseline,mixed_endpoint_50010,0,0,0,0,0,0,0,0,2,333,15,0,0,0,0,0,0,0
L30,mixed_endpoint_50010,0,0,0,0,0,0,0,0,8,303,21,0,0,0,0,0,0,0
previous_best,mixed_endpoint_50010,20,5,1,18,0,0,0,0,4,312,17,0,0,0,0,0,0,0
P1,mixed_endpoint_50010,19,0,0,18,0,0,0,0,3,326,16,0,0,19,0,0,0,0
S_all,mixed_endpoint_50010,18,0,0,17,0,0,0,0,5,301,18,0,0,0,0,0,0,0
F120,mixed_endpoint_50010,0,0,0,0,0,0,0,0,1,294,14,0,0,0,15,12,3,0
P2,mixed_endpoint_50010,18,0,0,17,0,0,0,0,5,301,18,0,0,18,0,0,0,0
C1,mixed_endpoint_50010,0,0,0,0,0,2,17,0,3,331,16,0,0,0,0,0,0,2
F60,mixed_endpoint_50010,0,0,0,0,0,0,0,0,2,333,15,0,0,0,1,0,1,0
L90,mixed_endpoint_50010,0,0,0,0,0,0,0,0,8,240,21,0,0,0,0,0,0,0
baseline,mixed_endpoint_50011,0,0,0,0,0,0,0,0,5,279,18,0,0,0,0,0,0,0
PC,mixed_endpoint_50010,16,0,0,15,0,5,33,0,14,317,27,0,0,16,0,0,0,5
previous_best,mixed_endpoint_50011,18,11,3,17,0,0,0,0,8,246,21,0,0,0,0,0,0,0
C15,mixed_endpoint_50010,0,0,0,0,0,2,17,0,6,331,19,0,0,0,0,0,0,2
LC,mixed_endpoint_50010,0,0,0,0,0,6,28,0,15,295,28,0,0,0,0,0,0,6
LPC,mixed_endpoint_50010,14,0,0,13,0,4,28,0,9,281,22,0,0,14,0,0,0,4
S_all,mixed_endpoint_50011,25,0,0,23,0,0,0,0,4,284,17,0,0,0,0,0,0,0
M75,mixed_endpoint_50010,0,0,0,0,0,0,0,0,0,254,13,2,2,0,0,0,0,0
M50,mixed_endpoint_50010,0,0,0,0,0,0,0,0,2,244,15,2,0,0,0,0,0,0
L30,mixed_endpoint_50011,0,0,0,0,0,0,0,0,3,260,16,0,0,0,0,0,0,0
P1,mixed_endpoint_50011,22,0,0,20,0,0,0,0,3,281,16,0,0,22,0,0,0,0
L90,mixed_endpoint_50011,0,0,0,0,0,0,0,0,6,267,19,0,0,0,0,0,0,0
F120,mixed_endpoint_50011,0,0,0,0,0,0,0,0,5,278,18,0,0,0,7,2,5,0
P2,mixed_endpoint_50011,25,0,0,22,0,0,0,0,2,283,15,0,0,25,0,0,0,0
F60,mixed_endpoint_50011,0,0,0,0,0,0,0,0,5,278,18,0,0,0,2,0,2,0
C15,mixed_endpoint_50011,0,0,0,0,0,5,28,0,12,272,25,0,0,0,0,0,0,5
C1,mixed_endpoint_50011,0,0,0,0,0,2,11,0,7,275,20,0,0,0,0,0,0,2
M75,mixed_endpoint_50011,0,0,0,0,0,0,0,0,1,269,14,1,0,0,0,0,0,0
M50,mixed_endpoint_50011,0,0,0,0,0,0,0,0,6,278,19,7,1,0,0,0,0,0
S_all,mixed_endpoint_50012,11,0,0,9,0,0,0,0,3,338,14,0,0,0,0,0,0,0
baseline,mixed_endpoint_50012,0,0,0,0,0,0,0,0,4,350,15,0,0,0,0,0,0,0
previous_best,mixed_endpoint_50012,9,5,3,9,0,0,0,0,2,322,13,0,0,0,0,0,0,0
PC,mixed_endpoint_50011,19,0,0,17,0,5,27,0,3,277,16,0,0,19,0,0,0,5
P1,mixed_endpoint_50012,11,0,0,9,0,0,0,0,3,338,14,0,0,11,0,0,0,0
L90,mixed_endpoint_50012,0,0,0,0,0,0,0,0,5,326,16,0,0,0,0,0,0,0
LC,mixed_endpoint_50011,0,0,0,0,0,6,30,0,15,257,28,0,0,0,0,0,0,6
L30,mixed_endpoint_50012,0,0,0,0,0,0,0,0,4,327,15,0,0,0,0,0,0,0
LPC,mixed_endpoint_50011,15,0,0,14,0,3,17,0,3,250,16,0,0,15,0,0,0,3
F120,mixed_endpoint_50012,0,0,0,0,0,0,0,0,4,350,15,0,0,0,10,6,4,0
P2,mixed_endpoint_50012,11,0,0,9,0,0,0,0,3,338,14,0,0,11,0,0,0,0
F60,mixed_endpoint_50012,0,0,0,0,0,0,0,0,4,350,15,0,0,0,0,0,0,0
C1,mixed_endpoint_50012,0,0,0,0,0,1,4,0,4,314,15,0,0,0,0,0,0,1
C15,mixed_endpoint_50012,0,0,0,0,0,5,26,0,16,335,27,0,0,0,0,0,0,5
M50,mixed_endpoint_50012,0,0,0,0,0,0,0,0,2,352,13,3,1,0,0,0,0,0
PC,mixed_endpoint_50012,11,0,0,9,0,6,38,0,20,332,31,0,0,11,0,0,0,6
M75,mixed_endpoint_50012,0,0,0,0,0,0,0,0,3,355,14,3,0,0,0,0,0,0
LC,mixed_endpoint_50012,0,0,0,0,0,4,25,0,5,323,16,0,0,0,0,0,0,4
LPC,mixed_endpoint_50012,13,0,0,10,0,6,46,0,11,325,22,0,0,13,0,0,0,6
baseline,mixed_endpoint_50013,0,0,0,0,0,0,0,0,6,261,21,0,0,0,0,0,0,0
L90,mixed_endpoint_50013,0,0,0,0,0,0,0,0,8,252,23,0,0,0,0,0,0,0
S_all,mixed_endpoint_50013,21,0,0,19,0,0,0,0,8,248,23,0,0,0,0,0,0,0
P2,mixed_endpoint_50013,17,0,0,14,0,0,0,0,7,259,22,0,0,17,0,0,0,0
previous_best,mixed_endpoint_50013,19,9,2,18,0,1,12,0,17,269,32,0,0,0,0,0,0,0
L30,mixed_endpoint_50013,0,0,0,0,0,0,0,0,2,260,17,0,0,0,0,0,0,0
F120,mixed_endpoint_50013,0,0,0,0,0,0,0,0,6,227,21,0,0,0,14,7,7,0
F60,mixed_endpoint_50013,0,0,0,0,0,0,0,0,6,261,21,0,0,0,3,0,3,0
P1,mixed_endpoint_50013,20,0,0,20,0,0,0,0,5,268,20,0,0,20,0,0,0,0
C1,mixed_endpoint_50013,0,0,0,0,0,3,12,0,6,258,21,0,0,0,0,0,0,3
C15,mixed_endpoint_50013,0,0,0,0,0,6,39,0,13,254,28,0,0,0,0,0,0,6
baseline,mixed_endpoint_50014,0,0,0,0,0,0,0,0,4,204,20,0,0,0,0,0,0,0
previous_best,mixed_endpoint_50014,21,9,2,19,0,0,0,0,7,208,23,0,0,0,0,0,0,0
PC,mixed_endpoint_50013,18,0,0,18,0,5,35,0,14,261,29,0,0,18,0,0,0,5
S_all,mixed_endpoint_50014,23,0,0,22,0,0,0,0,6,198,22,0,0,0,0,0,0,0
M50,mixed_endpoint_50013,0,0,0,0,0,0,0,0,8,256,23,9,1,0,0,0,0,0
M75,mixed_endpoint_50013,0,0,0,0,0,0,0,0,5,255,20,5,0,0,0,0,0,0
LC,mixed_endpoint_50013,0,0,0,0,0,3,18,0,7,258,22,0,0,0,0,0,0,3
LPC,mixed_endpoint_50013,20,0,0,18,0,1,4,0,0,266,15,0,0,20,0,0,0,1
L90,mixed_endpoint_50014,0,0,0,0,0,0,0,0,7,130,23,0,0,0,0,0,0,0
L30,mixed_endpoint_50014,0,0,0,0,0,1,25,0,14,195,30,0,0,0,0,0,0,0
P1,mixed_endpoint_50014,16,0,0,15,0,0,0,0,9,224,25,0,0,16,0,0,0,0
F60,mixed_endpoint_50014,0,0,0,0,0,0,0,0,4,204,20,0,0,0,4,0,4,0
F120,mixed_endpoint_50014,0,0,0,0,0,0,0,0,5,206,21,0,0,0,10,4,6,0
C1,mixed_endpoint_50014,0,0,0,0,0,4,18,0,8,200,24,0,0,0,0,0,0,4
C15,mixed_endpoint_50014,0,0,0,0,0,9,49,0,9,199,25,0,0,0,0,0,0,9
P2,mixed_endpoint_50014,23,0,0,22,0,0,0,0,6,198,22,0,0,23,0,0,0,0
M75,mixed_endpoint_50014,0,0,0,0,0,0,0,0,6,206,22,10,4,0,0,0,0,0
LPC,mixed_endpoint_50014,18,0,0,18,0,4,28,0,5,185,21,0,0,18,0,0,0,4
L90,mixed_endpoint_50015,0,0,0,0,0,0,0,0,5,298,18,0,0,0,0,0,0,0
S_all,mixed_endpoint_50015,18,0,0,17,0,0,0,0,6,267,19,0,0,0,0,0,0,0
baseline,mixed_endpoint_50015,0,0,0,0,0,0,0,0,7,269,20,0,0,0,0,0,0,0
M50,mixed_endpoint_50014,0,0,0,0,0,0,0,0,6,205,22,10,4,0,0,0,0,0
PC,mixed_endpoint_50014,15,0,0,14,0,10,61,0,15,210,31,0,0,15,0,0,0,10
previous_best,mixed_endpoint_50015,16,8,4,13,0,0,0,0,4,254,17,0,0,0,0,0,0,0
L30,mixed_endpoint_50015,0,0,0,0,0,0,0,0,5,241,18,0,0,0,0,0,0,0
LC,mixed_endpoint_50014,0,0,0,0,0,3,39,0,19,193,35,0,0,0,0,0,0,2
F120,mixed_endpoint_50015,0,0,0,0,0,0,0,0,1,254,14,0,0,0,4,3,1,0
P1,mixed_endpoint_50015,18,0,0,16,0,0,0,0,5,269,18,0,0,18,0,0,0,0
F60,mixed_endpoint_50015,0,0,0,0,0,0,0,0,7,269,20,0,0,0,2,0,2,0
C15,mixed_endpoint_50015,0,0,0,0,0,8,56,0,10,261,23,0,0,0,0,0,0,8
P2,mixed_endpoint_50015,18,0,0,17,0,0,0,0,6,267,19,0,0,18,0,0,0,0
C1,mixed_endpoint_50015,0,0,0,0,0,4,19,0,7,265,20,0,0,0,0,0,0,4
M50,mixed_endpoint_50015,0,0,0,0,0,0,0,0,6,267,19,8,2,0,0,0,0,0
PC,mixed_endpoint_50015,17,0,0,15,0,5,27,0,4,262,17,0,0,17,0,0,0,5
LC,mixed_endpoint_50015,0,0,0,0,0,6,44,0,28,236,41,0,0,0,0,0,0,6
M75,mixed_endpoint_50015,0,0,0,0,0,0,0,0,3,296,16,5,2,0,0,0,0,0
baseline,mixed_endpoint_50016,0,0,0,0,0,0,0,0,5,211,20,0,0,0,0,0,0,0
LPC,mixed_endpoint_50015,10,0,0,10,0,7,38,0,19,312,32,0,0,10,0,0,0,7
S_all,mixed_endpoint_50016,21,0,0,19,0,0,0,0,4,217,19,0,0,0,0,0,0,0
P1,mixed_endpoint_50016,19,0,0,17,0,0,0,0,4,213,19,0,0,19,0,0,0,0
F120,mixed_endpoint_50016,0,0,0,0,0,0,0,0,5,223,20,0,0,0,14,8,6,0
previous_best,mixed_endpoint_50016,18,8,1,14,0,0,0,0,7,226,22,0,0,0,0,0,0,0
P2,mixed_endpoint_50016,18,0,0,16,0,0,0,0,4,215,19,0,0,18,0,0,0,0
F60,mixed_endpoint_50016,0,0,0,0,0,0,0,0,5,211,20,0,0,0,2,1,1,0
L30,mixed_endpoint_50016,0,0,0,0,0,0,0,0,5,215,20,0,0,0,0,0,0,0
C1,mixed_endpoint_50016,0,0,0,0,0,3,19,0,12,206,27,0,0,0,0,0,0,3
L90,mixed_endpoint_50016,0,0,0,0,0,0,0,0,8,220,23,0,0,0,0,0,0,0
C15,mixed_endpoint_50016,0,0,0,0,0,4,27,0,15,203,30,0,0,0,0,0,0,4
M50,mixed_endpoint_50016,0,0,0,0,0,0,0,0,5,211,20,6,1,0,0,0,0,0
PC,mixed_endpoint_50016,15,0,0,13,0,5,38,0,24,218,39,0,0,15,0,0,0,5
baseline,mixed_endpoint_50017,0,0,0,0,0,0,0,0,5,281,18,0,0,0,0,0,0,0
S_all,mixed_endpoint_50017,25,0,0,25,0,0,0,0,3,291,16,0,0,0,0,0,0,0
LPC,mixed_endpoint_50016,22,0,0,19,0,4,27,0,11,227,26,0,0,22,0,0,0,4
M75,mixed_endpoint_50016,0,0,0,0,0,0,0,0,3,213,18,4,1,0,0,0,0,0
P1,mixed_endpoint_50017,14,0,0,14,0,0,0,0,3,279,16,0,0,14,0,0,0,0
F60,mixed_endpoint_50017,0,0,0,0,0,0,0,0,5,281,18,0,0,0,1,0,1,0
L90,mixed_endpoint_50017,0,0,0,0,0,0,0,0,7,329,20,0,0,0,0,0,0,0
LC,mixed_endpoint_50016,0,0,0,0,0,4,32,0,11,212,26,0,0,0,0,0,0,4
P2,mixed_endpoint_50017,24,0,0,24,0,0,0,0,3,290,16,0,0,24,0,0,0,0
previous_best,mixed_endpoint_50017,15,10,1,15,0,0,0,0,9,247,22,0,0,0,0,0,0,0
F120,mixed_endpoint_50017,0,0,0,0,0,0,0,0,5,281,18,0,0,0,12,6,6,0
L30,mixed_endpoint_50017,0,0,0,0,0,0,0,0,3,270,16,0,0,0,0,0,0,0
C15,mixed_endpoint_50017,0,0,0,0,0,7,57,0,10,276,23,0,0,0,0,0,0,7
C1,mixed_endpoint_50017,0,0,0,0,0,1,4,0,7,280,20,0,0,0,0,0,0,1
baseline,mixed_endpoint_50018,0,0,0,0,0,0,0,0,2,283,13,0,0,0,0,0,0,0
PC,mixed_endpoint_50017,12,0,0,12,0,6,46,0,21,274,34,0,0,12,0,0,0,6
S_all,mixed_endpoint_50018,21,0,0,19,0,0,0,0,4,299,15,0,0,0,0,0,0,0
L30,mixed_endpoint_50018,0,0,0,0,0,0,0,0,4,304,15,0,0,0,0,0,0,0
M50,mixed_endpoint_50017,0,0,0,0,0,0,0,0,5,281,18,8,3,0,0,0,0,0
previous_best,mixed_endpoint_50018,15,8,2,15,0,0,0,0,6,312,17,0,0,0,0,0,0,0
M75,mixed_endpoint_50017,0,0,0,0,0,0,0,0,6,286,19,7,1,0,0,0,0,0
L90,mixed_endpoint_50018,0,0,0,0,0,0,0,0,5,290,16,0,0,0,0,0,0,0
LC,mixed_endpoint_50017,0,0,0,0,0,3,16,0,2,267,15,0,0,0,0,0,0,3
LPC,mixed_endpoint_50017,17,0,0,17,0,2,10,0,3,244,16,0,0,17,0,0,0,2
P1,mixed_endpoint_50018,12,0,0,9,0,0,0,0,7,312,18,0,0,12,0,0,0,0
F120,mixed_endpoint_50018,0,0,0,0,0,0,0,0,2,282,13,0,0,0,7,5,2,0
F60,mixed_endpoint_50018,0,0,0,0,0,0,0,0,2,283,13,0,0,0,1,0,1,0
P2,mixed_endpoint_50018,21,0,0,19,0,0,0,0,4,299,15,0,0,21,0,0,0,0
C1,mixed_endpoint_50018,0,0,0,0,0,2,8,0,2,283,13,0,0,0,0,0,0,2
C15,mixed_endpoint_50018,0,0,0,0,0,4,20,0,3,281,14,0,0,0,0,0,0,4
M75,mixed_endpoint_50018,0,0,0,0,0,0,0,0,2,284,13,4,2,0,0,0,0,0
M50,mixed_endpoint_50018,0,0,0,0,0,0,0,0,2,283,13,4,2,0,0,0,0,0
PC,mixed_endpoint_50018,11,0,0,8,0,7,38,0,8,304,19,0,0,11,0,0,0,7
LC,mixed_endpoint_50018,0,0,0,0,0,4,24,0,5,301,16,0,0,0,0,0,0,4
baseline,mixed_endpoint_50019,0,0,0,0,0,0,0,0,4,181,20,0,0,0,0,0,0,0
LPC,mixed_endpoint_50018,13,0,0,11,0,5,35,0,10,294,21,0,0,13,0,0,0,5
previous_best,mixed_endpoint_50019,24,7,3,23,0,0,0,0,4,178,20,0,0,0,0,0,0,0
S_all,mixed_endpoint_50019,34,0,0,32,0,0,0,0,6,233,22,0,0,0,0,0,0,0
P2,mixed_endpoint_50019,17,0,0,15,0,0,0,0,7,140,23,0,0,17,0,0,0,0
L30,mixed_endpoint_50019,0,0,0,0,0,0,0,0,7,145,23,0,0,0,0,0,0,0
P1,mixed_endpoint_50019,17,0,0,16,0,0,0,0,6,188,22,0,0,17,0,0,0,0
L90,mixed_endpoint_50019,0,0,0,0,0,0,0,0,6,188,22,0,0,0,0,0,0,0
F60,mixed_endpoint_50019,0,0,0,0,0,0,0,0,4,181,20,0,0,0,4,0,4,0
F120,mixed_endpoint_50019,0,0,0,0,0,0,0,0,4,175,20,0,0,0,16,11,5,0
C15,mixed_endpoint_50019,0,0,0,0,0,6,36,0,10,177,26,0,0,0,0,0,0,6
C1,mixed_endpoint_50019,0,0,0,0,0,3,12,0,7,179,23,0,0,0,0,0,0,3
S_all,mixed_endpoint_50020,14,0,0,12,0,0,0,0,2,339,12,0,0,0,0,0,0,0
previous_best,mixed_endpoint_50020,8,6,4,7,0,0,0,0,2,337,12,0,0,0,0,0,0,0
PC,mixed_endpoint_50019,17,0,0,15,0,7,52,0,8,181,24,0,0,17,0,0,0,7
baseline,mixed_endpoint_50020,0,0,0,0,0,0,0,0,2,332,12,0,0,0,0,0,0,0
M50,mixed_endpoint_50019,0,0,0,0,0,0,0,0,4,182,20,6,2,0,0,0,0,0
P1,mixed_endpoint_50020,11,0,0,10,0,0,0,0,2,336,12,0,0,11,0,0,0,0
LC,mixed_endpoint_50019,0,0,0,0,0,5,33,0,17,141,33,0,0,0,0,0,0,5
P2,mixed_endpoint_50020,13,0,0,11,0,0,0,0,2,338,12,0,0,13,0,0,0,0
LPC,mixed_endpoint_50019,14,0,0,14,0,9,62,0,18,178,34,0,0,14,0,0,0,9
L90,mixed_endpoint_50020,0,0,0,0,0,0,0,0,4,304,14,0,0,0,0,0,0,0
F120,mixed_endpoint_50020,0,0,0,0,0,0,0,0,1,320,11,0,0,0,11,10,1,0
F60,mixed_endpoint_50020,0,0,0,0,0,0,0,0,2,332,12,0,0,0,1,0,1,0
M75,mixed_endpoint_50019,0,0,0,0,0,0,0,0,3,183,19,5,2,0,0,0,0,0
L30,mixed_endpoint_50020,0,0,0,0,0,0,0,0,6,335,16,0,0,0,0,0,0,0
PC,mixed_endpoint_50020,11,0,0,10,0,2,10,0,7,335,17,0,0,11,0,0,0,2
C1,mixed_endpoint_50020,0,0,0,0,0,0,0,0,2,332,12,0,0,0,0,0,0,0
S_all,mixed_endpoint_50021,17,0,0,15,0,0,0,0,1,354,12,0,0,0,0,0,0,0
baseline,mixed_endpoint_50021,0,0,0,0,0,0,0,0,4,359,15,0,0,0,0,0,0,0
C15,mixed_endpoint_50020,0,0,0,0,0,5,34,0,18,330,28,0,0,0,0,0,0,5
LC,mixed_endpoint_50020,0,0,0,0,0,5,34,0,25,328,35,0,0,0,0,0,0,5
M50,mixed_endpoint_50020,0,0,0,0,0,0,0,0,2,321,12,3,1,0,0,0,0,0
M75,mixed_endpoint_50020,0,0,0,0,0,0,0,0,3,322,13,4,1,0,0,0,0,0
LPC,mixed_endpoint_50020,10,0,0,10,0,6,39,0,14,324,24,0,0,10,0,0,0,6
previous_best,mixed_endpoint_50021,13,9,4,12,0,0,0,0,5,298,16,0,0,0,0,0,0,0
L90,mixed_endpoint_50021,0,0,0,0,0,0,0,0,5,296,16,0,0,0,0,0,0,0
L30,mixed_endpoint_50021,0,0,0,0,0,0,0,0,5,320,16,0,0,0,0,0,0,0
P2,mixed_endpoint_50021,17,0,0,15,0,0,0,0,1,354,12,0,0,17,0,0,0,0
P1,mixed_endpoint_50021,16,0,0,14,0,0,0,0,1,353,12,0,0,16,0,0,0,0
F60,mixed_endpoint_50021,0,0,0,0,0,0,0,0,4,359,15,0,0,0,2,1,1,0
C1,mixed_endpoint_50021,0,0,0,0,0,3,16,0,8,354,19,0,0,0,0,0,0,3
C15,mixed_endpoint_50021,0,0,0,0,0,5,30,0,6,350,17,0,0,0,0,0,0,5
F120,mixed_endpoint_50021,0,0,0,0,0,0,0,0,4,359,15,0,0,0,12,8,4,0
M75,mixed_endpoint_50021,0,0,0,0,0,0,0,0,2,355,13,4,2,0,0,0,0,0
M50,mixed_endpoint_50021,0,0,0,0,0,0,0,0,4,358,15,6,2,0,0,0,0,0
baseline,mixed_endpoint_50022,0,0,0,0,0,0,0,0,1,300,11,0,0,0,0,0,0,0
PC,mixed_endpoint_50021,16,0,0,14,0,2,8,0,2,352,13,0,0,16,0,0,0,2
S_all,mixed_endpoint_50022,12,0,0,11,0,0,0,0,4,305,14,0,0,0,0,0,0,0
LC,mixed_endpoint_50021,0,0,0,0,0,6,44,0,7,315,18,0,0,0,0,0,0,6
previous_best,mixed_endpoint_50022,14,6,1,13,0,0,0,0,5,307,15,0,0,0,0,0,0,0
LPC,mixed_endpoint_50021,6,0,0,6,0,9,48,0,14,296,25,0,0,6,0,0,0,9
L90,mixed_endpoint_50022,0,0,0,0,0,0,0,0,4,311,14,0,0,0,0,0,0,0
L30,mixed_endpoint_50022,0,0,0,0,0,0,0,0,8,310,18,0,0,0,0,0,0,0
P2,mixed_endpoint_50022,12,0,0,11,0,0,0,0,4,305,14,0,0,12,0,0,0,0
P1,mixed_endpoint_50022,14,0,0,13,0,0,0,0,5,310,15,0,0,14,0,0,0,0
F60,mixed_endpoint_50022,0,0,0,0,0,0,0,0,1,300,11,0,0,0,0,0,0,0
F120,mixed_endpoint_50022,0,0,0,0,0,0,0,0,1,300,11,0,0,0,9,6,3,0
C15,mixed_endpoint_50022,0,0,0,0,0,1,7,0,0,298,10,0,0,0,0,0,0,1
C1,mixed_endpoint_50022,0,0,0,0,0,0,0,0,1,300,11,0,0,0,0,0,0,0
M50,mixed_endpoint_50022,0,0,0,0,0,1,8,0,2,300,12,2,0,0,0,0,0,0
M75,mixed_endpoint_50022,0,0,0,0,0,1,8,0,1,300,11,1,0,0,0,0,0,0
previous_best,mixed_endpoint_50023,20,7,3,19,0,0,0,0,4,246,16,0,0,0,0,0,0,0
PC,mixed_endpoint_50022,10,0,0,9,0,6,40,0,14,302,24,0,0,10,0,0,0,6
S_all,mixed_endpoint_50023,25,0,0,24,0,0,0,0,5,273,17,0,0,0,0,0,0,0
P1,mixed_endpoint_50023,19,0,0,15,0,0,0,0,3,262,15,0,0,19,0,0,0,0
baseline,mixed_endpoint_50023,0,0,0,0,0,0,0,0,5,301,17,0,0,0,0,0,0,0
LC,mixed_endpoint_50022,0,0,0,0,0,8,52,0,10,301,20,0,0,0,0,0,0,8
L30,mixed_endpoint_50023,0,0,0,0,0,0,0,0,4,252,16,0,0,0,0,0,0,0
LPC,mixed_endpoint_50022,17,0,0,14,0,4,121,0,106,311,116,0,0,17,0,0,0,3
P2,mixed_endpoint_50023,21,0,0,20,0,0,0,0,3,266,15,0,0,21,0,0,0,0
L90,mixed_endpoint_50023,0,0,0,0,0,0,0,0,3,244,15,0,0,0,0,0,0,0
F120,mixed_endpoint_50023,0,0,0,0,0,0,0,0,5,301,17,0,0,0,18,13,5,0
F60,mixed_endpoint_50023,0,0,0,0,0,0,0,0,5,301,17,0,0,0,2,1,1,0
C15,mixed_endpoint_50023,0,0,0,0,0,4,26,0,8,294,20,0,0,0,0,0,0,4
baseline,mixed_endpoint_50024,0,0,0,0,0,0,0,0,1,279,14,0,0,0,0,0,0,0
C1,mixed_endpoint_50023,0,0,0,0,0,1,4,0,6,298,18,0,0,0,0,0,0,1
PC,mixed_endpoint_50023,16,0,0,13,0,6,44,0,12,256,24,0,0,16,0,0,0,6
M75,mixed_endpoint_50023,0,0,0,0,0,0,0,0,0,257,12,3,3,0,0,0,0,0
S_all,mixed_endpoint_50024,11,0,0,10,0,0,0,0,3,307,16,0,0,0,0,0,0,0
LC,mixed_endpoint_50023,0,0,0,0,0,6,40,0,13,247,25,0,0,0,0,0,0,6
LPC,mixed_endpoint_50023,14,0,0,10,0,8,47,0,22,244,34,0,0,14,0,0,0,8
M50,mixed_endpoint_50023,0,0,0,0,0,1,8,0,10,272,22,8,2,0,0,0,0,0
P1,mixed_endpoint_50024,11,0,0,10,0,0,0,0,3,307,16,0,0,11,0,0,0,0
P2,mixed_endpoint_50024,11,0,0,10,0,0,0,0,3,307,16,0,0,11,0,0,0,0
L30,mixed_endpoint_50024,0,0,0,0,0,0,0,0,2,304,15,0,0,0,0,0,0,0
previous_best,mixed_endpoint_50024,13,5,1,12,0,0,0,0,4,295,17,0,0,0,0,0,0,0
F60,mixed_endpoint_50024,0,0,0,0,0,0,0,0,1,279,14,0,0,0,1,0,1,0
L90,mixed_endpoint_50024,0,0,0,0,0,0,0,0,3,301,16,0,0,0,0,0,0,0
F120,mixed_endpoint_50024,0,0,0,0,0,0,0,0,4,259,17,0,0,0,12,7,5,0
C1,mixed_endpoint_50024,0,0,0,0,0,0,0,0,1,279,14,0,0,0,0,0,0,0
C15,mixed_endpoint_50024,0,0,0,0,0,2,16,0,8,277,21,0,0,0,0,0,0,2
PC,mixed_endpoint_50024,11,0,0,10,0,2,12,0,2,304,15,0,0,11,0,0,0,2
M50,mixed_endpoint_50024,0,0,0,0,0,0,0,0,1,279,14,3,2,0,0,0,0,0
LC,mixed_endpoint_50024,0,0,0,0,0,2,16,0,10,304,23,0,0,0,0,0,0,2
baseline,mixed_endpoint_50025,0,0,0,0,0,1,46,0,11,244,25,0,0,0,0,0,0,0
M75,mixed_endpoint_50024,0,0,0,0,0,0,0,0,2,281,15,2,0,0,0,0,0,0
S_all,mixed_endpoint_50025,14,0,0,14,0,1,46,0,13,275,27,0,0,0,0,0,0,0
LPC,mixed_endpoint_50024,14,0,0,9,0,4,26,0,18,309,31,0,0,14,0,0,0,4
L90,mixed_endpoint_50025,0,0,0,0,0,0,0,0,4,249,18,0,0,0,0,0,0,0
previous_best,mixed_endpoint_50025,15,11,5,14,0,0,0,0,6,244,20,0,0,0,0,0,0,0
P1,mixed_endpoint_50025,13,0,0,13,0,1,46,0,12,273,26,0,0,13,0,0,0,0
F120,mixed_endpoint_50025,0,0,0,0,0,0,0,0,3,235,17,0,0,0,14,11,3,0
P2,mixed_endpoint_50025,14,0,0,14,0,1,46,0,13,275,27,0,0,14,0,0,0,0
L30,mixed_endpoint_50025,0,0,0,0,0,0,0,0,8,251,22,0,0,0,0,0,0,0
F60,mixed_endpoint_50025,0,0,0,0,0,1,46,0,11,244,25,0,0,0,3,2,1,0
C1,mixed_endpoint_50025,0,0,0,0,0,4,58,0,15,240,29,0,0,0,0,0,0,3
C15,mixed_endpoint_50025,0,0,0,0,0,5,30,0,14,234,28,0,0,0,0,0,0,5
baseline,mixed_endpoint_50026,0,0,0,0,0,0,0,0,4,314,14,0,0,0,0,0,0,0
S_all,mixed_endpoint_50026,7,0,0,5,0,0,0,0,3,349,13,0,0,0,0,0,0,0
PC,mixed_endpoint_50025,19,0,0,19,0,7,54,0,22,231,36,0,0,19,0,0,0,7
M50,mixed_endpoint_50025,0,0,0,0,0,1,46,0,12,245,26,7,2,0,0,0,0,0
previous_best,mixed_endpoint_50026,9,6,1,8,0,0,0,0,5,325,15,0,0,0,0,0,0,0
L90,mixed_endpoint_50026,0,0,0,0,0,0,0,0,4,307,14,0,0,0,0,0,0,0
M75,mixed_endpoint_50025,0,0,0,0,0,1,46,0,9,242,23,5,3,0,0,0,0,0
L30,mixed_endpoint_50026,0,0,0,0,0,0,0,0,3,308,13,0,0,0,0,0,0,0
LPC,mixed_endpoint_50025,14,0,0,13,0,5,27,0,7,255,21,0,0,14,0,0,0,5
P1,mixed_endpoint_50026,7,0,0,5,0,0,0,0,3,349,13,0,0,7,0,0,0,0
F60,mixed_endpoint_50026,0,0,0,0,0,0,0,0,4,314,14,0,0,0,1,0,1,0
F120,mixed_endpoint_50026,0,0,0,0,0,0,0,0,3,308,13,0,0,0,8,5,3,0
P2,mixed_endpoint_50026,7,0,0,5,0,0,0,0,3,349,13,0,0,7,0,0,0,0
LC,mixed_endpoint_50025,0,0,0,0,0,10,57,0,28,241,42,0,0,0,0,0,0,10
C1,mixed_endpoint_50026,0,0,0,0,0,1,4,0,5,311,15,0,0,0,0,0,0,1
C15,mixed_endpoint_50026,0,0,0,0,0,5,39,0,13,306,23,0,0,0,0,0,0,5
PC,mixed_endpoint_50026,6,0,0,5,0,6,47,0,15,344,25,0,0,6,0,0,0,6
M50,mixed_endpoint_50026,0,0,0,0,0,0,0,0,2,310,12,5,3,0,0,0,0,0
M75,mixed_endpoint_50026,0,0,0,0,0,0,0,0,3,350,13,6,3,0,0,0,0,0
LPC,mixed_endpoint_50026,5,0,0,5,0,3,16,0,10,308,20,0,0,5,0,0,0,3
LC,mixed_endpoint_50026,0,0,0,0,0,6,36,0,4,305,14,0,0,0,0,0,0,6
baseline,mixed_endpoint_50027,0,0,0,0,0,0,0,0,7,287,20,0,0,0,0,0,0,0
previous_best,mixed_endpoint_50027,14,9,2,9,0,0,0,0,7,279,20,0,0,0,0,0,0,0
L30,mixed_endpoint_50027,0,0,0,0,0,0,0,0,5,234,18,0,0,0,0,0,0,0
S_all,mixed_endpoint_50027,21,0,0,20,0,0,0,0,6,298,19,0,0,0,0,0,0,0
L90,mixed_endpoint_50027,0,0,0,0,0,1,29,0,32,286,45,0,0,0,0,0,0,0
P1,mixed_endpoint_50027,17,0,0,13,0,0,0,0,5,287,18,0,0,17,0,0,0,0
P2,mixed_endpoint_50027,21,0,0,17,0,0,0,0,5,290,18,0,0,21,0,0,0,0
F120,mixed_endpoint_50027,0,0,0,0,0,0,0,0,4,295,17,0,0,0,16,10,6,0
F60,mixed_endpoint_50027,0,0,0,0,0,0,0,0,7,287,20,0,0,0,2,0,2,0
C15,mixed_endpoint_50027,0,0,0,0,0,6,46,0,21,277,34,0,0,0,0,0,0,6
C1,mixed_endpoint_50027,0,0,0,0,0,2,8,0,11,283,24,0,0,0,0,0,0,2
M50,mixed_endpoint_50027,0,0,0,0,0,0,0,0,2,275,15,6,4,0,0,0,0,0
baseline,mixed_endpoint_50028,0,0,0,0,0,1,7,0,7,319,17,0,0,0,0,0,0,0
LC,mixed_endpoint_50027,0,0,0,0,0,7,53,0,13,247,26,0,0,0,0,0,0,7
M75,mixed_endpoint_50027,0,0,0,0,0,0,0,0,2,277,15,6,4,0,0,0,0,0
S_all,mixed_endpoint_50028,14,0,0,12,0,0,0,0,3,317,13,0,0,0,0,0,0,0
PC,mixed_endpoint_50027,16,0,0,12,0,5,35,0,20,281,33,0,0,16,0,0,0,5
previous_best,mixed_endpoint_50028,10,5,1,7,0,0,0,0,4,337,14,0,0,0,0,0,0,0
L30,mixed_endpoint_50028,0,0,0,0,0,0,0,0,5,324,15,0,0,0,0,0,0,0
P2,mixed_endpoint_50028,14,0,0,12,0,0,0,0,3,317,13,0,0,14,0,0,0,0
LPC,mixed_endpoint_50027,11,0,0,9,0,9,54,0,12,242,25,0,0,11,0,0,0,9
P1,mixed_endpoint_50028,7,0,0,6,0,1,7,0,8,355,18,0,0,7,0,0,0,0
F60,mixed_endpoint_50028,0,0,0,0,0,1,7,0,7,319,17,0,0,0,4,4,0,0
L90,mixed_endpoint_50028,0,0,0,0,0,0,0,0,7,324,17,0,0,0,0,0,0,0
F120,mixed_endpoint_50028,0,0,0,0,0,1,7,0,7,319,17,0,0,0,9,6,3,0
C15,mixed_endpoint_50028,0,0,0,0,0,5,40,0,20,310,30,0,0,0,0,0,0,5
C1,mixed_endpoint_50028,0,0,0,0,0,2,15,0,12,319,22,0,0,0,0,0,0,1
PC,mixed_endpoint_50028,7,0,0,6,0,2,20,0,16,348,26,0,0,7,0,0,0,2
M50,mixed_endpoint_50028,0,0,0,0,0,1,7,0,7,319,17,6,2,0,0,0,0,0
M75,mixed_endpoint_50028,0,0,0,0,0,1,7,0,9,322,19,7,1,0,0,0,0,0
LC,mixed_endpoint_50028,0,0,0,0,0,7,51,0,22,319,32,0,0,0,0,0,0,7
LPC,mixed_endpoint_50028,10,0,0,9,0,5,31,0,14,333,24,0,0,10,0,0,0,5
baseline,mixed_endpoint_50029,0,0,0,0,0,0,0,0,3,273,18,0,0,0,0,0,0,0
S_all,mixed_endpoint_50029,15,0,0,13,0,0,0,0,2,253,17,0,0,0,0,0,0,0
L30,mixed_endpoint_50029,0,0,0,0,0,0,0,0,7,262,22,0,0,0,0,0,0,0
P1,mixed_endpoint_50029,14,0,0,12,0,0,0,0,2,252,17,0,0,14,0,0,0,0
previous_best,mixed_endpoint_50029,19,9,3,15,0,0,0,0,6,239,21,0,0,0,0,0,0,0
L90,mixed_endpoint_50029,0,0,0,0,0,0,0,0,8,261,23,0,0,0,0,0,0,0
P2,mixed_endpoint_50029,15,0,0,13,0,0,0,0,2,253,17,0,0,15,0,0,0,0
F60,mixed_endpoint_50029,0,0,0,0,0,0,0,0,3,273,18,0,0,0,0,0,0,0
F120,mixed_endpoint_50029,0,0,0,0,0,0,0,0,3,255,18,0,0,0,13,10,3,0
C15,mixed_endpoint_50029,0,0,0,0,0,4,34,0,21,270,36,0,0,0,0,0,0,4
C1,mixed_endpoint_50029,0,0,0,0,0,1,10,0,11,272,26,0,0,0,0,0,0,1
M50,mixed_endpoint_50029,0,0,0,0,0,0,0,0,3,273,18,4,1,0,0,0,0,0
baseline,mixed_endpoint_50030,0,0,0,0,0,0,0,0,4,337,14,0,0,0,0,0,0,0
S_all,mixed_endpoint_50030,7,0,0,6,0,0,0,0,2,336,12,0,0,0,0,0,0,0
PC,mixed_endpoint_50029,12,0,0,12,0,5,36,0,14,242,29,0,0,12,0,0,0,5
previous_best,mixed_endpoint_50030,13,3,0,12,0,0,0,0,3,335,13,0,0,0,0,0,0,0
L30,mixed_endpoint_50030,0,0,0,0,0,0,0,0,3,347,13,0,0,0,0,0,0,0
L90,mixed_endpoint_50030,0,0,0,0,0,0,0,0,4,321,14,0,0,0,0,0,0,0
LC,mixed_endpoint_50029,0,0,0,0,0,8,48,0,15,254,30,0,0,0,0,0,0,8
M75,mixed_endpoint_50029,0,0,0,0,0,0,0,0,4,298,19,6,2,0,0,0,0,0
P1,mixed_endpoint_50030,7,0,0,6,0,0,0,0,2,336,12,0,0,7,0,0,0,0
LPC,mixed_endpoint_50029,19,0,0,16,0,6,34,0,4,220,19,0,0,19,0,0,0,6
F120,mixed_endpoint_50030,0,0,0,0,0,0,0,0,4,333,14,0,0,0,15,10,5,0
P2,mixed_endpoint_50030,7,0,0,6,0,0,0,0,2,336,12,0,0,7,0,0,0,0
F60,mixed_endpoint_50030,0,0,0,0,0,0,0,0,4,337,14,0,0,0,2,0,2,0
C1,mixed_endpoint_50030,0,0,0,0,0,3,18,0,10,335,20,0,0,0,0,0,0,3
C15,mixed_endpoint_50030,0,0,0,0,0,5,35,0,5,333,15,0,0,0,0,0,0,5
M50,mixed_endpoint_50030,0,0,0,0,0,0,0,0,3,336,13,5,2,0,0,0,0,0
LC,mixed_endpoint_50030,0,0,0,0,0,3,25,0,8,345,18,0,0,0,0,0,0,3
PC,mixed_endpoint_50030,7,0,0,6,0,4,26,0,5,334,15,0,0,7,0,0,0,4
baseline,mixed_endpoint_50031,0,0,0,0,0,0,0,0,3,355,14,0,0,0,0,0,0,0
S_all,mixed_endpoint_50031,7,0,0,7,0,0,0,0,3,353,14,0,0,0,0,0,0,0
LPC,mixed_endpoint_50030,8,0,0,7,0,5,37,0,17,318,27,0,0,8,0,0,0,5
previous_best,mixed_endpoint_50031,9,6,3,8,0,0,0,0,3,350,14,0,0,0,0,0,0,0
M75,mixed_endpoint_50030,0,0,0,0,0,1,8,0,9,348,19,6,1,0,0,0,0,0
L30,mixed_endpoint_50031,0,0,0,0,0,0,0,0,5,351,16,0,0,0,0,0,0,0
L90,mixed_endpoint_50031,0,0,0,0,0,0,0,0,6,335,17,0,0,0,0,0,0,0
P1,mixed_endpoint_50031,7,0,0,7,0,0,0,0,3,353,14,0,0,7,0,0,0,0
P2,mixed_endpoint_50031,7,0,0,7,0,0,0,0,3,353,14,0,0,7,0,0,0,0
F60,mixed_endpoint_50031,0,0,0,0,0,0,0,0,3,355,14,0,0,0,0,0,0,0
F120,mixed_endpoint_50031,0,0,0,0,0,0,0,0,1,346,12,0,0,0,14,12,2,0
C1,mixed_endpoint_50031,0,0,0,0,0,0,0,0,3,355,14,0,0,0,0,0,0,0
C15,mixed_endpoint_50031,0,0,0,0,0,4,36,0,14,351,25,0,0,0,0,0,0,4
M50,mixed_endpoint_50031,0,0,0,0,0,0,0,0,4,359,15,6,2,0,0,0,0,0
PC,mixed_endpoint_50031,6,0,0,6,0,4,32,0,15,350,26,0,0,6,0,0,0,4
M75,mixed_endpoint_50031,0,0,0,0,0,0,0,0,2,357,13,3,1,0,0,0,0,0
LC,mixed_endpoint_50031,0,0,0,0,0,3,12,0,6,345,17,0,0,0,0,0,0,3
LPC,mixed_endpoint_50031,6,0,0,6,0,1,8,0,1,362,12,0,0,6,0,0,0,1
baseline,mixed_endpoint_50032,0,0,0,0,0,1,7,0,7,278,21,0,0,0,0,0,0,0
S_all,mixed_endpoint_50032,17,0,0,16,0,0,0,0,3,282,17,0,0,0,0,0,0,0
L90,mixed_endpoint_50032,0,0,0,0,0,0,0,0,5,260,19,0,0,0,0,0,0,0
previous_best,mixed_endpoint_50032,17,7,4,13,0,0,0,0,3,244,17,0,0,0,0,0,0,0
P1,mixed_endpoint_50032,17,0,0,17,0,0,0,0,4,281,18,0,0,17,0,0,0,0
P2,mixed_endpoint_50032,17,0,0,16,0,0,0,0,3,282,17,0,0,17,0,0,0,0
L30,mixed_endpoint_50032,0,0,0,0,0,0,0,0,9,261,23,0,0,0,0,0,0,0
F120,mixed_endpoint_50032,0,0,0,0,0,0,0,0,3,275,17,0,0,0,16,13,3,0
F60,mixed_endpoint_50032,0,0,0,0,0,1,7,0,7,278,21,0,0,0,0,0,0,0
C1,mixed_endpoint_50032,0,0,0,0,0,1,7,0,3,275,17,0,0,0,0,0,0,1
C15,mixed_endpoint_50032,0,0,0,0,0,4,28,0,7,269,21,0,0,0,0,0,0,4
M75,mixed_endpoint_50032,0,0,0,0,0,0,0,0,1,251,15,2,1,0,0,0,0,0
M50,mixed_endpoint_50032,0,0,0,0,0,1,7,0,7,278,21,4,0,0,0,0,0,0
LPC,mixed_endpoint_50032,14,0,0,13,0,4,31,0,8,249,22,0,0,14,0,0,0,4
baseline,mixed_endpoint_50033,0,0,0,0,0,0,0,0,5,268,18,0,0,0,0,0,0,0
S_all,mixed_endpoint_50033,18,0,0,17,0,0,0,0,5,273,18,0,0,0,0,0,0,0
PC,mixed_endpoint_50032,16,0,0,16,0,5,31,0,4,274,18,0,0,16,0,0,0,5
previous_best,mixed_endpoint_50033,15,10,3,14,0,0,0,0,7,247,20,0,0,0,0,0,0,0
LC,mixed_endpoint_50032,0,0,0,0,0,8,51,0,13,245,27,0,0,0,0,0,0,8
L90,mixed_endpoint_50033,0,0,0,0,0,0,0,0,7,287,20,0,0,0,0,0,0,0
L30,mixed_endpoint_50033,0,0,0,0,0,0,0,0,4,243,17,0,0,0,0,0,0,0
P1,mixed_endpoint_50033,16,0,0,15,0,0,0,0,3,269,16,0,0,16,0,0,0,0
P2,mixed_endpoint_50033,17,0,0,16,0,0,0,0,5,272,18,0,0,17,0,0,0,0
F60,mixed_endpoint_50033,0,0,0,0,0,0,0,0,5,268,18,0,0,0,6,1,5,0
C1,mixed_endpoint_50033,0,0,0,0,0,4,19,0,11,261,24,0,0,0,0,0,0,4
F120,mixed_endpoint_50033,0,0,0,0,0,0,0,0,6,270,19,0,0,0,14,7,7,0
C15,mixed_endpoint_50033,0,0,0,0,0,5,27,0,12,261,25,0,0,0,0,0,0,5
PC,mixed_endpoint_50033,15,0,0,14,0,7,36,0,10,265,23,0,0,15,0,0,0,7
M50,mixed_endpoint_50033,0,0,0,0,0,0,0,0,5,292,18,7,2,0,0,0,0,0
LPC,mixed_endpoint_50033,16,0,0,16,0,6,38,0,13,285,26,0,0,16,0,0,0,6
S_all,mixed_endpoint_50034,23,0,0,22,0,0,0,0,5,204,21,0,0,0,0,0,0,0
baseline,mixed_endpoint_50034,0,0,0,0,0,0,0,0,7,236,23,0,0,0,0,0,0,0
M75,mixed_endpoint_50033,0,0,0,0,0,0,0,0,8,251,21,8,0,0,0,0,0,0
LC,mixed_endpoint_50033,0,0,0,0,0,5,30,0,10,237,23,0,0,0,0,0,0,5
previous_best,mixed_endpoint_50034,23,11,4,19,0,0,0,0,7,166,23,0,0,0,0,0,0,0
P2,mixed_endpoint_50034,21,0,0,20,0,0,0,0,5,202,21,0,0,21,0,0,0,0
P1,mixed_endpoint_50034,19,0,0,19,0,0,0,0,6,225,22,0,0,19,0,0,0,0
L90,mixed_endpoint_50034,0,0,0,0,0,0,0,0,6,173,22,0,0,0,0,0,0,0
L30,mixed_endpoint_50034,0,0,0,0,0,0,0,0,8,190,24,0,0,0,0,0,0,0
F60,mixed_endpoint_50034,0,0,0,0,0,0,0,0,7,236,23,0,0,0,4,0,4,0
F120,mixed_endpoint_50034,0,0,0,0,0,0,0,0,7,227,23,0,0,0,13,7,6,0
C15,mixed_endpoint_50034,0,0,0,0,0,9,61,0,17,229,33,0,0,0,0,0,0,9
C1,mixed_endpoint_50034,0,0,0,0,0,3,15,0,14,233,30,0,0,0,0,0,0,3
baseline,mixed_endpoint_50035,0,0,0,0,0,0,0,0,1,286,16,0,0,0,0,0,0,0
PC,mixed_endpoint_50034,14,0,0,14,0,10,77,0,21,191,37,0,0,14,0,0,0,10
M50,mixed_endpoint_50034,0,0,0,0,0,0,0,0,7,193,23,8,1,0,0,0,0,0
S_all,mixed_endpoint_50035,11,0,0,10,0,0,0,0,2,289,17,0,0,0,0,0,0,0
LPC,mixed_endpoint_50034,16,0,0,15,0,6,46,0,31,195,47,0,0,16,0,0,0,6
LC,mixed_endpoint_50034,0,0,0,0,0,8,54,0,17,183,33,0,0,0,0,0,0,8
M75,mixed_endpoint_50034,0,0,0,0,0,0,0,0,8,233,24,9,1,0,0,0,0,0
L30,mixed_endpoint_50035,0,0,0,0,0,0,0,0,2,285,17,0,0,0,0,0,0,0
P1,mixed_endpoint_50035,11,0,0,10,0,0,0,0,2,289,17,0,0,11,0,0,0,0
P2,mixed_endpoint_50035,11,0,0,10,0,0,0,0,2,289,17,0,0,11,0,0,0,0
L90,mixed_endpoint_50035,0,0,0,0,0,0,0,0,5,286,20,0,0,0,0,0,0,0
previous_best,mixed_endpoint_50035,14,8,4,11,0,0,0,0,4,291,19,0,0,0,0,0,0,0
F120,mixed_endpoint_50035,0,0,0,0,0,0,0,0,1,286,16,0,0,0,12,10,2,0
F60,mixed_endpoint_50035,0,0,0,0,0,0,0,0,1,286,16,0,0,0,0,0,0,0
C1,mixed_endpoint_50035,0,0,0,0,0,1,7,0,0,285,15,0,0,0,0,0,0,1
C15,mixed_endpoint_50035,0,0,0,0,0,1,7,0,0,285,15,0,0,0,0,0,0,1
M50,mixed_endpoint_50035,0,0,0,0,0,0,0,0,1,286,16,1,0,0,0,0,0,0
PC,mixed_endpoint_50035,11,0,0,10,0,3,23,0,9,287,24,0,0,11,0,0,0,3
baseline,mixed_endpoint_50036,0,0,0,0,0,0,0,0,3,295,15,0,0,0,0,0,0,0
M75,mixed_endpoint_50035,0,0,0,0,0,0,0,0,2,287,17,2,0,0,0,0,0,0
S_all,mixed_endpoint_50036,9,0,0,8,0,0,0,0,3,296,15,0,0,0,0,0,0,0
LPC,mixed_endpoint_50035,8,0,0,8,0,4,37,0,20,303,35,0,0,8,0,0,0,4
previous_best,mixed_endpoint_50036,12,6,2,12,0,0,0,0,4,306,16,0,0,0,0,0,0,0
L90,mixed_endpoint_50036,0,0,0,0,0,0,0,0,6,269,18,0,0,0,0,0,0,0
LC,mixed_endpoint_50035,0,0,0,0,0,7,50,0,12,283,27,0,0,0,0,0,0,7
P1,mixed_endpoint_50036,9,0,0,8,0,0,0,0,3,296,15,0,0,9,0,0,0,0
L30,mixed_endpoint_50036,0,0,0,0,0,0,0,0,8,285,20,0,0,0,0,0,0,0
P2,mixed_endpoint_50036,9,0,0,8,0,0,0,0,3,296,15,0,0,9,0,0,0,0
F60,mixed_endpoint_50036,0,0,0,0,0,0,0,0,3,295,15,0,0,0,1,0,1,0
F120,mixed_endpoint_50036,0,0,0,0,0,0,0,0,3,295,15,0,0,0,12,9,3,0
C1,mixed_endpoint_50036,0,0,0,0,0,2,11,0,9,292,21,0,0,0,0,0,0,2
C15,mixed_endpoint_50036,0,0,0,0,0,4,29,0,12,291,24,0,0,0,0,0,0,4
M50,mixed_endpoint_50036,0,0,0,0,0,0,0,0,2,330,14,3,1,0,0,0,0,0
PC,mixed_endpoint_50036,8,0,0,7,0,4,24,0,9,293,21,0,0,8,0,0,0,4
S_all,mixed_endpoint_50037,9,0,0,7,0,0,0,0,5,345,15,0,0,0,0,0,0,0
LPC,mixed_endpoint_50036,8,0,0,8,0,7,46,0,9,304,21,0,0,8,0,0,0,7
baseline,mixed_endpoint_50037,0,0,0,0,0,0,0,0,3,338,13,0,0,0,0,0,0,0
M75,mixed_endpoint_50036,0,0,0,0,0,0,0,0,3,332,15,3,0,0,0,0,0,0
previous_best,mixed_endpoint_50037,9,4,3,9,0,0,0,0,1,306,11,0,0,0,0,0,0,0
LC,mixed_endpoint_50036,0,0,0,0,0,7,45,0,26,274,38,0,0,0,0,0,0,7
L90,mixed_endpoint_50037,0,0,0,0,0,0,0,0,3,310,13,0,0,0,0,0,0,0
L30,mixed_endpoint_50037,0,0,0,0,0,1,45,0,27,354,37,0,0,0,0,0,0,0
P2,mixed_endpoint_50037,9,0,0,7,0,0,0,0,5,345,15,0,0,9,0,0,0,0
P1,mixed_endpoint_50037,9,0,0,7,0,0,0,0,5,345,15,0,0,9,0,0,0,0
F120,mixed_endpoint_50037,0,0,0,0,0,0,0,0,3,320,13,0,0,0,11,7,4,0
F60,mixed_endpoint_50037,0,0,0,0,0,0,0,0,3,338,13,0,0,0,1,0,1,0
C1,mixed_endpoint_50037,0,0,0,0,0,2,11,0,4,336,14,0,0,0,0,0,0,2
C15,mixed_endpoint_50037,0,0,0,0,0,4,27,0,12,335,22,0,0,0,0,0,0,4
M50,mixed_endpoint_50037,0,0,0,0,0,0,0,0,3,337,13,5,2,0,0,0,0,0
M75,mixed_endpoint_50037,0,0,0,0,0,0,0,0,3,340,13,4,1,0,0,0,0,0
PC,mixed_endpoint_50037,3,0,0,2,0,4,27,0,9,334,19,0,0,3,0,0,0,4
previous_best,mixed_endpoint_50038,14,9,3,13,0,0,0,0,6,352,17,0,0,0,0,0,0,0
LC,mixed_endpoint_50037,0,0,0,0,0,5,72,0,30,350,40,0,0,0,0,0,0,4
baseline,mixed_endpoint_50038,0,0,0,0,0,0,0,0,5,326,16,0,0,0,0,0,0,0
L90,mixed_endpoint_50038,0,0,0,0,0,0,0,0,3,319,14,0,0,0,0,0,0,0
LPC,mixed_endpoint_50037,9,0,0,9,0,5,76,0,32,331,42,0,0,9,0,0,0,4
S_all,mixed_endpoint_50038,11,0,0,11,0,0,0,0,3,326,14,0,0,0,0,0,0,0
L30,mixed_endpoint_50038,0,0,0,0,0,0,0,0,3,327,14,0,0,0,0,0,0,0
P1,mixed_endpoint_50038,11,0,0,11,0,0,0,0,3,326,14,0,0,11,0,0,0,0
F60,mixed_endpoint_50038,0,0,0,0,0,0,0,0,5,326,16,0,0,0,2,0,2,0
P2,mixed_endpoint_50038,11,0,0,11,0,0,0,0,3,326,14,0,0,11,0,0,0,0
F120,mixed_endpoint_50038,0,0,0,0,0,0,0,0,5,326,16,0,0,0,17,12,5,0
C15,mixed_endpoint_50038,0,0,0,0,0,5,34,0,14,320,25,0,0,0,0,0,0,5
C1,mixed_endpoint_50038,0,0,0,0,0,3,16,0,14,323,25,0,0,0,0,0,0,3
LC,mixed_endpoint_50038,0,0,0,0,0,4,24,0,11,324,22,0,0,0,0,0,0,4
M75,mixed_endpoint_50038,0,0,0,0,0,0,0,0,3,352,14,5,2,0,0,0,0,0
PC,mixed_endpoint_50038,11,0,0,11,0,4,24,0,16,323,27,0,0,11,0,0,0,4
M50,mixed_endpoint_50038,0,0,0,0,0,0,0,0,4,325,15,5,1,0,0,0,0,0
LPC,mixed_endpoint_50038,10,0,0,9,0,3,20,0,2,352,13,0,0,10,0,0,0,3
S_all,mixed_endpoint_50039,22,0,0,21,0,0,0,0,4,280,17,0,0,0,0,0,0,0
baseline,mixed_endpoint_50039,0,0,0,0,0,0,0,0,4,284,17,0,0,0,0,0,0,0
previous_best,mixed_endpoint_50039,15,8,3,13,0,0,0,0,5,278,18,0,0,0,0,0,0,0
P1,mixed_endpoint_50039,18,0,0,16,0,0,0,0,2,259,15,0,0,18,0,0,0,0
P2,mixed_endpoint_50039,22,0,0,21,0,0,0,0,2,274,15,0,0,22,0,0,0,0
F120,mixed_endpoint_50039,0,0,0,0,0,0,0,0,3,275,16,0,0,0,11,9,2,0
L90,mixed_endpoint_50039,0,0,0,0,0,0,0,0,6,260,19,0,0,0,0,0,0,0
L30,mixed_endpoint_50039,0,0,0,0,0,0,0,0,6,304,19,0,0,0,0,0,0,0
F60,mixed_endpoint_50039,0,0,0,0,0,0,0,0,4,284,17,0,0,0,1,0,1,0
C1,mixed_endpoint_50039,0,0,0,0,0,2,11,0,4,281,17,0,0,0,0,0,0,2
C15,mixed_endpoint_50039,0,0,0,0,0,3,19,0,12,279,25,0,0,0,0,0,0,3
M50,mixed_endpoint_50039,0,0,0,0,0,0,0,0,3,273,16,3,0,0,0,0,0,0
PC,mixed_endpoint_50039,17,0,0,15,0,4,22,0,7,257,20,0,0,17,0,0,0,4
baseline,mixed_endpoint_50040,0,0,0,0,0,0,0,0,6,234,21,0,0,0,0,0,0,0
LC,mixed_endpoint_50039,0,0,0,0,0,4,30,0,11,297,24,0,0,0,0,0,0,4
S_all,mixed_endpoint_50040,15,0,0,15,0,0,0,0,4,235,19,0,0,0,0,0,0,0
M75,mixed_endpoint_50039,0,0,0,0,0,0,0,0,4,299,17,6,2,0,0,0,0,0
previous_best,mixed_endpoint_50040,18,7,2,16,0,0,0,0,5,255,20,0,0,0,0,0,0,0
LPC,mixed_endpoint_50039,16,0,0,14,0,5,20,0,2,246,15,0,0,16,0,0,0,5
L30,mixed_endpoint_50040,0,0,0,0,0,0,0,0,7,222,22,0,0,0,0,0,0,0
P1,mixed_endpoint_50040,14,0,0,14,0,0,0,0,5,237,20,0,0,14,0,0,0,0
P2,mixed_endpoint_50040,15,0,0,15,0,0,0,0,4,235,19,0,0,15,0,0,0,0
L90,mixed_endpoint_50040,0,0,0,0,0,0,0,0,7,221,22,0,0,0,0,0,0,0
F120,mixed_endpoint_50040,0,0,0,0,0,0,0,0,6,234,21,0,0,0,20,14,6,0
F60,mixed_endpoint_50040,0,0,0,0,0,0,0,0,6,234,21,0,0,0,3,0,3,0
C1,mixed_endpoint_50040,0,0,0,0,0,5,24,0,14,229,29,0,0,0,0,0,0,5
C15,mixed_endpoint_50040,0,0,0,0,0,8,43,0,22,228,37,0,0,0,0,0,0,8
PC,mixed_endpoint_50040,13,0,0,13,0,6,35,0,15,231,30,0,0,13,0,0,0,6
M50,mixed_endpoint_50040,0,0,0,0,0,0,0,0,7,294,22,8,1,0,0,0,0,0
baseline,mixed_endpoint_50041,0,0,0,0,0,0,0,0,2,294,15,0,0,0,0,0,0,0
S_all,mixed_endpoint_50041,16,0,0,15,0,0,0,0,2,286,15,0,0,0,0,0,0,0
LC,mixed_endpoint_50040,0,0,0,0,0,7,38,0,20,214,35,0,0,0,0,0,0,7
L90,mixed_endpoint_50041,0,0,0,0,0,0,0,0,4,266,17,0,0,0,0,0,0,0
M75,mixed_endpoint_50040,0,0,0,0,0,0,0,0,7,236,22,11,4,0,0,0,0,0
previous_best,mixed_endpoint_50041,13,9,1,11,0,0,0,0,8,255,21,0,0,0,0,0,0,0
L30,mixed_endpoint_50041,0,0,0,0,0,0,0,0,3,272,16,0,0,0,0,0,0,0
P1,mixed_endpoint_50041,17,0,0,16,0,0,0,0,3,288,16,0,0,17,0,0,0,0
P2,mixed_endpoint_50041,16,0,0,15,0,0,0,0,2,286,15,0,0,16,0,0,0,0
LPC,mixed_endpoint_50040,22,0,0,20,0,10,95,0,36,223,51,0,0,22,0,0,0,9
F60,mixed_endpoint_50041,0,0,0,0,0,0,0,0,2,294,15,0,0,0,1,0,1,0
F120,mixed_endpoint_50041,0,0,0,0,0,0,0,0,3,274,16,0,0,0,9,6,3,0
C1,mixed_endpoint_50041,0,0,0,0,0,0,0,0,2,294,15,0,0,0,0,0,0,0
C15,mixed_endpoint_50041,0,0,0,0,0,4,29,0,11,292,24,0,0,0,0,0,0,4
PC,mixed_endpoint_50041,17,0,0,16,0,4,27,0,9,285,22,0,0,17,0,0,0,4
baseline,mixed_endpoint_50042,0,0,0,0,0,0,0,0,6,268,21,0,0,0,0,0,0,0
LPC,mixed_endpoint_50041,14,0,0,12,0,4,26,0,11,269,24,0,0,14,0,0,0,4
M50,mixed_endpoint_50041,0,0,0,0,0,0,0,0,3,293,16,4,1,0,0,0,0,0
M75,mixed_endpoint_50041,0,0,0,0,0,0,0,0,2,294,15,3,1,0,0,0,0,0
LC,mixed_endpoint_50041,0,0,0,0,0,3,22,0,6,268,19,0,0,0,0,0,0,3
S_all,mixed_endpoint_50042,19,0,0,18,0,1,107,0,72,230,87,0,0,0,0,0,0,0
previous_best,mixed_endpoint_50042,24,10,6,20,0,1,32,0,34,219,49,0,0,0,0,0,0,0
P1,mixed_endpoint_50042,16,0,0,16,0,1,107,0,71,226,86,0,0,16,0,0,0,0
F120,mixed_endpoint_50042,0,0,0,0,0,0,0,0,3,205,18,0,0,0,14,13,1,0
P2,mixed_endpoint_50042,19,0,0,18,0,1,107,0,72,230,87,0,0,19,0,0,0,0
F60,mixed_endpoint_50042,0,0,0,0,0,0,0,0,6,268,21,0,0,0,3,0,3,0
C15,mixed_endpoint_50042,0,0,0,0,0,6,35,0,12,261,27,0,0,0,0,0,0,6
L30,mixed_endpoint_50042,0,0,0,0,0,1,107,0,47,224,62,0,0,0,0,0,0,0
C1,mixed_endpoint_50042,0,0,0,0,0,2,8,0,6,265,21,0,0,0,0,0,0,2
L90,mixed_endpoint_50042,0,0,0,0,0,0,0,0,7,208,22,0,0,0,0,0,0,0
M50,mixed_endpoint_50042,0,0,0,0,0,0,0,0,6,268,21,7,1,0,0,0,0,0
PC,mixed_endpoint_50042,16,0,0,15,0,8,58,0,10,216,25,0,0,16,0,0,0,8
baseline,mixed_endpoint_50043,0,0,0,0,0,0,0,0,4,274,18,0,0,0,0,0,0,0
previous_best,mixed_endpoint_50043,14,7,2,10,0,0,0,0,5,256,19,0,0,0,0,0,0,0
S_all,mixed_endpoint_50043,14,0,0,12,0,0,0,0,6,274,20,0,0,0,0,0,0,0
LPC,mixed_endpoint_50042,18,0,0,17,0,4,24,0,12,189,27,0,0,18,0,0,0,4
M75,mixed_endpoint_50042,0,0,0,0,0,0,0,0,5,268,20,7,2,0,0,0,0,0
L30,mixed_endpoint_50043,0,0,0,0,0,0,0,0,5,225,19,0,0,0,0,0,0,0
L90,mixed_endpoint_50043,0,0,0,0,0,0,0,0,9,267,23,0,0,0,0,0,0,0
LC,mixed_endpoint_50042,0,0,0,0,0,6,138,0,58,219,73,0,0,0,0,0,0,5
P1,mixed_endpoint_50043,12,0,0,8,0,0,0,0,5,277,19,0,0,12,0,0,0,0
P2,mixed_endpoint_50043,13,0,0,11,0,0,0,0,6,273,20,0,0,13,0,0,0,0
F120,mixed_endpoint_50043,0,0,0,0,0,0,0,0,4,267,18,0,0,0,17,12,5,0
F60,mixed_endpoint_50043,0,0,0,0,0,0,0,0,4,274,18,0,0,0,1,0,1,0
C15,mixed_endpoint_50043,0,0,0,0,0,5,47,0,16,268,30,0,0,0,0,0,0,5
C1,mixed_endpoint_50043,0,0,0,0,0,0,0,0,4,274,18,0,0,0,0,0,0,0
LC,mixed_endpoint_50043,0,0,0,0,0,4,28,0,20,220,34,0,0,0,0,0,0,4
M75,mixed_endpoint_50043,0,0,0,0,0,0,0,0,5,274,19,5,0,0,0,0,0,0
S_all,mixed_endpoint_50044,14,0,0,12,0,0,0,0,5,277,18,0,0,0,0,0,0,0
PC,mixed_endpoint_50043,12,0,0,8,0,7,56,0,6,270,20,0,0,12,0,0,0,7
LPC,mixed_endpoint_50043,13,0,0,13,0,8,54,0,22,251,36,0,0,13,0,0,0,8
baseline,mixed_endpoint_50044,0,0,0,0,0,0,0,0,4,284,17,0,0,0,0,0,0,0
M50,mixed_endpoint_50043,0,0,0,0,0,0,0,0,6,287,20,7,1,0,0,0,0,0
L90,mixed_endpoint_50044,0,0,0,0,0,0,0,0,5,281,18,0,0,0,0,0,0,0
L30,mixed_endpoint_50044,0,0,0,0,0,0,0,0,3,281,16,0,0,0,0,0,0,0
previous_best,mixed_endpoint_50044,21,9,3,16,0,0,0,0,6,307,19,0,0,0,0,0,0,0
P2,mixed_endpoint_50044,14,0,0,12,0,0,0,0,5,277,18,0,0,14,0,0,0,0
F120,mixed_endpoint_50044,0,0,0,0,0,0,0,0,5,273,18,0,0,0,15,11,4,0
P1,mixed_endpoint_50044,16,0,0,14,0,0,0,0,6,282,19,0,0,16,0,0,0,0
F60,mixed_endpoint_50044,0,0,0,0,0,0,0,0,4,284,17,0,0,0,1,0,1,0
C1,mixed_endpoint_50044,0,0,0,0,0,4,27,0,17,268,30,0,0,0,0,0,0,4
C15,mixed_endpoint_50044,0,0,0,0,0,8,63,0,33,264,46,0,0,0,0,0,0,8
M75,mixed_endpoint_50044,0,0,0,0,0,0,0,0,3,289,16,5,2,0,0,0,0,0
PC,mixed_endpoint_50044,15,0,0,13,0,6,45,0,19,275,32,0,0,15,0,0,0,6
M50,mixed_endpoint_50044,0,0,0,0,0,0,0,0,4,285,17,7,3,0,0,0,0,0
LPC,mixed_endpoint_50044,13,0,0,13,0,5,34,0,6,257,19,0,0,13,0,0,0,5
LC,mixed_endpoint_50044,0,0,0,0,0,4,18,0,6,281,19,0,0,0,0,0,0,4
previous_best,mixed_endpoint_50045,27,8,4,26,0,0,0,0,4,97,20,0,0,0,0,0,0,0
baseline,mixed_endpoint_50045,0,0,0,0,0,1,105,0,109,188,125,0,0,0,0,0,0,0
S_all,mixed_endpoint_50045,24,0,0,18,0,0,0,0,12,203,28,0,0,0,0,0,0,0
P1,mixed_endpoint_50045,20,0,0,18,0,0,0,0,10,197,26,0,0,20,0,0,0,0
F120,mixed_endpoint_50045,0,0,0,0,0,0,0,0,4,185,20,0,0,0,15,11,4,0
L30,mixed_endpoint_50045,0,0,0,0,0,1,40,0,28,183,44,0,0,0,0,0,0,0
P2,mixed_endpoint_50045,23,0,0,19,0,0,0,0,10,207,26,0,0,23,0,0,0,0
F60,mixed_endpoint_50045,0,0,0,0,0,1,105,0,109,188,125,0,0,0,2,0,2,0
L90,mixed_endpoint_50045,0,0,0,0,0,1,105,0,113,144,129,0,0,0,0,0,0,0
C15,mixed_endpoint_50045,0,0,0,0,0,7,150,0,124,181,140,0,0,0,0,0,0,6
C1,mixed_endpoint_50045,0,0,0,0,0,3,116,0,112,185,128,0,0,0,0,0,0,2
baseline,mixed_endpoint_50046,0,0,0,0,0,0,0,0,9,320,21,0,0,0,0,0,0,0
PC,mixed_endpoint_50045,13,0,0,12,0,10,167,0,139,127,155,0,0,13,0,0,0,9
S_all,mixed_endpoint_50046,14,0,0,13,0,0,0,0,7,324,19,0,0,0,0,0,0,0
M75,mixed_endpoint_50045,0,0,0,0,0,0,0,0,7,138,23,8,1,0,0,0,0,0
M50,mixed_endpoint_50045,0,0,0,0,0,1,105,0,109,188,125,7,0,0,0,0,0,0
L30,mixed_endpoint_50046,0,0,0,0,0,2,85,0,88,318,100,0,0,0,0,0,0,0
previous_best,mixed_endpoint_50046,13,6,2,11,0,0,0,0,4,276,16,0,0,0,0,0,0,0
P1,mixed_endpoint_50046,13,0,0,12,0,0,0,0,8,324,20,0,0,13,0,0,0,0
L90,mixed_endpoint_50046,0,0,0,0,0,2,90,0,93,317,105,0,0,0,0,0,0,0
LC,mixed_endpoint_50045,0,0,0,0,0,8,93,0,38,174,54,0,0,0,0,0,0,7
P2,mixed_endpoint_50046,13,0,0,12,0,0,0,0,7,324,19,0,0,13,0,0,0,0
LPC,mixed_endpoint_50045,20,0,0,18,0,8,149,0,118,213,134,0,0,20,0,0,0,7
F60,mixed_endpoint_50046,0,0,0,0,0,0,0,0,9,320,21,0,0,0,1,0,1,0
F120,mixed_endpoint_50046,0,0,0,0,0,0,0,0,9,320,21,0,0,0,14,7,7,0
C1,mixed_endpoint_50046,0,0,0,0,0,4,21,0,11,317,23,0,0,0,0,0,0,4
C15,mixed_endpoint_50046,0,0,0,0,0,10,78,0,38,312,50,0,0,0,0,0,0,10
PC,mixed_endpoint_50046,11,0,0,10,0,8,60,0,27,316,39,0,0,11,0,0,0,8
M75,mixed_endpoint_50046,0,0,0,0,0,0,0,0,2,375,14,4,2,0,0,0,0,0
M50,mixed_endpoint_50046,0,0,0,0,0,1,8,0,13,321,25,10,3,0,0,0,0,0
LPC,mixed_endpoint_50046,9,0,0,8,0,4,54,0,44,308,56,0,0,9,0,0,0,3
baseline,mixed_endpoint_50047,0,0,0,0,0,0,0,0,6,308,18,0,0,0,0,0,0,0
LC,mixed_endpoint_50046,0,0,0,0,0,5,101,0,86,313,98,0,0,0,0,0,0,3
S_all,mixed_endpoint_50047,14,0,0,14,0,0,0,0,3,314,15,0,0,0,0,0,0,0
previous_best,mixed_endpoint_50047,15,9,2,13,0,0,0,0,7,334,19,0,0,0,0,0,0,0
L30,mixed_endpoint_50047,0,0,0,0,0,1,45,0,48,311,60,0,0,0,0,0,0,0
P1,mixed_endpoint_50047,14,0,0,14,0,0,0,0,3,314,15,0,0,14,0,0,0,0
P2,mixed_endpoint_50047,14,0,0,14,0,0,0,0,3,314,15,0,0,14,0,0,0,0
L90,mixed_endpoint_50047,0,0,0,0,0,0,0,0,6,305,18,0,0,0,0,0,0,0
F120,mixed_endpoint_50047,0,0,0,0,0,0,0,0,6,316,18,0,0,0,13,8,5,0
F60,mixed_endpoint_50047,0,0,0,0,0,0,0,0,6,308,18,0,0,0,2,0,2,0
C15,mixed_endpoint_50047,0,0,0,0,0,8,60,0,10,299,22,0,0,0,0,0,0,8
C1,mixed_endpoint_50047,0,0,0,0,0,4,18,0,8,302,20,0,0,0,0,0,0,4
M50,mixed_endpoint_50047,0,0,0,0,0,0,0,0,3,300,15,6,3,0,0,0,0,0
PC,mixed_endpoint_50047,12,0,0,12,0,7,44,0,19,309,31,0,0,12,0,0,0,7
S_all,mixed_endpoint_50048,11,0,0,10,0,0,0,0,5,282,17,0,0,0,0,0,0,0
baseline,mixed_endpoint_50048,0,0,0,0,0,0,0,0,3,259,15,0,0,0,0,0,0,0
M75,mixed_endpoint_50047,0,0,0,0,0,0,0,0,7,320,19,9,2,0,0,0,0,0
LC,mixed_endpoint_50047,0,0,0,0,0,4,61,0,44,306,56,0,0,0,0,0,0,3
LPC,mixed_endpoint_50047,15,0,0,14,0,4,57,0,47,308,59,0,0,15,0,0,0,3
previous_best,mixed_endpoint_50048,11,8,1,10,0,0,0,0,7,289,19,0,0,0,0,0,0,0
L30,mixed_endpoint_50048,0,0,0,0,0,0,0,0,3,297,15,0,0,0,0,0,0,0
L90,mixed_endpoint_50048,0,0,0,0,0,0,0,0,7,330,19,0,0,0,0,0,0,0
P2,mixed_endpoint_50048,11,0,0,10,0,0,0,0,5,282,17,0,0,11,0,0,0,0
P1,mixed_endpoint_50048,15,0,0,15,0,0,0,0,5,293,17,0,0,15,0,0,0,0
F120,mixed_endpoint_50048,0,0,0,0,0,0,0,0,5,305,17,0,0,0,11,6,5,0
F60,mixed_endpoint_50048,0,0,0,0,0,0,0,0,3,259,15,0,0,0,3,1,2,0
C1,mixed_endpoint_50048,0,0,0,0,0,3,12,0,7,256,19,0,0,0,0,0,0,3
C15,mixed_endpoint_50048,0,0,0,0,0,5,24,0,11,255,23,0,0,0,0,0,0,5
M50,mixed_endpoint_50048,0,0,0,0,0,0,0,0,3,258,15,6,3,0,0,0,0,0
PC,mixed_endpoint_50048,10,0,0,10,0,7,48,0,18,280,30,0,0,10,0,0,0,7
M75,mixed_endpoint_50048,0,0,0,0,0,0,0,0,1,288,13,2,1,0,0,0,0,0
baseline,mixed_endpoint_50049,0,0,0,0,0,0,0,0,8,253,23,0,0,0,0,0,0,0
LPC,mixed_endpoint_50048,13,0,0,12,0,2,10,0,5,304,17,0,0,13,0,0,0,2
LC,mixed_endpoint_50048,0,0,0,0,0,4,34,0,11,294,23,0,0,0,0,0,0,4
S_all,mixed_endpoint_50049,31,0,0,30,0,0,0,0,8,267,23,0,0,0,0,0,0,0
L30,mixed_endpoint_50049,0,0,0,0,0,0,0,0,4,231,19,0,0,0,0,0,0,0
previous_best,mixed_endpoint_50049,19,12,3,16,0,0,0,0,9,297,24,0,0,0,0,0,0,0
L90,mixed_endpoint_50049,0,0,0,0,0,0,0,0,8,231,23,0,0,0,0,0,0,0
F60,mixed_endpoint_50049,0,0,0,0,0,0,0,0,8,253,23,0,0,0,5,0,5,0
P1,mixed_endpoint_50049,20,0,0,19,0,0,0,0,6,247,21,0,0,20,0,0,0,0
P2,mixed_endpoint_50049,27,0,0,26,0,0,0,0,9,264,24,0,0,27,0,0,0,0
F120,mixed_endpoint_50049,0,0,0,0,0,0,0,0,10,219,25,0,0,0,21,12,9,0
C15,mixed_endpoint_50049,0,0,0,0,0,9,56,0,29,245,44,0,0,0,0,0,0,9
C1,mixed_endpoint_50049,0,0,0,0,0,7,40,0,24,247,39,0,0,0,0,0,0,7
baseline,mixed_endpoint_50050,0,0,0,0,0,1,7,0,8,302,18,0,0,0,0,0,0,0
S_all,mixed_endpoint_50050,15,0,0,14,0,0,0,0,1,309,11,0,0,0,0,0,0,0
previous_best,mixed_endpoint_50050,10,5,2,8,0,0,0,0,3,302,13,0,0,0,0,0,0,0
LPC,mixed_endpoint_50049,15,0,0,12,0,6,46,0,12,200,27,0,0,15,0,0,0,6
M50,mixed_endpoint_50049,0,0,0,0,0,0,0,0,7,253,22,8,1,0,0,0,0,0
M75,mixed_endpoint_50049,0,0,0,0,0,0,0,0,7,253,22,9,2,0,0,0,0,0
P1,mixed_endpoint_50050,9,0,0,8,0,0,0,0,5,318,15,0,0,9,0,0,0,0
PC,mixed_endpoint_50049,20,0,0,19,0,8,46,0,16,241,31,0,0,20,0,0,0,8
L30,mixed_endpoint_50050,0,0,0,0,0,0,0,0,6,335,16,0,0,0,0,0,0,0
L90,mixed_endpoint_50050,0,0,0,0,0,0,0,0,5,341,15,0,0,0,0,0,0,0
LC,mixed_endpoint_50049,0,0,0,0,0,6,44,0,14,227,29,0,0,0,0,0,0,6
P2,mixed_endpoint_50050,15,0,0,14,0,0,0,0,1,310,11,0,0,15,0,0,0,0
F60,mixed_endpoint_50050,0,0,0,0,0,1,7,0,8,302,18,0,0,0,4,2,2,0
F120,mixed_endpoint_50050,0,0,0,0,0,0,0,0,2,295,12,0,0,0,8,6,2,0
C15,mixed_endpoint_50050,0,0,0,0,0,4,23,0,11,292,21,0,0,0,0,0,0,4
C1,mixed_endpoint_50050,0,0,0,0,0,3,19,0,15,293,25,0,0,0,0,0,0,3
PC,mixed_endpoint_50050,6,0,0,6,0,5,38,0,16,311,26,0,0,6,0,0,0,5
M75,mixed_endpoint_50050,0,0,0,0,0,0,0,0,2,297,12,3,1,0,0,0,0,0
M50,mixed_endpoint_50050,0,0,0,0,0,1,7,0,8,302,18,6,1,0,0,0,0,0
baseline,mixed_endpoint_50051,0,0,0,0,0,0,0,0,4,346,14,0,0,0,0,0,0,0
LC,mixed_endpoint_50050,0,0,0,0,0,7,48,0,13,328,23,0,0,0,0,0,0,7
L90,mixed_endpoint_50051,0,0,0,0,0,0,0,0,2,328,12,0,0,0,0,0,0,0
LPC,mixed_endpoint_50050,12,0,0,11,0,6,36,0,16,327,26,0,0,12,0,0,0,6
L30,mixed_endpoint_50051,0,0,0,0,0,1,52,0,16,357,26,0,0,0,0,0,0,0
previous_best,mixed_endpoint_50051,13,6,1,13,0,0,0,0,5,348,15,0,0,0,0,0,0,0
S_all,mixed_endpoint_50051,9,0,0,9,0,0,0,0,2,357,12,0,0,0,0,0,0,0
P1,mixed_endpoint_50051,9,0,0,9,0,0,0,0,2,357,12,0,0,9,0,0,0,0
F60,mixed_endpoint_50051,0,0,0,0,0,0,0,0,4,346,14,0,0,0,0,0,0,0
F120,mixed_endpoint_50051,0,0,0,0,0,0,0,0,4,346,14,0,0,0,16,11,5,0
P2,mixed_endpoint_50051,9,0,0,9,0,0,0,0,2,357,12,0,0,9,0,0,0,0
C1,mixed_endpoint_50051,0,0,0,0,0,0,0,0,4,346,14,0,0,0,0,0,0,0
C15,mixed_endpoint_50051,0,0,0,0,0,4,30,0,9,342,19,0,0,0,0,0,0,4
M50,mixed_endpoint_50051,0,0,0,0,0,0,0,0,2,316,12,4,2,0,0,0,0,0
M75,mixed_endpoint_50051,0,0,0,0,0,0,0,0,3,317,13,4,1,0,0,0,0,0
PC,mixed_endpoint_50051,8,0,0,8,0,2,14,0,3,354,13,0,0,8,0,0,0,2
LC,mixed_endpoint_50051,0,0,0,0,0,5,72,0,19,353,29,0,0,0,0,0,0,4
baseline,mixed_endpoint_50052,0,0,0,0,0,0,0,0,5,305,18,0,0,0,0,0,0,0
S_all,mixed_endpoint_50052,18,0,0,16,0,0,0,0,3,303,16,0,0,0,0,0,0,0
LPC,mixed_endpoint_50051,11,0,0,10,0,4,72,0,20,351,30,0,0,11,0,0,0,3
L30,mixed_endpoint_50052,0,0,0,0,0,0,0,0,4,299,17,0,0,0,0,0,0,0
previous_best,mixed_endpoint_50052,14,7,0,14,0,0,0,0,7,283,20,0,0,0,0,0,0,0
P2,mixed_endpoint_50052,18,0,0,16,0,0,0,0,3,303,16,0,0,18,0,0,0,0
L90,mixed_endpoint_50052,0,0,0,0,0,0,0,0,6,271,19,0,0,0,0,0,0,0
P1,mixed_endpoint_50052,14,0,0,11,0,0,0,0,4,296,17,0,0,14,0,0,0,0
F60,mixed_endpoint_50052,0,0,0,0,0,0,0,0,5,305,18,0,0,0,2,0,2,0
F120,mixed_endpoint_50052,0,0,0,0,0,1,4,0,8,306,21,0,0,0,14,11,3,0
C1,mixed_endpoint_50052,0,0,0,0,0,2,18,0,13,263,26,0,0,0,0,0,0,2
C15,mixed_endpoint_50052,0,0,0,0,0,3,26,0,16,262,29,0,0,0,0,0,0,3
M50,mixed_endpoint_50052,0,0,0,0,0,0,0,0,2,293,15,2,0,0,0,0,0,0
LC,mixed_endpoint_50052,0,0,0,0,0,3,25,0,13,295,26,0,0,0,0,0,0,3
baseline,mixed_endpoint_50053,0,0,0,0,0,0,0,0,7,318,20,0,0,0,0,0,0,0
M75,mixed_endpoint_50052,0,0,0,0,0,0,0,0,2,295,15,2,0,0,0,0,0,0
PC,mixed_endpoint_50052,12,0,0,9,0,5,38,0,4,289,17,0,0,12,0,0,0,5
previous_best,mixed_endpoint_50053,20,8,2,19,0,0,0,0,6,256,19,0,0,0,0,0,0,0
S_all,mixed_endpoint_50053,13,0,0,13,0,0,0,0,6,315,19,0,0,0,0,0,0,0
L30,mixed_endpoint_50053,0,0,0,0,0,0,0,0,6,259,19,0,0,0,0,0,0,0
L90,mixed_endpoint_50053,0,0,0,0,0,0,0,0,6,276,19,0,0,0,0,0,0,0
LPC,mixed_endpoint_50052,16,0,0,13,0,6,37,0,14,291,27,0,0,16,0,0,0,6
P1,mixed_endpoint_50053,13,0,0,13,0,0,0,0,5,315,18,0,0,13,0,0,0,0
P2,mixed_endpoint_50053,13,0,0,13,0,0,0,0,6,315,19,0,0,13,0,0,0,0
F120,mixed_endpoint_50053,0,0,0,0,0,0,0,0,7,318,20,0,0,0,14,7,7,0
F60,mixed_endpoint_50053,0,0,0,0,0,0,0,0,7,318,20,0,0,0,3,1,2,0
C1,mixed_endpoint_50053,0,0,0,0,0,3,12,0,10,314,23,0,0,0,0,0,0,3
C15,mixed_endpoint_50053,0,0,0,0,0,7,45,0,17,308,30,0,0,0,0,0,0,7
PC,mixed_endpoint_50053,11,0,0,10,0,6,48,0,18,311,31,0,0,11,0,0,0,6
LC,mixed_endpoint_50053,0,0,0,0,0,8,63,0,36,252,49,0,0,0,0,0,0,8
baseline,mixed_endpoint_50054,0,0,0,0,0,0,0,0,4,318,15,0,0,0,0,0,0,0
M50,mixed_endpoint_50053,0,0,0,0,0,0,0,0,7,318,20,9,2,0,0,0,0,0
L30,mixed_endpoint_50054,0,0,0,0,0,0,0,0,3,306,14,0,0,0,0,0,0,0
LPC,mixed_endpoint_50053,15,0,0,15,0,9,56,0,22,247,35,0,0,15,0,0,0,9
S_all,mixed_endpoint_50054,11,0,0,10,0,0,0,0,1,317,12,0,0,0,0,0,0,0
M75,mixed_endpoint_50053,0,0,0,0,0,0,0,0,6,320,19,8,2,0,0,0,0,0
L90,mixed_endpoint_50054,0,0,0,0,0,0,0,0,4,309,15,0,0,0,0,0,0,0
P1,mixed_endpoint_50054,12,0,0,11,0,0,0,0,2,318,13,0,0,12,0,0,0,0
P2,mixed_endpoint_50054,11,0,0,10,0,0,0,0,1,317,12,0,0,11,0,0,0,0
previous_best,mixed_endpoint_50054,9,6,1,8,0,0,0,0,5,325,16,0,0,0,0,0,0,0
F60,mixed_endpoint_50054,0,0,0,0,0,0,0,0,4,318,15,0,0,0,1,0,1,0
F120,mixed_endpoint_50054,0,0,0,0,0,0,0,0,5,319,16,0,0,0,12,7,5,0
C1,mixed_endpoint_50054,0,0,0,0,0,1,4,0,4,317,15,0,0,0,0,0,0,1
C15,mixed_endpoint_50054,0,0,0,0,0,4,31,0,11,314,22,0,0,0,0,0,0,4
LC,mixed_endpoint_50054,0,0,0,0,0,3,16,0,12,305,23,0,0,0,0,0,0,3
M50,mixed_endpoint_50054,0,0,0,0,0,0,0,0,5,317,16,5,0,0,0,0,0,0
M75,mixed_endpoint_50054,0,0,0,0,0,0,0,0,1,311,12,1,0,0,0,0,0,0
LPC,mixed_endpoint_50054,8,0,0,7,0,4,23,0,15,305,26,0,0,8,0,0,0,4
PC,mixed_endpoint_50054,11,0,0,10,0,2,16,0,7,316,18,0,0,11,0,0,0,2
baseline,mixed_endpoint_50055,0,0,0,0,0,0,0,0,8,236,22,0,0,0,0,0,0,0
S_all,mixed_endpoint_50055,19,0,0,18,0,0,0,0,4,241,18,0,0,0,0,0,0,0
previous_best,mixed_endpoint_50055,18,10,4,15,0,0,0,0,6,284,20,0,0,0,0,0,0,0
P2,mixed_endpoint_50055,18,0,0,17,0,0,0,0,5,241,19,0,0,18,0,0,0,0
P1,mixed_endpoint_50055,18,0,0,17,0,0,0,0,6,242,20,0,0,18,0,0,0,0
F120,mixed_endpoint_50055,0,0,0,0,0,0,0,0,8,236,22,0,0,0,13,5,8,0
F60,mixed_endpoint_50055,0,0,0,0,0,0,0,0,8,236,22,0,0,0,6,1,5,0
C1,mixed_endpoint_50055,0,0,0,0,0,6,31,0,12,229,26,0,0,0,0,0,0,6
L90,mixed_endpoint_50055,0,0,0,0,0,0,0,0,9,235,23,0,0,0,0,0,0,0
C15,mixed_endpoint_50055,0,0,0,0,0,10,64,0,25,227,39,0,0,0,0,0,0,10
L30,mixed_endpoint_50055,0,0,0,0,0,0,0,0,7,242,21,0,0,0,0,0,0,0
baseline,mixed_endpoint_50056,0,0,0,0,0,0,0,0,5,281,17,0,0,0,0,0,0,0
PC,mixed_endpoint_50055,16,0,0,14,0,6,45,0,27,236,41,0,0,16,0,0,0,6
S_all,mixed_endpoint_50056,17,0,0,16,0,0,0,0,1,305,13,0,0,0,0,0,0,0
M50,mixed_endpoint_50055,0,0,0,0,0,0,0,0,7,236,21,10,3,0,0,0,0,0
previous_best,mixed_endpoint_50056,14,9,5,14,0,0,0,0,4,296,16,0,0,0,0,0,0,0
L90,mixed_endpoint_50056,0,0,0,0,0,0,0,0,3,293,15,0,0,0,0,0,0,0
L30,mixed_endpoint_50056,0,0,0,0,0,0,0,0,2,328,14,0,0,0,0,0,0,0
P1,mixed_endpoint_50056,14,0,0,13,0,0,0,0,4,276,16,0,0,14,0,0,0,0
LC,mixed_endpoint_50055,0,0,0,0,0,8,51,0,11,235,25,0,0,0,0,0,0,8
M75,mixed_endpoint_50055,0,0,0,0,0,0,0,0,8,238,22,11,3,0,0,0,0,0
LPC,mixed_endpoint_50055,11,0,0,9,0,10,93,0,32,244,46,0,0,11,0,0,0,9
F60,mixed_endpoint_50056,0,0,0,0,0,0,0,0,5,281,17,0,0,0,3,0,3,0
P2,mixed_endpoint_50056,13,0,0,12,0,0,0,0,3,274,15,0,0,13,0,0,0,0
F120,mixed_endpoint_50056,0,0,0,0,0,0,0,0,5,281,17,0,0,0,14,8,6,0
C15,mixed_endpoint_50056,0,0,0,0,0,5,39,0,10,273,22,0,0,0,0,0,0,5
C1,mixed_endpoint_50056,0,0,0,0,0,0,0,0,5,281,17,0,0,0,0,0,0,0
M50,mixed_endpoint_50056,0,0,0,0,0,0,0,0,6,282,18,7,1,0,0,0,0,0
M75,mixed_endpoint_50056,0,0,0,0,0,0,0,0,4,280,16,5,1,0,0,0,0,0
baseline,mixed_endpoint_50057,0,0,0,0,0,0,0,0,5,306,15,0,0,0,0,0,0,0
PC,mixed_endpoint_50056,13,0,0,12,0,6,35,0,10,272,22,0,0,13,0,0,0,6
LC,mixed_endpoint_50056,0,0,0,0,0,3,18,0,0,326,12,0,0,0,0,0,0,3
previous_best,mixed_endpoint_50057,9,5,1,7,0,0,0,0,4,346,14,0,0,0,0,0,0,0
S_all,mixed_endpoint_50057,16,0,0,11,0,0,0,0,4,312,14,0,0,0,0,0,0,0
L30,mixed_endpoint_50057,0,0,0,0,0,0,0,0,6,357,16,0,0,0,0,0,0,0
LPC,mixed_endpoint_50056,15,0,0,14,0,4,22,0,4,347,16,0,0,15,0,0,0,4
L90,mixed_endpoint_50057,0,0,0,0,0,0,0,0,6,361,16,0,0,0,0,0,0,0
C15,mixed_endpoint_50057,0,0,0,0,0,6,32,0,2,295,12,0,0,0,0,0,0,6
F60,mixed_endpoint_50057,0,0,0,0,0,0,0,0,5,306,15,0,0,0,5,0,5,0
P1,mixed_endpoint_50057,16,0,0,11,0,0,0,0,4,313,14,0,0,16,0,0,0,0
F120,mixed_endpoint_50057,0,0,0,0,0,0,0,0,4,317,14,0,0,0,8,6,2,0
C1,mixed_endpoint_50057,0,0,0,0,0,4,16,0,7,300,17,0,0,0,0,0,0,4
P2,mixed_endpoint_50057,15,0,0,11,0,0,0,0,4,311,14,0,0,15,0,0,0,0
M50,mixed_endpoint_50057,0,0,0,0,0,0,0,0,2,304,12,4,2,0,0,0,0,0
M75,mixed_endpoint_50057,0,0,0,0,0,0,0,0,4,305,14,5,1,0,0,0,0,0
LC,mixed_endpoint_50057,0,0,0,0,0,5,26,0,8,348,18,0,0,0,0,0,0,5
PC,mixed_endpoint_50057,11,0,0,8,0,4,31,0,12,309,22,0,0,11,0,0,0,4
LPC,mixed_endpoint_50057,9,0,0,8,0,8,40,0,8,322,18,0,0,9,0,0,0,8
S_all,mixed_endpoint_50058,16,0,0,13,0,0,0,0,7,310,19,0,0,0,0,0,0,0
L90,mixed_endpoint_50058,0,0,0,0,0,0,0,0,2,266,14,0,0,0,0,0,0,0
P1,mixed_endpoint_50058,11,0,0,8,0,0,0,0,5,306,17,0,0,11,0,0,0,0
baseline,mixed_endpoint_50058,0,0,0,0,0,0,0,0,6,266,18,0,0,0,0,0,0,0
previous_best,mixed_endpoint_50058,9,8,1,9,0,0,0,0,7,301,19,0,0,0,0,0,0,0
P2,mixed_endpoint_50058,16,0,0,13,0,0,0,0,7,310,19,0,0,16,0,0,0,0
F60,mixed_endpoint_50058,0,0,0,0,0,0,0,0,6,266,18,0,0,0,2,1,1,0
L30,mixed_endpoint_50058,0,0,0,0,0,0,0,0,2,271,14,0,0,0,0,0,0,0
F120,mixed_endpoint_50058,0,0,0,0,0,0,0,0,6,266,18,0,0,0,12,8,4,0
C1,mixed_endpoint_50058,0,0,0,0,0,4,24,0,9,262,21,0,0,0,0,0,0,4
C15,mixed_endpoint_50058,0,0,0,0,0,5,32,0,17,257,29,0,0,0,0,0,0,5
PC,mixed_endpoint_50058,11,0,0,8,0,3,12,0,3,302,15,0,0,11,0,0,0,3
S_all,mixed_endpoint_50059,6,0,0,5,0,0,0,0,6,303,17,0,0,0,0,0,0,0
baseline,mixed_endpoint_50059,0,0,0,0,0,0,0,0,6,299,17,0,0,0,0,0,0,0
M75,mixed_endpoint_50058,0,0,0,0,0,0,0,0,1,261,13,1,0,0,0,0,0,0
M50,mixed_endpoint_50058,0,0,0,0,0,0,0,0,6,266,18,6,0,0,0,0,0,0
previous_best,mixed_endpoint_50059,16,10,2,15,0,0,0,0,8,317,19,0,0,0,0,0,0,0
LPC,mixed_endpoint_50058,16,0,0,14,0,4,23,0,4,259,16,0,0,16,0,0,0,4
LC,mixed_endpoint_50058,0,0,0,0,0,4,30,0,6,269,18,0,0,0,0,0,0,4
L30,mixed_endpoint_50059,0,0,0,0,0,0,0,0,5,331,16,0,0,0,0,0,0,0
F60,mixed_endpoint_50059,0,0,0,0,0,0,0,0,6,299,17,0,0,0,4,2,2,0
L90,mixed_endpoint_50059,0,0,0,0,0,0,0,0,5,343,16,0,0,0,0,0,0,0
F120,mixed_endpoint_50059,0,0,0,0,0,0,0,0,6,299,17,0,0,0,10,5,5,0
P1,mixed_endpoint_50059,8,0,0,8,0,0,0,0,6,308,17,0,0,8,0,0,0,0
P2,mixed_endpoint_50059,6,0,0,5,0,0,0,0,6,303,17,0,0,6,0,0,0,0
C1,mixed_endpoint_50059,0,0,0,0,0,4,16,0,8,292,19,0,0,0,0,0,0,4
C15,mixed_endpoint_50059,0,0,0,0,0,5,30,0,13,290,24,0,0,0,0,0,0,5
PC,mixed_endpoint_50059,9,0,0,8,0,4,26,0,5,293,16,0,0,9,0,0,0,4
M50,mixed_endpoint_50059,0,0,0,0,0,0,0,0,6,292,17,6,0,0,0,0,0,0
LC,mixed_endpoint_50059,0,0,0,0,0,5,37,0,17,327,28,0,0,0,0,0,0,5
LPC,mixed_endpoint_50059,11,0,0,10,0,4,16,0,5,299,16,0,0,11,0,0,0,4
baseline,mixed_endpoint_50060,0,0,0,0,0,0,0,0,7,295,18,0,0,0,0,0,0,0
S_all,mixed_endpoint_50060,19,0,0,17,0,0,0,0,4,292,15,0,0,0,0,0,0,0
M75,mixed_endpoint_50059,0,0,0,0,0,0,0,0,7,295,18,7,0,0,0,0,0,0
previous_best,mixed_endpoint_50060,18,8,3,12,0,0,0,0,5,280,16,0,0,0,0,0,0,0
P1,mixed_endpoint_50060,15,0,0,13,0,0,0,0,6,295,17,0,0,15,0,0,0,0
L30,mixed_endpoint_50060,0,0,0,0,0,0,0,0,6,286,17,0,0,0,0,0,0,0
L90,mixed_endpoint_50060,0,0,0,0,0,0,0,0,8,291,19,0,0,0,0,0,0,0
P2,mixed_endpoint_50060,21,0,0,18,0,0,0,0,5,293,16,0,0,21,0,0,0,0
F120,mixed_endpoint_50060,0,0,0,0,0,0,0,0,7,293,18,0,0,0,15,9,6,0
C15,mixed_endpoint_50060,0,0,0,0,0,7,49,0,15,287,26,0,0,0,0,0,0,7
F60,mixed_endpoint_50060,0,0,0,0,0,0,0,0,7,295,18,0,0,0,2,0,2,0
C1,mixed_endpoint_50060,0,0,0,0,0,2,10,0,9,291,20,0,0,0,0,0,0,2
M50,mixed_endpoint_50060,0,0,0,0,0,0,0,0,8,297,19,8,0,0,0,0,0,0
PC,mixed_endpoint_50060,15,0,0,13,0,6,35,0,8,286,19,0,0,15,0,0,0,6
S_all,mixed_endpoint_50061,10,0,0,9,0,0,0,0,5,307,17,0,0,0,0,0,0,0
previous_best,mixed_endpoint_50061,15,7,0,11,0,0,0,0,7,336,19,0,0,0,0,0,0,0
baseline,mixed_endpoint_50061,0,0,0,0,0,1,106,0,109,323,121,0,0,0,0,0,0,0
LC,mixed_endpoint_50060,0,0,0,0,0,7,47,0,10,278,21,0,0,0,0,0,0,7
LPC,mixed_endpoint_50060,12,0,0,11,0,6,31,0,5,275,16,0,0,12,0,0,0,6
M75,mixed_endpoint_50060,0,0,0,0,0,0,0,0,5,326,16,8,3,0,0,0,0,0
L90,mixed_endpoint_50061,0,0,0,0,0,2,148,0,143,321,155,0,0,0,0,0,0,0
L30,mixed_endpoint_50061,0,0,0,0,0,2,148,0,116,320,128,0,0,0,0,0,0,0
P1,mixed_endpoint_50061,10,0,0,9,0,0,0,0,5,307,17,0,0,10,0,0,0,0
P2,mixed_endpoint_50061,10,0,0,9,0,0,0,0,5,307,17,0,0,10,0,0,0,0
F60,mixed_endpoint_50061,0,0,0,0,0,1,106,0,109,323,121,0,0,0,1,0,1,0
C1,mixed_endpoint_50061,0,0,0,0,0,4,118,0,111,321,123,0,0,0,0,0,0,3
C15,mixed_endpoint_50061,0,0,0,0,0,8,152,0,119,315,131,0,0,0,0,0,0,7
F120,mixed_endpoint_50061,0,0,0,0,0,1,106,0,107,322,119,0,0,0,14,10,4,0
PC,mixed_endpoint_50061,8,0,0,7,0,5,33,0,6,301,18,0,0,8,0,0,0,5
M50,mixed_endpoint_50061,0,0,0,0,0,1,106,0,108,323,120,6,1,0,0,0,0,0
LC,mixed_endpoint_50061,0,0,0,0,0,6,68,0,12,315,24,0,0,0,0,0,0,5
baseline,mixed_endpoint_50062,0,0,0,0,0,0,0,0,5,287,20,0,0,0,0,0,0,0
M75,mixed_endpoint_50061,0,0,0,0,0,1,106,0,107,323,119,5,1,0,0,0,0,0
S_all,mixed_endpoint_50062,17,0,0,16,0,0,0,0,6,320,21,0,0,0,0,0,0,0
previous_best,mixed_endpoint_50062,15,10,3,13,0,0,0,0,7,292,22,0,0,0,0,0,0,0
P1,mixed_endpoint_50062,16,0,0,15,0,0,0,0,6,319,21,0,0,16,0,0,0,0
LPC,mixed_endpoint_50061,15,0,0,12,0,3,118,0,106,313,118,0,0,15,0,0,0,2
P2,mixed_endpoint_50062,17,0,0,16,0,0,0,0,6,320,21,0,0,17,0,0,0,0
L90,mixed_endpoint_50062,0,0,0,0,0,0,0,0,7,303,22,0,0,0,0,0,0,0
F120,mixed_endpoint_50062,0,0,0,0,0,0,0,0,5,287,20,0,0,0,12,7,5,0
F60,mixed_endpoint_50062,0,0,0,0,0,0,0,0,5,287,20,0,0,0,0,0,0,0
L30,mixed_endpoint_50062,0,0,0,0,0,0,0,0,5,292,20,0,0,0,0,0,0,0
C1,mixed_endpoint_50062,0,0,0,0,0,2,11,0,8,284,23,0,0,0,0,0,0,2
C15,mixed_endpoint_50062,0,0,0,0,0,4,27,0,15,281,30,0,0,0,0,0,0,4
M50,mixed_endpoint_50062,0,0,0,0,0,0,0,0,5,288,20,5,0,0,0,0,0,0
PC,mixed_endpoint_50062,16,0,0,14,0,6,53,0,30,313,45,0,0,16,0,0,0,6
LPC,mixed_endpoint_50062,15,0,0,13,0,7,47,0,27,295,42,0,0,15,0,0,0,7
M75,mixed_endpoint_50062,0,0,0,0,0,0,0,0,4,295,19,4,0,0,0,0,0,0
baseline,mixed_endpoint_50063,0,0,0,0,0,1,6,0,10,273,24,0,0,0,0,0,0,0
S_all,mixed_endpoint_50063,14,0,0,11,0,1,7,0,9,280,23,0,0,0,0,0,0,0
L30,mixed_endpoint_50063,0,0,0,0,0,1,27,0,14,312,28,0,0,0,0,0,0,0
LC,mixed_endpoint_50062,0,0,0,0,0,5,43,0,28,287,43,0,0,0,0,0,0,5
previous_best,mixed_endpoint_50063,17,7,2,14,0,0,0,0,5,311,19,0,0,0,0,0,0,0
L90,mixed_endpoint_50063,0,0,0,0,0,0,0,0,6,278,20,0,0,0,0,0,0,0
P1,mixed_endpoint_50063,14,0,0,11,0,1,7,0,9,280,23,0,0,14,0,0,0,0
P2,mixed_endpoint_50063,14,0,0,11,0,1,7,0,9,280,23,0,0,14,0,0,0,0
F60,mixed_endpoint_50063,0,0,0,0,0,1,6,0,10,273,24,0,0,0,5,4,1,0
C15,mixed_endpoint_50063,0,0,0,0,0,6,47,0,19,262,33,0,0,0,0,0,0,6
F120,mixed_endpoint_50063,0,0,0,0,0,1,6,0,10,278,24,0,0,0,15,10,5,0
C1,mixed_endpoint_50063,0,0,0,0,0,3,18,0,16,271,30,0,0,0,0,0,0,2
PC,mixed_endpoint_50063,13,0,0,11,0,6,49,0,16,268,30,0,0,13,0,0,0,6
M50,mixed_endpoint_50063,0,0,0,0,0,0,0,0,5,267,19,6,1,0,0,0,0,0
M75,mixed_endpoint_50063,0,0,0,0,0,0,0,0,3,297,17,4,1,0,0,0,0,0
baseline,mixed_endpoint_50064,0,0,0,0,0,0,0,0,9,251,25,0,0,0,0,0,0,0
S_all,mixed_endpoint_50064,20,0,0,19,0,0,0,0,8,208,24,0,0,0,0,0,0,0
LC,mixed_endpoint_50063,0,0,0,0,0,4,51,0,19,309,33,0,0,0,0,0,0,3
P2,mixed_endpoint_50064,22,0,0,21,0,0,0,0,4,228,20,0,0,22,0,0,0,0
previous_best,mixed_endpoint_50064,18,9,2,16,0,0,0,0,7,164,23,0,0,0,0,0,0,0
LPC,mixed_endpoint_50063,12,0,0,11,0,7,63,0,21,306,35,0,0,12,0,0,0,6
P1,mixed_endpoint_50064,17,0,0,17,0,0,0,0,2,184,18,0,0,17,0,0,0,0
L30,mixed_endpoint_50064,0,0,0,0,0,0,0,0,6,165,22,0,0,0,0,0,0,0
L90,mixed_endpoint_50064,0,0,0,0,0,0,0,0,5,159,21,0,0,0,0,0,0,0
F60,mixed_endpoint_50064,0,0,0,0,0,0,0,0,9,251,25,0,0,0,4,0,4,0
F120,mixed_endpoint_50064,0,0,0,0,0,0,0,0,9,252,25,0,0,0,15,7,8,0
baseline,mixed_endpoint_50065,0,0,0,0,0,0,0,0,5,356,15,0,0,0,0,0,0,0
C1,mixed_endpoint_50064,0,0,0,0,0,3,12,0,10,248,26,0,0,0,0,0,0,3
C15,mixed_endpoint_50064,0,0,0,0,0,9,62,0,33,240,49,0,0,0,0,0,0,9
previous_best,mixed_endpoint_50065,13,3,2,11,0,0,0,0,1,374,11,0,0,0,0,0,0,0
S_all,mixed_endpoint_50065,13,0,0,13,0,0,0,0,3,384,13,0,0,0,0,0,0,0
PC,mixed_endpoint_50064,16,0,0,16,0,3,16,0,0,181,16,0,0,16,0,0,0,3
L90,mixed_endpoint_50065,0,0,0,0,0,0,0,0,3,377,13,0,0,0,0,0,0,0
L30,mixed_endpoint_50065,0,0,0,0,0,0,0,0,3,381,13,0,0,0,0,0,0,0
M75,mixed_endpoint_50064,0,0,0,0,0,0,0,0,1,234,17,2,1,0,0,0,0,0
P1,mixed_endpoint_50065,15,0,0,13,0,0,0,0,3,387,13,0,0,15,0,0,0,0
M50,mixed_endpoint_50064,0,0,0,0,0,0,0,0,4,296,20,4,0,0,0,0,0,0
P2,mixed_endpoint_50065,13,0,0,13,0,0,0,0,3,384,13,0,0,13,0,0,0,0
LC,mixed_endpoint_50064,0,0,0,0,0,6,42,0,14,158,30,0,0,0,0,0,0,6
LPC,mixed_endpoint_50064,21,0,0,18,0,8,56,0,18,223,34,0,0,21,0,0,0,8
F120,mixed_endpoint_50065,0,0,0,0,0,0,0,0,5,355,15,0,0,0,14,8,6,0
F60,mixed_endpoint_50065,0,0,0,0,0,0,0,0,5,356,15,0,0,0,1,0,1,0
C1,mixed_endpoint_50065,0,0,0,0,0,3,19,0,8,350,18,0,0,0,0,0,0,3
C15,mixed_endpoint_50065,0,0,0,0,0,5,37,0,24,348,34,0,0,0,0,0,0,5
LC,mixed_endpoint_50065,0,0,0,0,0,5,36,0,17,377,27,0,0,0,0,0,0,5
M75,mixed_endpoint_50065,0,0,0,0,0,0,0,0,2,353,12,2,0,0,0,0,0,0
M50,mixed_endpoint_50065,0,0,0,0,0,0,0,0,5,356,15,5,0,0,0,0,0,0
PC,mixed_endpoint_50065,10,0,0,10,0,6,46,0,15,381,25,0,0,10,0,0,0,6
LPC,mixed_endpoint_50065,10,0,0,8,0,4,34,0,14,375,24,0,0,10,0,0,0,4
S_all,mixed_endpoint_50066,21,0,0,21,0,0,0,0,8,274,21,0,0,0,0,0,0,0
baseline,mixed_endpoint_50066,0,0,0,0,0,0,0,0,8,325,21,0,0,0,0,0,0,0
L30,mixed_endpoint_50066,0,0,0,0,0,0,0,0,1,289,14,0,0,0,0,0,0,0
L90,mixed_endpoint_50066,0,0,0,0,0,0,0,0,4,288,17,0,0,0,0,0,0,0
previous_best,mixed_endpoint_50066,12,10,3,12,0,0,0,0,7,278,20,0,0,0,0,0,0,0
P1,mixed_endpoint_50066,16,0,0,15,0,0,0,0,5,270,18,0,0,16,0,0,0,0
P2,mixed_endpoint_50066,18,0,0,17,0,0,0,0,4,269,17,0,0,18,0,0,0,0
F60,mixed_endpoint_50066,0,0,0,0,0,0,0,0,8,325,21,0,0,0,4,3,1,0
F120,mixed_endpoint_50066,0,0,0,0,0,0,0,0,6,320,19,0,0,0,12,8,4,0
C1,mixed_endpoint_50066,0,0,0,0,0,2,8,0,8,321,21,0,0,0,0,0,0,2
C15,mixed_endpoint_50066,0,0,0,0,0,6,49,0,22,311,35,0,0,0,0,0,0,6
PC,mixed_endpoint_50066,13,0,0,13,0,4,30,0,17,312,30,0,0,13,0,0,0,4
M50,mixed_endpoint_50066,0,0,0,0,0,0,0,0,4,320,17,5,1,0,0,0,0,0
LC,mixed_endpoint_50066,0,0,0,0,0,3,16,0,1,288,14,0,0,0,0,0,0,3
M75,mixed_endpoint_50066,0,0,0,0,0,0,0,0,0,318,13,1,1,0,0,0,0,0
baseline,mixed_endpoint_50067,0,0,0,0,0,0,0,0,5,334,15,0,0,0,0,0,0,0
S_all,mixed_endpoint_50067,12,0,0,6,0,0,0,0,3,329,13,0,0,0,0,0,0,0
previous_best,mixed_endpoint_50067,16,8,1,12,0,0,0,0,7,331,17,0,0,0,0,0,0,0
P1,mixed_endpoint_50067,12,0,0,6,0,0,0,0,2,328,12,0,0,12,0,0,0,0
L90,mixed_endpoint_50067,0,0,0,0,0,0,0,0,3,322,13,0,0,0,0,0,0,0
P2,mixed_endpoint_50067,12,0,0,6,0,0,0,0,3,329,13,0,0,12,0,0,0,0
LPC,mixed_endpoint_50066,14,0,0,12,0,4,20,0,3,245,16,0,0,14,0,0,0,4
F120,mixed_endpoint_50067,0,0,0,0,0,0,0,0,5,334,15,0,0,0,11,6,5,0
F60,mixed_endpoint_50067,0,0,0,0,0,0,0,0,5,334,15,0,0,0,1,0,1,0
L30,mixed_endpoint_50067,0,0,0,0,0,0,0,0,8,324,18,0,0,0,0,0,0,0
C15,mixed_endpoint_50067,0,0,0,0,0,6,45,0,25,329,35,0,0,0,0,0,0,6
C1,mixed_endpoint_50067,0,0,0,0,0,2,11,0,12,332,22,0,0,0,0,0,0,2
PC,mixed_endpoint_50067,11,0,0,6,0,5,39,0,14,326,24,0,0,11,0,0,0,5
M50,mixed_endpoint_50067,0,0,0,0,0,0,0,0,5,334,15,6,1,0,0,0,0,0
M75,mixed_endpoint_50067,0,0,0,0,0,0,0,0,3,336,13,4,1,0,0,0,0,0
baseline,mixed_endpoint_50068,0,0,0,0,0,0,0,0,7,259,21,0,0,0,0,0,0,0
LC,mixed_endpoint_50067,0,0,0,0,0,6,36,0,19,317,29,0,0,0,0,0,0,6
S_all,mixed_endpoint_50068,12,0,0,11,0,0,0,0,9,246,23,0,0,0,0,0,0,0
L30,mixed_endpoint_50068,0,0,0,0,0,0,0,0,2,232,16,0,0,0,0,0,0,0
LPC,mixed_endpoint_50067,11,0,0,10,0,6,43,0,12,319,22,0,0,11,0,0,0,6
L90,mixed_endpoint_50068,0,0,0,0,0,0,0,0,3,240,17,0,0,0,0,0,0,0
previous_best,mixed_endpoint_50068,15,8,4,15,0,2,144,0,128,255,142,0,0,0,0,0,0,0
P1,mixed_endpoint_50068,15,0,0,13,0,1,108,0,104,246,118,0,0,15,0,0,0,0
P2,mixed_endpoint_50068,14,0,0,12,0,0,0,0,9,248,23,0,0,14,0,0,0,0
F60,mixed_endpoint_50068,0,0,0,0,0,0,0,0,7,259,21,0,0,0,2,0,2,0
F120,mixed_endpoint_50068,0,0,0,0,0,0,0,0,7,259,21,0,0,0,12,5,7,0
C15,mixed_endpoint_50068,0,0,0,0,0,7,49,0,14,252,28,0,0,0,0,0,0,7
C1,mixed_endpoint_50068,0,0,0,0,0,4,23,0,14,255,28,0,0,0,0,0,0,4
previous_best,mixed_endpoint_50069,15,13,9,13,0,0,0,0,4,209,20,0,0,0,0,0,0,0
S_all,mixed_endpoint_50069,17,0,0,14,0,0,0,0,6,236,22,0,0,0,0,0,0,0
M75,mixed_endpoint_50068,0,0,0,0,0,1,108,0,101,239,115,4,1,0,0,0,0,0
PC,mixed_endpoint_50068,14,0,0,13,0,7,153,0,112,236,126,0,0,14,0,0,0,6
M50,mixed_endpoint_50068,0,0,0,0,0,0,0,0,7,259,21,7,0,0,0,0,0,0
baseline,mixed_endpoint_50069,0,0,0,0,0,0,0,0,6,223,22,0,0,0,0,0,0,0
LC,mixed_endpoint_50068,0,0,0,0,0,7,70,0,36,243,50,0,0,0,0,0,0,6
LPC,mixed_endpoint_50068,13,0,0,13,0,6,166,0,133,253,147,0,0,13,0,0,0,4
L90,mixed_endpoint_50069,0,0,0,0,0,0,0,0,5,205,21,0,0,0,0,0,0,0
P1,mixed_endpoint_50069,19,0,0,16,0,0,0,0,11,201,27,0,0,19,0,0,0,0
P2,mixed_endpoint_50069,22,0,0,18,0,0,0,0,3,208,19,0,0,22,0,0,0,0
L30,mixed_endpoint_50069,0,0,0,0,0,0,0,0,7,213,23,0,0,0,0,0,0,0
F120,mixed_endpoint_50069,0,0,0,0,0,0,0,0,5,203,21,0,0,0,14,8,6,0
F60,mixed_endpoint_50069,0,0,0,0,0,0,0,0,6,223,22,0,0,0,0,0,0,0
C15,mixed_endpoint_50069,0,0,0,0,0,6,51,0,16,217,32,0,0,0,0,0,0,6
C1,mixed_endpoint_50069,0,0,0,0,0,2,14,0,6,220,22,0,0,0,0,0,0,2
PC,mixed_endpoint_50069,19,0,0,15,0,9,53,0,23,189,39,0,0,19,0,0,0,9
M50,mixed_endpoint_50069,0,0,0,0,0,0,0,0,4,222,20,7,3,0,0,0,0,0
baseline,mixed_endpoint_50070,0,0,0,0,0,0,0,0,4,227,20,0,0,0,0,0,0,0
S_all,mixed_endpoint_50070,17,0,0,15,0,1,4,0,6,212,22,0,0,0,0,0,0,0
LPC,mixed_endpoint_50069,16,0,0,12,0,10,65,0,20,199,36,0,0,16,0,0,0,10
M75,mixed_endpoint_50069,0,0,0,0,0,0,0,0,6,224,22,6,0,0,0,0,0,0
previous_best,mixed_endpoint_50070,20,6,3,16,0,0,0,0,3,162,19,0,0,0,0,0,0,0
LC,mixed_endpoint_50069,0,0,0,0,0,12,70,0,31,206,47,0,0,0,0,0,0,12
L30,mixed_endpoint_50070,0,0,0,0,0,0,0,0,4,221,20,0,0,0,0,0,0,0
L90,mixed_endpoint_50070,0,0,0,0,0,0,0,0,7,153,23,0,0,0,0,0,0,0
P1,mixed_endpoint_50070,17,0,0,15,0,1,4,0,7,213,23,0,0,17,0,0,0,0
P2,mixed_endpoint_50070,17,0,0,15,0,1,4,0,6,212,22,0,0,17,0,0,0,0
F120,mixed_endpoint_50070,0,0,0,0,0,0,0,0,5,224,21,0,0,0,12,6,6,0
F60,mixed_endpoint_50070,0,0,0,0,0,0,0,0,4,227,20,0,0,0,0,0,0,0
baseline,mixed_endpoint_50071,0,0,0,0,0,0,0,0,6,324,17,0,0,0,0,0,0,0
C15,mixed_endpoint_50070,0,0,0,0,0,8,52,0,11,223,27,0,0,0,0,0,0,8
C1,mixed_endpoint_50070,0,0,0,0,0,0,0,0,4,227,20,0,0,0,0,0,0,0
PC,mixed_endpoint_50070,14,0,0,12,0,8,44,0,11,193,27,0,0,14,0,0,0,8
S_all,mixed_endpoint_50071,9,0,0,9,0,0,0,0,6,290,17,0,0,0,0,0,0,0
previous_best,mixed_endpoint_50071,10,7,1,10,0,0,0,0,6,277,17,0,0,0,0,0,0,0
M75,mixed_endpoint_50070,0,0,0,0,0,0,0,0,1,228,17,6,5,0,0,0,0,0
M50,mixed_endpoint_50070,0,0,0,0,0,0,0,0,4,228,20,9,5,0,0,0,0,0
LPC,mixed_endpoint_50070,14,0,0,13,0,10,99,0,35,137,51,0,0,14,0,0,0,9
P1,mixed_endpoint_50071,10,0,0,10,0,0,0,0,6,292,17,0,0,10,0,0,0,0
LC,mixed_endpoint_50070,0,0,0,0,0,5,28,0,7,218,23,0,0,0,0,0,0,5
L90,mixed_endpoint_50071,0,0,0,0,0,0,0,0,9,309,20,0,0,0,0,0,0,0
P2,mixed_endpoint_50071,9,0,0,9,0,0,0,0,6,290,17,0,0,9,0,0,0,0
F60,mixed_endpoint_50071,0,0,0,0,0,0,0,0,6,324,17,0,0,0,3,3,0,0
F120,mixed_endpoint_50071,0,0,0,0,0,0,0,0,6,323,17,0,0,0,12,7,5,0
L30,mixed_endpoint_50071,0,0,0,0,0,0,0,0,7,325,18,0,0,0,0,0,0,0
C15,mixed_endpoint_50071,0,0,0,0,0,4,24,0,11,316,22,0,0,0,0,0,0,4
C1,mixed_endpoint_50071,0,0,0,0,0,2,8,0,7,318,18,0,0,0,0,0,0,2
M50,mixed_endpoint_50071,0,0,0,0,0,0,0,0,4,319,15,7,3,0,0,0,0,0
PC,mixed_endpoint_50071,8,0,0,8,0,5,40,0,18,279,29,0,0,8,0,0,0,5
M75,mixed_endpoint_50071,0,0,0,0,0,0,0,0,5,325,16,6,1,0,0,0,0,0
baseline,mixed_endpoint_50072,0,0,0,0,0,0,0,0,6,229,20,0,0,0,0,0,0,0
S_all,mixed_endpoint_50072,16,0,0,14,0,0,0,0,5,287,19,0,0,0,0,0,0,0
P1,mixed_endpoint_50072,13,0,0,13,0,0,0,0,5,287,19,0,0,13,0,0,0,0
LPC,mixed_endpoint_50071,7,0,0,7,0,4,26,0,14,315,25,0,0,7,0,0,0,4
previous_best,mixed_endpoint_50072,16,10,3,14,0,0,0,0,7,239,21,0,0,0,0,0,0,0
LC,mixed_endpoint_50071,0,0,0,0,0,5,30,0,13,319,24,0,0,0,0,0,0,5
F60,mixed_endpoint_50072,0,0,0,0,0,0,0,0,6,229,20,0,0,0,3,0,3,0
L30,mixed_endpoint_50072,0,0,0,0,0,0,0,0,6,291,20,0,0,0,0,0,0,0
P2,mixed_endpoint_50072,16,0,0,14,0,0,0,0,5,287,19,0,0,16,0,0,0,0
L90,mixed_endpoint_50072,0,0,0,0,0,0,0,0,7,280,21,0,0,0,0,0,0,0
F120,mixed_endpoint_50072,0,0,0,0,0,0,0,0,6,257,20,0,0,0,11,4,7,0
C1,mixed_endpoint_50072,0,0,0,0,0,5,22,0,9,225,23,0,0,0,0,0,0,5
C15,mixed_endpoint_50072,0,0,0,0,0,8,49,0,14,223,28,0,0,0,0,0,0,8
S_all,mixed_endpoint_50073,7,0,0,6,0,0,0,0,3,334,13,0,0,0,0,0,0,0
PC,mixed_endpoint_50072,12,0,0,12,0,6,35,0,8,281,22,0,0,12,0,0,0,6
baseline,mixed_endpoint_50073,0,0,0,0,0,0,0,0,2,326,12,0,0,0,0,0,0,0
M50,mixed_endpoint_50072,0,0,0,0,0,0,0,0,7,226,21,8,1,0,0,0,0,0
previous_best,mixed_endpoint_50073,9,6,3,7,0,0,0,0,3,317,13,0,0,0,0,0,0,0
M75,mixed_endpoint_50072,0,0,0,0,0,0,0,0,6,226,20,7,1,0,0,0,0,0
L30,mixed_endpoint_50073,0,0,0,0,0,0,0,0,1,310,11,0,0,0,0,0,0,0
LPC,mixed_endpoint_50072,13,0,0,13,0,6,34,0,9,246,23,0,0,13,0,0,0,6
LC,mixed_endpoint_50072,0,0,0,0,0,5,20,0,8,286,22,0,0,0,0,0,0,5
L90,mixed_endpoint_50073,0,0,0,0,0,0,0,0,2,295,12,0,0,0,0,0,0,0
P2,mixed_endpoint_50073,7,0,0,6,0,0,0,0,3,334,13,0,0,7,0,0,0,0
P1,mixed_endpoint_50073,9,0,0,8,0,0,0,0,1,326,11,0,0,9,0,0,0,0
F120,mixed_endpoint_50073,0,0,0,0,0,0,0,0,1,319,11,0,0,0,13,12,1,0
F60,mixed_endpoint_50073,0,0,0,0,0,0,0,0,2,326,12,0,0,0,0,0,0,0
C1,mixed_endpoint_50073,0,0,0,0,0,2,10,0,6,324,16,0,0,0,0,0,0,2
C15,mixed_endpoint_50073,0,0,0,0,0,2,10,0,2,324,12,0,0,0,0,0,0,2
baseline,mixed_endpoint_50074,0,0,0,0,0,0,0,0,3,356,13,0,0,0,0,0,0,0
M50,mixed_endpoint_50073,0,0,0,0,0,0,0,0,2,326,12,2,0,0,0,0,0,0
LC,mixed_endpoint_50073,0,0,0,0,0,3,16,0,6,309,16,0,0,0,0,0,0,3
LPC,mixed_endpoint_50073,8,0,0,8,0,4,23,0,14,309,24,0,0,8,0,0,0,4
PC,mixed_endpoint_50073,9,0,0,8,0,1,4,0,2,325,12,0,0,9,0,0,0,1
M75,mixed_endpoint_50073,0,0,0,0,0,0,0,0,4,330,14,4,0,0,0,0,0,0
S_all,mixed_endpoint_50074,11,0,0,10,0,0,0,0,4,326,14,0,0,0,0,0,0,0
previous_best,mixed_endpoint_50074,11,7,3,9,0,0,0,0,4,335,14,0,0,0,0,0,0,0
P2,mixed_endpoint_50074,11,0,0,10,0,0,0,0,4,326,14,0,0,11,0,0,0,0
P1,mixed_endpoint_50074,11,0,0,10,0,0,0,0,4,326,14,0,0,11,0,0,0,0
F120,mixed_endpoint_50074,0,0,0,0,0,0,0,0,3,356,13,0,0,0,3,1,2,0
F60,mixed_endpoint_50074,0,0,0,0,0,0,0,0,3,356,13,0,0,0,0,0,0,0
L90,mixed_endpoint_50074,0,0,0,0,0,0,0,0,4,330,14,0,0,0,0,0,0,0
C15,mixed_endpoint_50074,0,0,0,0,0,5,44,0,10,352,20,0,0,0,0,0,0,5
C1,mixed_endpoint_50074,0,0,0,0,0,0,0,0,3,356,13,0,0,0,0,0,0,0
L30,mixed_endpoint_50074,0,0,0,0,0,0,0,0,4,334,14,0,0,0,0,0,0,0
M50,mixed_endpoint_50074,0,0,0,0,0,0,0,0,2,355,12,5,3,0,0,0,0,0
M75,mixed_endpoint_50074,0,0,0,0,0,0,0,0,1,356,11,4,3,0,0,0,0,0
PC,mixed_endpoint_50074,10,0,0,9,0,4,34,0,16,321,26,0,0,10,0,0,0,4
LPC,mixed_endpoint_50074,9,0,0,8,0,1,8,0,0,325,10,0,0,9,0,0,0,1
LC,mixed_endpoint_50074,0,0,0,0,0,5,30,0,7,330,17,0,0,0,0,0,0,5
S_all,mixed_endpoint_50075,24,0,0,20,0,0,0,0,7,241,22,0,0,0,0,0,0,0
baseline,mixed_endpoint_50075,0,0,0,0,0,1,108,0,19,238,34,0,0,0,0,0,0,0
P2,mixed_endpoint_50075,18,0,0,16,0,0,0,0,5,220,20,0,0,18,0,0,0,0
L30,mixed_endpoint_50075,0,0,0,0,0,0,0,0,6,216,21,0,0,0,0,0,0,0
L90,mixed_endpoint_50075,0,0,0,0,0,0,0,0,9,262,24,0,0,0,0,0,0,0
P1,mixed_endpoint_50075,23,0,0,21,0,1,108,0,110,240,125,0,0,23,0,0,0,0
F60,mixed_endpoint_50075,0,0,0,0,0,1,108,0,19,238,34,0,0,0,1,0,1,0
F120,mixed_endpoint_50075,0,0,0,0,0,1,108,0,19,238,34,0,0,0,12,5,7,0
previous_best,mixed_endpoint_50075,24,9,2,19,0,1,108,0,111,224,126,0,0,0,0,0,0,0
C1,mixed_endpoint_50075,0,0,0,0,0,5,131,0,24,234,39,0,0,0,0,0,0,4
C15,mixed_endpoint_50075,0,0,0,0,0,8,159,0,27,231,42,0,0,0,0,0,0,7
baseline,mixed_endpoint_50076,0,0,0,0,0,0,0,0,3,266,17,0,0,0,0,0,0,0
PC,mixed_endpoint_50075,19,0,0,18,0,7,152,0,121,230,136,0,0,19,0,0,0,6
S_all,mixed_endpoint_50076,12,0,0,11,0,0,0,0,4,272,18,0,0,0,0,0,0,0
previous_best,mixed_endpoint_50076,22,9,4,19,0,0,0,0,5,242,19,0,0,0,0,0,0,0
L90,mixed_endpoint_50076,0,0,0,0,0,0,0,0,7,285,21,0,0,0,0,0,0,0
M50,mixed_endpoint_50075,0,0,0,0,0,1,108,0,19,238,34,8,1,0,0,0,0,0
M75,mixed_endpoint_50075,0,0,0,0,0,1,108,0,17,242,32,6,1,0,0,0,0,0
P1,mixed_endpoint_50076,11,0,0,10,0,0,0,0,4,271,18,0,0,11,0,0,0,0
LC,mixed_endpoint_50075,0,0,0,0,0,7,40,0,16,209,31,0,0,0,0,0,0,7
L30,mixed_endpoint_50076,0,0,0,0,0,0,0,0,5,261,19,0,0,0,0,0,0,0
P2,mixed_endpoint_50076,12,0,0,11,0,0,0,0,4,272,18,0,0,12,0,0,0,0
LPC,mixed_endpoint_50075,20,0,0,18,0,8,50,0,16,231,31,0,0,20,0,0,0,8
F60,mixed_endpoint_50076,0,0,0,0,0,0,0,0,3,266,17,0,0,0,2,0,2,0
F120,mixed_endpoint_50076,0,0,0,0,0,0,0,0,3,266,17,0,0,0,10,6,4,0
C15,mixed_endpoint_50076,0,0,0,0,0,4,30,0,10,261,24,0,0,0,0,0,0,4
C1,mixed_endpoint_50076,0,0,0,0,0,0,0,0,3,266,17,0,0,0,0,0,0,0
PC,mixed_endpoint_50076,11,0,0,10,0,5,35,0,12,265,26,0,0,11,0,0,0,5
M50,mixed_endpoint_50076,0,0,0,0,0,0,0,0,3,326,17,4,1,0,0,0,0,0
baseline,mixed_endpoint_50077,0,0,0,0,0,0,0,0,4,315,17,0,0,0,0,0,0,0
M75,mixed_endpoint_50076,0,0,0,0,0,0,0,0,6,283,20,7,1,0,0,0,0,0
previous_best,mixed_endpoint_50077,12,11,7,10,0,0,0,0,4,332,17,0,0,0,0,0,0,0
LC,mixed_endpoint_50076,0,0,0,0,0,5,32,0,11,256,25,0,0,0,0,0,0,5
S_all,mixed_endpoint_50077,12,0,0,12,0,0,0,0,4,307,17,0,0,0,0,0,0,0
LPC,mixed_endpoint_50076,18,0,0,15,0,8,53,0,14,301,28,0,0,18,0,0,0,8
L30,mixed_endpoint_50077,0,0,0,0,0,0,0,0,6,353,19,0,0,0,0,0,0,0
P1,mixed_endpoint_50077,15,0,0,14,0,0,0,0,5,318,18,0,0,15,0,0,0,0
L90,mixed_endpoint_50077,0,0,0,0,0,0,0,0,8,354,21,0,0,0,0,0,0,0
P2,mixed_endpoint_50077,12,0,0,12,0,0,0,0,4,307,17,0,0,12,0,0,0,0
F60,mixed_endpoint_50077,0,0,0,0,0,0,0,0,4,315,17,0,0,0,1,0,1,0
F120,mixed_endpoint_50077,0,0,0,0,0,0,0,0,3,338,16,0,0,0,9,6,3,0
C15,mixed_endpoint_50077,0,0,0,0,0,6,48,0,24,311,37,0,0,0,0,0,0,6
C1,mixed_endpoint_50077,0,0,0,0,0,1,4,0,3,314,16,0,0,0,0,0,0,1
PC,mixed_endpoint_50077,14,0,0,13,0,5,40,0,22,313,35,0,0,14,0,0,0,5
LPC,mixed_endpoint_50077,12,0,0,11,0,5,31,0,12,340,25,0,0,12,0,0,0,5
M50,mixed_endpoint_50077,0,0,0,0,0,0,0,0,4,311,17,4,0,0,0,0,0,0
baseline,mixed_endpoint_50078,0,0,0,0,0,0,0,0,4,285,17,0,0,0,0,0,0,0
LC,mixed_endpoint_50077,0,0,0,0,0,7,42,0,24,347,37,0,0,0,0,0,0,7
S_all,mixed_endpoint_50078,15,0,0,10,0,0,0,0,3,295,16,0,0,0,0,0,0,0
M75,mixed_endpoint_50077,0,0,0,0,0,0,0,0,4,310,17,6,2,0,0,0,0,0
previous_best,mixed_endpoint_50078,14,7,3,11,0,0,0,0,4,294,17,0,0,0,0,0,0,0
L30,mixed_endpoint_50078,0,0,0,0,0,0,0,0,10,282,23,0,0,0,0,0,0,0
F120,mixed_endpoint_50078,0,0,0,0,0,0,0,0,5,285,18,0,0,0,9,4,5,0
P1,mixed_endpoint_50078,15,0,0,10,0,0,0,0,5,296,18,0,0,15,0,0,0,0
L90,mixed_endpoint_50078,0,0,0,0,0,0,0,0,4,273,17,0,0,0,0,0,0,0
F60,mixed_endpoint_50078,0,0,0,0,0,0,0,0,4,285,17,0,0,0,0,0,0,0
P2,mixed_endpoint_50078,15,0,0,10,0,0,0,0,3,295,16,0,0,15,0,0,0,0
C1,mixed_endpoint_50078,0,0,0,0,0,3,22,0,16,283,29,0,0,0,0,0,0,3
C15,mixed_endpoint_50078,0,0,0,0,0,5,42,0,16,281,29,0,0,0,0,0,0,5
M50,mixed_endpoint_50078,0,0,0,0,0,0,0,0,3,285,16,6,3,0,0,0,0,0
M75,mixed_endpoint_50078,0,0,0,0,0,0,0,0,2,287,15,5,3,0,0,0,0,0
PC,mixed_endpoint_50078,11,0,0,8,0,7,51,0,12,290,25,0,0,11,0,0,0,7
S_all,mixed_endpoint_50079,21,0,0,17,0,0,0,0,5,302,18,0,0,0,0,0,0,0
previous_best,mixed_endpoint_50079,16,8,2,15,0,0,0,0,6,238,19,0,0,0,0,0,0,0
baseline,mixed_endpoint_50079,0,0,0,0,0,0,0,0,8,258,21,0,0,0,0,0,0,0
LC,mixed_endpoint_50078,0,0,0,0,0,6,32,0,17,270,30,0,0,0,0,0,0,6
L30,mixed_endpoint_50079,0,0,0,0,0,0,0,0,3,254,16,0,0,0,0,0,0,0
L90,mixed_endpoint_50079,0,0,0,0,0,0,0,0,4,245,17,0,0,0,0,0,0,0
LPC,mixed_endpoint_50078,17,0,0,16,0,8,62,0,19,266,32,0,0,17,0,0,0,8
P1,mixed_endpoint_50079,19,0,0,15,0,0,0,0,3,257,16,0,0,19,0,0,0,0
P2,mixed_endpoint_50079,21,0,0,17,0,0,0,0,5,302,18,0,0,21,0,0,0,0
F120,mixed_endpoint_50079,0,0,0,0,0,0,0,0,5,250,18,0,0,0,19,12,7,0
F60,mixed_endpoint_50079,0,0,0,0,0,0,0,0,8,258,21,0,0,0,2,0,2,0
C15,mixed_endpoint_50079,0,0,0,0,0,8,65,0,19,248,32,0,0,0,0,0,0,8
C1,mixed_endpoint_50079,0,0,0,0,0,2,8,0,12,256,25,0,0,0,0,0,0,2
PC,mixed_endpoint_50079,19,0,0,16,0,5,33,0,10,253,23,0,0,19,0,0,0,5
LC,mixed_endpoint_50079,0,0,0,0,0,4,31,0,5,251,18,0,0,0,0,0,0,4
M50,mixed_endpoint_50079,0,0,0,0,0,0,0,0,9,260,22,10,1,0,0,0,0,0
M75,mixed_endpoint_50079,0,0,0,0,0,0,0,0,4,262,17,4,0,0,0,0,0,0
LPC,mixed_endpoint_50079,15,0,0,12,0,6,33,0,21,283,34,0,0,15,0,0,0,6
baseline,mixed_endpoint_50080,0,0,0,0,0,0,0,0,6,204,22,0,0,0,0,0,0,0
S_all,mixed_endpoint_50080,26,0,0,26,0,1,4,0,10,215,26,0,0,0,0,0,0,0
L30,mixed_endpoint_50080,0,0,0,0,0,0,0,0,6,155,22,0,0,0,0,0,0,0
P1,mixed_endpoint_50080,21,0,0,20,0,1,4,0,11,148,27,0,0,21,0,0,0,0
L90,mixed_endpoint_50080,0,0,0,0,0,0,0,0,11,179,27,0,0,0,0,0,0,0
previous_best,mixed_endpoint_50080,23,8,1,17,0,0,0,0,7,191,23,0,0,0,0,0,0,0
F120,mixed_endpoint_50080,0,0,0,0,0,0,0,0,6,203,22,0,0,0,17,10,7,0
F60,mixed_endpoint_50080,0,0,0,0,0,0,0,0,6,204,22,0,0,0,1,0,1,0
P2,mixed_endpoint_50080,25,0,0,25,0,1,4,0,10,214,26,0,0,25,0,0,0,0
C1,mixed_endpoint_50080,0,0,0,0,0,1,4,0,6,204,22,0,0,0,0,0,0,1
C15,mixed_endpoint_50080,0,0,0,0,0,8,61,0,20,192,36,0,0,0,0,0,0,8
LC,mixed_endpoint_50080,0,0,0,0,0,9,60,0,15,147,31,0,0,0,0,0,0,9
PC,mixed_endpoint_50080,14,0,0,12,0,9,75,0,26,153,42,0,0,14,0,0,0,9
M50,mixed_endpoint_50080,0,0,0,0,0,0,0,0,5,204,21,7,2,0,0,0,0,0
S_all,mixed_endpoint_50081,17,0,0,17,0,0,0,0,8,281,23,0,0,0,0,0,0,0
baseline,mixed_endpoint_50081,0,0,0,0,0,1,4,0,13,283,28,0,0,0,0,0,0,0
LPC,mixed_endpoint_50080,18,0,0,18,0,7,42,0,9,180,25,0,0,18,0,0,0,7
M75,mixed_endpoint_50080,0,0,0,0,0,0,0,0,4,187,20,5,1,0,0,0,0,0
previous_best,mixed_endpoint_50081,21,10,4,18,0,0,0,0,6,255,21,0,0,0,0,0,0,0
L90,mixed_endpoint_50081,0,0,0,0,0,0,0,0,5,256,20,0,0,0,0,0,0,0
L30,mixed_endpoint_50081,0,0,0,0,0,0,0,0,5,247,20,0,0,0,0,0,0,0
P1,mixed_endpoint_50081,18,0,0,18,0,0,0,0,6,281,21,0,0,18,0,0,0,0
P2,mixed_endpoint_50081,17,0,0,17,0,0,0,0,8,281,23,0,0,17,0,0,0,0
F60,mixed_endpoint_50081,0,0,0,0,0,1,4,0,13,283,28,0,0,0,9,5,4,0
F120,mixed_endpoint_50081,0,0,0,0,0,1,4,0,13,283,28,0,0,0,19,11,8,0
C15,mixed_endpoint_50081,0,0,0,0,0,7,48,0,20,265,35,0,0,0,0,0,0,7
C1,mixed_endpoint_50081,0,0,0,0,0,6,31,0,10,274,25,0,0,0,0,0,0,5
PC,mixed_endpoint_50081,16,0,0,16,0,6,38,0,7,270,22,0,0,16,0,0,0,6
LC,mixed_endpoint_50081,0,0,0,0,0,4,23,0,11,244,26,0,0,0,0,0,0,4
M50,mixed_endpoint_50081,0,0,0,0,0,1,4,0,11,282,26,9,0,0,0,0,0,0
M75,mixed_endpoint_50081,0,0,0,0,0,0,0,0,8,278,23,8,0,0,0,0,0,0
S_all,mixed_endpoint_50082,23,0,0,23,0,0,0,0,6,214,22,0,0,0,0,0,0,0
baseline,mixed_endpoint_50082,0,0,0,0,0,0,0,0,5,208,21,0,0,0,0,0,0,0
previous_best,mixed_endpoint_50082,15,7,2,13,0,0,0,0,5,169,21,0,0,0,0,0,0,0
P1,mixed_endpoint_50082,20,0,0,19,0,0,0,0,11,184,27,0,0,20,0,0,0,0
LPC,mixed_endpoint_50081,16,0,0,16,0,7,42,0,15,234,30,0,0,16,0,0,0,7
P2,mixed_endpoint_50082,23,0,0,23,0,0,0,0,6,214,22,0,0,23,0,0,0,0
L90,mixed_endpoint_50082,0,0,0,0,0,0,0,0,6,213,22,0,0,0,0,0,0,0
L30,mixed_endpoint_50082,0,0,0,0,0,0,0,0,4,135,20,0,0,0,0,0,0,0
F120,mixed_endpoint_50082,0,0,0,0,0,0,0,0,5,208,21,0,0,0,21,14,7,0
F60,mixed_endpoint_50082,0,0,0,0,0,0,0,0,5,208,21,0,0,0,2,0,2,0
C15,mixed_endpoint_50082,0,0,0,0,0,8,47,0,19,203,35,0,0,0,0,0,0,8
C1,mixed_endpoint_50082,0,0,0,0,0,5,23,0,8,204,24,0,0,0,0,0,0,5
baseline,mixed_endpoint_50083,0,0,0,0,0,0,0,0,6,316,17,0,0,0,0,0,0,0
S_all,mixed_endpoint_50083,7,0,0,6,0,0,0,0,4,342,15,0,0,0,0,0,0,0
previous_best,mixed_endpoint_50083,12,9,2,12,0,0,0,0,7,295,18,0,0,0,0,0,0,0
M75,mixed_endpoint_50082,0,0,0,0,0,0,0,0,6,222,22,7,1,0,0,0,0,0
PC,mixed_endpoint_50082,21,0,0,21,0,7,48,0,14,206,30,0,0,21,0,0,0,7
M50,mixed_endpoint_50082,0,0,0,0,0,0,0,0,5,179,21,7,2,0,0,0,0,0
P1,mixed_endpoint_50083,7,0,0,6,0,0,0,0,4,342,15,0,0,7,0,0,0,0
P2,mixed_endpoint_50083,7,0,0,6,0,0,0,0,4,342,15,0,0,7,0,0,0,0
L90,mixed_endpoint_50083,0,0,0,0,0,0,0,0,5,343,16,0,0,0,0,0,0,0
L30,mixed_endpoint_50083,0,0,0,0,0,0,0,0,6,349,17,0,0,0,0,0,0,0
LPC,mixed_endpoint_50082,15,0,0,13,0,6,30,0,12,181,28,0,0,15,0,0,0,6
F60,mixed_endpoint_50083,0,0,0,0,0,0,0,0,6,316,17,0,0,0,2,0,2,0
F120,mixed_endpoint_50083,0,0,0,0,0,0,0,0,6,316,17,0,0,0,8,2,6,0
C1,mixed_endpoint_50083,0,0,0,0,0,3,16,0,9,313,20,0,0,0,0,0,0,3
C15,mixed_endpoint_50083,0,0,0,0,0,6,40,0,20,309,31,0,0,0,0,0,0,6
LC,mixed_endpoint_50082,0,0,0,0,0,4,21,0,7,131,23,0,0,0,0,0,0,4
M50,mixed_endpoint_50083,0,0,0,0,0,0,0,0,5,335,16,5,0,0,0,0,0,0
PC,mixed_endpoint_50083,10,0,0,9,0,5,38,0,18,308,29,0,0,10,0,0,0,5
M75,mixed_endpoint_50083,0,0,0,0,0,0,0,0,4,324,15,5,1,0,0,0,0,0
LC,mixed_endpoint_50083,0,0,0,0,0,7,46,0,15,343,26,0,0,0,0,0,0,7
baseline,mixed_endpoint_50084,0,0,0,0,0,0,0,0,6,291,20,0,0,0,0,0,0,0
S_all,mixed_endpoint_50084,13,0,0,13,0,0,0,0,3,280,17,0,0,0,0,0,0,0
LPC,mixed_endpoint_50083,10,0,0,8,0,6,38,0,8,346,19,0,0,10,0,0,0,6
L90,mixed_endpoint_50084,0,0,0,0,0,0,0,0,8,281,22,0,0,0,0,0,0,0
L30,mixed_endpoint_50084,0,0,0,0,0,0,0,0,5,278,19,0,0,0,0,0,0,0
P1,mixed_endpoint_50084,12,0,0,12,0,0,0,0,3,278,17,0,0,12,0,0,0,0
P2,mixed_endpoint_50084,13,0,0,13,0,0,0,0,3,280,17,0,0,13,0,0,0,0
F60,mixed_endpoint_50084,0,0,0,0,0,0,0,0,6,291,20,0,0,0,1,0,1,0
F120,mixed_endpoint_50084,0,0,0,0,0,0,0,0,6,291,20,0,0,0,13,7,6,0
C15,mixed_endpoint_50084,0,0,0,0,0,8,52,0,25,285,39,0,0,0,0,0,0,8
previous_best,mixed_endpoint_50084,17,10,2,14,0,0,0,0,8,304,22,0,0,0,0,0,0,0
C1,mixed_endpoint_50084,0,0,0,0,0,3,12,0,10,289,24,0,0,0,0,0,0,3
LC,mixed_endpoint_50084,0,0,0,0,0,4,28,0,13,275,27,0,0,0,0,0,0,4
PC,mixed_endpoint_50084,12,0,0,12,0,4,30,0,10,275,24,0,0,12,0,0,0,4
M50,mixed_endpoint_50084,0,0,0,0,0,0,0,0,6,294,20,7,1,0,0,0,0,0
baseline,mixed_endpoint_50085,0,0,0,0,0,0,0,0,2,252,15,0,0,0,0,0,0,0
LPC,mixed_endpoint_50084,12,0,0,11,0,4,26,0,10,276,24,0,0,12,0,0,0,4
M75,mixed_endpoint_50084,0,0,0,0,0,0,0,0,4,300,18,4,0,0,0,0,0,0
S_all,mixed_endpoint_50085,18,0,0,17,0,0,0,0,1,255,14,0,0,0,0,0,0,0
previous_best,mixed_endpoint_50085,18,8,2,17,0,0,0,0,6,269,19,0,0,0,0,0,0,0
P1,mixed_endpoint_50085,16,0,0,14,0,0,0,0,2,254,15,0,0,16,0,0,0,0
P2,mixed_endpoint_50085,18,0,0,16,0,0,0,0,1,279,14,0,0,18,0,0,0,0
L90,mixed_endpoint_50085,0,0,0,0,0,0,0,0,4,272,17,0,0,0,0,0,0,0
F60,mixed_endpoint_50085,0,0,0,0,0,0,0,0,2,252,15,0,0,0,1,0,1,0
F120,mixed_endpoint_50085,0,0,0,0,0,0,0,0,3,254,16,0,0,0,12,8,4,0
L30,mixed_endpoint_50085,0,0,0,0,0,0,0,0,6,276,19,0,0,0,0,0,0,0
C1,mixed_endpoint_50085,0,0,0,0,0,2,8,0,5,250,18,0,0,0,0,0,0,2
C15,mixed_endpoint_50085,0,0,0,0,0,5,30,0,4,249,17,0,0,0,0,0,0,5
M50,mixed_endpoint_50085,0,0,0,0,0,0,0,0,4,257,17,6,2,0,0,0,0,0
PC,mixed_endpoint_50085,15,0,0,14,0,5,31,0,7,249,20,0,0,15,0,0,0,5
M75,mixed_endpoint_50085,0,0,0,0,0,0,0,0,3,250,16,6,3,0,0,0,0,0
baseline,mixed_endpoint_50086,0,0,0,0,0,0,0,0,6,306,18,0,0,0,0,0,0,0
S_all,mixed_endpoint_50086,8,0,0,8,0,0,0,0,2,309,14,0,0,0,0,0,0,0
P1,mixed_endpoint_50086,8,0,0,8,0,0,0,0,2,309,14,0,0,8,0,0,0,0
LPC,mixed_endpoint_50085,13,0,0,11,0,7,38,0,11,267,24,0,0,13,0,0,0,7
L90,mixed_endpoint_50086,0,0,0,0,0,0,0,0,5,300,17,0,0,0,0,0,0,0
LC,mixed_endpoint_50085,0,0,0,0,0,8,48,0,26,267,39,0,0,0,0,0,0,8
L30,mixed_endpoint_50086,0,0,0,0,0,0,0,0,4,312,16,0,0,0,0,0,0,0
previous_best,mixed_endpoint_50086,15,11,2,12,0,0,0,0,9,314,21,0,0,0,0,0,0,0
P2,mixed_endpoint_50086,8,0,0,8,0,0,0,0,2,309,14,0,0,8,0,0,0,0
F60,mixed_endpoint_50086,0,0,0,0,0,0,0,0,6,306,18,0,0,0,3,1,2,0
F120,mixed_endpoint_50086,0,0,0,0,0,0,0,0,6,297,18,0,0,0,14,8,6,0
C1,mixed_endpoint_50086,0,0,0,0,0,2,8,0,9,303,21,0,0,0,0,0,0,2
C15,mixed_endpoint_50086,0,0,0,0,0,6,44,0,19,298,31,0,0,0,0,0,0,6
M50,mixed_endpoint_50086,0,0,0,0,0,0,0,0,6,305,18,6,0,0,0,0,0,0
M75,mixed_endpoint_50086,0,0,0,0,0,0,0,0,3,305,15,4,1,0,0,0,0,0
PC,mixed_endpoint_50086,6,0,0,6,0,5,36,0,19,306,31,0,0,6,0,0,0,5
LC,mixed_endpoint_50086,0,0,0,0,0,6,29,0,7,308,19,0,0,0,0,0,0,6
baseline,mixed_endpoint_50087,0,0,0,0,0,0,0,0,9,234,24,0,0,0,0,0,0,0
LPC,mixed_endpoint_50086,11,0,0,10,0,7,51,0,22,307,34,0,0,11,0,0,0,7
S_all,mixed_endpoint_50087,16,0,0,13,0,0,0,0,11,250,26,0,0,0,0,0,0,0
previous_best,mixed_endpoint_50087,18,7,3,12,0,0,0,0,4,258,19,0,0,0,0,0,0,0
P1,mixed_endpoint_50087,15,0,0,12,0,0,0,0,6,218,21,0,0,15,0,0,0,0
L90,mixed_endpoint_50087,0,0,0,0,0,0,0,0,7,234,22,0,0,0,0,0,0,0
F60,mixed_endpoint_50087,0,0,0,0,0,0,0,0,9,234,24,0,0,0,4,0,4,0
F120,mixed_endpoint_50087,0,0,0,0,0,0,0,0,9,234,24,0,0,0,23,14,9,0
P2,mixed_endpoint_50087,15,0,0,12,0,0,0,0,12,253,27,0,0,15,0,0,0,0
L30,mixed_endpoint_50087,0,0,0,0,0,0,0,0,10,236,25,0,0,0,0,0,0,0
C15,mixed_endpoint_50087,0,0,0,0,0,11,83,0,21,221,36,0,0,0,0,0,0,11
baseline,mixed_endpoint_50088,0,0,0,0,0,0,0,0,4,323,15,0,0,0,0,0,0,0
C1,mixed_endpoint_50087,0,0,0,0,0,5,32,0,12,229,27,0,0,0,0,0,0,5
previous_best,mixed_endpoint_50088,14,8,1,11,0,0,0,0,7,313,18,0,0,0,0,0,0,0
S_all,mixed_endpoint_50088,11,0,0,9,0,0,0,0,6,348,17,0,0,0,0,0,0,0
PC,mixed_endpoint_50087,13,0,0,10,0,9,60,0,20,205,35,0,0,13,0,0,0,9
M75,mixed_endpoint_50087,0,0,0,0,0,0,0,0,7,248,22,9,2,0,0,0,0,0
M50,mixed_endpoint_50087,0,0,0,0,0,0,0,0,7,214,22,11,4,0,0,0,0,0
L30,mixed_endpoint_50088,0,0,0,0,0,0,0,0,5,363,16,0,0,0,0,0,0,0
LC,mixed_endpoint_50087,0,0,0,0,0,8,50,0,4,228,19,0,0,0,0,0,0,8
L90,mixed_endpoint_50088,0,0,0,0,0,0,0,0,10,319,21,0,0,0,0,0,0,0
P2,mixed_endpoint_50088,11,0,0,9,0,0,0,0,6,348,17,0,0,11,0,0,0,0
P1,mixed_endpoint_50088,9,0,0,8,0,0,0,0,6,339,17,0,0,9,0,0,0,0
F60,mixed_endpoint_50088,0,0,0,0,0,0,0,0,4,323,15,0,0,0,1,0,1,0
F120,mixed_endpoint_50088,0,0,0,0,0,0,0,0,4,325,15,0,0,0,14,10,4,0
C15,mixed_endpoint_50088,0,0,0,0,0,5,33,0,12,319,23,0,0,0,0,0,0,5
C1,mixed_endpoint_50088,0,0,0,0,0,2,8,0,5,321,16,0,0,0,0,0,0,2
LPC,mixed_endpoint_50087,16,0,0,14,0,10,65,0,25,222,40,0,0,16,0,0,0,10
PC,mixed_endpoint_50088,5,0,0,5,0,5,31,0,8,320,19,0,0,5,0,0,0,5
M50,mixed_endpoint_50088,0,0,0,0,0,0,0,0,2,334,13,3,1,0,0,0,0,0
baseline,mixed_endpoint_50089,0,0,0,0,0,0,0,0,3,336,14,0,0,0,0,0,0,0
M75,mixed_endpoint_50088,0,0,0,0,0,0,0,0,1,336,12,2,1,0,0,0,0,0
LPC,mixed_endpoint_50088,12,0,0,12,0,4,20,0,12,361,23,0,0,12,0,0,0,4
S_all,mixed_endpoint_50089,9,0,0,9,0,0,0,0,1,349,12,0,0,0,0,0,0,0
LC,mixed_endpoint_50088,0,0,0,0,0,3,20,0,10,360,21,0,0,0,0,0,0,3
previous_best,mixed_endpoint_50089,15,5,1,12,0,0,0,0,4,332,15,0,0,0,0,0,0,0
P1,mixed_endpoint_50089,9,0,0,9,0,0,0,0,1,349,12,0,0,9,0,0,0,0
P2,mixed_endpoint_50089,9,0,0,9,0,0,0,0,1,349,12,0,0,9,0,0,0,0
L90,mixed_endpoint_50089,0,0,0,0,0,0,0,0,3,326,14,0,0,0,0,0,0,0
F120,mixed_endpoint_50089,0,0,0,0,0,0,0,0,3,354,14,0,0,0,6,3,3,0
F60,mixed_endpoint_50089,0,0,0,0,0,0,0,0,3,336,14,0,0,0,2,2,0,0
L30,mixed_endpoint_50089,0,0,0,0,0,0,0,0,4,325,15,0,0,0,0,0,0,0
C1,mixed_endpoint_50089,0,0,0,0,0,2,10,0,4,333,15,0,0,0,0,0,0,2
C15,mixed_endpoint_50089,0,0,0,0,0,4,32,0,23,338,34,0,0,0,0,0,0,4
M50,mixed_endpoint_50089,0,0,0,0,0,0,0,0,5,345,16,5,0,0,0,0,0,0
PC,mixed_endpoint_50089,9,0,0,9,0,3,20,0,1,348,12,0,0,9,0,0,0,3
M75,mixed_endpoint_50089,0,0,0,0,0,0,0,0,4,343,15,4,0,0,0,0,0,0
baseline,mixed_endpoint_50090,0,0,0,0,0,0,0,0,6,291,19,0,0,0,0,0,0,0
S_all,mixed_endpoint_50090,17,0,0,16,0,0,0,0,7,301,20,0,0,0,0,0,0,0
LC,mixed_endpoint_50089,0,0,0,0,0,6,36,0,23,321,34,0,0,0,0,0,0,6
P2,mixed_endpoint_50090,16,0,0,15,0,0,0,0,4,293,17,0,0,16,0,0,0,0
P1,mixed_endpoint_50090,13,0,0,10,0,0,0,0,6,302,19,0,0,13,0,0,0,0
LPC,mixed_endpoint_50089,11,0,0,8,0,5,31,0,7,332,18,0,0,11,0,0,0,5
L90,mixed_endpoint_50090,0,0,0,0,0,0,0,0,11,293,24,0,0,0,0,0,0,0
F60,mixed_endpoint_50090,0,0,0,0,0,0,0,0,6,291,19,0,0,0,3,0,3,0
previous_best,mixed_endpoint_50090,14,8,3,8,0,1,39,0,15,274,28,0,0,0,0,0,0,0
F120,mixed_endpoint_50090,0,0,0,0,0,0,0,0,3,306,16,0,0,0,9,6,3,0
L30,mixed_endpoint_50090,0,0,0,0,0,0,0,0,7,302,20,0,0,0,0,0,0,0
C1,mixed_endpoint_50090,0,0,0,0,0,2,8,0,11,289,24,0,0,0,0,0,0,2
C15,mixed_endpoint_50090,0,0,0,0,0,7,50,0,14,284,27,0,0,0,0,0,0,7
PC,mixed_endpoint_50090,11,0,0,8,0,7,46,0,13,290,26,0,0,11,0,0,0,7
baseline,mixed_endpoint_50091,0,0,0,0,0,0,0,0,5,245,20,0,0,0,0,0,0,0
M50,mixed_endpoint_50090,0,0,0,0,0,0,0,0,3,288,16,7,4,0,0,0,0,0
S_all,mixed_endpoint_50091,20,0,0,20,0,0,0,0,4,259,19,0,0,0,0,0,0,0
LPC,mixed_endpoint_50090,16,0,0,14,0,6,32,0,16,266,29,0,0,16,0,0,0,6
LC,mixed_endpoint_50090,0,0,0,0,0,5,32,0,12,293,25,0,0,0,0,0,0,5
P1,mixed_endpoint_50091,22,0,0,22,0,0,0,0,4,262,19,0,0,22,0,0,0,0
M75,mixed_endpoint_50090,0,0,0,0,0,1,4,0,8,301,21,8,2,0,0,0,0,0
F60,mixed_endpoint_50091,0,0,0,0,0,0,0,0,5,245,20,0,0,0,3,0,3,0
previous_best,mixed_endpoint_50091,17,9,2,16,0,0,0,0,7,258,22,0,0,0,0,0,0,0
L30,mixed_endpoint_50091,0,0,0,0,0,0,0,0,5,248,20,0,0,0,0,0,0,0
P2,mixed_endpoint_50091,20,0,0,20,0,0,0,0,4,259,19,0,0,20,0,0,0,0
F120,mixed_endpoint_50091,0,0,0,0,0,0,0,0,5,245,20,0,0,0,11,6,5,0
C15,mixed_endpoint_50091,0,0,0,0,0,6,43,0,4,240,19,0,0,0,0,0,0,6
L90,mixed_endpoint_50091,0,0,0,0,0,0,0,0,7,264,22,0,0,0,0,0,0,0
C1,mixed_endpoint_50091,0,0,0,0,0,2,8,0,9,243,24,0,0,0,0,0,0,2
baseline,mixed_endpoint_50092,0,0,0,0,0,0,0,0,7,217,23,0,0,0,0,0,0,0
PC,mixed_endpoint_50091,20,0,0,20,0,5,32,0,7,256,22,0,0,20,0,0,0,5
M50,mixed_endpoint_50091,0,0,0,0,0,0,0,0,6,258,21,8,2,0,0,0,0,0
LC,mixed_endpoint_50091,0,0,0,0,0,6,43,0,13,242,28,0,0,0,0,0,0,6
S_all,mixed_endpoint_50092,31,0,0,28,0,0,0,0,10,229,26,0,0,0,0,0,0,0
LPC,mixed_endpoint_50091,17,0,0,17,0,8,55,0,15,256,30,0,0,17,0,0,0,8
M75,mixed_endpoint_50091,0,0,0,0,0,0,0,0,3,238,18,4,1,0,0,0,0,0
L90,mixed_endpoint_50092,0,0,0,0,0,0,0,0,7,205,23,0,0,0,0,0,0,0
L30,mixed_endpoint_50092,0,0,0,0,0,0,0,0,5,224,21,0,0,0,0,0,0,0
previous_best,mixed_endpoint_50092,24,9,3,23,0,0,0,0,6,194,22,0,0,0,0,0,0,0
P1,mixed_endpoint_50092,20,0,0,19,0,0,0,0,6,190,22,0,0,20,0,0,0,0
P2,mixed_endpoint_50092,21,0,0,20,0,0,0,0,5,221,21,0,0,21,0,0,0,0
F60,mixed_endpoint_50092,0,0,0,0,0,0,0,0,7,217,23,0,0,0,1,0,1,0
F120,mixed_endpoint_50092,0,0,0,0,0,0,0,0,7,218,23,0,0,0,16,9,7,0
C15,mixed_endpoint_50092,0,0,0,0,0,8,63,0,19,208,35,0,0,0,0,0,0,8
C1,mixed_endpoint_50092,0,0,0,0,0,1,4,0,9,217,25,0,0,0,0,0,0,1
baseline,mixed_endpoint_50093,0,0,0,0,0,1,16,0,11,333,22,0,0,0,0,0,0,0
M50,mixed_endpoint_50092,0,0,0,0,0,0,0,0,6,227,22,9,3,0,0,0,0,0
PC,mixed_endpoint_50092,16,0,0,15,0,9,62,0,25,181,41,0,0,16,0,0,0,9
previous_best,mixed_endpoint_50093,15,8,3,13,0,0,0,0,5,305,16,0,0,0,0,0,0,0
M75,mixed_endpoint_50092,0,0,0,0,0,0,0,0,3,216,19,7,4,0,0,0,0,0
S_all,mixed_endpoint_50093,17,0,0,16,0,0,0,0,4,315,15,0,0,0,0,0,0,0
L30,mixed_endpoint_50093,0,0,0,0,0,0,0,0,5,315,16,0,0,0,0,0,0,0
LC,mixed_endpoint_50092,0,0,0,0,0,5,24,0,10,219,26,0,0,0,0,0,0,5
LPC,mixed_endpoint_50092,19,0,0,17,0,8,46,0,21,212,37,0,0,19,0,0,0,8
P1,mixed_endpoint_50093,11,0,0,10,0,0,0,0,4,309,15,0,0,11,0,0,0,0
L90,mixed_endpoint_50093,0,0,0,0,0,0,0,0,6,315,17,0,0,0,0,0,0,0
P2,mixed_endpoint_50093,17,0,0,16,0,0,0,0,3,314,14,0,0,17,0,0,0,0
F60,mixed_endpoint_50093,0,0,0,0,0,1,16,0,11,333,22,0,0,0,0,0,0,0
F120,mixed_endpoint_50093,0,0,0,0,0,1,16,0,11,333,22,0,0,0,11,10,1,0
C15,mixed_endpoint_50093,0,0,0,0,0,3,38,0,21,332,32,0,0,0,0,0,0,2
C1,mixed_endpoint_50093,0,0,0,0,0,1,16,0,11,333,22,0,0,0,0,0,0,0
PC,mixed_endpoint_50093,11,0,0,10,0,4,30,0,17,301,28,0,0,11,0,0,0,4
M50,mixed_endpoint_50093,0,0,0,0,0,1,16,0,13,335,24,4,1,0,0,0,0,0
LPC,mixed_endpoint_50093,13,0,0,12,0,6,32,0,6,303,17,0,0,13,0,0,0,6
baseline,mixed_endpoint_50094,0,0,0,0,0,0,0,0,4,240,18,0,0,0,0,0,0,0
LC,mixed_endpoint_50093,0,0,0,0,0,6,32,0,7,311,18,0,0,0,0,0,0,6
M75,mixed_endpoint_50093,0,0,0,0,0,0,0,0,5,313,16,5,0,0,0,0,0,0
S_all,mixed_endpoint_50094,14,0,0,13,0,0,0,0,6,245,20,0,0,0,0,0,0,0
previous_best,mixed_endpoint_50094,16,8,3,14,0,0,0,0,5,261,19,0,0,0,0,0,0,0
L90,mixed_endpoint_50094,0,0,0,0,0,0,0,0,3,246,17,0,0,0,0,0,0,0
P1,mixed_endpoint_50094,12,0,0,11,0,0,0,0,4,291,18,0,0,12,0,0,0,0
F60,mixed_endpoint_50094,0,0,0,0,0,0,0,0,4,240,18,0,0,0,3,1,2,0
F120,mixed_endpoint_50094,0,0,0,0,0,0,0,0,4,240,18,0,0,0,8,4,4,0
P2,mixed_endpoint_50094,14,0,0,13,0,0,0,0,5,244,19,0,0,14,0,0,0,0
C1,mixed_endpoint_50094,0,0,0,0,0,3,12,0,5,236,19,0,0,0,0,0,0,3
C15,mixed_endpoint_50094,0,0,0,0,0,4,22,0,11,235,25,0,0,0,0,0,0,4
L30,mixed_endpoint_50094,0,0,0,0,0,0,0,0,10,241,24,0,0,0,0,0,0,0
PC,mixed_endpoint_50094,11,0,0,10,0,4,28,0,9,285,23,0,0,11,0,0,0,4
M50,mixed_endpoint_50094,0,0,0,0,0,0,0,0,4,240,18,5,1,0,0,0,0,0
baseline,mixed_endpoint_50095,0,0,0,0,0,0,0,0,1,268,14,0,0,0,0,0,0,0
S_all,mixed_endpoint_50095,14,0,0,13,0,0,0,0,4,275,17,0,0,0,0,0,0,0
M75,mixed_endpoint_50094,0,0,0,0,0,0,0,0,4,240,18,5,1,0,0,0,0,0
L30,mixed_endpoint_50095,0,0,0,0,0,0,0,0,4,258,17,0,0,0,0,0,0,0
LC,mixed_endpoint_50094,0,0,0,0,0,11,70,0,21,228,35,0,0,0,0,0,0,11
L90,mixed_endpoint_50095,0,0,0,0,0,0,0,0,8,250,21,0,0,0,0,0,0,0
LPC,mixed_endpoint_50094,21,0,0,18,0,8,48,0,20,237,34,0,0,21,0,0,0,8
previous_best,mixed_endpoint_50095,18,7,2,16,0,0,0,0,5,258,18,0,0,0,0,0,0,0
P1,mixed_endpoint_50095,14,0,0,14,0,0,0,0,5,276,18,0,0,14,0,0,0,0
P2,mixed_endpoint_50095,14,0,0,13,0,0,0,0,4,275,17,0,0,14,0,0,0,0
F60,mixed_endpoint_50095,0,0,0,0,0,0,0,0,1,268,14,0,0,0,0,0,0,0
F120,mixed_endpoint_50095,0,0,0,0,0,1,4,0,9,275,22,0,0,0,14,8,6,0
C1,mixed_endpoint_50095,0,0,0,0,0,1,4,0,1,268,14,0,0,0,0,0,0,1
C15,mixed_endpoint_50095,0,0,0,0,0,2,8,0,1,268,14,0,0,0,0,0,0,2
PC,mixed_endpoint_50095,14,0,0,14,0,8,50,0,12,270,25,0,0,14,0,0,0,8
baseline,mixed_endpoint_50096,0,0,0,0,0,0,0,0,8,260,23,0,0,0,0,0,0,0
LC,mixed_endpoint_50095,0,0,0,0,0,5,34,0,14,254,27,0,0,0,0,0,0,5
M50,mixed_endpoint_50095,0,0,0,0,0,0,0,0,0,250,13,2,2,0,0,0,0,0
M75,mixed_endpoint_50095,0,0,0,0,0,0,0,0,1,269,14,2,1,0,0,0,0,0
LPC,mixed_endpoint_50095,17,0,0,17,0,7,32,0,3,279,16,0,0,17,0,0,0,7
previous_best,mixed_endpoint_50096,21,5,0,18,0,0,0,0,5,251,20,0,0,0,0,0,0,0
S_all,mixed_endpoint_50096,34,0,0,31,0,0,0,0,8,297,23,0,0,0,0,0,0,0
L30,mixed_endpoint_50096,0,0,0,0,0,0,0,0,7,242,22,0,0,0,0,0,0,0
P1,mixed_endpoint_50096,17,0,0,16,0,0,0,0,4,275,19,0,0,17,0,0,0,0
L90,mixed_endpoint_50096,0,0,0,0,0,0,0,0,4,254,19,0,0,0,0,0,0,0
F60,mixed_endpoint_50096,0,0,0,0,0,0,0,0,8,260,23,0,0,0,3,0,3,0
F120,mixed_endpoint_50096,0,0,0,0,0,0,0,0,7,257,22,0,0,0,17,9,8,0
P2,mixed_endpoint_50096,28,0,0,25,0,0,0,0,6,289,21,0,0,28,0,0,0,0
C15,mixed_endpoint_50096,0,0,0,0,0,10,71,0,14,249,29,0,0,0,0,0,0,10
C1,mixed_endpoint_50096,0,0,0,0,0,5,28,0,17,256,32,0,0,0,0,0,0,5
baseline,mixed_endpoint_50097,0,0,0,0,0,0,0,0,6,243,21,0,0,0,0,0,0,0
S_all,mixed_endpoint_50097,17,0,0,16,0,0,0,0,6,235,21,0,0,0,0,0,0,0
PC,mixed_endpoint_50096,16,0,0,15,0,8,55,0,19,257,34,0,0,16,0,0,0,8
M50,mixed_endpoint_50096,0,0,0,0,0,0,0,0,8,255,23,9,1,0,0,0,0,0
M75,mixed_endpoint_50096,0,0,0,0,0,0,0,0,2,263,17,3,1,0,0,0,0,0
LC,mixed_endpoint_50096,0,0,0,0,0,5,30,0,12,237,27,0,0,0,0,0,0,5
previous_best,mixed_endpoint_50097,14,10,2,11,0,0,0,0,8,255,23,0,0,0,0,0,0,0
L90,mixed_endpoint_50097,0,0,0,0,0,0,0,0,7,217,22,0,0,0,0,0,0,0
LPC,mixed_endpoint_50096,16,0,0,12,0,7,38,0,7,261,22,0,0,16,0,0,0,7
L30,mixed_endpoint_50097,0,0,0,0,0,0,0,0,7,250,22,0,0,0,0,0,0,0
P2,mixed_endpoint_50097,17,0,0,16,0,0,0,0,6,235,21,0,0,17,0,0,0,0
P1,mixed_endpoint_50097,17,0,0,16,0,0,0,0,5,234,20,0,0,17,0,0,0,0
F60,mixed_endpoint_50097,0,0,0,0,0,0,0,0,6,243,21,0,0,0,2,2,0,0
F120,mixed_endpoint_50097,0,0,0,0,0,0,0,0,7,245,22,0,0,0,12,6,6,0
C15,mixed_endpoint_50097,0,0,0,0,0,7,51,0,18,235,33,0,0,0,0,0,0,7
C1,mixed_endpoint_50097,0,0,0,0,0,5,27,0,14,238,29,0,0,0,0,0,0,5
M50,mixed_endpoint_50097,0,0,0,0,0,0,0,0,5,243,20,7,2,0,0,0,0,0
baseline,mixed_endpoint_50098,0,0,0,0,0,0,0,0,6,254,22,0,0,0,0,0,0,0
previous_best,mixed_endpoint_50098,13,10,5,13,0,0,0,0,5,234,21,0,0,0,0,0,0,0
PC,mixed_endpoint_50097,15,0,0,13,0,10,64,0,21,214,36,0,0,15,0,0,0,10
M75,mixed_endpoint_50097,0,0,0,0,0,0,0,0,5,263,20,7,2,0,0,0,0,0
LPC,mixed_endpoint_50097,12,0,0,11,0,6,36,0,9,249,24,0,0,12,0,0,0,6
LC,mixed_endpoint_50097,0,0,0,0,0,6,34,0,13,244,28,0,0,0,0,0,0,6
S_all,mixed_endpoint_50098,29,0,0,27,0,0,0,0,13,266,29,0,0,0,0,0,0,0
P1,mixed_endpoint_50098,25,0,0,24,0,0,0,0,11,259,27,0,0,25,0,0,0,0
F60,mixed_endpoint_50098,0,0,0,0,0,0,0,0,6,254,22,0,0,0,4,0,4,0
L30,mixed_endpoint_50098,0,0,0,0,0,0,0,0,3,212,19,0,0,0,0,0,0,0
F120,mixed_endpoint_50098,0,0,0,0,0,0,0,0,6,255,22,0,0,0,15,9,6,0
L90,mixed_endpoint_50098,0,0,0,0,0,0,0,0,10,210,26,0,0,0,0,0,0,0
C1,mixed_endpoint_50098,0,0,0,0,0,5,20,0,10,245,26,0,0,0,0,0,0,5
C15,mixed_endpoint_50098,0,0,0,0,0,10,60,0,18,245,34,0,0,0,0,0,0,10
P2,mixed_endpoint_50098,27,0,0,25,0,0,0,0,13,263,29,0,0,27,0,0,0,0
M50,mixed_endpoint_50098,0,0,0,0,0,0,0,0,5,253,21,10,5,0,0,0,0,0
PC,mixed_endpoint_50098,18,0,0,17,0,10,65,0,18,240,34,0,0,18,0,0,0,10
M75,mixed_endpoint_50098,0,0,0,0,0,0,0,0,2,224,18,4,2,0,0,0,0,0
baseline,mixed_endpoint_50099,0,0,0,0,0,0,0,0,10,187,26,0,0,0,0,0,0,0
L30,mixed_endpoint_50099,0,0,0,0,0,0,0,0,4,195,20,0,0,0,0,0,0,0
L90,mixed_endpoint_50099,0,0,0,0,0,0,0,0,8,112,24,0,0,0,0,0,0,0
S_all,mixed_endpoint_50099,30,0,0,27,0,0,0,0,6,144,22,0,0,0,0,0,0,0
LC,mixed_endpoint_50098,0,0,0,0,0,4,21,0,6,209,22,0,0,0,0,0,0,4
LPC,mixed_endpoint_50098,19,0,0,16,0,8,51,0,16,273,32,0,0,19,0,0,0,8
P1,mixed_endpoint_50099,25,0,0,22,0,0,0,0,4,136,20,0,0,25,0,0,0,0
previous_best,mixed_endpoint_50099,20,13,2,17,0,0,0,0,11,227,27,0,0,0,0,0,0,0
P2,mixed_endpoint_50099,30,0,0,27,0,0,0,0,6,144,22,0,0,30,0,0,0,0
F120,mixed_endpoint_50099,0,0,0,0,0,0,0,0,9,183,25,0,0,0,19,11,8,0
F60,mixed_endpoint_50099,0,0,0,0,0,0,0,0,10,187,26,0,0,0,4,1,3,0
C1,mixed_endpoint_50099,0,0,0,0,0,5,31,0,10,153,26,0,0,0,0,0,0,5
C15,mixed_endpoint_50099,0,0,0,0,0,6,43,0,15,152,31,0,0,0,0,0,0,6
LC,mixed_endpoint_50099,0,0,0,0,0,5,27,0,10,191,26,0,0,0,0,0,0,5
baseline,mixed_endpoint_50100,0,0,0,0,0,0,0,0,4,242,19,0,0,0,0,0,0,0
M50,mixed_endpoint_50099,0,0,0,0,0,0,0,0,7,182,23,9,2,0,0,0,0,0
PC,mixed_endpoint_50099,23,0,0,20,0,6,46,0,25,131,41,0,0,23,0,0,0,6
M75,mixed_endpoint_50099,0,0,0,0,0,1,7,0,10,213,26,7,1,0,0,0,0,0
S_all,mixed_endpoint_50100,29,0,0,25,0,0,0,0,6,269,21,0,0,0,0,0,0,0
LPC,mixed_endpoint_50099,18,0,0,16,0,7,41,0,11,167,27,0,0,18,0,0,0,7
previous_best,mixed_endpoint_50100,22,13,5,19,0,0,0,0,8,263,23,0,0,0,0,0,0,0
P1,mixed_endpoint_50100,21,0,0,19,0,0,0,0,7,253,22,0,0,21,0,0,0,0
F120,mixed_endpoint_50100,0,0,0,0,0,0,0,0,2,255,17,0,0,0,11,8,3,0
L30,mixed_endpoint_50100,0,0,0,0,0,0,0,0,5,191,20,0,0,0,0,0,0,0
P2,mixed_endpoint_50100,26,0,0,22,0,0,0,0,4,274,19,0,0,26,0,0,0,0
F60,mixed_endpoint_50100,0,0,0,0,0,0,0,0,4,242,19,0,0,0,0,0,0,0
C1,mixed_endpoint_50100,0,0,0,0,0,1,10,0,12,242,27,0,0,0,0,0,0,1
C15,mixed_endpoint_50100,0,0,0,0,0,6,54,0,39,239,54,0,0,0,0,0,0,6
L90,mixed_endpoint_50100,0,0,0,0,0,0,0,0,8,201,23,0,0,0,0,0,0,0
M75,mixed_endpoint_50100,0,0,0,0,0,0,0,0,2,243,17,2,0,0,0,0,0,0
baseline,mixed_endpoint_50101,0,0,0,0,0,0,0,0,7,328,17,0,0,0,0,0,0,0
M50,mixed_endpoint_50100,0,0,0,0,0,0,0,0,5,244,20,5,0,0,0,0,0,0
S_all,mixed_endpoint_50101,10,0,0,10,0,0,0,0,5,328,15,0,0,0,0,0,0,0
previous_best,mixed_endpoint_50101,10,9,3,9,0,0,0,0,6,310,16,0,0,0,0,0,0,0
PC,mixed_endpoint_50100,15,0,0,15,0,8,53,0,14,238,29,0,0,15,0,0,0,8
LC,mixed_endpoint_50100,0,0,0,0,0,5,24,0,11,186,26,0,0,0,0,0,0,5
L90,mixed_endpoint_50101,0,0,0,0,0,0,0,0,3,303,13,0,0,0,0,0,0,0
LPC,mixed_endpoint_50100,14,0,0,12,0,6,38,0,14,185,29,0,0,14,0,0,0,6
P2,mixed_endpoint_50101,10,0,0,10,0,0,0,0,5,328,15,0,0,10,0,0,0,0
L30,mixed_endpoint_50101,0,0,0,0,0,1,6,0,6,331,16,0,0,0,0,0,0,0
F60,mixed_endpoint_50101,0,0,0,0,0,0,0,0,7,328,17,0,0,0,2,1,1,0
P1,mixed_endpoint_50101,9,0,0,9,0,0,0,0,5,327,15,0,0,9,0,0,0,0
F120,mixed_endpoint_50101,0,0,0,0,0,0,0,0,7,328,17,0,0,0,13,8,5,0
C1,mixed_endpoint_50101,0,0,0,0,0,2,12,0,11,324,21,0,0,0,0,0,0,2
C15,mixed_endpoint_50101,0,0,0,0,0,5,32,0,16,321,26,0,0,0,0,0,0,5
M50,mixed_endpoint_50101,0,0,0,0,0,0,0,0,4,323,14,4,0,0,0,0,0,0
M75,mixed_endpoint_50101,0,0,0,0,0,0,0,0,2,325,12,2,0,0,0,0,0,0
PC,mixed_endpoint_50101,6,0,0,6,0,5,35,0,24,321,34,0,0,6,0,0,0,5
LC,mixed_endpoint_50101,0,0,0,0,0,6,26,0,8,327,18,0,0,0,0,0,0,5
baseline,mixed_endpoint_50102,0,0,0,0,0,0,0,0,8,226,24,0,0,0,0,0,0,0
LPC,mixed_endpoint_50101,12,0,0,9,0,2,11,0,9,331,19,0,0,12,0,0,0,2
S_all,mixed_endpoint_50102,22,0,0,20,0,0,0,0,4,263,20,0,0,0,0,0,0,0
previous_best,mixed_endpoint_50102,27,8,0,26,0,0,0,0,8,249,24,0,0,0,0,0,0,0
F60,mixed_endpoint_50102,0,0,0,0,0,0,0,0,8,226,24,0,0,0,2,0,2,0
L30,mixed_endpoint_50102,0,0,0,0,0,0,0,0,11,249,27,0,0,0,0,0,0,0
P1,mixed_endpoint_50102,22,0,0,20,0,0,0,0,4,263,20,0,0,22,0,0,0,0
F120,mixed_endpoint_50102,0,0,0,0,0,0,0,0,9,228,25,0,0,0,19,10,9,0
P2,mixed_endpoint_50102,22,0,0,20,0,0,0,0,4,263,20,0,0,22,0,0,0,0
C15,mixed_endpoint_50102,0,0,0,0,0,10,63,0,13,218,29,0,0,0,0,0,0,10
C1,mixed_endpoint_50102,0,0,0,0,0,3,12,0,10,223,26,0,0,0,0,0,0,3
M50,mixed_endpoint_50102,0,0,0,0,0,0,0,0,7,226,23,9,2,0,0,0,0,0
L90,mixed_endpoint_50102,0,0,0,0,0,0,0,0,16,169,32,0,0,0,0,0,0,0
baseline,mixed_endpoint_50103,0,0,0,0,0,0,0,0,7,238,21,0,0,0,0,0,0,0
M75,mixed_endpoint_50102,0,0,0,0,0,0,0,0,5,233,21,8,3,0,0,0,0,0
PC,mixed_endpoint_50102,21,0,0,19,0,4,27,0,3,260,19,0,0,21,0,0,0,4
S_all,mixed_endpoint_50103,10,0,0,10,0,0,0,0,8,257,22,0,0,0,0,0,0,0
previous_best,mixed_endpoint_50103,14,6,3,13,0,0,0,0,3,245,17,0,0,0,0,0,0,0
LC,mixed_endpoint_50102,0,0,0,0,0,12,74,0,17,237,33,0,0,0,0,0,0,12
P1,mixed_endpoint_50103,8,0,0,8,0,0,0,0,1,264,15,0,0,8,0,0,0,0
L30,mixed_endpoint_50103,0,0,0,0,0,1,32,0,20,263,34,0,0,0,0,0,0,0
F120,mixed_endpoint_50103,0,0,0,0,0,0,0,0,2,232,16,0,0,0,11,7,4,0
P2,mixed_endpoint_50103,10,0,0,10,0,0,0,0,7,256,21,0,0,10,0,0,0,0
F60,mixed_endpoint_50103,0,0,0,0,0,0,0,0,7,238,21,0,0,0,0,0,0,0
LPC,mixed_endpoint_50102,20,0,0,18,0,9,52,0,9,143,25,0,0,20,0,0,0,9
C1,mixed_endpoint_50103,0,0,0,0,0,2,14,0,5,234,19,0,0,0,0,0,0,2
C15,mixed_endpoint_50103,0,0,0,0,0,6,49,0,26,230,40,0,0,0,0,0,0,6
L90,mixed_endpoint_50103,0,0,0,0,0,0,0,0,5,249,19,0,0,0,0,0,0,0
M50,mixed_endpoint_50103,0,0,0,0,0,0,0,0,7,239,21,7,0,0,0,0,0,0
M75,mixed_endpoint_50103,0,0,0,0,0,0,0,0,3,237,17,3,0,0,0,0,0,0
PC,mixed_endpoint_50103,8,0,0,8,0,4,24,0,8,263,22,0,0,8,0,0,0,4
S_all,mixed_endpoint_50104,18,0,0,17,0,0,0,0,5,239,20,0,0,0,0,0,0,0
previous_best,mixed_endpoint_50104,16,9,2,14,0,0,0,0,7,238,22,0,0,0,0,0,0,0
LC,mixed_endpoint_50103,0,0,0,0,0,3,18,0,5,240,19,0,0,0,0,0,0,3
baseline,mixed_endpoint_50104,0,0,0,0,0,0,0,0,6,263,21,0,0,0,0,0,0,0
LPC,mixed_endpoint_50103,11,0,0,11,0,4,19,0,7,255,21,0,0,11,0,0,0,4
L90,mixed_endpoint_50104,0,0,0,0,0,0,0,0,7,216,22,0,0,0,0,0,0,0
P1,mixed_endpoint_50104,17,0,0,16,0,0,0,0,2,234,17,0,0,17,0,0,0,0
L30,mixed_endpoint_50104,0,0,0,0,0,0,0,0,8,239,23,0,0,0,0,0,0,0
P2,mixed_endpoint_50104,18,0,0,17,0,0,0,0,5,239,20,0,0,18,0,0,0,0
F60,mixed_endpoint_50104,0,0,0,0,0,0,0,0,6,263,21,0,0,0,3,1,2,0
F120,mixed_endpoint_50104,0,0,0,0,0,0,0,0,4,229,19,0,0,0,15,10,5,0
C15,mixed_endpoint_50104,0,0,0,0,0,10,70,0,23,254,38,0,0,0,0,0,0,10
C1,mixed_endpoint_50104,0,0,0,0,0,4,22,0,12,259,27,0,0,0,0,0,0,4
baseline,mixed_endpoint_50105,0,0,0,0,0,0,0,0,3,328,13,0,0,0,0,0,0,0
PC,mixed_endpoint_50104,17,0,0,16,0,4,29,0,6,231,21,0,0,17,0,0,0,4
S_all,mixed_endpoint_50105,11,0,0,9,0,0,0,0,4,326,14,0,0,0,0,0,0,0
previous_best,mixed_endpoint_50105,9,6,3,8,0,0,0,0,3,317,13,0,0,0,0,0,0,0
M50,mixed_endpoint_50104,0,0,0,0,0,0,0,0,8,264,23,12,4,0,0,0,0,0
L90,mixed_endpoint_50105,0,0,0,0,0,0,0,0,4,347,14,0,0,0,0,0,0,0
M75,mixed_endpoint_50104,0,0,0,0,0,0,0,0,6,264,21,11,5,0,0,0,0,0
L30,mixed_endpoint_50105,0,0,0,0,0,1,35,0,38,368,48,0,0,0,0,0,0,0
P1,mixed_endpoint_50105,11,0,0,9,0,0,0,0,4,326,14,0,0,11,0,0,0,0
LC,mixed_endpoint_50104,0,0,0,0,0,7,41,0,17,229,32,0,0,0,0,0,0,7
LPC,mixed_endpoint_50104,12,0,0,10,0,6,44,0,25,234,40,0,0,12,0,0,0,6
P2,mixed_endpoint_50105,11,0,0,9,0,0,0,0,4,326,14,0,0,11,0,0,0,0
F60,mixed_endpoint_50105,0,0,0,0,0,0,0,0,3,328,13,0,0,0,0,0,0,0
F120,mixed_endpoint_50105,0,0,0,0,0,0,0,0,4,335,14,0,0,0,11,7,4,0
C15,mixed_endpoint_50105,0,0,0,0,0,5,43,0,16,324,26,0,0,0,0,0,0,5
C1,mixed_endpoint_50105,0,0,0,0,0,0,0,0,3,328,13,0,0,0,0,0,0,0
PC,mixed_endpoint_50105,10,0,0,9,0,5,38,0,2,320,12,0,0,10,0,0,0,5
M50,mixed_endpoint_50105,0,0,0,0,0,0,0,0,3,330,13,5,2,0,0,0,0,0
M75,mixed_endpoint_50105,0,0,0,0,0,0,0,0,1,330,11,3,2,0,0,0,0,0
baseline,mixed_endpoint_50106,0,0,0,0,0,0,0,0,5,282,19,0,0,0,0,0,0,0
previous_best,mixed_endpoint_50106,11,7,3,11,0,0,0,0,4,261,18,0,0,0,0,0,0,0
LPC,mixed_endpoint_50105,13,0,0,10,0,5,33,0,7,329,17,0,0,13,0,0,0,5
S_all,mixed_endpoint_50106,16,0,0,13,0,0,0,0,4,286,18,0,0,0,0,0,0,0
LC,mixed_endpoint_50105,0,0,0,0,0,3,50,0,35,365,45,0,0,0,0,0,0,2
L90,mixed_endpoint_50106,0,0,0,0,0,0,0,0,4,269,18,0,0,0,0,0,0,0
L30,mixed_endpoint_50106,0,0,0,0,0,0,0,0,6,290,20,0,0,0,0,0,0,0
P1,mixed_endpoint_50106,16,0,0,13,0,0,0,0,3,291,17,0,0,16,0,0,0,0
P2,mixed_endpoint_50106,15,0,0,12,0,0,0,0,3,284,17,0,0,15,0,0,0,0
F120,mixed_endpoint_50106,0,0,0,0,0,0,0,0,6,281,20,0,0,0,19,9,10,0
F60,mixed_endpoint_50106,0,0,0,0,0,0,0,0,5,282,19,0,0,0,1,0,1,0
C1,mixed_endpoint_50106,0,0,0,0,0,2,8,0,5,281,19,0,0,0,0,0,0,2
C15,mixed_endpoint_50106,0,0,0,0,0,6,36,0,11,278,25,0,0,0,0,0,0,6
M50,mixed_endpoint_50106,0,0,0,0,0,0,0,0,4,279,18,7,3,0,0,0,0,0
LC,mixed_endpoint_50106,0,0,0,0,0,6,44,0,18,283,32,0,0,0,0,0,0,6
M75,mixed_endpoint_50106,0,0,0,0,0,0,0,0,4,291,18,5,1,0,0,0,0,0
PC,mixed_endpoint_50106,13,0,0,11,0,5,31,0,5,286,19,0,0,13,0,0,0,5
LPC,mixed_endpoint_50106,11,0,0,9,0,4,35,0,19,273,33,0,0,11,0,0,0,4
baseline,mixed_endpoint_50107,0,0,0,0,0,0,0,0,4,286,19,0,0,0,0,0,0,0
S_all,mixed_endpoint_50107,20,0,0,17,0,0,0,0,6,290,21,0,0,0,0,0,0,0
previous_best,mixed_endpoint_50107,16,9,3,12,0,0,0,0,6,267,21,0,0,0,0,0,0,0
L90,mixed_endpoint_50107,0,0,0,0,0,0,0,0,8,279,23,0,0,0,0,0,0,0
P1,mixed_endpoint_50107,19,0,0,16,0,0,0,0,6,289,21,0,0,19,0,0,0,0
P2,mixed_endpoint_50107,20,0,0,17,0,0,0,0,6,290,21,0,0,20,0,0,0,0
L30,mixed_endpoint_50107,0,0,0,0,0,0,0,0,4,251,19,0,0,0,0,0,0,0
F60,mixed_endpoint_50107,0,0,0,0,0,0,0,0,4,286,19,0,0,0,0,0,0,0
F120,mixed_endpoint_50107,0,0,0,0,0,0,0,0,5,286,20,0,0,0,18,12,6,0
C15,mixed_endpoint_50107,0,0,0,0,0,5,40,0,18,281,33,0,0,0,0,0,0,5
C1,mixed_endpoint_50107,0,0,0,0,0,1,6,0,4,285,19,0,0,0,0,0,0,1
baseline,mixed_endpoint_50108,0,0,0,0,0,0,0,0,7,353,19,0,0,0,0,0,0,0
M50,mixed_endpoint_50107,0,0,0,0,0,0,0,0,4,286,19,5,1,0,0,0,0,0
PC,mixed_endpoint_50107,9,0,0,7,0,7,50,0,18,281,33,0,0,9,0,0,0,7
previous_best,mixed_endpoint_50108,19,9,3,15,0,0,0,0,6,284,18,0,0,0,0,0,0,0
S_all,mixed_endpoint_50108,13,0,0,10,0,0,0,0,7,357,19,0,0,0,0,0,0,0
LC,mixed_endpoint_50107,0,0,0,0,0,3,22,0,5,246,20,0,0,0,0,0,0,3
LPC,mixed_endpoint_50107,18,0,0,14,0,4,34,0,10,251,25,0,0,18,0,0,0,4
L90,mixed_endpoint_50108,0,0,0,0,0,1,4,0,10,366,22,0,0,0,0,0,0,0
M75,mixed_endpoint_50107,0,0,0,0,0,0,0,0,6,296,21,7,1,0,0,0,0,0
L30,mixed_endpoint_50108,0,0,0,0,0,1,4,0,8,352,20,0,0,0,0,0,0,0
F60,mixed_endpoint_50108,0,0,0,0,0,0,0,0,7,353,19,0,0,0,2,0,2,0
P1,mixed_endpoint_50108,11,0,0,9,0,0,0,0,8,314,20,0,0,11,0,0,0,0
P2,mixed_endpoint_50108,13,0,0,10,0,0,0,0,7,357,19,0,0,13,0,0,0,0
C1,mixed_endpoint_50108,0,0,0,0,0,3,18,0,11,348,23,0,0,0,0,0,0,3
F120,mixed_endpoint_50108,0,0,0,0,0,0,0,0,8,354,20,0,0,0,16,10,6,0
C15,mixed_endpoint_50108,0,0,0,0,0,9,78,0,23,340,35,0,0,0,0,0,0,9
LC,mixed_endpoint_50108,0,0,0,0,0,6,39,0,9,341,21,0,0,0,0,0,0,6
M75,mixed_endpoint_50108,0,0,0,0,0,0,0,0,3,334,15,4,1,0,0,0,0,0
M50,mixed_endpoint_50108,0,0,0,0,0,0,0,0,6,354,18,7,1,0,0,0,0,0
PC,mixed_endpoint_50108,11,0,0,9,0,7,44,0,29,298,41,0,0,11,0,0,0,7
baseline,mixed_endpoint_50109,0,0,0,0,0,0,0,0,5,254,19,0,0,0,0,0,0,0
S_all,mixed_endpoint_50109,15,0,0,13,0,0,0,0,7,245,21,0,0,0,0,0,0,0
LPC,mixed_endpoint_50108,12,0,0,11,0,6,38,0,14,342,26,0,0,12,0,0,0,6
L90,mixed_endpoint_50109,0,0,0,0,0,0,0,0,4,238,18,0,0,0,0,0,0,0
L30,mixed_endpoint_50109,0,0,0,0,0,0,0,0,5,242,19,0,0,0,0,0,0,0
previous_best,mixed_endpoint_50109,14,11,1,11,0,1,37,0,46,272,60,0,0,0,0,0,0,0
F60,mixed_endpoint_50109,0,0,0,0,0,0,0,0,5,254,19,0,0,0,3,0,3,0
F120,mixed_endpoint_50109,0,0,0,0,0,0,0,0,6,255,20,0,0,0,14,8,6,0
P2,mixed_endpoint_50109,15,0,0,13,0,0,0,0,7,246,21,0,0,15,0,0,0,0
C1,mixed_endpoint_50109,0,0,0,0,0,5,20,0,11,249,25,0,0,0,0,0,0,5
P1,mixed_endpoint_50109,16,0,0,14,0,0,0,0,9,251,23,0,0,16,0,0,0,0
C15,mixed_endpoint_50109,0,0,0,0,0,7,28,0,9,249,23,0,0,0,0,0,0,7
baseline,mixed_endpoint_50110,0,0,0,0,0,0,0,0,5,306,18,0,0,0,0,0,0,0
M50,mixed_endpoint_50109,0,0,0,0,0,0,0,0,8,230,22,11,3,0,0,0,0,0
S_all,mixed_endpoint_50110,22,0,0,20,0,0,0,0,6,266,19,0,0,0,0,0,0,0
PC,mixed_endpoint_50109,14,0,0,12,0,8,49,0,18,240,32,0,0,14,0,0,0,8
previous_best,mixed_endpoint_50110,14,6,2,11,0,0,0,0,4,301,17,0,0,0,0,0,0,0
LC,mixed_endpoint_50109,0,0,0,0,0,5,26,0,5,237,19,0,0,0,0,0,0,5
L30,mixed_endpoint_50110,0,0,0,0,0,0,0,0,6,276,19,0,0,0,0,0,0,0
L90,mixed_endpoint_50110,0,0,0,0,0,0,0,0,9,296,22,0,0,0,0,0,0,0
M75,mixed_endpoint_50109,0,0,0,0,0,0,0,0,2,242,16,6,4,0,0,0,0,0
LPC,mixed_endpoint_50109,15,0,0,14,0,6,34,0,9,251,23,0,0,15,0,0,0,6
F60,mixed_endpoint_50110,0,0,0,0,0,0,0,0,5,306,18,0,0,0,2,0,2,0
P1,mixed_endpoint_50110,21,0,0,18,0,0,0,0,6,287,19,0,0,21,0,0,0,0
P2,mixed_endpoint_50110,22,0,0,20,0,0,0,0,6,266,19,0,0,22,0,0,0,0
F120,mixed_endpoint_50110,0,0,0,0,0,0,0,0,5,310,18,0,0,0,10,3,7,0
C15,mixed_endpoint_50110,0,0,0,0,0,6,44,0,17,301,30,0,0,0,0,0,0,6
C1,mixed_endpoint_50110,0,0,0,0,0,2,12,0,11,305,24,0,0,0,0,0,0,2
M50,mixed_endpoint_50110,0,0,0,0,0,0,0,0,6,307,19,7,1,0,0,0,0,0
M75,mixed_endpoint_50110,0,0,0,0,0,0,0,0,2,308,15,3,1,0,0,0,0,0
LC,mixed_endpoint_50110,0,0,0,0,0,7,47,0,13,269,26,0,0,0,0,0,0,7
PC,mixed_endpoint_50110,13,0,0,11,0,6,53,0,27,269,40,0,0,13,0,0,0,6
S_all,mixed_endpoint_50111,12,0,0,10,0,0,0,0,4,349,14,0,0,0,0,0,0,0
baseline,mixed_endpoint_50111,0,0,0,0,0,0,0,0,3,331,13,0,0,0,0,0,0,0
previous_best,mixed_endpoint_50111,11,5,0,9,0,0,0,0,5,308,15,0,0,0,0,0,0,0
F60,mixed_endpoint_50111,0,0,0,0,0,0,0,0,3,331,13,0,0,0,0,0,0,0
P1,mixed_endpoint_50111,13,0,0,11,0,0,0,0,6,354,16,0,0,13,0,0,0,0
F120,mixed_endpoint_50111,0,0,0,0,0,0,0,0,3,331,13,0,0,0,10,7,3,0
P2,mixed_endpoint_50111,13,0,0,10,0,0,0,0,6,352,16,0,0,13,0,0,0,0
L30,mixed_endpoint_50111,0,0,0,0,0,0,0,0,5,332,15,0,0,0,0,0,0,0
L90,mixed_endpoint_50111,0,0,0,0,0,0,0,0,7,330,17,0,0,0,0,0,0,0
C15,mixed_endpoint_50111,0,0,0,0,0,4,28,0,6,328,16,0,0,0,0,0,0,4
LPC,mixed_endpoint_50110,15,0,0,14,0,7,48,0,5,258,18,0,0,15,0,0,0,7
C1,mixed_endpoint_50111,0,0,0,0,0,1,4,0,5,330,15,0,0,0,0,0,0,1
PC,mixed_endpoint_50111,9,0,0,8,0,4,41,0,11,343,21,0,0,9,0,0,0,4
M50,mixed_endpoint_50111,0,0,0,0,0,0,0,0,3,332,13,4,1,0,0,0,0,0
baseline,mixed_endpoint_50112,0,0,0,0,0,0,0,0,5,270,19,0,0,0,0,0,0,0
LPC,mixed_endpoint_50111,13,0,0,12,0,7,49,0,12,342,22,0,0,13,0,0,0,7
previous_best,mixed_endpoint_50112,13,10,5,9,0,0,0,0,5,287,19,0,0,0,0,0,0,0
M75,mixed_endpoint_50111,0,0,0,0,0,0,0,0,2,335,12,2,0,0,0,0,0,0
LC,mixed_endpoint_50111,0,0,0,0,0,6,30,0,6,325,16,0,0,0,0,0,0,6
S_all,mixed_endpoint_50112,19,0,0,18,0,0,0,0,4,330,18,0,0,0,0,0,0,0
L30,mixed_endpoint_50112,0,0,0,0,0,0,0,0,7,275,21,0,0,0,0,0,0,0
P1,mixed_endpoint_50112,18,0,0,17,0,0,0,0,4,330,18,0,0,18,0,0,0,0
L90,mixed_endpoint_50112,0,0,0,0,0,0,0,0,8,298,22,0,0,0,0,0,0,0
F120,mixed_endpoint_50112,0,0,0,0,0,0,0,0,5,261,19,0,0,0,12,7,5,0
F60,mixed_endpoint_50112,0,0,0,0,0,0,0,0,5,270,19,0,0,0,1,0,1,0
P2,mixed_endpoint_50112,19,0,0,18,0,0,0,0,4,330,18,0,0,19,0,0,0,0
C1,mixed_endpoint_50112,0,0,0,0,0,2,10,0,7,268,21,0,0,0,0,0,0,2
C15,mixed_endpoint_50112,0,0,0,0,0,5,27,0,8,266,22,0,0,0,0,0,0,5
M50,mixed_endpoint_50112,0,0,0,0,0,0,0,0,5,270,19,6,1,0,0,0,0,0
LC,mixed_endpoint_50112,0,0,0,0,0,11,73,0,24,269,38,0,0,0,0,0,0,11
M75,mixed_endpoint_50112,0,0,0,0,0,0,0,0,4,271,18,5,1,0,0,0,0,0
S_all,mixed_endpoint_50113,18,0,0,12,0,0,0,0,6,269,22,0,0,0,0,0,0,0
baseline,mixed_endpoint_50113,0,0,0,0,0,0,0,0,5,207,21,0,0,0,0,0,0,0
LPC,mixed_endpoint_50112,11,0,0,10,0,7,99,0,69,289,83,0,0,11,0,0,0,6
PC,mixed_endpoint_50112,18,0,0,17,0,4,19,0,11,325,25,0,0,18,0,0,0,4
previous_best,mixed_endpoint_50113,20,10,4,18,0,0,0,0,6,241,22,0,0,0,0,0,0,0
L30,mixed_endpoint_50113,0,0,0,0,0,0,0,0,5,225,21,0,0,0,0,0,0,0
L90,mixed_endpoint_50113,0,0,0,0,0,0,0,0,6,213,22,0,0,0,0,0,0,0
P2,mixed_endpoint_50113,18,0,0,12,0,0,0,0,6,269,22,0,0,18,0,0,0,0
P1,mixed_endpoint_50113,13,0,0,10,0,0,0,0,7,252,23,0,0,13,0,0,0,0
F120,mixed_endpoint_50113,0,0,0,0,0,0,0,0,6,223,22,0,0,0,12,6,6,0
F60,mixed_endpoint_50113,0,0,0,0,0,0,0,0,5,206,21,0,0,0,1,0,1,0
C15,mixed_endpoint_50113,0,0,0,0,0,9,60,0,18,217,34,0,0,0,0,0,0,9
C1,mixed_endpoint_50113,0,0,0,0,0,2,11,0,7,204,23,0,0,0,0,0,0,2
M50,mixed_endpoint_50113,0,0,0,0,0,0,0,0,8,210,24,8,0,0,0,0,0,0
baseline,mixed_endpoint_50114,0,0,0,0,0,0,0,0,1,318,11,0,0,0,0,0,0,0
S_all,mixed_endpoint_50114,5,0,0,5,0,0,0,0,2,327,12,0,0,0,0,0,0,0
L30,mixed_endpoint_50114,0,0,0,0,0,0,0,0,2,317,12,0,0,0,0,0,0,0
M75,mixed_endpoint_50113,0,0,0,0,0,0,0,0,7,211,23,7,0,0,0,0,0,0
PC,mixed_endpoint_50113,13,0,0,12,0,11,74,0,17,249,33,0,0,13,0,0,0,11
previous_best,mixed_endpoint_50114,10,8,1,10,0,0,0,0,7,342,17,0,0,0,0,0,0,0
L90,mixed_endpoint_50114,0,0,0,0,0,0,0,0,6,342,16,0,0,0,0,0,0,0
P1,mixed_endpoint_50114,5,0,0,5,0,0,0,0,2,327,12,0,0,5,0,0,0,0
P2,mixed_endpoint_50114,5,0,0,5,0,0,0,0,2,327,12,0,0,5,0,0,0,0
F60,mixed_endpoint_50114,0,0,0,0,0,0,0,0,1,318,11,0,0,0,0,0,0,0
LC,mixed_endpoint_50113,0,0,0,0,0,7,50,0,19,218,35,0,0,0,0,0,0,7
LPC,mixed_endpoint_50113,14,0,0,14,0,9,56,0,9,212,25,0,0,14,0,0,0,9
F120,mixed_endpoint_50114,0,0,0,0,0,0,0,0,1,318,11,0,0,0,7,5,2,0
C1,mixed_endpoint_50114,0,0,0,0,0,0,0,0,1,318,11,0,0,0,0,0,0,0
C15,mixed_endpoint_50114,0,0,0,0,0,2,11,0,0,317,10,0,0,0,0,0,0,2
M50,mixed_endpoint_50114,0,0,0,0,0,0,0,0,1,318,11,2,1,0,0,0,0,0
M75,mixed_endpoint_50114,0,0,0,0,0,0,0,0,1,318,11,2,1,0,0,0,0,0
PC,mixed_endpoint_50114,5,0,0,5,0,3,15,0,0,325,10,0,0,5,0,0,0,3
LC,mixed_endpoint_50114,0,0,0,0,0,4,20,0,6,315,16,0,0,0,0,0,0,4
baseline,mixed_endpoint_50115,0,0,0,0,0,0,0,0,5,270,19,0,0,0,0,0,0,0
LPC,mixed_endpoint_50114,9,0,0,9,0,4,23,0,11,312,21,0,0,9,0,0,0,4
S_all,mixed_endpoint_50115,13,0,0,12,0,0,0,0,7,285,21,0,0,0,0,0,0,0
L90,mixed_endpoint_50115,0,0,0,0,0,0,0,0,5,254,19,0,0,0,0,0,0,0
F120,mixed_endpoint_50115,0,0,0,0,0,0,0,0,4,273,18,0,0,0,7,2,5,0
P1,mixed_endpoint_50115,13,0,0,12,0,0,0,0,7,286,21,0,0,13,0,0,0,0
L30,mixed_endpoint_50115,0,0,0,0,0,1,62,0,65,264,79,0,0,0,0,0,0,0
F60,mixed_endpoint_50115,0,0,0,0,0,0,0,0,5,270,19,0,0,0,3,3,0,0
P2,mixed_endpoint_50115,13,0,0,12,0,0,0,0,7,285,21,0,0,13,0,0,0,0
previous_best,mixed_endpoint_50115,11,8,2,10,0,0,0,0,6,253,20,0,0,0,0,0,0,0
C15,mixed_endpoint_50115,0,0,0,0,0,5,36,0,11,261,25,0,0,0,0,0,0,5
C1,mixed_endpoint_50115,0,0,0,0,0,1,4,0,5,265,19,0,0,0,0,0,0,1
baseline,mixed_endpoint_50116,0,0,0,0,0,0,0,0,4,280,15,0,0,0,0,0,0,0
S_all,mixed_endpoint_50116,17,0,0,14,0,0,0,0,6,336,17,0,0,0,0,0,0,0
M75,mixed_endpoint_50115,0,0,0,0,0,0,0,0,2,270,16,6,4,0,0,0,0,0
LPC,mixed_endpoint_50115,12,0,0,11,0,3,77,0,61,276,75,0,0,12,0,0,0,2
LC,mixed_endpoint_50115,0,0,0,0,0,5,78,0,63,260,77,0,0,0,0,0,0,4
PC,mixed_endpoint_50115,12,0,0,11,0,8,57,0,19,275,33,0,0,12,0,0,0,8
M50,mixed_endpoint_50115,0,0,0,0,0,0,0,0,5,270,19,9,4,0,0,0,0,0
previous_best,mixed_endpoint_50116,15,8,3,13,0,0,0,0,5,314,16,0,0,0,0,0,0,0
L90,mixed_endpoint_50116,0,0,0,0,0,0,0,0,3,265,14,0,0,0,0,0,0,0
L30,mixed_endpoint_50116,0,0,0,0,0,1,39,0,22,331,33,0,0,0,0,0,0,0
P1,mixed_endpoint_50116,15,0,0,14,0,0,0,0,6,340,17,0,0,15,0,0,0,0
F120,mixed_endpoint_50116,0,0,0,0,0,0,0,0,4,280,15,0,0,0,11,7,4,0
F60,mixed_endpoint_50116,0,0,0,0,0,0,0,0,4,280,15,0,0,0,3,1,2,0
C15,mixed_endpoint_50116,0,0,0,0,0,4,27,0,19,275,30,0,0,0,0,0,0,4
P2,mixed_endpoint_50116,17,0,0,14,0,0,0,0,6,336,17,0,0,17,0,0,0,0
C1,mixed_endpoint_50116,0,0,0,0,0,1,6,0,4,279,15,0,0,0,0,0,0,1
M50,mixed_endpoint_50116,0,0,0,0,0,0,0,0,3,278,14,4,1,0,0,0,0,0
M75,mixed_endpoint_50116,0,0,0,0,0,0,0,0,6,284,17,7,1,0,0,0,0,0
PC,mixed_endpoint_50116,15,0,0,14,0,5,38,0,20,333,31,0,0,15,0,0,0,5
S_all,mixed_endpoint_50117,15,0,0,15,0,0,0,0,3,292,14,0,0,0,0,0,0,0
baseline,mixed_endpoint_50117,0,0,0,0,0,0,0,0,4,323,15,0,0,0,0,0,0,0
LC,mixed_endpoint_50116,0,0,0,0,0,6,70,0,22,327,33,0,0,0,0,0,0,5
P1,mixed_endpoint_50117,16,0,0,16,0,0,0,0,3,300,14,0,0,16,0,0,0,0
L90,mixed_endpoint_50117,0,0,0,0,0,0,0,0,6,336,17,0,0,0,0,0,0,0
L30,mixed_endpoint_50117,0,0,0,0,0,0,0,0,6,339,17,0,0,0,0,0,0,0
previous_best,mixed_endpoint_50117,13,7,0,13,0,0,0,0,7,323,18,0,0,0,0,0,0,0
LPC,mixed_endpoint_50116,10,0,0,9,0,6,72,0,22,324,33,0,0,10,0,0,0,5
F120,mixed_endpoint_50117,0,0,0,0,0,0,0,0,5,328,16,0,0,0,11,7,4,0
P2,mixed_endpoint_50117,15,0,0,15,0,0,0,0,3,292,14,0,0,15,0,0,0,0
F60,mixed_endpoint_50117,0,0,0,0,0,0,0,0,4,323,15,0,0,0,2,0,2,0
C1,mixed_endpoint_50117,0,0,0,0,0,4,16,0,8,320,19,0,0,0,0,0,0,4
C15,mixed_endpoint_50117,0,0,0,0,0,5,23,0,5,319,16,0,0,0,0,0,0,5
LPC,mixed_endpoint_50117,8,0,0,8,0,5,31,0,10,327,21,0,0,8,0,0,0,5
PC,mixed_endpoint_50117,13,0,0,13,0,3,20,0,8,306,19,0,0,13,0,0,0,3
M50,mixed_endpoint_50117,0,0,0,0,0,0,0,0,4,328,15,5,1,0,0,0,0,0
M75,mixed_endpoint_50117,0,0,0,0,0,0,0,0,2,299,13,2,0,0,0,0,0,0
baseline,mixed_endpoint_50118,0,0,0,0,0,0,0,0,7,234,22,0,0,0,0,0,0,0
LC,mixed_endpoint_50117,0,0,0,0,0,7,32,0,5,333,16,0,0,0,0,0,0,7
S_all,mixed_endpoint_50118,22,0,0,21,0,0,0,0,5,269,20,0,0,0,0,0,0,0
previous_best,mixed_endpoint_50118,13,10,5,11,0,0,0,0,5,236,20,0,0,0,0,0,0,0
P1,mixed_endpoint_50118,20,0,0,19,0,0,0,0,4,266,19,0,0,20,0,0,0,0
F120,mixed_endpoint_50118,0,0,0,0,0,0,0,0,7,234,22,0,0,0,12,6,6,0
P2,mixed_endpoint_50118,23,0,0,22,0,0,0,0,4,269,19,0,0,23,0,0,0,0
F60,mixed_endpoint_50118,0,0,0,0,0,0,0,0,7,234,22,0,0,0,2,0,2,0
L30,mixed_endpoint_50118,0,0,0,0,0,1,42,0,46,312,61,0,0,0,0,0,0,0
L90,mixed_endpoint_50118,0,0,0,0,0,0,0,0,4,237,19,0,0,0,0,0,0,0
C15,mixed_endpoint_50118,0,0,0,0,0,8,56,0,28,236,43,0,0,0,0,0,0,8
C1,mixed_endpoint_50118,0,0,0,0,0,3,12,0,9,232,24,0,0,0,0,0,0,3
baseline,mixed_endpoint_50119,0,0,0,0,0,0,0,0,5,165,21,0,0,0,0,0,0,0
M50,mixed_endpoint_50118,0,0,0,0,0,0,0,0,6,308,21,8,2,0,0,0,0,0
PC,mixed_endpoint_50118,16,0,0,15,0,9,61,0,27,245,42,0,0,16,0,0,0,9
M75,mixed_endpoint_50118,0,0,0,0,0,0,0,0,5,310,20,7,2,0,0,0,0,0
previous_best,mixed_endpoint_50119,22,8,3,22,0,0,0,0,5,171,21,0,0,0,0,0,0,0
LPC,mixed_endpoint_50118,15,0,0,12,0,5,34,0,18,244,33,0,0,15,0,0,0,5
LC,mixed_endpoint_50118,0,0,0,0,0,7,77,0,51,306,66,0,0,0,0,0,0,6
S_all,mixed_endpoint_50119,16,0,0,15,0,0,0,0,6,173,22,0,0,0,0,0,0,0
P1,mixed_endpoint_50119,16,0,0,15,0,0,0,0,2,156,18,0,0,16,0,0,0,0
F60,mixed_endpoint_50119,0,0,0,0,0,0,0,0,5,165,21,0,0,0,2,0,2,0
F120,mixed_endpoint_50119,0,0,0,0,0,0,0,0,5,165,21,0,0,0,12,6,6,0
P2,mixed_endpoint_50119,16,0,0,15,0,0,0,0,5,172,21,0,0,16,0,0,0,0
L30,mixed_endpoint_50119,0,0,0,0,0,0,0,0,1,202,17,0,0,0,0,0,0,0
C15,mixed_endpoint_50119,0,0,0,0,0,6,43,0,27,158,43,0,0,0,0,0,0,6
L90,mixed_endpoint_50119,0,0,0,0,0,0,0,0,7,175,23,0,0,0,0,0,0,0
C1,mixed_endpoint_50119,0,0,0,0,0,2,10,0,7,204,23,0,0,0,0,0,0,2
M50,mixed_endpoint_50119,0,0,0,0,0,0,0,0,4,164,20,6,2,0,0,0,0,0
M75,mixed_endpoint_50119,0,0,0,0,0,0,0,0,3,163,19,5,2,0,0,0,0,0
PC,mixed_endpoint_50119,16,0,0,15,0,5,29,0,3,154,19,0,0,16,0,0,0,5
baseline,mixed_endpoint_50120,0,0,0,0,0,0,0,0,1,209,17,0,0,0,0,0,0,0
LPC,mixed_endpoint_50119,18,0,0,17,0,5,40,0,18,160,34,0,0,18,0,0,0,5
LC,mixed_endpoint_50119,0,0,0,0,0,3,16,0,4,201,20,0,0,0,0,0,0,3
S_all,mixed_endpoint_50120,18,0,0,15,0,0,0,0,3,211,19,0,0,0,0,0,0,0
P1,mixed_endpoint_50120,15,0,0,12,0,0,0,0,4,206,20,0,0,15,0,0,0,0
P2,mixed_endpoint_50120,18,0,0,15,0,0,0,0,3,211,19,0,0,18,0,0,0,0
F120,mixed_endpoint_50120,0,0,0,0,0,0,0,0,1,209,17,0,0,0,9,6,3,0
F60,mixed_endpoint_50120,0,0,0,0,0,0,0,0,1,209,17,0,0,0,0,0,0,0
previous_best,mixed_endpoint_50120,20,11,3,18,0,0,0,0,8,231,24,0,0,0,0,0,0,0
L30,mixed_endpoint_50120,0,0,0,0,0,0,0,0,8,223,24,0,0,0,0,0,0,0
L90,mixed_endpoint_50120,0,0,0,0,0,0,0,0,10,238,26,0,0,0,0,0,0,0
C1,mixed_endpoint_50120,0,0,0,0,0,2,8,0,1,209,17,0,0,0,0,0,0,2
C15,mixed_endpoint_50120,0,0,0,0,0,2,8,0,1,209,17,0,0,0,0,0,0,2
baseline,mixed_endpoint_50121,0,0,0,0,0,0,0,0,7,376,17,0,0,0,0,0,0,0
M50,mixed_endpoint_50120,0,0,0,0,0,0,0,0,6,208,22,7,1,0,0,0,0,0
previous_best,mixed_endpoint_50121,8,4,3,6,0,0,0,0,1,354,11,0,0,0,0,0,0,0
S_all,mixed_endpoint_50121,10,0,0,8,0,0,0,0,6,378,16,0,0,0,0,0,0,0
PC,mixed_endpoint_50120,14,0,0,11,0,9,69,0,33,204,49,0,0,14,0,0,0,9
L30,mixed_endpoint_50121,0,0,0,0,0,0,0,0,4,346,14,0,0,0,0,0,0,0
M75,mixed_endpoint_50120,0,0,0,0,0,0,0,0,4,211,20,5,1,0,0,0,0,0
P1,mixed_endpoint_50121,9,0,0,7,0,0,0,0,6,377,16,0,0,9,0,0,0,0
L90,mixed_endpoint_50121,0,0,0,0,0,0,0,0,7,353,17,0,0,0,0,0,0,0
LC,mixed_endpoint_50120,0,0,0,0,0,8,52,0,20,216,36,0,0,0,0,0,0,8
P2,mixed_endpoint_50121,10,0,0,8,0,0,0,0,6,378,16,0,0,10,0,0,0,0
F120,mixed_endpoint_50121,0,0,0,0,0,0,0,0,7,376,17,0,0,0,16,9,7,0
F60,mixed_endpoint_50121,0,0,0,0,0,0,0,0,7,376,17,0,0,0,0,0,0,0
C1,mixed_endpoint_50121,0,0,0,0,0,3,12,0,7,373,17,0,0,0,0,0,0,3
C15,mixed_endpoint_50121,0,0,0,0,0,5,33,0,14,370,24,0,0,0,0,0,0,5
LPC,mixed_endpoint_50120,14,0,0,12,0,7,39,0,12,222,28,0,0,14,0,0,0,7
M50,mixed_endpoint_50121,0,0,0,0,0,0,0,0,4,380,14,5,1,0,0,0,0,0
M75,mixed_endpoint_50121,0,0,0,0,0,0,0,0,4,374,14,5,1,0,0,0,0,0
PC,mixed_endpoint_50121,6,0,0,4,0,6,47,0,24,369,34,0,0,6,0,0,0,6
LC,mixed_endpoint_50121,0,0,0,0,0,8,50,0,18,342,28,0,0,0,0,0,0,8
LPC,mixed_endpoint_50121,8,0,0,7,0,6,40,0,11,342,21,0,0,8,0,0,0,6
baseline,mixed_endpoint_50122,0,0,0,0,0,0,0,0,4,194,20,0,0,0,0,0,0,0
S_all,mixed_endpoint_50122,27,0,0,25,0,0,0,0,1,197,17,0,0,0,0,0,0,0
F120,mixed_endpoint_50122,0,0,0,0,0,0,0,0,2,194,18,0,0,0,14,11,3,0
P1,mixed_endpoint_50122,26,0,0,23,0,0,0,0,6,193,22,0,0,26,0,0,0,0
previous_best,mixed_endpoint_50122,16,12,2,15,0,0,0,0,10,231,26,0,0,0,0,0,0,0
P2,mixed_endpoint_50122,26,0,0,24,0,0,0,0,1,197,17,0,0,26,0,0,0,0
L90,mixed_endpoint_50122,0,0,0,0,0,0,0,0,7,212,23,0,0,0,0,0,0,0
F60,mixed_endpoint_50122,0,0,0,0,0,0,0,0,5,195,21,0,0,0,1,0,1,0
C1,mixed_endpoint_50122,0,0,0,0,0,4,22,0,21,162,37,0,0,0,0,0,0,4
L30,mixed_endpoint_50122,0,0,0,0,0,0,0,0,8,207,24,0,0,0,0,0,0,0
C15,mixed_endpoint_50122,0,0,0,0,0,9,69,0,27,158,43,0,0,0,0,0,0,9
previous_best,mixed_endpoint_50123,19,10,5,18,0,0,0,0,5,202,21,0,0,0,0,0,0,0
baseline,mixed_endpoint_50123,0,0,0,0,0,0,0,0,5,282,21,0,0,0,0,0,0,0
M50,mixed_endpoint_50122,0,0,0,0,0,0,0,0,4,194,20,7,3,0,0,0,0,0
S_all,mixed_endpoint_50123,14,0,0,13,0,0,0,0,3,232,19,0,0,0,0,0,0,0
L30,mixed_endpoint_50123,0,0,0,0,0,0,0,0,4,246,20,0,0,0,0,0,0,0
PC,mixed_endpoint_50122,20,0,0,18,0,8,52,0,13,190,29,0,0,20,0,0,0,8
M75,mixed_endpoint_50122,0,0,0,0,0,0,0,0,3,194,19,7,4,0,0,0,0,0
LC,mixed_endpoint_50122,0,0,0,0,0,8,55,0,25,198,41,0,0,0,0,0,0,8
LPC,mixed_endpoint_50122,15,0,0,12,0,11,108,0,28,176,44,0,0,15,0,0,0,10
L90,mixed_endpoint_50123,0,0,0,0,0,0,0,0,6,273,22,0,0,0,0,0,0,0
P1,mixed_endpoint_50123,13,0,0,12,0,0,0,0,4,238,20,0,0,13,0,0,0,0
P2,mixed_endpoint_50123,14,0,0,13,0,0,0,0,3,232,19,0,0,14,0,0,0,0
F60,mixed_endpoint_50123,0,0,0,0,0,0,0,0,5,282,21,0,0,0,2,0,2,0
F120,mixed_endpoint_50123,0,0,0,0,0,0,0,0,6,273,22,0,0,0,17,12,5,0
C15,mixed_endpoint_50123,0,0,0,0,0,5,33,0,20,278,36,0,0,0,0,0,0,5
C1,mixed_endpoint_50123,0,0,0,0,0,2,8,0,8,280,24,0,0,0,0,0,0,2
baseline,mixed_endpoint_50124,0,0,0,0,0,0,0,0,4,287,16,0,0,0,0,0,0,0
LC,mixed_endpoint_50123,0,0,0,0,0,8,51,0,23,242,39,0,0,0,0,0,0,8
M50,mixed_endpoint_50123,0,0,0,0,0,0,0,0,4,231,20,4,0,0,0,0,0,0
PC,mixed_endpoint_50123,15,0,0,13,0,8,61,0,25,227,41,0,0,15,0,0,0,8
LPC,mixed_endpoint_50123,14,0,0,12,0,10,69,0,28,250,44,0,0,14,0,0,0,10
S_all,mixed_endpoint_50124,13,0,0,13,0,0,0,0,2,273,14,0,0,0,0,0,0,0
M75,mixed_endpoint_50123,0,0,0,0,0,0,0,0,6,219,22,6,0,0,0,0,0,0
previous_best,mixed_endpoint_50124,16,8,3,15,0,0,0,0,5,271,17,0,0,0,0,0,0,0
P1,mixed_endpoint_50124,14,0,0,13,0,0,0,0,6,279,18,0,0,14,0,0,0,0
L30,mixed_endpoint_50124,0,0,0,0,0,0,0,0,5,291,17,0,0,0,0,0,0,0
P2,mixed_endpoint_50124,12,0,0,12,0,0,0,0,2,266,14,0,0,12,0,0,0,0
L90,mixed_endpoint_50124,0,0,0,0,0,0,0,0,4,305,16,0,0,0,0,0,0,0
F60,mixed_endpoint_50124,0,0,0,0,0,0,0,0,4,287,16,0,0,0,4,0,4,0
F120,mixed_endpoint_50124,0,0,0,0,0,0,0,0,3,286,15,0,0,0,11,7,4,0
C1,mixed_endpoint_50124,0,0,0,0,0,4,16,0,9,282,21,0,0,0,0,0,0,4
C15,mixed_endpoint_50124,0,0,0,0,0,4,16,0,7,282,19,0,0,0,0,0,0,4
PC,mixed_endpoint_50124,14,0,0,13,0,6,36,0,18,273,30,0,0,14,0,0,0,6
M50,mixed_endpoint_50124,0,0,0,0,0,0,0,0,3,287,15,5,2,0,0,0,0,0
baseline,mixed_endpoint_50125,0,0,0,0,0,0,0,0,4,319,17,0,0,0,0,0,0,0
LPC,mixed_endpoint_50124,15,0,0,14,0,4,18,0,7,254,19,0,0,15,0,0,0,4
LC,mixed_endpoint_50124,0,0,0,0,0,3,18,0,8,287,20,0,0,0,0,0,0,3
S_all,mixed_endpoint_50125,16,0,0,14,0,0,0,0,7,334,20,0,0,0,0,0,0,0
M75,mixed_endpoint_50124,0,0,0,0,0,0,0,0,4,289,16,7,3,0,0,0,0,0
previous_best,mixed_endpoint_50125,16,10,3,14,0,0,0,0,7,284,20,0,0,0,0,0,0,0
L30,mixed_endpoint_50125,0,0,0,0,0,0,0,0,5,276,18,0,0,0,0,0,0,0
L90,mixed_endpoint_50125,0,0,0,0,0,0,0,0,7,290,20,0,0,0,0,0,0,0
P1,mixed_endpoint_50125,8,0,0,7,0,0,0,0,6,283,19,0,0,8,0,0,0,0
F60,mixed_endpoint_50125,0,0,0,0,0,0,0,0,4,319,17,0,0,0,3,0,3,0
P2,mixed_endpoint_50125,16,0,0,14,0,0,0,0,7,334,20,0,0,16,0,0,0,0
F120,mixed_endpoint_50125,0,0,0,0,0,0,0,0,4,334,17,0,0,0,16,12,4,0
C1,mixed_endpoint_50125,0,0,0,0,0,3,16,0,12,316,25,0,0,0,0,0,0,3
C15,mixed_endpoint_50125,0,0,0,0,0,4,27,0,17,315,30,0,0,0,0,0,0,4
PC,mixed_endpoint_50125,8,0,0,7,0,7,44,0,9,277,22,0,0,8,0,0,0,7
M50,mixed_endpoint_50125,0,0,0,0,0,0,0,0,3,321,16,3,0,0,0,0,0,0
LPC,mixed_endpoint_50125,13,0,0,13,0,3,16,0,11,264,24,0,0,13,0,0,0,3
M75,mixed_endpoint_50125,0,0,0,0,0,0,0,0,2,320,15,2,0,0,0,0,0,0
LC,mixed_endpoint_50125,0,0,0,0,0,4,20,0,12,272,25,0,0,0,0,0,0,4
baseline,mixed_endpoint_50126,0,0,0,0,0,0,0,0,3,272,18,0,0,0,0,0,0,0
S_all,mixed_endpoint_50126,29,0,0,28,0,0,0,0,8,240,23,0,0,0,0,0,0,0
previous_best,mixed_endpoint_50126,24,8,2,21,0,0,0,0,6,236,21,0,0,0,0,0,0,0
P1,mixed_endpoint_50126,18,0,0,15,0,0,0,0,6,245,21,0,0,18,0,0,0,0
L90,mixed_endpoint_50126,0,0,0,0,0,0,0,0,8,217,23,0,0,0,0,0,0,0
P2,mixed_endpoint_50126,23,0,0,20,0,0,0,0,7,234,22,0,0,23,0,0,0,0
F120,mixed_endpoint_50126,0,0,0,0,0,0,0,0,8,226,23,0,0,0,16,9,7,0
F60,mixed_endpoint_50126,0,0,0,0,0,0,0,0,3,272,18,0,0,0,1,0,1,0
C1,mixed_endpoint_50126,0,0,0,0,0,2,8,0,5,271,20,0,0,0,0,0,0,2
C15,mixed_endpoint_50126,0,0,0,0,0,5,38,0,14,269,29,0,0,0,0,0,0,5
L30,mixed_endpoint_50126,0,0,0,0,0,1,47,0,22,228,37,0,0,0,0,0,0,0
baseline,mixed_endpoint_50127,0,0,0,0,0,0,0,0,3,314,16,0,0,0,0,0,0,0
PC,mixed_endpoint_50126,18,0,0,14,0,11,84,0,28,216,43,0,0,18,0,0,0,11
S_all,mixed_endpoint_50127,8,0,0,7,0,0,0,0,5,317,18,0,0,0,0,0,0,0
M75,mixed_endpoint_50126,0,0,0,0,0,0,0,0,1,273,16,3,2,0,0,0,0,0
M50,mixed_endpoint_50126,0,0,0,0,0,0,0,0,6,267,21,7,1,0,0,0,0,0
L30,mixed_endpoint_50127,0,0,0,0,0,0,0,0,4,279,17,0,0,0,0,0,0,0
previous_best,mixed_endpoint_50127,8,7,1,6,0,0,0,0,6,284,19,0,0,0,0,0,0,0
LPC,mixed_endpoint_50126,22,0,0,18,0,6,36,0,9,210,24,0,0,22,0,0,0,6
P1,mixed_endpoint_50127,8,0,0,7,0,0,0,0,5,317,18,0,0,8,0,0,0,0
L90,mixed_endpoint_50127,0,0,0,0,0,0,0,0,11,321,24,0,0,0,0,0,0,0
P2,mixed_endpoint_50127,8,0,0,7,0,0,0,0,5,317,18,0,0,8,0,0,0,0
F60,mixed_endpoint_50127,0,0,0,0,0,0,0,0,3,314,16,0,0,0,0,0,0,0
F120,mixed_endpoint_50127,0,0,0,0,0,0,0,0,3,314,16,0,0,0,9,3,6,0
C1,mixed_endpoint_50127,0,0,0,0,0,1,7,0,3,313,16,0,0,0,0,0,0,1
C15,mixed_endpoint_50127,0,0,0,0,0,4,35,0,7,309,20,0,0,0,0,0,0,4
LC,mixed_endpoint_50126,0,0,0,0,0,9,89,0,23,219,38,0,0,0,0,0,0,8
M50,mixed_endpoint_50127,0,0,0,0,0,0,0,0,2,313,15,4,2,0,0,0,0,0
previous_best,mixed_endpoint_50128,10,7,4,9,0,0,0,0,3,309,13,0,0,0,0,0,0,0
baseline,mixed_endpoint_50128,0,0,0,0,0,0,0,0,1,334,11,0,0,0,0,0,0,0
S_all,mixed_endpoint_50128,11,0,0,10,0,0,0,0,4,318,14,0,0,0,0,0,0,0
PC,mixed_endpoint_50127,8,0,0,7,0,6,43,0,10,310,23,0,0,8,0,0,0,6
M75,mixed_endpoint_50127,0,0,0,0,0,0,0,0,2,316,15,4,2,0,0,0,0,0
LC,mixed_endpoint_50127,0,0,0,0,0,4,32,0,17,276,30,0,0,0,0,0,0,4
L90,mixed_endpoint_50128,0,0,0,0,0,0,0,0,3,312,13,0,0,0,0,0,0,0
P1,mixed_endpoint_50128,10,0,0,9,0,0,0,0,1,314,11,0,0,10,0,0,0,0
L30,mixed_endpoint_50128,0,0,0,0,0,0,0,0,4,316,14,0,0,0,0,0,0,0
LPC,mixed_endpoint_50127,8,0,0,8,0,3,24,0,10,311,23,0,0,8,0,0,0,3
P2,mixed_endpoint_50128,11,0,0,10,0,0,0,0,4,318,14,0,0,11,0,0,0,0
F120,mixed_endpoint_50128,0,0,0,0,0,0,0,0,1,334,11,0,0,0,13,12,1,0
F60,mixed_endpoint_50128,0,0,0,0,0,0,0,0,1,334,11,0,0,0,0,0,0,0
C1,mixed_endpoint_50128,0,0,0,0,0,0,0,0,1,334,11,0,0,0,0,0,0,0
C15,mixed_endpoint_50128,0,0,0,0,0,3,22,0,6,333,16,0,0,0,0,0,0,3
PC,mixed_endpoint_50128,8,0,0,7,0,3,26,0,4,313,14,0,0,8,0,0,0,3
M50,mixed_endpoint_50128,0,0,0,0,0,0,0,0,1,336,11,3,2,0,0,0,0,0
M75,mixed_endpoint_50128,0,0,0,0,0,0,0,0,0,336,10,2,2,0,0,0,0,0
LC,mixed_endpoint_50128,0,0,0,0,0,5,41,0,19,312,29,0,0,0,0,0,0,5
LPC,mixed_endpoint_50128,7,0,0,7,0,0,0,0,0,318,10,0,0,7,0,0,0,0
baseline,mixed_endpoint_50129,0,0,0,0,0,0,0,0,5,256,20,0,0,0,0,0,0,0
S_all,mixed_endpoint_50129,13,0,0,11,0,0,0,0,4,316,19,0,0,0,0,0,0,0
F60,mixed_endpoint_50129,0,0,0,0,0,0,0,0,5,256,20,0,0,0,0,0,0,0
P1,mixed_endpoint_50129,13,0,0,11,0,0,0,0,4,316,19,0,0,13,0,0,0,0
P2,mixed_endpoint_50129,13,0,0,11,0,0,0,0,4,316,19,0,0,13,0,0,0,0
F120,mixed_endpoint_50129,0,0,0,0,0,0,0,0,4,256,19,0,0,0,12,8,4,0
previous_best,mixed_endpoint_50129,14,12,3,12,0,0,0,0,9,288,24,0,0,0,0,0,0,0
C1,mixed_endpoint_50129,0,0,0,0,0,1,4,0,4,253,19,0,0,0,0,0,0,1
C15,mixed_endpoint_50129,0,0,0,0,0,6,44,0,19,248,34,0,0,0,0,0,0,6
L30,mixed_endpoint_50129,0,0,0,0,0,0,0,0,7,305,22,0,0,0,0,0,0,0
L90,mixed_endpoint_50129,0,0,0,0,0,0,0,0,10,301,25,0,0,0,0,0,0,0
M50,mixed_endpoint_50129,0,0,0,0,0,0,0,0,4,255,19,7,3,0,0,0,0,0
PC,mixed_endpoint_50129,9,0,0,7,0,5,40,0,16,300,31,0,0,9,0,0,0,5
baseline,mixed_endpoint_50130,0,0,0,0,0,1,4,0,10,236,25,0,0,0,0,0,0,0
S_all,mixed_endpoint_50130,20,0,0,15,0,0,0,0,6,212,21,0,0,0,0,0,0,0
M75,mixed_endpoint_50129,0,0,0,0,0,0,0,0,3,312,18,6,3,0,0,0,0,0
LC,mixed_endpoint_50129,0,0,0,0,0,6,38,0,22,294,37,0,0,0,0,0,0,6
P1,mixed_endpoint_50130,22,0,0,18,0,0,0,0,4,208,19,0,0,22,0,0,0,0
LPC,mixed_endpoint_50129,13,0,0,9,0,11,112,0,50,251,65,0,0,13,0,0,0,10
previous_best,mixed_endpoint_50130,25,9,2,21,0,0,0,0,7,221,22,0,0,0,0,0,0,0
L30,mixed_endpoint_50130,0,0,0,0,0,0,0,0,6,217,21,0,0,0,0,0,0,0
L90,mixed_endpoint_50130,0,0,0,0,0,0,0,0,5,211,20,0,0,0,0,0,0,0
F60,mixed_endpoint_50130,0,0,0,0,0,1,4,0,10,236,25,0,0,0,6,5,1,0
P2,mixed_endpoint_50130,26,0,0,22,0,0,0,0,7,226,22,0,0,26,0,0,0,0
F120,mixed_endpoint_50130,0,0,0,0,0,1,4,0,10,236,25,0,0,0,19,12,7,0
C15,mixed_endpoint_50130,0,0,0,0,0,7,57,0,26,219,41,0,0,0,0,0,0,7
C1,mixed_endpoint_50130,0,0,0,0,0,4,22,0,16,228,31,0,0,0,0,0,0,3
PC,mixed_endpoint_50130,19,0,0,17,0,5,31,0,16,203,31,0,0,19,0,0,0,5
S_all,mixed_endpoint_50131,24,0,0,21,0,0,0,0,6,270,21,0,0,0,0,0,0,0
M50,mixed_endpoint_50130,0,0,0,0,0,1,7,0,7,228,22,6,2,0,0,0,0,0
baseline,mixed_endpoint_50131,0,0,0,0,0,0,0,0,8,295,23,0,0,0,0,0,0,0
LC,mixed_endpoint_50130,0,0,0,0,0,6,27,0,10,211,25,0,0,0,0,0,0,6
LPC,mixed_endpoint_50130,15,0,0,14,0,6,36,0,15,219,30,0,0,15,0,0,0,6
M75,mixed_endpoint_50130,0,0,0,0,0,0,0,0,5,246,20,6,1,0,0,0,0,0
previous_best,mixed_endpoint_50131,20,12,2,19,0,0,0,0,10,198,25,0,0,0,0,0,0,0
L30,mixed_endpoint_50131,0,0,0,0,0,0,0,0,9,251,24,0,0,0,0,0,0,0
P1,mixed_endpoint_50131,20,0,0,19,0,0,0,0,2,211,17,0,0,20,0,0,0,0
P2,mixed_endpoint_50131,21,0,0,18,0,0,0,0,5,266,20,0,0,21,0,0,0,0
F120,mixed_endpoint_50131,0,0,0,0,0,0,0,0,6,292,21,0,0,0,22,16,6,0
L90,mixed_endpoint_50131,0,0,0,0,0,0,0,0,6,244,21,0,0,0,0,0,0,0
F60,mixed_endpoint_50131,0,0,0,0,0,0,0,0,8,295,23,0,0,0,3,0,3,0
C1,mixed_endpoint_50131,0,0,0,0,0,4,16,0,11,291,26,0,0,0,0,0,0,4
C15,mixed_endpoint_50131,0,0,0,0,0,9,55,0,11,286,26,0,0,0,0,0,0,9
baseline,mixed_endpoint_50132,0,0,0,0,0,0,0,0,3,239,18,0,0,0,0,0,0,0
PC,mixed_endpoint_50131,19,0,0,18,0,4,27,0,2,209,17,0,0,19,0,0,0,4
M50,mixed_endpoint_50131,0,0,0,0,0,0,0,0,4,226,19,5,1,0,0,0,0,0
S_all,mixed_endpoint_50132,19,0,0,17,0,0,0,0,3,252,18,0,0,0,0,0,0,0
M75,mixed_endpoint_50131,0,0,0,0,0,0,0,0,3,224,18,3,0,0,0,0,0,0
LC,mixed_endpoint_50131,0,0,0,0,0,8,42,0,20,240,35,0,0,0,0,0,0,8
P1,mixed_endpoint_50132,15,0,0,13,0,0,0,0,3,246,18,0,0,15,0,0,0,0
LPC,mixed_endpoint_50131,15,0,0,12,0,10,87,0,53,198,68,0,0,15,0,0,0,9
L90,mixed_endpoint_50132,0,0,0,0,0,0,0,0,7,246,22,0,0,0,0,0,0,0
previous_best,mixed_endpoint_50132,18,11,4,14,0,0,0,0,7,232,22,0,0,0,0,0,0,0
F60,mixed_endpoint_50132,0,0,0,0,0,0,0,0,3,239,18,0,0,0,1,0,1,0
P2,mixed_endpoint_50132,19,0,0,17,0,0,0,0,3,252,18,0,0,19,0,0,0,0
L30,mixed_endpoint_50132,0,0,0,0,0,0,0,0,7,269,22,0,0,0,0,0,0,0
F120,mixed_endpoint_50132,0,0,0,0,0,0,0,0,5,247,20,0,0,0,14,8,6,0
C1,mixed_endpoint_50132,0,0,0,0,0,3,15,0,9,238,24,0,0,0,0,0,0,3
C15,mixed_endpoint_50132,0,0,0,0,0,7,45,0,17,235,32,0,0,0,0,0,0,7
baseline,mixed_endpoint_50133,0,0,0,0,0,0,0,0,5,281,18,0,0,0,0,0,0,0
previous_best,mixed_endpoint_50133,16,9,4,15,0,0,0,0,5,279,18,0,0,0,0,0,0,0
S_all,mixed_endpoint_50133,13,0,0,13,0,0,0,0,6,310,19,0,0,0,0,0,0,0
L30,mixed_endpoint_50133,0,0,0,0,0,0,0,0,2,307,15,0,0,0,0,0,0,0
PC,mixed_endpoint_50132,14,0,0,12,0,7,44,0,10,241,25,0,0,14,0,0,0,7
M50,mixed_endpoint_50132,0,0,0,0,0,0,0,0,2,237,17,7,5,0,0,0,0,0
L90,mixed_endpoint_50133,0,0,0,0,0,0,0,0,5,273,18,0,0,0,0,0,0,0
M75,mixed_endpoint_50132,0,0,0,0,0,0,0,0,2,238,17,7,5,0,0,0,0,0
P2,mixed_endpoint_50133,13,0,0,13,0,0,0,0,6,310,19,0,0,13,0,0,0,0
F60,mixed_endpoint_50133,0,0,0,0,0,0,0,0,5,281,18,0,0,0,1,0,1,0
P1,mixed_endpoint_50133,12,0,0,12,0,0,0,0,6,311,19,0,0,12,0,0,0,0
F120,mixed_endpoint_50133,0,0,0,0,0,0,0,0,5,281,18,0,0,0,10,5,5,0
C15,mixed_endpoint_50133,0,0,0,0,0,8,51,0,21,274,34,0,0,0,0,0,0,8
LC,mixed_endpoint_50132,0,0,0,0,0,8,51,0,16,261,31,0,0,0,0,0,0,8
C1,mixed_endpoint_50133,0,0,0,0,0,2,8,0,4,279,17,0,0,0,0,0,0,2
LPC,mixed_endpoint_50132,20,0,0,15,0,11,69,0,29,241,44,0,0,20,0,0,0,11
M50,mixed_endpoint_50133,0,0,0,0,0,0,0,0,7,284,20,9,2,0,0,0,0,0
LC,mixed_endpoint_50133,0,0,0,0,0,3,16,0,8,305,21,0,0,0,0,0,0,3
M75,mixed_endpoint_50133,0,0,0,0,0,0,0,0,6,284,19,7,1,0,0,0,0,0
PC,mixed_endpoint_50133,10,0,0,10,0,8,54,0,20,287,33,0,0,10,0,0,0,8
baseline,mixed_endpoint_50134,0,0,0,0,0,0,0,0,7,299,20,0,0,0,0,0,0,0
S_all,mixed_endpoint_50134,18,0,0,16,0,0,0,0,6,290,19,0,0,0,0,0,0,0
LPC,mixed_endpoint_50133,10,0,0,10,0,7,38,0,13,292,26,0,0,10,0,0,0,7
L30,mixed_endpoint_50134,0,0,0,0,0,0,0,0,6,303,19,0,0,0,0,0,0,0
L90,mixed_endpoint_50134,0,0,0,0,0,0,0,0,6,340,19,0,0,0,0,0,0,0
P2,mixed_endpoint_50134,18,0,0,16,0,0,0,0,6,290,19,0,0,18,0,0,0,0
F60,mixed_endpoint_50134,0,0,0,0,0,0,0,0,7,299,20,0,0,0,1,0,1,0
F120,mixed_endpoint_50134,0,0,0,0,0,0,0,0,4,304,17,0,0,0,11,7,4,0
P1,mixed_endpoint_50134,22,0,0,19,0,0,0,0,7,297,20,0,0,22,0,0,0,0
previous_best,mixed_endpoint_50134,13,8,5,10,0,0,0,0,3,271,16,0,0,0,0,0,0,0
C15,mixed_endpoint_50134,0,0,0,0,0,8,68,0,19,291,32,0,0,0,0,0,0,8
C1,mixed_endpoint_50134,0,0,0,0,0,1,6,0,9,296,22,0,0,0,0,0,0,1
M50,mixed_endpoint_50134,0,0,0,0,0,0,0,0,2,294,15,6,4,0,0,0,0,0
LC,mixed_endpoint_50134,0,0,0,0,0,7,50,0,16,295,29,0,0,0,0,0,0,7
LPC,mixed_endpoint_50134,8,0,0,8,0,7,44,0,8,293,21,0,0,8,0,0,0,7
M75,mixed_endpoint_50134,0,0,0,0,0,0,0,0,2,360,15,4,2,0,0,0,0,0
baseline,mixed_endpoint_50135,0,0,0,0,0,0,0,0,7,285,20,0,0,0,0,0,0,0
PC,mixed_endpoint_50134,16,0,0,15,0,8,64,0,29,285,42,0,0,16,0,0,0,8
previous_best,mixed_endpoint_50135,11,6,4,10,0,0,0,0,2,258,15,0,0,0,0,0,0,0
S_all,mixed_endpoint_50135,13,0,0,10,0,0,0,0,6,291,19,0,0,0,0,0,0,0
P1,mixed_endpoint_50135,13,0,0,10,0,0,0,0,4,289,17,0,0,13,0,0,0,0
L30,mixed_endpoint_50135,0,0,0,0,0,0,0,0,4,278,17,0,0,0,0,0,0,0
L90,mixed_endpoint_50135,0,0,0,0,0,0,0,0,4,270,17,0,0,0,0,0,0,0
P2,mixed_endpoint_50135,13,0,0,10,0,0,0,0,5,290,18,0,0,13,0,0,0,0
F120,mixed_endpoint_50135,0,0,0,0,0,0,0,0,7,285,20,0,0,0,13,5,8,0
F60,mixed_endpoint_50135,0,0,0,0,0,0,0,0,7,285,20,0,0,0,1,0,1,0
C15,mixed_endpoint_50135,0,0,0,0,0,7,54,0,7,277,20,0,0,0,0,0,0,7
C1,mixed_endpoint_50135,0,0,0,0,0,3,18,0,16,281,29,0,0,0,0,0,0,3
PC,mixed_endpoint_50135,9,0,0,8,0,6,50,0,4,278,17,0,0,9,0,0,0,6
baseline,mixed_endpoint_50136,0,0,0,0,0,0,0,0,5,346,16,0,0,0,0,0,0,0
M50,mixed_endpoint_50135,0,0,0,0,0,0,0,0,7,287,20,7,0,0,0,0,0,0
M75,mixed_endpoint_50135,0,0,0,0,0,0,0,0,4,280,17,5,1,0,0,0,0,0
LC,mixed_endpoint_50135,0,0,0,0,0,6,42,0,13,273,26,0,0,0,0,0,0,6
LPC,mixed_endpoint_50135,15,0,0,12,0,7,52,0,14,291,27,0,0,15,0,0,0,7
S_all,mixed_endpoint_50136,10,0,0,10,0,0,0,0,6,341,17,0,0,0,0,0,0,0
L30,mixed_endpoint_50136,0,0,0,0,0,0,0,0,7,353,18,0,0,0,0,0,0,0
previous_best,mixed_endpoint_50136,13,11,3,13,0,0,0,0,8,367,19,0,0,0,0,0,0,0
L90,mixed_endpoint_50136,0,0,0,0,0,0,0,0,7,348,18,0,0,0,0,0,0,0
F60,mixed_endpoint_50136,0,0,0,0,0,0,0,0,5,346,16,0,0,0,1,0,1,0
P2,mixed_endpoint_50136,10,0,0,10,0,0,0,0,6,341,17,0,0,10,0,0,0,0
F120,mixed_endpoint_50136,0,0,0,0,0,0,0,0,5,346,16,0,0,0,10,5,5,0
P1,mixed_endpoint_50136,10,0,0,10,0,0,0,0,6,341,17,0,0,10,0,0,0,0
C1,mixed_endpoint_50136,0,0,0,0,0,3,12,0,9,343,20,0,0,0,0,0,0,3
C15,mixed_endpoint_50136,0,0,0,0,0,6,40,0,15,341,26,0,0,0,0,0,0,6
M50,mixed_endpoint_50136,0,0,0,0,0,0,0,0,7,349,18,8,1,0,0,0,0,0
baseline,mixed_endpoint_50137,0,0,0,0,0,0,0,0,3,314,15,0,0,0,0,0,0,0
LC,mixed_endpoint_50136,0,0,0,0,0,6,37,0,20,342,31,0,0,0,0,0,0,6
PC,mixed_endpoint_50136,8,0,0,8,0,7,50,0,19,335,30,0,0,8,0,0,0,7
LPC,mixed_endpoint_50136,10,0,0,10,0,6,31,0,8,339,19,0,0,10,0,0,0,6
S_all,mixed_endpoint_50137,10,0,0,10,0,0,0,0,4,327,16,0,0,0,0,0,0,0
M75,mixed_endpoint_50136,0,0,0,0,0,0,0,0,1,324,12,1,0,0,0,0,0,0
previous_best,mixed_endpoint_50137,13,6,3,12,0,0,0,0,3,332,15,0,0,0,0,0,0,0
P1,mixed_endpoint_50137,10,0,0,10,0,0,0,0,4,327,16,0,0,10,0,0,0,0
F60,mixed_endpoint_50137,0,0,0,0,0,0,0,0,3,314,15,0,0,0,1,0,1,0
P2,mixed_endpoint_50137,10,0,0,10,0,0,0,0,4,327,16,0,0,10,0,0,0,0
F120,mixed_endpoint_50137,0,0,0,0,0,0,0,0,3,314,15,0,0,0,14,8,6,0
L30,mixed_endpoint_50137,0,0,0,0,0,0,0,0,4,304,16,0,0,0,0,0,0,0
L90,mixed_endpoint_50137,0,0,0,0,0,0,0,0,3,284,15,0,0,0,0,0,0,0
C15,mixed_endpoint_50137,0,0,0,0,0,4,27,0,8,311,20,0,0,0,0,0,0,4
C1,mixed_endpoint_50137,0,0,0,0,0,1,4,0,4,313,16,0,0,0,0,0,0,1
M50,mixed_endpoint_50137,0,0,0,0,0,0,0,0,2,315,14,3,1,0,0,0,0,0
M75,mixed_endpoint_50137,0,0,0,0,0,0,0,0,1,298,13,3,2,0,0,0,0,0
PC,mixed_endpoint_50137,9,0,0,9,0,4,26,0,10,320,22,0,0,9,0,0,0,4
baseline,mixed_endpoint_50138,0,0,0,0,0,0,0,0,3,383,15,0,0,0,0,0,0,0
LPC,mixed_endpoint_50137,13,0,0,10,0,4,32,0,5,327,17,0,0,13,0,0,0,4
S_all,mixed_endpoint_50138,13,0,0,12,0,0,0,0,3,385,15,0,0,0,0,0,0,0
L90,mixed_endpoint_50138,0,0,0,0,0,0,0,0,4,310,16,0,0,0,0,0,0,0
previous_best,mixed_endpoint_50138,9,9,1,9,0,0,0,0,8,307,20,0,0,0,0,0,0,0
LC,mixed_endpoint_50137,0,0,0,0,0,5,23,0,5,302,17,0,0,0,0,0,0,5
P1,mixed_endpoint_50138,12,0,0,12,0,0,0,0,2,384,14,0,0,12,0,0,0,0
P2,mixed_endpoint_50138,13,0,0,12,0,0,0,0,3,385,15,0,0,13,0,0,0,0
L30,mixed_endpoint_50138,0,0,0,0,0,1,4,0,8,310,20,0,0,0,0,0,0,0
F60,mixed_endpoint_50138,0,0,0,0,0,0,0,0,3,383,15,0,0,0,1,0,1,0
F120,mixed_endpoint_50138,0,0,0,0,0,0,0,0,3,383,15,0,0,0,11,6,5,0
C1,mixed_endpoint_50138,0,0,0,0,0,2,8,0,6,379,18,0,0,0,0,0,0,2
C15,mixed_endpoint_50138,0,0,0,0,0,4,18,0,6,378,18,0,0,0,0,0,0,4
PC,mixed_endpoint_50138,9,0,0,9,0,5,22,0,3,378,15,0,0,9,0,0,0,5
M50,mixed_endpoint_50138,0,0,0,0,0,0,0,0,4,383,16,6,2,0,0,0,0,0
baseline,mixed_endpoint_50139,0,0,0,0,0,0,0,0,6,322,18,0,0,0,0,0,0,0
LC,mixed_endpoint_50138,0,0,0,0,0,4,24,0,12,300,24,0,0,0,0,0,0,4
S_all,mixed_endpoint_50139,11,0,0,11,0,0,0,0,5,296,17,0,0,0,0,0,0,0
LPC,mixed_endpoint_50138,9,0,0,9,0,3,16,0,8,300,20,0,0,9,0,0,0,3
previous_best,mixed_endpoint_50139,12,7,3,10,0,0,0,0,4,320,16,0,0,0,0,0,0,0
M75,mixed_endpoint_50138,0,0,0,0,0,0,0,0,3,396,15,4,1,0,0,0,0,0
L30,mixed_endpoint_50139,0,0,0,0,0,1,31,0,32,306,44,0,0,0,0,0,0,0
P2,mixed_endpoint_50139,11,0,0,11,0,0,0,0,5,296,17,0,0,11,0,0,0,0
P1,mixed_endpoint_50139,11,0,0,11,0,0,0,0,1,291,13,0,0,11,0,0,0,0
L90,mixed_endpoint_50139,0,0,0,0,0,0,0,0,3,326,15,0,0,0,0,0,0,0
C1,mixed_endpoint_50139,0,0,0,0,0,3,12,0,6,316,18,0,0,0,0,0,0,3
C15,mixed_endpoint_50139,0,0,0,0,0,6,39,0,2,311,14,0,0,0,0,0,0,6
F60,mixed_endpoint_50139,0,0,0,0,0,0,0,0,6,322,18,0,0,0,5,2,3,0
F120,mixed_endpoint_50139,0,0,0,0,0,0,0,0,6,325,18,0,0,0,17,11,6,0
M50,mixed_endpoint_50139,0,0,0,0,0,0,0,0,6,323,18,7,1,0,0,0,0,0
PC,mixed_endpoint_50139,11,0,0,11,0,2,10,0,5,290,17,0,0,11,0,0,0,2
LPC,mixed_endpoint_50139,9,0,0,8,0,5,30,0,8,296,20,0,0,9,0,0,0,5
M75,mixed_endpoint_50139,0,0,0,0,0,0,0,0,5,322,17,6,1,0,0,0,0,0
LC,mixed_endpoint_50139,0,0,0,0,0,5,63,0,41,302,53,0,0,0,0,0,0,4
baseline,mixed_endpoint_50140,0,0,0,0,0,0,0,0,8,223,24,0,0,0,0,0,0,0
S_all,mixed_endpoint_50140,12,0,0,11,0,0,0,0,9,228,25,0,0,0,0,0,0,0
previous_best,mixed_endpoint_50140,15,10,1,14,0,0,0,0,9,233,25,0,0,0,0,0,0,0
L90,mixed_endpoint_50140,0,0,0,0,0,0,0,0,8,247,24,0,0,0,0,0,0,0
L30,mixed_endpoint_50140,0,0,0,0,0,0,0,0,6,220,22,0,0,0,0,0,0,0
F120,mixed_endpoint_50140,0,0,0,0,0,0,0,0,5,224,21,0,0,0,8,3,5,0
P1,mixed_endpoint_50140,12,0,0,10,0,0,0,0,6,217,22,0,0,12,0,0,0,0
F60,mixed_endpoint_50140,0,0,0,0,0,0,0,0,8,223,24,0,0,0,0,0,0,0
P2,mixed_endpoint_50140,12,0,0,11,0,0,0,0,9,228,25,0,0,12,0,0,0,0
C1,mixed_endpoint_50140,0,0,0,0,0,3,20,0,6,220,22,0,0,0,0,0,0,3
C15,mixed_endpoint_50140,0,0,0,0,0,9,62,0,24,217,40,0,0,0,0,0,0,9
M50,mixed_endpoint_50140,0,0,0,0,0,0,0,0,6,227,22,6,0,0,0,0,0,0
baseline,mixed_endpoint_50141,0,0,0,0,0,0,0,0,3,221,18,0,0,0,0,0,0,0
PC,mixed_endpoint_50140,13,0,0,12,0,6,46,0,6,248,22,0,0,13,0,0,0,6
S_all,mixed_endpoint_50141,20,0,0,18,0,0,0,0,3,241,18,0,0,0,0,0,0,0
LC,mixed_endpoint_50140,0,0,0,0,0,8,56,0,22,215,38,0,0,0,0,0,0,8
M75,mixed_endpoint_50140,0,0,0,0,0,0,0,0,6,224,22,8,2,0,0,0,0,0
L90,mixed_endpoint_50141,0,0,0,0,0,0,0,0,7,255,22,0,0,0,0,0,0,0
previous_best,mixed_endpoint_50141,16,5,2,14,0,0,0,0,3,237,18,0,0,0,0,0,0,0
P1,mixed_endpoint_50141,19,0,0,18,0,0,0,0,1,250,16,0,0,19,0,0,0,0
P2,mixed_endpoint_50141,18,0,0,16,0,0,0,0,3,239,18,0,0,18,0,0,0,0
LPC,mixed_endpoint_50140,15,0,0,14,0,6,38,0,6,230,22,0,0,15,0,0,0,6
L30,mixed_endpoint_50141,0,0,0,0,0,0,0,0,14,268,29,0,0,0,0,0,0,0
F60,mixed_endpoint_50141,0,0,0,0,0,0,0,0,3,221,18,0,0,0,0,0,0,0
F120,mixed_endpoint_50141,0,0,0,0,0,0,0,0,6,224,21,0,0,0,13,7,6,0
C1,mixed_endpoint_50141,0,0,0,0,0,0,0,0,3,221,18,0,0,0,0,0,0,0
C15,mixed_endpoint_50141,0,0,0,0,0,3,28,0,4,219,19,0,0,0,0,0,0,3
PC,mixed_endpoint_50141,16,0,0,16,0,3,24,0,11,247,26,0,0,16,0,0,0,3
M75,mixed_endpoint_50141,0,0,0,0,0,0,0,0,6,243,21,7,1,0,0,0,0,0
M50,mixed_endpoint_50141,0,0,0,0,0,0,0,0,2,222,17,2,0,0,0,0,0,0
LPC,mixed_endpoint_50141,15,0,0,14,0,8,43,0,25,222,40,0,0,15,0,0,0,8
LC,mixed_endpoint_50141,0,0,0,0,0,13,85,0,34,252,49,0,0,0,0,0,0,13
S_all,mixed_endpoint_50142,23,0,0,21,0,0,0,0,4,280,19,0,0,0,0,0,0,0
baseline,mixed_endpoint_50142,0,0,0,0,0,0,0,0,6,246,21,0,0,0,0,0,0,0
L30,mixed_endpoint_50142,0,0,0,0,0,0,0,0,5,244,20,0,0,0,0,0,0,0
previous_best,mixed_endpoint_50142,20,10,2,17,0,0,0,0,8,239,23,0,0,0,0,0,0,0
P1,mixed_endpoint_50142,21,0,0,19,0,0,0,0,8,255,23,0,0,21,0,0,0,0
P2,mixed_endpoint_50142,22,0,0,20,0,0,0,0,5,281,20,0,0,22,0,0,0,0
F120,mixed_endpoint_50142,0,0,0,0,0,0,0,0,9,245,24,0,0,0,20,11,9,0
F60,mixed_endpoint_50142,0,0,0,0,0,0,0,0,6,246,21,0,0,0,1,0,1,0
L90,mixed_endpoint_50142,0,0,0,0,0,0,0,0,12,226,27,0,0,0,0,0,0,0
C15,mixed_endpoint_50142,0,0,0,0,0,7,53,0,25,239,40,0,0,0,0,0,0,7
C1,mixed_endpoint_50142,0,0,0,0,0,3,15,0,8,242,23,0,0,0,0,0,0,3
LC,mixed_endpoint_50142,0,0,0,0,0,7,43,0,5,236,20,0,0,0,0,0,0,7
baseline,mixed_endpoint_50143,0,0,0,0,0,0,0,0,4,291,16,0,0,0,0,0,0,0
M50,mixed_endpoint_50142,0,0,0,0,0,0,0,0,8,267,23,10,2,0,0,0,0,0
M75,mixed_endpoint_50142,0,0,0,0,0,0,0,0,4,250,19,6,2,0,0,0,0,0
PC,mixed_endpoint_50142,16,0,0,14,0,6,55,0,27,245,42,0,0,16,0,0,0,6
S_all,mixed_endpoint_50143,13,0,0,13,0,0,0,0,5,300,17,0,0,0,0,0,0,0
previous_best,mixed_endpoint_50143,16,10,3,15,0,0,0,0,7,276,19,0,0,0,0,0,0,0
L90,mixed_endpoint_50143,0,0,0,0,0,0,0,0,0,286,12,0,0,0,0,0,0,0
L30,mixed_endpoint_50143,0,0,0,0,0,0,0,0,4,289,16,0,0,0,0,0,0,0
F60,mixed_endpoint_50143,0,0,0,0,0,0,0,0,4,291,16,0,0,0,1,0,1,0
P1,mixed_endpoint_50143,11,0,0,11,0,0,0,0,5,298,17,0,0,11,0,0,0,0
F120,mixed_endpoint_50143,0,0,0,0,0,0,0,0,5,291,17,0,0,0,14,9,5,0
LPC,mixed_endpoint_50142,12,0,0,11,0,8,50,0,27,246,42,0,0,12,0,0,0,8
P2,mixed_endpoint_50143,13,0,0,13,0,0,0,0,5,300,17,0,0,13,0,0,0,0
C15,mixed_endpoint_50143,0,0,0,0,0,4,33,0,13,287,25,0,0,0,0,0,0,4
C1,mixed_endpoint_50143,0,0,0,0,0,1,8,0,6,290,18,0,0,0,0,0,0,1
M50,mixed_endpoint_50143,0,0,0,0,0,0,0,0,3,290,15,4,1,0,0,0,0,0
M75,mixed_endpoint_50143,0,0,0,0,0,0,0,0,3,293,15,3,0,0,0,0,0,0
baseline,mixed_endpoint_50144,0,0,0,0,0,0,0,0,8,279,21,0,0,0,0,0,0,0
LC,mixed_endpoint_50143,0,0,0,0,0,4,25,0,13,285,25,0,0,0,0,0,0,4
PC,mixed_endpoint_50143,11,0,0,11,0,5,37,0,13,293,25,0,0,11,0,0,0,5
S_all,mixed_endpoint_50144,20,0,0,19,0,0,0,0,5,275,18,0,0,0,0,0,0,0
LPC,mixed_endpoint_50143,13,0,0,13,0,5,26,0,11,286,23,0,0,13,0,0,0,5
previous_best,mixed_endpoint_50144,14,10,1,13,0,0,0,0,9,310,22,0,0,0,0,0,0,0
P1,mixed_endpoint_50144,18,0,0,18,0,0,0,0,2,263,15,0,0,18,0,0,0,0
F120,mixed_endpoint_50144,0,0,0,0,0,0,0,0,8,279,21,0,0,0,12,4,8,0
F60,mixed_endpoint_50144,0,0,0,0,0,0,0,0,8,279,21,0,0,0,2,0,2,0
L90,mixed_endpoint_50144,0,0,0,0,0,0,0,0,4,234,17,0,0,0,0,0,0,0
C15,mixed_endpoint_50144,0,0,0,0,0,11,70,0,19,271,32,0,0,0,0,0,0,11
P2,mixed_endpoint_50144,19,0,0,19,0,0,0,0,4,265,17,0,0,19,0,0,0,0
C1,mixed_endpoint_50144,0,0,0,0,0,3,15,0,10,276,23,0,0,0,0,0,0,3
L30,mixed_endpoint_50144,0,0,0,0,0,1,4,0,9,242,22,0,0,0,0,0,0,0
M50,mixed_endpoint_50144,0,0,0,0,0,0,0,0,9,280,22,11,2,0,0,0,0,0
PC,mixed_endpoint_50144,17,0,0,17,0,4,25,0,5,263,18,0,0,17,0,0,0,4
baseline,mixed_endpoint_50145,0,0,0,0,0,0,0,0,3,328,14,0,0,0,0,0,0,0
L30,mixed_endpoint_50145,0,0,0,0,0,0,0,0,5,302,16,0,0,0,0,0,0,0
S_all,mixed_endpoint_50145,12,0,0,11,0,0,0,0,1,294,12,0,0,0,0,0,0,0
previous_best,mixed_endpoint_50145,17,5,0,15,0,0,0,0,5,294,16,0,0,0,0,0,0,0
M75,mixed_endpoint_50144,0,0,0,0,0,0,0,0,7,323,20,8,1,0,0,0,0,0
L90,mixed_endpoint_50145,0,0,0,0,0,0,0,0,4,303,15,0,0,0,0,0,0,0
LC,mixed_endpoint_50144,0,0,0,0,0,6,39,0,14,233,27,0,0,0,0,0,0,6
LPC,mixed_endpoint_50144,16,0,0,14,0,5,26,0,15,269,28,0,0,16,0,0,0,5
P1,mixed_endpoint_50145,12,0,0,10,0,0,0,0,1,294,12,0,0,12,0,0,0,0
P2,mixed_endpoint_50145,13,0,0,11,0,0,0,0,1,295,12,0,0,13,0,0,0,0
F120,mixed_endpoint_50145,0,0,0,0,0,0,0,0,4,304,15,0,0,0,7,3,4,0
C15,mixed_endpoint_50145,0,0,0,0,0,3,30,0,12,301,23,0,0,0,0,0,0,3
C1,mixed_endpoint_50145,0,0,0,0,0,1,7,0,4,303,15,0,0,0,0,0,0,1
F60,mixed_endpoint_50145,0,0,0,0,0,0,0,0,3,328,14,0,0,0,1,0,1,0
M50,mixed_endpoint_50145,0,0,0,0,0,0,0,0,3,328,14,4,1,0,0,0,0,0
M75,mixed_endpoint_50145,0,0,0,0,0,0,0,0,3,328,14,4,1,0,0,0,0,0
PC,mixed_endpoint_50145,12,0,0,10,0,2,15,0,4,293,15,0,0,12,0,0,0,2
LC,mixed_endpoint_50145,0,0,0,0,0,4,32,0,8,298,19,0,0,0,0,0,0,4
S_all,mixed_endpoint_50146,22,0,0,20,0,0,0,0,3,206,19,0,0,0,0,0,0,0
LPC,mixed_endpoint_50145,10,0,0,10,0,6,42,0,9,298,20,0,0,10,0,0,0,6
baseline,mixed_endpoint_50146,0,0,0,0,0,0,0,0,3,171,19,0,0,0,0,0,0,0
previous_best,mixed_endpoint_50146,13,7,5,13,0,0,0,0,2,149,18,0,0,0,0,0,0,0
L90,mixed_endpoint_50146,0,0,0,0,0,0,0,0,5,187,21,0,0,0,0,0,0,0
P1,mixed_endpoint_50146,14,0,0,13,0,0,0,0,3,166,19,0,0,14,0,0,0,0
P2,mixed_endpoint_50146,16,0,0,15,0,0,0,0,2,166,18,0,0,16,0,0,0,0
L30,mixed_endpoint_50146,0,0,0,0,0,0,0,0,4,186,20,0,0,0,0,0,0,0
F60,mixed_endpoint_50146,0,0,0,0,0,0,0,0,3,171,19,0,0,0,1,0,1,0
F120,mixed_endpoint_50146,0,0,0,0,0,0,0,0,3,209,19,0,0,0,14,9,5,0
C1,mixed_endpoint_50146,0,0,0,0,0,2,19,0,9,169,25,0,0,0,0,0,0,2
C15,mixed_endpoint_50146,0,0,0,0,0,4,35,0,11,167,27,0,0,0,0,0,0,4
M50,mixed_endpoint_50146,0,0,0,0,0,0,0,0,4,170,20,5,1,0,0,0,0,0
baseline,mixed_endpoint_50147,0,0,0,0,0,0,0,0,4,332,14,0,0,0,0,0,0,0
PC,mixed_endpoint_50146,12,0,0,12,0,9,54,0,18,179,34,0,0,12,0,0,0,9
S_all,mixed_endpoint_50147,9,0,0,9,0,0,0,0,2,331,12,0,0,0,0,0,0,0
previous_best,mixed_endpoint_50147,12,8,2,12,0,0,0,0,6,328,16,0,0,0,0,0,0,0
LPC,mixed_endpoint_50146,13,0,0,12,0,6,44,0,13,145,29,0,0,13,0,0,0,6
LC,mixed_endpoint_50146,0,0,0,0,0,5,24,0,4,185,20,0,0,0,0,0,0,5
L90,mixed_endpoint_50147,0,0,0,0,0,0,0,0,3,340,13,0,0,0,0,0,0,0
P1,mixed_endpoint_50147,8,0,0,8,0,0,0,0,2,330,12,0,0,8,0,0,0,0
P2,mixed_endpoint_50147,9,0,0,9,0,0,0,0,2,331,12,0,0,9,0,0,0,0
L30,mixed_endpoint_50147,0,0,0,0,0,0,0,0,3,333,13,0,0,0,0,0,0,0
M75,mixed_endpoint_50146,0,0,0,0,0,0,0,0,6,149,22,8,2,0,0,0,0,0
F120,mixed_endpoint_50147,0,0,0,0,0,0,0,0,4,332,14,0,0,0,6,2,4,0
F60,mixed_endpoint_50147,0,0,0,0,0,0,0,0,4,332,14,0,0,0,2,0,2,0
C15,mixed_endpoint_50147,0,0,0,0,0,6,44,0,20,328,30,0,0,0,0,0,0,6
C1,mixed_endpoint_50147,0,0,0,0,0,2,8,0,6,330,16,0,0,0,0,0,0,2
PC,mixed_endpoint_50147,8,0,0,8,0,4,24,0,9,328,19,0,0,8,0,0,0,4
M50,mixed_endpoint_50147,0,0,0,0,0,0,0,0,4,332,14,6,2,0,0,0,0,0
LPC,mixed_endpoint_50147,10,0,0,9,0,4,28,0,16,322,26,0,0,10,0,0,0,4
baseline,mixed_endpoint_50148,0,0,0,0,0,0,0,0,3,322,14,0,0,0,0,0,0,0
M75,mixed_endpoint_50147,0,0,0,0,0,0,0,0,3,307,13,3,0,0,0,0,0,0
S_all,mixed_endpoint_50148,13,0,0,11,0,0,0,0,5,318,16,0,0,0,0,0,0,0
LC,mixed_endpoint_50147,0,0,0,0,0,4,26,0,9,329,19,0,0,0,0,0,0,4
L30,mixed_endpoint_50148,0,0,0,0,0,0,0,0,5,313,16,0,0,0,0,0,0,0
P1,mixed_endpoint_50148,13,0,0,11,0,0,0,0,5,318,16,0,0,13,0,0,0,0
L90,mixed_endpoint_50148,0,0,0,0,0,0,0,0,5,285,16,0,0,0,0,0,0,0
P2,mixed_endpoint_50148,13,0,0,11,0,0,0,0,5,318,16,0,0,13,0,0,0,0
previous_best,mixed_endpoint_50148,16,7,2,13,0,0,0,0,5,305,16,0,0,0,0,0,0,0
F120,mixed_endpoint_50148,0,0,0,0,0,0,0,0,3,322,14,0,0,0,12,9,3,0
F60,mixed_endpoint_50148,0,0,0,0,0,0,0,0,3,322,14,0,0,0,2,0,2,0
C1,mixed_endpoint_50148,0,0,0,0,0,2,10,0,6,320,17,0,0,0,0,0,0,2
C15,mixed_endpoint_50148,0,0,0,0,0,4,22,0,3,318,14,0,0,0,0,0,0,4
PC,mixed_endpoint_50148,9,0,0,8,0,7,54,0,24,309,35,0,0,9,0,0,0,7
M50,mixed_endpoint_50148,0,0,0,0,0,0,0,0,3,323,14,4,1,0,0,0,0,0
LC,mixed_endpoint_50148,0,0,0,0,0,4,32,0,8,317,19,0,0,0,0,0,0,4
LPC,mixed_endpoint_50148,16,0,0,14,0,2,15,0,12,314,23,0,0,16,0,0,0,2
M75,mixed_endpoint_50148,0,0,0,0,0,0,0,0,2,298,13,4,2,0,0,0,0,0
S_all,mixed_endpoint_50149,21,0,0,20,0,0,0,0,5,258,20,0,0,0,0,0,0,0
baseline,mixed_endpoint_50149,0,0,0,0,0,0,0,0,3,245,18,0,0,0,0,0,0,0
previous_best,mixed_endpoint_50149,18,11,3,18,0,0,0,0,8,210,23,0,0,0,0,0,0,0
L90,mixed_endpoint_50149,0,0,0,0,0,0,0,0,8,223,23,0,0,0,0,0,0,0
L30,mixed_endpoint_50149,0,0,0,0,0,0,0,0,8,247,23,0,0,0,0,0,0,0
P1,mixed_endpoint_50149,19,0,0,18,0,0,0,0,5,257,20,0,0,19,0,0,0,0
P2,mixed_endpoint_50149,19,0,0,18,0,0,0,0,5,256,20,0,0,19,0,0,0,0
F120,mixed_endpoint_50149,0,0,0,0,0,0,0,0,7,243,22,0,0,0,16,9,7,0
C15,mixed_endpoint_50149,0,0,0,0,0,6,48,0,21,238,36,0,0,0,0,0,0,6
F60,mixed_endpoint_50149,0,0,0,0,0,0,0,0,3,245,18,0,0,0,1,0,1,0
C1,mixed_endpoint_50149,0,0,0,0,0,1,4,0,3,244,18,0,0,0,0,0,0,1
PC,mixed_endpoint_50149,14,0,0,13,0,7,50,0,14,237,29,0,0,14,0,0,0,7
M50,mixed_endpoint_50149,0,0,0,0,0,0,0,0,3,244,18,6,3,0,0,0,0,0
baseline,mixed_endpoint_50150,0,0,0,0,0,0,0,0,2,330,12,0,0,0,0,0,0,0
M75,mixed_endpoint_50149,0,0,0,0,0,0,0,0,3,255,18,5,2,0,0,0,0,0
S_all,mixed_endpoint_50150,12,0,0,12,0,0,0,0,3,331,13,0,0,0,0,0,0,0
previous_best,mixed_endpoint_50150,13,5,2,11,0,0,0,0,3,321,13,0,0,0,0,0,0,0
L90,mixed_endpoint_50150,0,0,0,0,0,0,0,0,4,327,14,0,0,0,0,0,0,0
L30,mixed_endpoint_50150,0,0,0,0,0,0,0,0,4,317,14,0,0,0,0,0,0,0
LPC,mixed_endpoint_50149,17,0,0,16,0,8,57,0,33,230,48,0,0,17,0,0,0,8
LC,mixed_endpoint_50149,0,0,0,0,0,5,30,0,7,243,22,0,0,0,0,0,0,5
P1,mixed_endpoint_50150,12,0,0,12,0,0,0,0,3,331,13,0,0,12,0,0,0,0
P2,mixed_endpoint_50150,12,0,0,12,0,0,0,0,3,331,13,0,0,12,0,0,0,0
F60,mixed_endpoint_50150,0,0,0,0,0,0,0,0,2,330,12,0,0,0,1,0,1,0
F120,mixed_endpoint_50150,0,0,0,0,0,0,0,0,3,327,13,0,0,0,12,8,4,0
C1,mixed_endpoint_50150,0,0,0,0,0,0,0,0,2,330,12,0,0,0,0,0,0,0
C15,mixed_endpoint_50150,0,0,0,0,0,2,17,0,5,327,15,0,0,0,0,0,0,2
M50,mixed_endpoint_50150,0,0,0,0,0,0,0,0,3,330,13,3,0,0,0,0,0,0
LPC,mixed_endpoint_50150,8,0,0,8,0,4,26,0,5,340,15,0,0,8,0,0,0,4
PC,mixed_endpoint_50150,11,0,0,11,0,4,22,0,8,327,18,0,0,11,0,0,0,4
M75,mixed_endpoint_50150,0,0,0,0,0,0,0,0,4,337,14,5,1,0,0,0,0,0
LC,mixed_endpoint_50150,0,0,0,0,0,6,38,0,14,313,24,0,0,0,0,0,0,6
baseline,mixed_endpoint_50151,0,0,0,0,0,0,0,0,6,278,19,0,0,0,0,0,0,0
S_all,mixed_endpoint_50151,17,0,0,15,0,0,0,0,6,306,19,0,0,0,0,0,0,0
previous_best,mixed_endpoint_50151,17,10,5,16,0,0,0,0,5,305,18,0,0,0,0,0,0,0
L30,mixed_endpoint_50151,0,0,0,0,0,0,0,0,3,275,16,0,0,0,0,0,0,0
P1,mixed_endpoint_50151,16,0,0,14,0,0,0,0,6,305,19,0,0,16,0,0,0,0
L90,mixed_endpoint_50151,0,0,0,0,0,0,0,0,2,266,15,0,0,0,0,0,0,0
P2,mixed_endpoint_50151,17,0,0,15,0,0,0,0,6,306,19,0,0,17,0,0,0,0
F60,mixed_endpoint_50151,0,0,0,0,0,0,0,0,6,278,19,0,0,0,3,0,3,0
F120,mixed_endpoint_50151,0,0,0,0,0,0,0,0,6,279,19,0,0,0,15,10,5,0
C1,mixed_endpoint_50151,0,0,0,0,0,5,23,0,7,258,20,0,0,0,0,0,0,5
C15,mixed_endpoint_50151,0,0,0,0,0,6,31,0,10,258,23,0,0,0,0,0,0,6
baseline,mixed_endpoint_50152,0,0,0,0,0,0,0,0,8,373,18,0,0,0,0,0,0,0
M75,mixed_endpoint_50151,0,0,0,0,0,0,0,0,4,303,17,5,1,0,0,0,0,0
previous_best,mixed_endpoint_50152,11,5,2,10,0,0,0,0,3,392,13,0,0,0,0,0,0,0
S_all,mixed_endpoint_50152,6,0,0,6,0,0,0,0,5,369,15,0,0,0,0,0,0,0
PC,mixed_endpoint_50151,14,0,0,12,0,7,53,0,19,298,32,0,0,14,0,0,0,7
M50,mixed_endpoint_50151,0,0,0,0,0,0,0,0,7,280,20,7,0,0,0,0,0,0
LC,mixed_endpoint_50151,0,0,0,0,0,3,23,0,9,274,22,0,0,0,0,0,0,3
LPC,mixed_endpoint_50151,14,0,0,14,0,7,41,0,23,317,36,0,0,14,0,0,0,7
L30,mixed_endpoint_50152,0,0,0,0,0,1,55,0,32,390,42,0,0,0,0,0,0,0
P1,mixed_endpoint_50152,6,0,0,6,0,0,0,0,5,369,15,0,0,6,0,0,0,0
P2,mixed_endpoint_50152,6,0,0,6,0,0,0,0,5,369,15,0,0,6,0,0,0,0
L90,mixed_endpoint_50152,0,0,0,0,0,1,4,0,11,391,21,0,0,0,0,0,0,0
F60,mixed_endpoint_50152,0,0,0,0,0,0,0,0,8,373,18,0,0,0,2,0,2,0
F120,mixed_endpoint_50152,0,0,0,0,0,0,0,0,6,368,16,0,0,0,11,4,7,0
C1,mixed_endpoint_50152,0,0,0,0,0,4,19,0,4,367,14,0,0,0,0,0,0,4
C15,mixed_endpoint_50152,0,0,0,0,0,7,50,0,13,363,23,0,0,0,0,0,0,7
PC,mixed_endpoint_50152,8,0,0,8,0,5,37,0,5,364,15,0,0,8,0,0,0,5
M50,mixed_endpoint_50152,0,0,0,0,0,0,0,0,6,371,16,8,2,0,0,0,0,0
M75,mixed_endpoint_50152,0,0,0,0,0,0,0,0,3,371,13,3,0,0,0,0,0,0
LC,mixed_endpoint_50152,0,0,0,0,0,8,99,0,35,385,45,0,0,0,0,0,0,7
previous_best,mixed_endpoint_50153,10,5,2,10,0,0,0,0,3,304,14,0,0,0,0,0,0,0
baseline,mixed_endpoint_50153,0,0,0,0,0,0,0,0,4,324,15,0,0,0,0,0,0,0
LPC,mixed_endpoint_50152,8,0,0,6,0,8,99,0,40,385,50,0,0,8,0,0,0,7
L30,mixed_endpoint_50153,0,0,0,0,0,0,0,0,3,312,14,0,0,0,0,0,0,0
S_all,mixed_endpoint_50153,13,0,0,11,0,0,0,0,6,326,17,0,0,0,0,0,0,0
F60,mixed_endpoint_50153,0,0,0,0,0,0,0,0,4,324,15,0,0,0,3,0,3,0
L90,mixed_endpoint_50153,0,0,0,0,0,0,0,0,4,308,15,0,0,0,0,0,0,0
P1,mixed_endpoint_50153,11,0,0,10,0,0,0,0,6,324,17,0,0,11,0,0,0,0
P2,mixed_endpoint_50153,13,0,0,11,0,0,0,0,6,326,17,0,0,13,0,0,0,0
F120,mixed_endpoint_50153,0,0,0,0,0,0,0,0,4,324,15,0,0,0,16,11,5,0
C1,mixed_endpoint_50153,0,0,0,0,0,3,19,0,8,321,19,0,0,0,0,0,0,3
C15,mixed_endpoint_50153,0,0,0,0,0,5,35,0,7,320,18,0,0,0,0,0,0,5
M75,mixed_endpoint_50153,0,0,0,0,0,1,7,0,3,321,14,6,3,0,0,0,0,0
M50,mixed_endpoint_50153,0,0,0,0,0,0,0,0,3,322,14,5,2,0,0,0,0,0
LC,mixed_endpoint_50153,0,0,0,0,0,5,28,0,4,309,15,0,0,0,0,0,0,5
LPC,mixed_endpoint_50153,9,0,0,9,0,4,26,0,3,314,14,0,0,9,0,0,0,4
baseline,mixed_endpoint_50154,0,0,0,0,0,0,0,0,5,310,16,0,0,0,0,0,0,0
previous_best,mixed_endpoint_50154,13,6,2,11,0,0,0,0,4,348,15,0,0,0,0,0,0,0
PC,mixed_endpoint_50153,9,0,0,8,0,5,37,0,17,316,28,0,0,9,0,0,0,5
S_all,mixed_endpoint_50154,18,0,0,16,0,0,0,0,8,320,19,0,0,0,0,0,0,0
P1,mixed_endpoint_50154,15,0,0,13,0,0,0,0,6,317,17,0,0,15,0,0,0,0
F60,mixed_endpoint_50154,0,0,0,0,0,0,0,0,5,310,16,0,0,0,1,0,1,0
P2,mixed_endpoint_50154,18,0,0,16,0,0,0,0,8,320,19,0,0,18,0,0,0,0
L90,mixed_endpoint_50154,0,0,0,0,0,0,0,0,10,339,21,0,0,0,0,0,0,0
L30,mixed_endpoint_50154,0,0,0,0,0,0,0,0,3,298,14,0,0,0,0,0,0,0
C15,mixed_endpoint_50154,0,0,0,0,0,4,36,0,12,336,23,0,0,0,0,0,0,4
F120,mixed_endpoint_50154,0,0,0,0,0,0,0,0,3,319,14,0,0,0,13,11,2,0
M50,mixed_endpoint_50154,0,0,0,0,0,0,0,0,3,340,14,4,1,0,0,0,0,0
C1,mixed_endpoint_50154,0,0,0,0,0,2,14,0,7,308,18,0,0,0,0,0,0,2
PC,mixed_endpoint_50154,9,0,0,9,0,4,39,0,15,340,26,0,0,9,0,0,0,4
baseline,mixed_endpoint_50155,0,0,0,0,0,0,0,0,2,331,12,0,0,0,0,0,0,0
LPC,mixed_endpoint_50154,9,0,0,7,0,4,25,0,13,330,24,0,0,9,0,0,0,4
S_all,mixed_endpoint_50155,8,0,0,7,0,0,0,0,2,333,12,0,0,0,0,0,0,0
M75,mixed_endpoint_50154,0,0,0,0,0,0,0,0,3,322,14,3,0,0,0,0,0,0
L30,mixed_endpoint_50155,0,0,0,0,0,1,42,0,42,319,52,0,0,0,0,0,0,0
LC,mixed_endpoint_50154,0,0,0,0,0,3,20,0,5,294,16,0,0,0,0,0,0,3
L90,mixed_endpoint_50155,0,0,0,0,0,0,0,0,4,323,14,0,0,0,0,0,0,0
P1,mixed_endpoint_50155,8,0,0,7,0,0,0,0,2,333,12,0,0,8,0,0,0,0
previous_best,mixed_endpoint_50155,10,6,1,9,0,0,0,0,5,329,15,0,0,0,0,0,0,0
P2,mixed_endpoint_50155,8,0,0,7,0,0,0,0,2,333,12,0,0,8,0,0,0,0
F60,mixed_endpoint_50155,0,0,0,0,0,0,0,0,2,331,12,0,0,0,1,0,1,0
F120,mixed_endpoint_50155,0,0,0,0,0,0,0,0,2,331,12,0,0,0,10,9,1,0
C15,mixed_endpoint_50155,0,0,0,0,0,2,17,0,0,328,10,0,0,0,0,0,0,2
C1,mixed_endpoint_50155,0,0,0,0,0,0,0,0,2,331,12,0,0,0,0,0,0,0
PC,mixed_endpoint_50155,8,0,0,7,0,2,17,0,0,330,10,0,0,8,0,0,0,2
LC,mixed_endpoint_50155,0,0,0,0,0,5,60,0,47,317,57,0,0,0,0,0,0,4
M50,mixed_endpoint_50155,0,0,0,0,0,0,0,0,3,333,13,3,0,0,0,0,0,0
M75,mixed_endpoint_50155,0,0,0,0,0,0,0,0,5,362,15,6,1,0,0,0,0,0
LPC,mixed_endpoint_50155,4,0,0,4,0,5,61,0,52,307,62,0,0,4,0,0,0,4
baseline,mixed_endpoint_50156,0,0,0,0,0,0,0,0,6,297,19,0,0,0,0,0,0,0
S_all,mixed_endpoint_50156,19,0,0,19,0,0,0,0,10,302,23,0,0,0,0,0,0,0
previous_best,mixed_endpoint_50156,12,7,4,11,0,0,0,0,3,254,16,0,0,0,0,0,0,0
P1,mixed_endpoint_50156,18,0,0,18,0,0,0,0,9,300,22,0,0,18,0,0,0,0
L30,mixed_endpoint_50156,0,0,0,0,0,0,0,0,2,264,15,0,0,0,0,0,0,0
L90,mixed_endpoint_50156,0,0,0,0,0,0,0,0,5,246,18,0,0,0,0,0,0,0
P2,mixed_endpoint_50156,19,0,0,19,0,0,0,0,10,302,23,0,0,19,0,0,0,0
F120,mixed_endpoint_50156,0,0,0,0,0,0,0,0,6,297,19,0,0,0,16,10,6,0
F60,mixed_endpoint_50156,0,0,0,0,0,0,0,0,6,297,19,0,0,0,7,3,4,0
C15,mixed_endpoint_50156,0,0,0,0,0,5,24,0,9,287,22,0,0,0,0,0,0,5
C1,mixed_endpoint_50156,0,0,0,0,0,4,16,0,9,293,22,0,0,0,0,0,0,4
PC,mixed_endpoint_50156,14,0,0,14,0,8,40,0,15,286,28,0,0,14,0,0,0,8
baseline,mixed_endpoint_50157,0,0,0,0,0,0,0,0,4,228,19,0,0,0,0,0,0,0
M50,mixed_endpoint_50156,0,0,0,0,0,0,0,0,6,296,19,6,0,0,0,0,0,0
LC,mixed_endpoint_50156,0,0,0,0,0,3,15,0,2,262,15,0,0,0,0,0,0,3
S_all,mixed_endpoint_50157,21,0,0,18,0,0,0,0,8,212,23,0,0,0,0,0,0,0
LPC,mixed_endpoint_50156,13,0,0,12,0,6,33,0,15,270,28,0,0,13,0,0,0,6
M75,mixed_endpoint_50156,0,0,0,0,0,0,0,0,9,297,22,9,0,0,0,0,0,0
previous_best,mixed_endpoint_50157,19,8,3,16,0,0,0,0,5,253,20,0,0,0,0,0,0,0
L90,mixed_endpoint_50157,0,0,0,0,0,0,0,0,3,236,18,0,0,0,0,0,0,0
F60,mixed_endpoint_50157,0,0,0,0,0,0,0,0,4,228,19,0,0,0,1,0,1,0
L30,mixed_endpoint_50157,0,0,0,0,0,0,0,0,6,267,21,0,0,0,0,0,0,0
P2,mixed_endpoint_50157,21,0,0,18,0,0,0,0,8,212,23,0,0,21,0,0,0,0
P1,mixed_endpoint_50157,19,0,0,15,0,0,0,0,6,244,21,0,0,19,0,0,0,0
F120,mixed_endpoint_50157,0,0,0,0,0,0,0,0,4,270,19,0,0,0,10,6,4,0
C1,mixed_endpoint_50157,0,0,0,0,0,1,4,0,6,227,21,0,0,0,0,0,0,1
C15,mixed_endpoint_50157,0,0,0,0,0,6,44,0,25,224,40,0,0,0,0,0,0,6
M50,mixed_endpoint_50157,0,0,0,0,0,0,0,0,2,217,17,4,2,0,0,0,0,0
PC,mixed_endpoint_50157,15,0,0,13,0,5,33,0,11,225,26,0,0,15,0,0,0,5
M75,mixed_endpoint_50157,0,0,0,0,0,0,0,0,2,236,17,6,4,0,0,0,0,0
LC,mixed_endpoint_50157,0,0,0,0,0,6,35,0,14,223,29,0,0,0,0,0,0,6
baseline,mixed_endpoint_50158,0,0,0,0,0,0,0,0,4,209,20,0,0,0,0,0,0,0
S_all,mixed_endpoint_50158,18,0,0,15,0,0,0,0,8,232,24,0,0,0,0,0,0,0
previous_best,mixed_endpoint_50158,16,9,4,13,0,0,0,0,5,257,21,0,0,0,0,0,0,0
L90,mixed_endpoint_50158,0,0,0,0,0,0,0,0,7,236,23,0,0,0,0,0,0,0
LPC,mixed_endpoint_50157,14,0,0,11,0,8,53,0,9,238,24,0,0,14,0,0,0,8
L30,mixed_endpoint_50158,0,0,0,0,0,0,0,0,5,219,21,0,0,0,0,0,0,0
P1,mixed_endpoint_50158,13,0,0,12,0,0,0,0,5,230,21,0,0,13,0,0,0,0
F120,mixed_endpoint_50158,0,0,0,0,0,0,0,0,6,229,22,0,0,0,17,11,6,0
P2,mixed_endpoint_50158,18,0,0,15,0,0,0,0,8,232,24,0,0,18,0,0,0,0
F60,mixed_endpoint_50158,0,0,0,0,0,0,0,0,4,209,20,0,0,0,1,0,1,0
C1,mixed_endpoint_50158,0,0,0,0,0,2,8,0,5,208,21,0,0,0,0,0,0,2
C15,mixed_endpoint_50158,0,0,0,0,0,4,28,0,11,206,27,0,0,0,0,0,0,4
baseline,mixed_endpoint_50159,0,0,0,0,0,0,0,0,3,283,15,0,0,0,0,0,0,0
S_all,mixed_endpoint_50159,11,0,0,7,0,0,0,0,4,296,16,0,0,0,0,0,0,0
PC,mixed_endpoint_50158,12,0,0,11,0,7,39,0,17,223,33,0,0,12,0,0,0,7
previous_best,mixed_endpoint_50159,15,7,4,14,0,0,0,0,3,284,15,0,0,0,0,0,0,0
LPC,mixed_endpoint_50158,12,0,0,11,0,5,42,0,28,226,44,0,0,12,0,0,0,5
LC,mixed_endpoint_50158,0,0,0,0,0,5,32,0,10,215,26,0,0,0,0,0,0,5
M50,mixed_endpoint_50158,0,0,0,0,0,0,0,0,3,209,19,6,3,0,0,0,0,0
L90,mixed_endpoint_50159,0,0,0,0,0,0,0,0,4,292,16,0,0,0,0,0,0,0
P1,mixed_endpoint_50159,10,0,0,8,0,0,0,0,4,291,16,0,0,10,0,0,0,0
P2,mixed_endpoint_50159,11,0,0,7,0,0,0,0,4,296,16,0,0,11,0,0,0,0
L30,mixed_endpoint_50159,0,0,0,0,0,0,0,0,4,292,16,0,0,0,0,0,0,0
M75,mixed_endpoint_50158,0,0,0,0,0,0,0,0,3,272,19,6,3,0,0,0,0,0
F120,mixed_endpoint_50159,0,0,0,0,0,0,0,0,3,283,15,0,0,0,9,6,3,0
F60,mixed_endpoint_50159,0,0,0,0,0,0,0,0,3,283,15,0,0,0,0,0,0,0
C15,mixed_endpoint_50159,0,0,0,0,0,4,29,0,14,280,26,0,0,0,0,0,0,4
C1,mixed_endpoint_50159,0,0,0,0,0,0,0,0,3,283,15,0,0,0,0,0,0,0
PC,mixed_endpoint_50159,9,0,0,8,0,5,35,0,8,286,20,0,0,9,0,0,0,5
M50,mixed_endpoint_50159,0,0,0,0,0,0,0,0,4,283,16,5,1,0,0,0,0,0
M75,mixed_endpoint_50159,0,0,0,0,0,0,0,0,3,285,15,3,0,0,0,0,0,0
baseline,mixed_endpoint_50160,0,0,0,0,0,1,7,0,5,311,16,0,0,0,0,0,0,0
S_all,mixed_endpoint_50160,17,0,0,14,0,0,0,0,1,311,12,0,0,0,0,0,0,0
LPC,mixed_endpoint_50159,17,0,0,16,0,7,47,0,28,301,40,0,0,17,0,0,0,7
LC,mixed_endpoint_50159,0,0,0,0,0,3,18,0,5,282,17,0,0,0,0,0,0,3
previous_best,mixed_endpoint_50160,19,6,2,16,0,0,0,0,4,296,15,0,0,0,0,0,0,0
L30,mixed_endpoint_50160,0,0,0,0,0,0,0,0,6,301,17,0,0,0,0,0,0,0
P2,mixed_endpoint_50160,16,0,0,14,0,0,0,0,4,334,15,0,0,16,0,0,0,0
P1,mixed_endpoint_50160,12,0,0,12,0,0,0,0,1,315,12,0,0,12,0,0,0,0
F60,mixed_endpoint_50160,0,0,0,0,0,1,7,0,5,311,16,0,0,0,5,3,2,0
L90,mixed_endpoint_50160,0,0,0,0,0,0,0,0,7,287,18,0,0,0,0,0,0,0
F120,mixed_endpoint_50160,0,0,0,0,0,0,0,0,2,313,13,0,0,0,12,10,2,0
C1,mixed_endpoint_50160,0,0,0,0,0,5,34,0,24,303,35,0,0,0,0,0,0,5
C15,mixed_endpoint_50160,0,0,0,0,0,6,44,0,24,302,35,0,0,0,0,0,0,6
PC,mixed_endpoint_50160,12,0,0,12,0,1,4,0,0,314,11,0,0,12,0,0,0,1
M50,mixed_endpoint_50160,0,0,0,0,0,0,0,0,4,311,15,6,2,0,0,0,0,0
LPC,mixed_endpoint_50160,11,0,0,9,0,4,22,0,9,285,20,0,0,11,0,0,0,4
S_all,mixed_endpoint_50161,24,0,0,22,0,0,0,0,3,235,17,0,0,0,0,0,0,0
LC,mixed_endpoint_50160,0,0,0,0,0,6,35,0,22,296,33,0,0,0,0,0,0,6
M75,mixed_endpoint_50160,0,0,0,0,0,0,0,0,3,315,14,4,1,0,0,0,0,0
baseline,mixed_endpoint_50161,0,0,0,0,0,0,0,0,7,277,21,0,0,0,0,0,0,0
P1,mixed_endpoint_50161,17,0,0,15,0,0,0,0,5,283,19,0,0,17,0,0,0,0
L90,mixed_endpoint_50161,0,0,0,0,0,0,0,0,7,255,21,0,0,0,0,0,0,0
L30,mixed_endpoint_50161,0,0,0,0,0,0,0,0,4,263,18,0,0,0,0,0,0,0
P2,mixed_endpoint_50161,27,0,0,25,0,0,0,0,3,238,17,0,0,27,0,0,0,0
previous_best,mixed_endpoint_50161,20,8,1,17,0,0,0,0,7,234,21,0,0,0,0,0,0,0
F120,mixed_endpoint_50161,0,0,0,0,0,0,0,0,3,273,17,0,0,0,10,7,3,0
F60,mixed_endpoint_50161,0,0,0,0,0,0,0,0,7,277,21,0,0,0,4,0,4,0
C15,mixed_endpoint_50161,0,0,0,0,0,9,63,0,14,266,28,0,0,0,0,0,0,9
C1,mixed_endpoint_50161,0,0,0,0,0,2,8,0,9,275,23,0,0,0,0,0,0,2
M50,mixed_endpoint_50161,0,0,0,0,0,0,0,0,3,243,17,6,3,0,0,0,0,0
S_all,mixed_endpoint_50162,17,0,0,16,0,0,0,0,5,248,21,0,0,0,0,0,0,0
PC,mixed_endpoint_50161,18,0,0,16,0,8,52,0,23,278,37,0,0,18,0,0,0,8
baseline,mixed_endpoint_50162,0,0,0,0,0,0,0,0,8,222,24,0,0,0,0,0,0,0
M75,mixed_endpoint_50161,0,0,0,0,0,0,0,0,2,272,16,4,2,0,0,0,0,0
LPC,mixed_endpoint_50161,17,0,0,15,0,6,41,0,13,230,27,0,0,17,0,0,0,6
LC,mixed_endpoint_50161,0,0,0,0,0,7,67,0,31,256,45,0,0,0,0,0,0,6
P1,mixed_endpoint_50162,15,0,0,14,0,0,0,0,4,246,20,0,0,15,0,0,0,0
L90,mixed_endpoint_50162,0,0,0,0,0,0,0,0,8,215,24,0,0,0,0,0,0,0
previous_best,mixed_endpoint_50162,18,12,3,16,0,0,0,0,9,233,25,0,0,0,0,0,0,0
L30,mixed_endpoint_50162,0,0,0,0,0,0,0,0,5,188,21,0,0,0,0,0,0,0
P2,mixed_endpoint_50162,17,0,0,16,0,0,0,0,6,249,22,0,0,17,0,0,0,0
F120,mixed_endpoint_50162,0,0,0,0,0,0,0,0,7,220,23,0,0,0,18,10,8,0
F60,mixed_endpoint_50162,0,0,0,0,0,0,0,0,6,218,22,0,0,0,3,0,3,0
C1,mixed_endpoint_50162,0,0,0,0,0,3,16,0,14,216,30,0,0,0,0,0,0,3
C15,mixed_endpoint_50162,0,0,0,0,0,8,56,0,17,212,33,0,0,0,0,0,0,8
PC,mixed_endpoint_50162,13,0,0,12,0,7,46,0,10,241,26,0,0,13,0,0,0,7
S_all,mixed_endpoint_50163,21,0,0,17,0,0,0,0,7,270,22,0,0,0,0,0,0,0
M50,mixed_endpoint_50162,0,0,0,0,0,1,7,0,13,220,29,8,0,0,0,0,0,0
baseline,mixed_endpoint_50163,0,0,0,0,0,1,7,0,13,271,28,0,0,0,0,0,0,0
M75,mixed_endpoint_50162,0,0,0,0,0,0,0,0,6,219,22,6,0,0,0,0,0,0
LC,mixed_endpoint_50162,0,0,0,0,0,5,28,0,10,186,26,0,0,0,0,0,0,5
previous_best,mixed_endpoint_50163,16,8,0,10,0,0,0,0,8,254,23,0,0,0,0,0,0,0
LPC,mixed_endpoint_50162,16,0,0,13,0,7,43,0,20,158,36,0,0,16,0,0,0,7
L30,mixed_endpoint_50163,0,0,0,0,0,0,0,0,5,254,20,0,0,0,0,0,0,0
P1,mixed_endpoint_50163,21,0,0,16,0,0,0,0,6,272,21,0,0,21,0,0,0,0
L90,mixed_endpoint_50163,0,0,0,0,0,0,0,0,7,268,22,0,0,0,0,0,0,0
P2,mixed_endpoint_50163,21,0,0,17,0,0,0,0,7,270,22,0,0,21,0,0,0,0
C15,mixed_endpoint_50163,0,0,0,0,0,8,62,0,16,256,31,0,0,0,0,0,0,8
C1,mixed_endpoint_50163,0,0,0,0,0,4,24,0,12,261,27,0,0,0,0,0,0,4
F60,mixed_endpoint_50163,0,0,0,0,0,1,7,0,13,271,28,0,0,0,8,3,5,0
F120,mixed_endpoint_50163,0,0,0,0,0,1,7,0,12,267,27,0,0,0,17,10,7,0
PC,mixed_endpoint_50163,16,0,0,13,0,7,59,0,15,260,30,0,0,16,0,0,0,7
M50,mixed_endpoint_50163,0,0,0,0,0,0,0,0,7,259,22,7,0,0,0,0,0,0
baseline,mixed_endpoint_50164,0,0,0,0,0,0,0,0,4,254,18,0,0,0,0,0,0,0
S_all,mixed_endpoint_50164,23,0,0,21,0,0,0,0,8,281,22,0,0,0,0,0,0,0
L30,mixed_endpoint_50164,0,0,0,0,0,0,0,0,8,286,22,0,0,0,0,0,0,0
M75,mixed_endpoint_50163,0,0,0,0,0,0,0,0,6,265,21,6,0,0,0,0,0,0
LC,mixed_endpoint_50163,0,0,0,0,0,6,44,0,10,249,25,0,0,0,0,0,0,6
previous_best,mixed_endpoint_50164,18,11,5,17,0,0,0,0,6,319,20,0,0,0,0,0,0,0
L90,mixed_endpoint_50164,0,0,0,0,0,0,0,0,4,250,18,0,0,0,0,0,0,0
P1,mixed_endpoint_50164,17,0,0,14,0,0,0,0,9,264,23,0,0,17,0,0,0,0
F60,mixed_endpoint_50164,0,0,0,0,0,0,0,0,4,254,18,0,0,0,2,0,2,0
P2,mixed_endpoint_50164,23,0,0,21,0,0,0,0,8,281,22,0,0,23,0,0,0,0
F120,mixed_endpoint_50164,0,0,0,0,0,0,0,0,4,255,18,0,0,0,13,9,4,0
LPC,mixed_endpoint_50163,11,0,0,7,0,11,217,0,82,248,97,0,0,11,0,0,0,9
C15,mixed_endpoint_50164,0,0,0,0,0,7,63,0,32,249,46,0,0,0,0,0,0,7
C1,mixed_endpoint_50164,0,0,0,0,0,1,7,0,6,253,20,0,0,0,0,0,0,1
M50,mixed_endpoint_50164,0,0,0,0,0,0,0,0,2,271,16,6,4,0,0,0,0,0
LC,mixed_endpoint_50164,0,0,0,0,0,7,49,0,25,277,39,0,0,0,0,0,0,7
M75,mixed_endpoint_50164,0,0,0,0,0,0,0,0,5,274,19,6,1,0,0,0,0,0
baseline,mixed_endpoint_50165,0,0,0,0,0,0,0,0,7,154,23,0,0,0,0,0,0,0
PC,mixed_endpoint_50164,14,0,0,10,0,7,42,0,11,259,25,0,0,14,0,0,0,7
S_all,mixed_endpoint_50165,23,0,0,20,0,0,0,0,5,226,21,0,0,0,0,0,0,0
LPC,mixed_endpoint_50164,11,0,0,10,0,7,49,0,12,271,26,0,0,11,0,0,0,7
previous_best,mixed_endpoint_50165,14,7,1,10,0,0,0,0,6,172,22,0,0,0,0,0,0,0
L90,mixed_endpoint_50165,0,0,0,0,0,0,0,0,10,288,26,0,0,0,0,0,0,0
L30,mixed_endpoint_50165,0,0,0,0,0,0,0,0,4,202,20,0,0,0,0,0,0,0
P1,mixed_endpoint_50165,17,0,0,15,0,0,0,0,5,157,21,0,0,17,0,0,0,0
P2,mixed_endpoint_50165,20,0,0,18,0,0,0,0,7,158,23,0,0,20,0,0,0,0
F60,mixed_endpoint_50165,0,0,0,0,0,0,0,0,7,154,23,0,0,0,4,0,4,0
F120,mixed_endpoint_50165,0,0,0,0,0,0,0,0,10,156,26,0,0,0,20,9,11,0
C1,mixed_endpoint_50165,0,0,0,0,0,3,16,0,15,146,31,0,0,0,0,0,0,3
C15,mixed_endpoint_50165,0,0,0,0,0,6,46,0,19,143,35,0,0,0,0,0,0,6
baseline,mixed_endpoint_50166,0,0,0,0,0,0,0,0,2,219,17,0,0,0,0,0,0,0
M50,mixed_endpoint_50165,0,0,0,0,0,0,0,0,5,224,21,8,3,0,0,0,0,0
M75,mixed_endpoint_50165,0,0,0,0,0,0,0,0,6,155,22,7,1,0,0,0,0,0
PC,mixed_endpoint_50165,17,0,0,15,0,5,32,0,22,151,38,0,0,17,0,0,0,5
LC,mixed_endpoint_50165,0,0,0,0,0,8,45,0,9,192,25,0,0,0,0,0,0,8
S_all,mixed_endpoint_50166,15,0,0,15,0,0,0,0,5,261,20,0,0,0,0,0,0,0
L90,mixed_endpoint_50166,0,0,0,0,0,0,0,0,7,232,22,0,0,0,0,0,0,0
LPC,mixed_endpoint_50165,23,0,0,20,0,7,44,0,9,212,25,0,0,23,0,0,0,7
previous_best,mixed_endpoint_50166,18,10,4,14,0,0,0,0,6,247,21,0,0,0,0,0,0,0
P1,mixed_endpoint_50166,13,0,0,13,0,0,0,0,3,252,18,0,0,13,0,0,0,0
F60,mixed_endpoint_50166,0,0,0,0,0,0,0,0,2,219,17,0,0,0,1,0,1,0
F120,mixed_endpoint_50166,0,0,0,0,0,0,0,0,2,219,17,0,0,0,9,6,3,0
L30,mixed_endpoint_50166,0,0,0,0,0,1,35,0,39,240,54,0,0,0,0,0,0,0
P2,mixed_endpoint_50166,15,0,0,15,0,0,0,0,5,261,20,0,0,15,0,0,0,0
C15,mixed_endpoint_50166,0,0,0,0,0,7,41,0,7,217,22,0,0,0,0,0,0,7
C1,mixed_endpoint_50166,0,0,0,0,0,4,20,0,4,217,19,0,0,0,0,0,0,4
M50,mixed_endpoint_50166,0,0,0,0,0,0,0,0,2,220,17,6,4,0,0,0,0,0
baseline,mixed_endpoint_50167,0,0,0,0,0,0,0,0,3,317,13,0,0,0,0,0,0,0
M75,mixed_endpoint_50166,0,0,0,0,0,0,0,0,1,221,16,5,4,0,0,0,0,0
PC,mixed_endpoint_50166,13,0,0,13,0,6,43,0,18,248,33,0,0,13,0,0,0,6
previous_best,mixed_endpoint_50167,15,6,0,13,0,0,0,0,6,330,16,0,0,0,0,0,0,0
S_all,mixed_endpoint_50167,18,0,0,17,0,0,0,0,5,334,15,0,0,0,0,0,0,0
L30,mixed_endpoint_50167,0,0,0,0,0,0,0,0,3,322,13,0,0,0,0,0,0,0
L90,mixed_endpoint_50167,0,0,0,0,0,0,0,0,4,337,14,0,0,0,0,0,0,0
P1,mixed_endpoint_50167,15,0,0,15,0,0,0,0,2,328,12,0,0,15,0,0,0,0
F60,mixed_endpoint_50167,0,0,0,0,0,0,0,0,3,317,13,0,0,0,2,0,2,0
F120,mixed_endpoint_50167,0,0,0,0,0,0,0,0,3,321,13,0,0,0,9,6,3,0
P2,mixed_endpoint_50167,14,0,0,13,0,0,0,0,3,330,13,0,0,14,0,0,0,0
C1,mixed_endpoint_50167,0,0,0,0,0,4,24,0,7,313,17,0,0,0,0,0,0,4
C15,mixed_endpoint_50167,0,0,0,0,0,4,24,0,2,312,12,0,0,0,0,0,0,4
LC,mixed_endpoint_50166,0,0,0,0,0,9,85,0,55,234,70,0,0,0,0,0,0,8
LPC,mixed_endpoint_50166,13,0,0,13,0,10,60,0,27,234,42,0,0,13,0,0,0,10
M50,mixed_endpoint_50167,0,0,0,0,0,0,0,0,2,315,12,3,1,0,0,0,0,0
M75,mixed_endpoint_50167,0,0,0,0,0,0,0,0,4,329,14,6,2,0,0,0,0,0
baseline,mixed_endpoint_50168,0,0,0,0,0,0,0,0,4,301,14,0,0,0,0,0,0,0
PC,mixed_endpoint_50167,13,0,0,13,0,4,28,0,3,324,13,0,0,13,0,0,0,4
S_all,mixed_endpoint_50168,15,0,0,12,0,0,0,0,6,305,16,0,0,0,0,0,0,0
LC,mixed_endpoint_50167,0,0,0,0,0,5,32,0,9,319,19,0,0,0,0,0,0,5
LPC,mixed_endpoint_50167,10,0,0,9,0,5,32,0,9,321,19,0,0,10,0,0,0,5
L90,mixed_endpoint_50168,0,0,0,0,0,0,0,0,9,313,19,0,0,0,0,0,0,0
L30,mixed_endpoint_50168,0,0,0,0,0,0,0,0,4,312,14,0,0,0,0,0,0,0
previous_best,mixed_endpoint_50168,14,6,1,11,0,0,0,0,5,326,15,0,0,0,0,0,0,0
P1,mixed_endpoint_50168,15,0,0,11,0,0,0,0,6,316,16,0,0,15,0,0,0,0
F60,mixed_endpoint_50168,0,0,0,0,0,0,0,0,4,301,14,0,0,0,1,0,1,0
F120,mixed_endpoint_50168,0,0,0,0,0,0,0,0,4,301,14,0,0,0,4,3,1,0
P2,mixed_endpoint_50168,15,0,0,15,0,0,0,0,6,331,16,0,0,15,0,0,0,0
C1,mixed_endpoint_50168,0,0,0,0,0,2,10,0,9,295,19,0,0,0,0,0,0,2
C15,mixed_endpoint_50168,0,0,0,0,0,5,36,0,12,291,22,0,0,0,0,0,0,5
LC,mixed_endpoint_50168,0,0,0,0,0,5,32,0,8,305,18,0,0,0,0,0,0,5
M50,mixed_endpoint_50168,0,0,0,0,0,0,0,0,3,320,13,4,1,0,0,0,0,0
PC,mixed_endpoint_50168,11,0,0,9,0,3,20,0,11,302,21,0,0,11,0,0,0,3
M75,mixed_endpoint_50168,0,0,0,0,0,0,0,0,5,306,15,6,1,0,0,0,0,0
LPC,mixed_endpoint_50168,12,0,0,10,0,5,33,0,19,298,29,0,0,12,0,0,0,5
previous_best,mixed_endpoint_50169,13,9,5,13,0,0,0,0,4,246,18,0,0,0,0,0,0,0
baseline,mixed_endpoint_50169,0,0,0,0,0,0,0,0,4,270,18,0,0,0,0,0,0,0
S_all,mixed_endpoint_50169,18,0,0,18,0,0,0,0,5,297,19,0,0,0,0,0,0,0
L90,mixed_endpoint_50169,0,0,0,0,0,0,0,0,9,257,23,0,0,0,0,0,0,0
P1,mixed_endpoint_50169,19,0,0,18,0,0,0,0,5,259,19,0,0,19,0,0,0,0
F120,mixed_endpoint_50169,0,0,0,0,0,0,0,0,4,251,18,0,0,0,10,9,1,0
P2,mixed_endpoint_50169,18,0,0,18,0,0,0,0,5,297,19,0,0,18,0,0,0,0
F60,mixed_endpoint_50169,0,0,0,0,0,0,0,0,4,270,18,0,0,0,2,0,2,0
L30,mixed_endpoint_50169,0,0,0,0,0,0,0,0,8,253,22,0,0,0,0,0,0,0
C15,mixed_endpoint_50169,0,0,0,0,0,4,30,0,7,264,21,0,0,0,0,0,0,4
C1,mixed_endpoint_50169,0,0,0,0,0,2,8,0,9,295,23,0,0,0,0,0,0,2
M75,mixed_endpoint_50169,0,0,0,0,0,0,0,0,1,271,15,4,3,0,0,0,0,0
M50,mixed_endpoint_50169,0,0,0,0,0,0,0,0,2,276,16,4,2,0,0,0,0,0
PC,mixed_endpoint_50169,12,0,0,12,0,7,55,0,12,284,26,0,0,12,0,0,0,7
baseline,mixed_endpoint_50170,0,0,0,0,0,0,0,0,6,274,20,0,0,0,0,0,0,0
S_all,mixed_endpoint_50170,24,0,0,23,0,0,0,0,6,277,20,0,0,0,0,0,0,0
previous_best,mixed_endpoint_50170,24,10,2,21,0,0,0,0,8,276,22,0,0,0,0,0,0,0
LPC,mixed_endpoint_50169,11,0,0,10,0,8,58,0,23,244,37,0,0,11,0,0,0,8
LC,mixed_endpoint_50169,0,0,0,0,0,6,32,0,14,247,28,0,0,0,0,0,0,6
L30,mixed_endpoint_50170,0,0,0,0,0,0,0,0,6,259,20,0,0,0,0,0,0,0
P1,mixed_endpoint_50170,22,0,0,21,0,0,0,0,3,272,17,0,0,22,0,0,0,0
F60,mixed_endpoint_50170,0,0,0,0,0,0,0,0,6,274,20,0,0,0,6,0,6,0
P2,mixed_endpoint_50170,24,0,0,23,0,0,0,0,6,277,20,0,0,24,0,0,0,0
F120,mixed_endpoint_50170,0,0,0,0,0,0,0,0,6,274,20,0,0,0,11,5,6,0
L90,mixed_endpoint_50170,0,0,0,0,0,0,0,0,7,248,21,0,0,0,0,0,0,0
C15,mixed_endpoint_50170,0,0,0,0,0,7,41,0,11,266,25,0,0,0,0,0,0,7
C1,mixed_endpoint_50170,0,0,0,0,0,2,8,0,10,271,24,0,0,0,0,0,0,2
M50,mixed_endpoint_50170,0,0,0,0,0,0,0,0,5,271,19,7,2,0,0,0,0,0
PC,mixed_endpoint_50170,19,0,0,18,0,4,21,0,6,266,20,0,0,19,0,0,0,4
LC,mixed_endpoint_50170,0,0,0,0,0,4,30,0,7,252,21,0,0,0,0,0,0,4
M75,mixed_endpoint_50170,0,0,0,0,0,0,0,0,4,259,18,5,1,0,0,0,0,0
LPC,mixed_endpoint_50170,18,0,0,17,0,6,64,0,39,268,53,0,0,18,0,0,0,5
baseline,mixed_endpoint_50171,0,0,0,0,0,0,0,0,9,241,24,0,0,0,0,0,0,0
S_all,mixed_endpoint_50171,17,0,0,16,0,0,0,0,7,271,22,0,0,0,0,0,0,0
previous_best,mixed_endpoint_50171,22,11,1,21,0,0,0,0,10,242,25,0,0,0,0,0,0,0
L30,mixed_endpoint_50171,0,0,0,0,0,0,0,0,5,217,20,0,0,0,0,0,0,0
P2,mixed_endpoint_50171,24,0,0,24,0,0,0,0,6,265,21,0,0,24,0,0,0,0
L90,mixed_endpoint_50171,0,0,0,0,0,1,45,0,13,201,28,0,0,0,0,0,0,0
P1,mixed_endpoint_50171,23,0,0,23,0,0,0,0,7,278,22,0,0,23,0,0,0,0
F120,mixed_endpoint_50171,0,0,0,0,0,0,0,0,9,273,24,0,0,0,17,10,7,0
F60,mixed_endpoint_50171,0,0,0,0,0,0,0,0,9,241,24,0,0,0,8,1,7,0
C15,mixed_endpoint_50171,0,0,0,0,0,8,48,0,9,230,24,0,0,0,0,0,0,8
C1,mixed_endpoint_50171,0,0,0,0,0,6,24,0,15,235,30,0,0,0,0,0,0,6
baseline,mixed_endpoint_50172,0,0,0,0,0,0,0,0,3,263,16,0,0,0,0,0,0,0
previous_best,mixed_endpoint_50172,13,8,3,12,0,0,0,0,5,279,18,0,0,0,0,0,0,0
S_all,mixed_endpoint_50172,16,0,0,13,0,0,0,0,9,275,22,0,0,0,0,0,0,0
M50,mixed_endpoint_50171,0,0,0,0,0,0,0,0,5,230,20,6,1,0,0,0,0,0
PC,mixed_endpoint_50171,22,0,0,22,0,12,78,0,23,265,38,0,0,22,0,0,0,12
M75,mixed_endpoint_50171,0,0,0,0,0,1,7,0,9,234,24,8,3,0,0,0,0,0
P1,mixed_endpoint_50172,13,0,0,11,0,0,0,0,4,292,17,0,0,13,0,0,0,0
L30,mixed_endpoint_50172,0,0,0,0,0,0,0,0,3,250,16,0,0,0,0,0,0,0
LPC,mixed_endpoint_50171,18,0,0,17,0,12,79,0,34,211,49,0,0,18,0,0,0,12
LC,mixed_endpoint_50171,0,0,0,0,0,7,43,0,24,203,39,0,0,0,0,0,0,7
L90,mixed_endpoint_50172,0,0,0,0,0,0,0,0,3,265,16,0,0,0,0,0,0,0
P2,mixed_endpoint_50172,14,0,0,12,0,0,0,0,9,273,22,0,0,14,0,0,0,0
F60,mixed_endpoint_50172,0,0,0,0,0,0,0,0,3,263,16,0,0,0,1,0,1,0
F120,mixed_endpoint_50172,0,0,0,0,0,0,0,0,3,264,16,0,0,0,11,6,5,0
C15,mixed_endpoint_50172,0,0,0,0,0,5,27,0,12,260,25,0,0,0,0,0,0,5
C1,mixed_endpoint_50172,0,0,0,0,0,1,4,0,3,262,16,0,0,0,0,0,0,1
PC,mixed_endpoint_50172,13,0,0,11,0,5,31,0,13,288,26,0,0,13,0,0,0,5
M50,mixed_endpoint_50172,0,0,0,0,0,1,7,0,9,276,22,7,1,0,0,0,0,0
LC,mixed_endpoint_50172,0,0,0,0,0,5,44,0,14,247,27,0,0,0,0,0,0,5
LPC,mixed_endpoint_50172,9,0,0,9,0,8,52,0,19,264,32,0,0,9,0,0,0,8
previous_best,mixed_endpoint_50173,18,7,2,17,0,0,0,0,5,260,20,0,0,0,0,0,0,0
baseline,mixed_endpoint_50173,0,0,0,0,0,0,0,0,4,268,19,0,0,0,0,0,0,0
S_all,mixed_endpoint_50173,17,0,0,17,0,0,0,0,4,271,19,0,0,0,0,0,0,0
M75,mixed_endpoint_50172,0,0,0,0,0,0,0,0,6,288,19,7,1,0,0,0,0,0
P1,mixed_endpoint_50173,17,0,0,17,0,0,0,0,3,269,18,0,0,17,0,0,0,0
L30,mixed_endpoint_50173,0,0,0,0,0,0,0,0,8,260,23,0,0,0,0,0,0,0
L90,mixed_endpoint_50173,0,0,0,0,0,0,0,0,7,229,22,0,0,0,0,0,0,0
P2,mixed_endpoint_50173,17,0,0,17,0,0,0,0,4,271,19,0,0,17,0,0,0,0
F60,mixed_endpoint_50173,0,0,0,0,0,0,0,0,4,268,19,0,0,0,1,0,1,0
F120,mixed_endpoint_50173,0,0,0,0,0,0,0,0,8,274,23,0,0,0,18,10,8,0
C1,mixed_endpoint_50173,0,0,0,0,0,1,4,0,5,267,20,0,0,0,0,0,0,1
C15,mixed_endpoint_50173,0,0,0,0,0,5,37,0,11,265,26,0,0,0,0,0,0,5
M50,mixed_endpoint_50173,0,0,0,0,0,0,0,0,4,268,19,5,1,0,0,0,0,0
PC,mixed_endpoint_50173,16,0,0,16,0,5,31,0,11,265,26,0,0,16,0,0,0,5
LC,mixed_endpoint_50173,0,0,0,0,0,7,52,0,15,252,30,0,0,0,0,0,0,7
baseline,mixed_endpoint_50174,0,0,0,0,0,0,0,0,4,241,19,0,0,0,0,0,0,0
M75,mixed_endpoint_50173,0,0,0,0,0,0,0,0,4,254,19,4,0,0,0,0,0,0
S_all,mixed_endpoint_50174,21,0,0,20,0,0,0,0,6,265,21,0,0,0,0,0,0,0
LPC,mixed_endpoint_50173,17,0,0,17,0,6,32,0,8,217,23,0,0,17,0,0,0,6
L90,mixed_endpoint_50174,0,0,0,0,0,0,0,0,7,249,22,0,0,0,0,0,0,0
previous_best,mixed_endpoint_50174,16,8,3,14,0,0,0,0,5,211,20,0,0,0,0,0,0,0
L30,mixed_endpoint_50174,0,0,0,0,0,0,0,0,4,231,19,0,0,0,0,0,0,0
P1,mixed_endpoint_50174,19,0,0,18,0,0,0,0,6,221,21,0,0,19,0,0,0,0
P2,mixed_endpoint_50174,21,0,0,20,0,0,0,0,6,265,21,0,0,21,0,0,0,0
F120,mixed_endpoint_50174,0,0,0,0,0,0,0,0,6,259,21,0,0,0,17,11,6,0
F60,mixed_endpoint_50174,0,0,0,0,0,0,0,0,4,241,19,0,0,0,1,0,1,0
C15,mixed_endpoint_50174,0,0,0,0,0,7,53,0,20,236,35,0,0,0,0,0,0,7
C1,mixed_endpoint_50174,0,0,0,0,0,3,15,0,7,237,22,0,0,0,0,0,0,3
PC,mixed_endpoint_50174,16,0,0,15,0,9,57,0,25,258,40,0,0,16,0,0,0,9
baseline,mixed_endpoint_50175,0,0,0,0,0,0,0,0,10,262,23,0,0,0,0,0,0,0
previous_best,mixed_endpoint_50175,16,6,3,14,0,0,0,0,3,243,16,0,0,0,0,0,0,0
S_all,mixed_endpoint_50175,16,0,0,13,0,0,0,0,5,267,18,0,0,0,0,0,0,0
M50,mixed_endpoint_50174,0,0,0,0,0,0,0,0,4,242,19,7,3,0,0,0,0,0
LC,mixed_endpoint_50174,0,0,0,0,0,6,30,0,16,227,31,0,0,0,0,0,0,6
LPC,mixed_endpoint_50174,17,0,0,16,0,5,32,0,12,249,27,0,0,17,0,0,0,5
M75,mixed_endpoint_50174,0,0,0,0,0,0,0,0,3,246,18,5,2,0,0,0,0,0
L30,mixed_endpoint_50175,0,0,0,0,0,0,0,0,4,256,17,0,0,0,0,0,0,0
P1,mixed_endpoint_50175,18,0,0,16,0,0,0,0,3,259,16,0,0,18,0,0,0,0
P2,mixed_endpoint_50175,16,0,0,13,0,0,0,0,5,264,18,0,0,16,0,0,0,0
F60,mixed_endpoint_50175,0,0,0,0,0,0,0,0,10,262,23,0,0,0,4,1,3,0
L90,mixed_endpoint_50175,0,0,0,0,0,0,0,0,8,264,21,0,0,0,0,0,0,0
C15,mixed_endpoint_50175,0,0,0,0,0,7,47,0,18,249,31,0,0,0,0,0,0,7
C1,mixed_endpoint_50175,0,0,0,0,0,4,18,0,12,256,25,0,0,0,0,0,0,4
F120,mixed_endpoint_50175,0,0,0,0,0,0,0,0,7,291,20,0,0,0,16,9,7,0
LC,mixed_endpoint_50175,0,0,0,0,0,6,32,0,13,252,26,0,0,0,0,0,0,6
M50,mixed_endpoint_50175,0,0,0,0,0,0,0,0,10,262,23,11,1,0,0,0,0,0
PC,mixed_endpoint_50175,14,0,0,12,0,7,42,0,17,255,30,0,0,14,0,0,0,7
M75,mixed_endpoint_50175,0,0,0,0,0,0,0,0,9,262,22,10,1,0,0,0,0,0
baseline,mixed_endpoint_50176,0,0,0,0,0,0,0,0,4,256,17,0,0,0,0,0,0,0
S_all,mixed_endpoint_50176,14,0,0,12,0,0,0,0,5,273,18,0,0,0,0,0,0,0
L90,mixed_endpoint_50176,0,0,0,0,0,0,0,0,4,265,17,0,0,0,0,0,0,0
LPC,mixed_endpoint_50175,11,0,0,10,0,8,51,0,28,258,41,0,0,11,0,0,0,8
previous_best,mixed_endpoint_50176,14,8,3,10,0,0,0,0,5,281,18,0,0,0,0,0,0,0
P2,mixed_endpoint_50176,14,0,0,12,0,0,0,0,5,273,18,0,0,14,0,0,0,0
P1,mixed_endpoint_50176,13,0,0,11,0,0,0,0,5,273,18,0,0,13,0,0,0,0
L30,mixed_endpoint_50176,0,0,0,0,0,0,0,0,6,263,19,0,0,0,0,0,0,0
F60,mixed_endpoint_50176,0,0,0,0,0,0,0,0,4,256,17,0,0,0,2,0,2,0
F120,mixed_endpoint_50176,0,0,0,0,0,0,0,0,4,256,17,0,0,0,14,10,4,0
C1,mixed_endpoint_50176,0,0,0,0,0,3,12,0,9,253,22,0,0,0,0,0,0,3
C15,mixed_endpoint_50176,0,0,0,0,0,6,34,0,4,252,17,0,0,0,0,0,0,6
PC,mixed_endpoint_50176,13,0,0,11,0,4,30,0,18,266,31,0,0,13,0,0,0,4
M50,mixed_endpoint_50176,0,0,0,0,0,0,0,0,4,256,17,6,2,0,0,0,0,0
M75,mixed_endpoint_50176,0,0,0,0,0,0,0,0,2,256,15,5,3,0,0,0,0,0
LPC,mixed_endpoint_50176,11,0,0,11,0,6,36,0,13,268,26,0,0,11,0,0,0,6
baseline,mixed_endpoint_50177,0,0,0,0,0,0,0,0,7,167,23,0,0,0,0,0,0,0
S_all,mixed_endpoint_50177,27,0,0,24,0,0,0,0,6,172,22,0,0,0,0,0,0,0
LC,mixed_endpoint_50176,0,0,0,0,0,7,34,0,11,257,24,0,0,0,0,0,0,7
previous_best,mixed_endpoint_50177,17,7,3,13,0,1,104,0,12,170,28,0,0,0,0,0,0,0
P1,mixed_endpoint_50177,23,0,0,22,0,0,0,0,7,169,23,0,0,23,0,0,0,0
P2,mixed_endpoint_50177,26,0,0,24,0,0,0,0,6,171,22,0,0,26,0,0,0,0
F120,mixed_endpoint_50177,0,0,0,0,0,0,0,0,7,167,23,0,0,0,18,9,9,0
F60,mixed_endpoint_50177,0,0,0,0,0,0,0,0,7,167,23,0,0,0,1,0,1,0
L30,mixed_endpoint_50177,0,0,0,0,0,1,104,0,7,246,23,0,0,0,0,0,0,0
C1,mixed_endpoint_50177,0,0,0,0,0,3,12,0,8,164,24,0,0,0,0,0,0,3
C15,mixed_endpoint_50177,0,0,0,0,0,9,60,0,11,160,27,0,0,0,0,0,0,9
L90,mixed_endpoint_50177,0,0,0,0,0,1,104,0,110,205,126,0,0,0,0,0,0,0
M50,mixed_endpoint_50177,0,0,0,0,0,0,0,0,7,169,23,10,3,0,0,0,0,0
S_all,mixed_endpoint_50178,16,0,0,16,0,0,0,0,10,307,24,0,0,0,0,0,0,0
PC,mixed_endpoint_50177,19,0,0,19,0,5,41,0,8,161,24,0,0,19,0,0,0,5
baseline,mixed_endpoint_50178,0,0,0,0,0,1,16,0,7,311,21,0,0,0,0,0,0,0
L30,mixed_endpoint_50178,0,0,0,0,0,0,0,0,3,235,17,0,0,0,0,0,0,0
previous_best,mixed_endpoint_50178,19,10,2,18,0,0,0,0,8,295,22,0,0,0,0,0,0,0
M75,mixed_endpoint_50177,0,0,0,0,0,0,0,0,6,171,22,9,3,0,0,0,0,0
L90,mixed_endpoint_50178,0,0,0,0,0,0,0,0,3,224,17,0,0,0,0,0,0,0
P1,mixed_endpoint_50178,21,0,0,21,0,0,0,0,5,248,19,0,0,21,0,0,0,0
LC,mixed_endpoint_50177,0,0,0,0,0,8,151,0,111,222,127,0,0,0,0,0,0,7
LPC,mixed_endpoint_50177,16,0,0,14,0,6,35,0,13,107,29,0,0,16,0,0,0,6
P2,mixed_endpoint_50178,15,0,0,14,0,0,0,0,4,309,18,0,0,15,0,0,0,0
F120,mixed_endpoint_50178,0,0,0,0,0,0,0,0,6,262,20,0,0,0,12,6,6,0
C15,mixed_endpoint_50178,0,0,0,0,0,7,52,0,22,299,36,0,0,0,0,0,0,7
F60,mixed_endpoint_50178,0,0,0,0,0,1,16,0,7,311,21,0,0,0,2,0,2,0
C1,mixed_endpoint_50178,0,0,0,0,0,3,15,0,8,303,22,0,0,0,0,0,0,3
M50,mixed_endpoint_50178,0,0,0,0,0,0,0,0,6,311,20,6,0,0,0,0,0,0
M75,mixed_endpoint_50178,0,0,0,0,0,0,0,0,3,311,17,4,1,0,0,0,0,0
LC,mixed_endpoint_50178,0,0,0,0,0,3,12,0,4,234,18,0,0,0,0,0,0,3
PC,mixed_endpoint_50178,19,0,0,19,0,7,49,0,22,242,36,0,0,19,0,0,0,7
S_all,mixed_endpoint_50179,12,0,0,11,0,0,0,0,5,316,19,0,0,0,0,0,0,0
baseline,mixed_endpoint_50179,0,0,0,0,0,0,0,0,5,246,19,0,0,0,0,0,0,0
L30,mixed_endpoint_50179,0,0,0,0,0,0,0,0,3,303,17,0,0,0,0,0,0,0
L90,mixed_endpoint_50179,0,0,0,0,0,0,0,0,4,282,18,0,0,0,0,0,0,0
LPC,mixed_endpoint_50178,15,0,0,15,0,7,47,0,9,239,23,0,0,15,0,0,0,7
P1,mixed_endpoint_50179,12,0,0,11,0,0,0,0,5,316,19,0,0,12,0,0,0,0
P2,mixed_endpoint_50179,12,0,0,11,0,0,0,0,4,314,18,0,0,12,0,0,0,0
previous_best,mixed_endpoint_50179,16,9,4,14,0,0,0,0,5,291,19,0,0,0,0,0,0,0
F120,mixed_endpoint_50179,0,0,0,0,0,0,0,0,7,316,21,0,0,0,13,5,8,0
F60,mixed_endpoint_50179,0,0,0,0,0,0,0,0,5,246,19,0,0,0,2,0,2,0
C1,mixed_endpoint_50179,0,0,0,0,0,4,24,0,12,236,26,0,0,0,0,0,0,4
C15,mixed_endpoint_50179,0,0,0,0,0,4,24,0,6,236,20,0,0,0,0,0,0,4
PC,mixed_endpoint_50179,12,0,0,11,0,5,42,0,22,310,36,0,0,12,0,0,0,5
M50,mixed_endpoint_50179,0,0,0,0,0,0,0,0,7,319,21,7,0,0,0,0,0,0
M75,mixed_endpoint_50179,0,0,0,0,0,0,0,0,1,239,15,1,0,0,0,0,0,0
LC,mixed_endpoint_50179,0,0,0,0,0,6,40,0,15,300,29,0,0,0,0,0,0,6
previous_best,mixed_endpoint_50180,18,7,2,16,0,0,0,0,5,269,19,0,0,0,0,0,0,0
baseline,mixed_endpoint_50180,0,0,0,0,0,0,0,0,10,300,24,0,0,0,0,0,0,0
LPC,mixed_endpoint_50179,13,0,0,10,0,7,60,0,25,279,39,0,0,13,0,0,0,7
L30,mixed_endpoint_50180,0,0,0,0,0,0,0,0,1,237,15,0,0,0,0,0,0,0
S_all,mixed_endpoint_50180,19,0,0,19,0,0,0,0,12,308,26,0,0,0,0,0,0,0
L90,mixed_endpoint_50180,0,0,0,0,0,0,0,0,8,233,22,0,0,0,0,0,0,0
P1,mixed_endpoint_50180,16,0,0,16,0,0,0,0,11,304,25,0,0,16,0,0,0,0
C15,mixed_endpoint_50180,0,0,0,0,0,8,49,0,7,284,21,0,0,0,0,0,0,8
F120,mixed_endpoint_50180,0,0,0,0,0,0,0,0,10,300,24,0,0,0,21,11,10,0
F60,mixed_endpoint_50180,0,0,0,0,0,0,0,0,10,300,24,0,0,0,7,4,3,0
C1,mixed_endpoint_50180,0,0,0,0,0,4,16,0,10,289,24,0,0,0,0,0,0,4
P2,mixed_endpoint_50180,19,0,0,19,0,0,0,0,12,308,26,0,0,19,0,0,0,0
LC,mixed_endpoint_50180,0,0,0,0,0,1,4,0,2,236,16,0,0,0,0,0,0,1
PC,mixed_endpoint_50180,12,0,0,12,0,10,61,0,14,286,28,0,0,12,0,0,0,10
S_all,mixed_endpoint_50181,12,0,0,12,0,0,0,0,3,289,16,0,0,0,0,0,0,0
baseline,mixed_endpoint_50181,0,0,0,0,0,0,0,0,5,291,18,0,0,0,0,0,0,0
LPC,mixed_endpoint_50180,13,0,0,13,0,5,30,0,8,272,22,0,0,13,0,0,0,5
M75,mixed_endpoint_50180,0,0,0,0,0,0,0,0,5,279,19,8,3,0,0,0,0,0
M50,mixed_endpoint_50180,0,0,0,0,0,0,0,0,6,264,20,8,2,0,0,0,0,0
L30,mixed_endpoint_50181,0,0,0,0,0,0,0,0,6,260,19,0,0,0,0,0,0,0
P1,mixed_endpoint_50181,12,0,0,11,0,0,0,0,3,290,16,0,0,12,0,0,0,0
P2,mixed_endpoint_50181,12,0,0,12,0,0,0,0,3,289,16,0,0,12,0,0,0,0
previous_best,mixed_endpoint_50181,17,8,1,15,0,0,0,0,7,274,20,0,0,0,0,0,0,0
F120,mixed_endpoint_50181,0,0,0,0,0,0,0,0,4,289,17,0,0,0,5,2,3,0
L90,mixed_endpoint_50181,0,0,0,0,0,0,0,0,11,291,24,0,0,0,0,0,0,0
F60,mixed_endpoint_50181,0,0,0,0,0,0,0,0,5,291,18,0,0,0,1,0,1,0
C15,mixed_endpoint_50181,0,0,0,0,0,6,44,0,17,285,30,0,0,0,0,0,0,6
C1,mixed_endpoint_50181,0,0,0,0,0,3,16,0,9,287,22,0,0,0,0,0,0,3
M50,mixed_endpoint_50181,0,0,0,0,0,0,0,0,4,291,17,6,2,0,0,0,0,0
PC,mixed_endpoint_50181,11,0,0,10,0,4,28,0,12,286,25,0,0,11,0,0,0,4
M75,mixed_endpoint_50181,0,0,0,0,0,0,0,0,3,293,16,4,1,0,0,0,0,0
baseline,mixed_endpoint_50182,0,0,0,0,0,0,0,0,4,363,14,0,0,0,0,0,0,0
S_all,mixed_endpoint_50182,14,0,0,13,0,0,0,0,2,370,12,0,0,0,0,0,0,0
LC,mixed_endpoint_50181,0,0,0,0,0,7,33,0,13,255,26,0,0,0,0,0,0,7
L90,mixed_endpoint_50182,0,0,0,0,0,0,0,0,6,367,16,0,0,0,0,0,0,0
previous_best,mixed_endpoint_50182,13,8,4,9,0,0,0,0,4,330,14,0,0,0,0,0,0,0
LPC,mixed_endpoint_50181,13,0,0,10,0,8,40,0,13,258,26,0,0,13,0,0,0,8
L30,mixed_endpoint_50182,0,0,0,0,0,0,0,0,2,303,12,0,0,0,0,0,0,0
P1,mixed_endpoint_50182,14,0,0,13,0,0,0,0,2,370,12,0,0,14,0,0,0,0
P2,mixed_endpoint_50182,14,0,0,13,0,0,0,0,2,370,12,0,0,14,0,0,0,0
F120,mixed_endpoint_50182,0,0,0,0,0,0,0,0,4,361,14,0,0,0,10,6,4,0
F60,mixed_endpoint_50182,0,0,0,0,0,0,0,0,4,363,14,0,0,0,1,0,1,0
C15,mixed_endpoint_50182,0,0,0,0,0,5,32,0,12,359,22,0,0,0,0,0,0,5
C1,mixed_endpoint_50182,0,0,0,0,0,2,8,0,4,362,14,0,0,0,0,0,0,2
M50,mixed_endpoint_50182,0,0,0,0,0,0,0,0,3,363,13,4,1,0,0,0,0,0
M75,mixed_endpoint_50182,0,0,0,0,0,0,0,0,1,375,11,2,1,0,0,0,0,0
PC,mixed_endpoint_50182,14,0,0,13,0,2,12,0,4,368,14,0,0,14,0,0,0,2
baseline,mixed_endpoint_50183,0,0,0,0,0,0,0,0,4,370,15,0,0,0,0,0,0,0
LC,mixed_endpoint_50182,0,0,0,0,0,6,28,0,11,301,21,0,0,0,0,0,0,6
previous_best,mixed_endpoint_50183,11,6,1,9,0,0,0,0,5,364,16,0,0,0,0,0,0,0
S_all,mixed_endpoint_50183,6,0,0,6,0,0,0,0,4,331,15,0,0,0,0,0,0,0
LPC,mixed_endpoint_50182,8,0,0,8,0,6,31,0,12,301,22,0,0,8,0,0,0,6
L90,mixed_endpoint_50183,0,0,0,0,0,0,0,0,5,355,16,0,0,0,0,0,0,0
L30,mixed_endpoint_50183,0,0,0,0,0,0,0,0,4,365,15,0,0,0,0,0,0,0
P1,mixed_endpoint_50183,14,0,0,13,0,0,0,0,3,317,14,0,0,14,0,0,0,0
P2,mixed_endpoint_50183,6,0,0,6,0,0,0,0,4,331,15,0,0,6,0,0,0,0
F120,mixed_endpoint_50183,0,0,0,0,0,0,0,0,4,370,15,0,0,0,11,7,4,0
F60,mixed_endpoint_50183,0,0,0,0,0,0,0,0,4,370,15,0,0,0,4,2,2,0
C15,mixed_endpoint_50183,0,0,0,0,0,4,24,0,6,365,17,0,0,0,0,0,0,4
C1,mixed_endpoint_50183,0,0,0,0,0,2,8,0,5,366,16,0,0,0,0,0,0,2
PC,mixed_endpoint_50183,12,0,0,11,0,5,28,0,12,312,23,0,0,12,0,0,0,5
LC,mixed_endpoint_50183,0,0,0,0,0,5,33,0,15,361,26,0,0,0,0,0,0,5
M50,mixed_endpoint_50183,0,0,0,0,0,0,0,0,4,371,15,5,1,0,0,0,0,0
baseline,mixed_endpoint_50184,0,0,0,0,0,0,0,0,4,294,16,0,0,0,0,0,0,0
M75,mixed_endpoint_50183,0,0,0,0,0,0,0,0,5,365,16,6,1,0,0,0,0,0
S_all,mixed_endpoint_50184,15,0,0,15,0,0,0,0,1,296,13,0,0,0,0,0,0,0
previous_best,mixed_endpoint_50184,15,8,2,15,0,0,0,0,6,318,18,0,0,0,0,0,0,0
LPC,mixed_endpoint_50183,12,0,0,8,0,6,40,0,9,363,20,0,0,12,0,0,0,6
L30,mixed_endpoint_50184,0,0,0,0,0,0,0,0,5,294,17,0,0,0,0,0,0,0
P1,mixed_endpoint_50184,15,0,0,15,0,0,0,0,2,297,14,0,0,15,0,0,0,0
P2,mixed_endpoint_50184,15,0,0,15,0,0,0,0,1,296,13,0,0,15,0,0,0,0
L90,mixed_endpoint_50184,0,0,0,0,0,0,0,0,3,307,15,0,0,0,0,0,0,0
F60,mixed_endpoint_50184,0,0,0,0,0,0,0,0,4,294,16,0,0,0,1,0,1,0
F120,mixed_endpoint_50184,0,0,0,0,0,0,0,0,4,294,16,0,0,0,8,4,4,0
C1,mixed_endpoint_50184,0,0,0,0,0,4,23,0,6,291,18,0,0,0,0,0,0,4
C15,mixed_endpoint_50184,0,0,0,0,0,6,41,0,12,289,24,0,0,0,0,0,0,6
M50,mixed_endpoint_50184,0,0,0,0,0,0,0,0,2,294,14,4,2,0,0,0,0,0
LC,mixed_endpoint_50184,0,0,0,0,0,5,23,0,9,290,21,0,0,0,0,0,0,5
PC,mixed_endpoint_50184,13,0,0,12,0,6,36,0,10,281,22,0,0,13,0,0,0,6
LPC,mixed_endpoint_50184,11,0,0,11,0,5,28,0,16,339,28,0,0,11,0,0,0,5
baseline,mixed_endpoint_50185,0,0,0,0,0,0,0,0,5,320,17,0,0,0,0,0,0,0
S_all,mixed_endpoint_50185,14,0,0,13,0,0,0,0,6,312,18,0,0,0,0,0,0,0
M75,mixed_endpoint_50184,0,0,0,0,0,1,4,0,6,322,18,5,1,0,0,0,0,0
L90,mixed_endpoint_50185,0,0,0,0,0,0,0,0,4,285,16,0,0,0,0,0,0,0
P1,mixed_endpoint_50185,16,0,0,14,0,0,0,0,6,315,18,0,0,16,0,0,0,0
previous_best,mixed_endpoint_50185,16,9,4,13,0,0,0,0,5,356,17,0,0,0,0,0,0,0
P2,mixed_endpoint_50185,13,0,0,12,0,0,0,0,4,310,16,0,0,13,0,0,0,0
L30,mixed_endpoint_50185,0,0,0,0,0,0,0,0,6,314,18,0,0,0,0,0,0,0
F120,mixed_endpoint_50185,0,0,0,0,0,0,0,0,5,320,17,0,0,0,13,7,6,0
F60,mixed_endpoint_50185,0,0,0,0,0,0,0,0,5,320,17,0,0,0,0,0,0,0
C1,mixed_endpoint_50185,0,0,0,0,0,3,20,0,9,317,21,0,0,0,0,0,0,3
C15,mixed_endpoint_50185,0,0,0,0,0,5,38,0,20,315,32,0,0,0,0,0,0,5
PC,mixed_endpoint_50185,11,0,0,9,0,5,34,0,25,309,37,0,0,11,0,0,0,5
M50,mixed_endpoint_50185,0,0,0,0,0,0,0,0,7,323,19,8,1,0,0,0,0,0
baseline,mixed_endpoint_50186,0,0,0,0,0,0,0,0,5,323,17,0,0,0,0,0,0,0
S_all,mixed_endpoint_50186,13,0,0,11,0,0,0,0,7,318,19,0,0,0,0,0,0,0
LPC,mixed_endpoint_50185,13,0,0,11,0,4,18,0,4,329,16,0,0,13,0,0,0,4
previous_best,mixed_endpoint_50186,13,9,2,12,0,0,0,0,7,282,19,0,0,0,0,0,0,0
M75,mixed_endpoint_50185,0,0,0,0,0,0,0,0,5,325,17,8,3,0,0,0,0,0
LC,mixed_endpoint_50185,0,0,0,0,0,8,38,0,16,310,28,0,0,0,0,0,0,8
L30,mixed_endpoint_50186,0,0,0,0,0,0,0,0,2,319,14,0,0,0,0,0,0,0
L90,mixed_endpoint_50186,0,0,0,0,0,0,0,0,5,321,17,0,0,0,0,0,0,0
P2,mixed_endpoint_50186,13,0,0,11,0,0,0,0,7,318,19,0,0,13,0,0,0,0
P1,mixed_endpoint_50186,13,0,0,11,0,0,0,0,9,321,21,0,0,13,0,0,0,0
F60,mixed_endpoint_50186,0,0,0,0,0,0,0,0,5,323,17,0,0,0,2,0,2,0
F120,mixed_endpoint_50186,0,0,0,0,0,0,0,0,4,322,16,0,0,0,12,8,4,0
C15,mixed_endpoint_50186,0,0,0,0,0,6,40,0,16,318,28,0,0,0,0,0,0,6
C1,mixed_endpoint_50186,0,0,0,0,0,2,11,0,10,321,22,0,0,0,0,0,0,2
PC,mixed_endpoint_50186,13,0,0,11,0,7,47,0,12,311,24,0,0,13,0,0,0,7
LC,mixed_endpoint_50186,0,0,0,0,0,5,34,0,7,317,19,0,0,0,0,0,0,5
M50,mixed_endpoint_50186,0,0,0,0,0,0,0,0,5,323,17,6,1,0,0,0,0,0
M75,mixed_endpoint_50186,0,0,0,0,0,0,0,0,5,326,17,6,1,0,0,0,0,0
baseline,mixed_endpoint_50187,0,0,0,0,0,0,0,0,4,259,17,0,0,0,0,0,0,0
LPC,mixed_endpoint_50186,11,0,0,11,0,5,32,0,17,321,29,0,0,11,0,0,0,5
previous_best,mixed_endpoint_50187,15,6,0,13,0,0,0,0,6,262,19,0,0,0,0,0,0,0
S_all,mixed_endpoint_50187,27,0,0,26,0,0,0,0,3,298,16,0,0,0,0,0,0,0
L30,mixed_endpoint_50187,0,0,0,0,0,0,0,0,5,226,18,0,0,0,0,0,0,0
L90,mixed_endpoint_50187,0,0,0,0,0,0,0,0,4,243,17,0,0,0,0,0,0,0
P1,mixed_endpoint_50187,16,0,0,15,0,0,0,0,8,271,21,0,0,16,0,0,0,0
F60,mixed_endpoint_50187,0,0,0,0,0,0,0,0,4,259,17,0,0,0,4,1,3,0
F120,mixed_endpoint_50187,0,0,0,0,0,0,0,0,4,247,17,0,0,0,12,7,5,0
P2,mixed_endpoint_50187,30,0,0,29,0,0,0,0,3,302,16,0,0,30,0,0,0,0
C1,mixed_endpoint_50187,0,0,0,0,0,4,16,0,8,257,21,0,0,0,0,0,0,4
C15,mixed_endpoint_50187,0,0,0,0,0,5,26,0,11,254,24,0,0,0,0,0,0,5
PC,mixed_endpoint_50187,15,0,0,14,0,8,48,0,16,265,29,0,0,15,0,0,0,8
M75,mixed_endpoint_50187,0,0,0,0,0,0,0,0,3,231,16,5,2,0,0,0,0,0
M50,mixed_endpoint_50187,0,0,0,0,0,0,0,0,5,265,18,8,3,0,0,0,0,0
baseline,mixed_endpoint_50188,0,0,0,0,0,0,0,0,8,241,22,0,0,0,0,0,0,0
LC,mixed_endpoint_50187,0,0,0,0,0,4,32,0,23,223,36,0,0,0,0,0,0,4
S_all,mixed_endpoint_50188,24,0,0,23,0,0,0,0,5,238,19,0,0,0,0,0,0,0
LPC,mixed_endpoint_50187,15,0,0,14,0,6,39,0,23,286,36,0,0,15,0,0,0,6
previous_best,mixed_endpoint_50188,21,9,3,16,0,0,0,0,6,250,20,0,0,0,0,0,0,0
P2,mixed_endpoint_50188,24,0,0,23,0,0,0,0,5,238,19,0,0,24,0,0,0,0
P1,mixed_endpoint_50188,17,0,0,14,0,0,0,0,6,236,20,0,0,17,0,0,0,0
F60,mixed_endpoint_50188,0,0,0,0,0,0,0,0,8,241,22,0,0,0,4,0,4,0
L30,mixed_endpoint_50188,0,0,0,0,0,0,0,0,11,262,25,0,0,0,0,0,0,0
F120,mixed_endpoint_50188,0,0,0,0,0,0,0,0,8,251,22,0,0,0,14,7,7,0
L90,mixed_endpoint_50188,0,0,0,0,0,0,0,0,10,224,24,0,0,0,0,0,0,0
C1,mixed_endpoint_50188,0,0,0,0,0,0,0,0,2,235,16,0,0,0,0,0,0,0
C15,mixed_endpoint_50188,0,0,0,0,0,4,31,0,6,234,20,0,0,0,0,0,0,4
M75,mixed_endpoint_50188,0,0,0,0,0,0,0,0,5,258,19,6,1,0,0,0,0,0
M50,mixed_endpoint_50188,0,0,0,0,0,0,0,0,3,237,17,3,0,0,0,0,0,0
PC,mixed_endpoint_50188,16,0,0,15,0,10,72,0,22,233,36,0,0,16,0,0,0,10
baseline,mixed_endpoint_50189,0,0,0,0,0,0,0,0,9,213,25,0,0,0,0,0,0,0
previous_best,mixed_endpoint_50189,19,11,3,18,0,0,0,0,8,195,24,0,0,0,0,0,0,0
LC,mixed_endpoint_50188,0,0,0,0,0,7,45,0,16,247,30,0,0,0,0,0,0,7
S_all,mixed_endpoint_50189,20,0,0,19,0,0,0,0,10,301,26,0,0,0,0,0,0,0
LPC,mixed_endpoint_50188,14,0,0,13,0,8,41,0,14,233,28,0,0,14,0,0,0,8
P1,mixed_endpoint_50189,19,0,0,17,0,0,0,0,10,300,26,0,0,19,0,0,0,0
F60,mixed_endpoint_50189,0,0,0,0,0,0,0,0,9,213,25,0,0,0,3,0,3,0
L30,mixed_endpoint_50189,0,0,0,0,0,0,0,0,3,294,19,0,0,0,0,0,0,0
F120,mixed_endpoint_50189,0,0,0,0,0,0,0,0,7,213,23,0,0,0,21,13,8,0
P2,mixed_endpoint_50189,20,0,0,19,0,0,0,0,10,301,26,0,0,20,0,0,0,0
L90,mixed_endpoint_50189,0,0,0,0,0,0,0,0,10,258,26,0,0,0,0,0,0,0
C15,mixed_endpoint_50189,0,0,0,0,0,9,70,0,19,203,35,0,0,0,0,0,0,9
C1,mixed_endpoint_50189,0,0,0,0,0,2,12,0,14,210,30,0,0,0,0,0,0,2
S_all,mixed_endpoint_50190,20,0,0,20,0,0,0,0,5,229,21,0,0,0,0,0,0,0
baseline,mixed_endpoint_50190,0,0,0,0,0,0,0,0,6,243,22,0,0,0,0,0,0,0
M75,mixed_endpoint_50189,0,0,0,0,0,1,7,0,12,219,28,6,0,0,0,0,0,0
PC,mixed_endpoint_50189,18,0,0,17,0,7,55,0,25,145,41,0,0,18,0,0,0,7
M50,mixed_endpoint_50189,0,0,0,0,0,0,0,0,9,211,25,12,3,0,0,0,0,0
previous_best,mixed_endpoint_50190,20,12,4,17,0,0,0,0,8,223,24,0,0,0,0,0,0,0
LC,mixed_endpoint_50189,0,0,0,0,0,5,24,0,8,292,24,0,0,0,0,0,0,5
LPC,mixed_endpoint_50189,16,0,0,13,0,7,45,0,19,206,35,0,0,16,0,0,0,7
P1,mixed_endpoint_50190,16,0,0,16,0,0,0,0,4,225,20,0,0,16,0,0,0,0
L90,mixed_endpoint_50190,0,0,0,0,0,0,0,0,4,228,20,0,0,0,0,0,0,0
P2,mixed_endpoint_50190,19,0,0,18,0,0,0,0,5,215,21,0,0,19,0,0,0,0
L30,mixed_endpoint_50190,0,0,0,0,0,0,0,0,6,163,22,0,0,0,0,0,0,0
F60,mixed_endpoint_50190,0,0,0,0,0,0,0,0,6,243,22,0,0,0,2,0,2,0
F120,mixed_endpoint_50190,0,0,0,0,0,0,0,0,6,204,22,0,0,0,18,13,5,0
C15,mixed_endpoint_50190,0,0,0,0,0,7,50,0,13,238,29,0,0,0,0,0,0,7
C1,mixed_endpoint_50190,0,0,0,0,0,3,16,0,12,240,28,0,0,0,0,0,0,3
PC,mixed_endpoint_50190,15,0,0,13,0,8,58,0,15,236,31,0,0,15,0,0,0,8
M50,mixed_endpoint_50190,0,0,0,0,0,0,0,0,3,243,19,4,1,0,0,0,0,0
M75,mixed_endpoint_50190,0,0,0,0,0,0,0,0,3,244,19,4,1,0,0,0,0,0
LC,mixed_endpoint_50190,0,0,0,0,0,5,24,0,8,155,24,0,0,0,0,0,0,5
previous_best,mixed_endpoint_50191,18,9,2,13,0,0,0,0,7,240,22,0,0,0,0,0,0,0
LPC,mixed_endpoint_50190,16,0,0,16,0,7,34,0,10,166,26,0,0,16,0,0,0,7
baseline,mixed_endpoint_50191,0,0,0,0,0,0,0,0,6,309,21,0,0,0,0,0,0,0
S_all,mixed_endpoint_50191,18,0,0,16,0,0,0,0,7,261,22,0,0,0,0,0,0,0
L90,mixed_endpoint_50191,0,0,0,0,0,0,0,0,8,235,23,0,0,0,0,0,0,0
P2,mixed_endpoint_50191,20,0,0,19,0,0,0,0,11,253,26,0,0,20,0,0,0,0
L30,mixed_endpoint_50191,0,0,0,0,0,0,0,0,9,261,24,0,0,0,0,0,0,0
P1,mixed_endpoint_50191,19,0,0,17,0,0,0,0,7,256,22,0,0,19,0,0,0,0
F120,mixed_endpoint_50191,0,0,0,0,0,0,0,0,6,309,21,0,0,0,15,10,5,0
F60,mixed_endpoint_50191,0,0,0,0,0,0,0,0,6,309,21,0,0,0,0,0,0,0
M50,mixed_endpoint_50191,0,0,0,0,0,0,0,0,9,250,24,11,2,0,0,0,0,0
C15,mixed_endpoint_50191,0,0,0,0,0,7,59,0,26,300,41,0,0,0,0,0,0,7
M75,mixed_endpoint_50191,0,0,0,0,0,0,0,0,7,250,22,11,4,0,0,0,0,0
C1,mixed_endpoint_50191,0,0,0,0,0,1,8,0,12,307,27,0,0,0,0,0,0,1
baseline,mixed_endpoint_50192,0,0,0,0,0,0,0,0,3,350,15,0,0,0,0,0,0,0
PC,mixed_endpoint_50191,19,0,0,17,0,6,40,0,15,247,30,0,0,19,0,0,0,6
LC,mixed_endpoint_50191,0,0,0,0,0,9,54,0,20,249,35,0,0,0,0,0,0,9
L30,mixed_endpoint_50192,0,0,0,0,0,0,0,0,3,335,15,0,0,0,0,0,0,0
previous_best,mixed_endpoint_50192,12,9,4,10,0,0,0,0,5,298,17,0,0,0,0,0,0,0
S_all,mixed_endpoint_50192,15,0,0,14,0,0,0,0,2,353,14,0,0,0,0,0,0,0
L90,mixed_endpoint_50192,0,0,0,0,0,0,0,0,9,341,21,0,0,0,0,0,0,0
P1,mixed_endpoint_50192,14,0,0,13,0,0,0,0,1,352,13,0,0,14,0,0,0,0
P2,mixed_endpoint_50192,15,0,0,14,0,0,0,0,2,353,14,0,0,15,0,0,0,0
LPC,mixed_endpoint_50191,14,0,0,10,0,10,61,0,23,246,38,0,0,14,0,0,0,10
F60,mixed_endpoint_50192,0,0,0,0,0,0,0,0,3,350,15,0,0,0,1,0,1,0
F120,mixed_endpoint_50192,0,0,0,0,0,0,0,0,5,313,17,0,0,0,12,6,6,0
C1,mixed_endpoint_50192,0,0,0,0,0,3,12,0,4,348,16,0,0,0,0,0,0,3
C15,mixed_endpoint_50192,0,0,0,0,0,5,32,0,14,346,26,0,0,0,0,0,0,5
baseline,mixed_endpoint_50193,0,0,0,0,0,0,0,0,4,307,15,0,0,0,0,0,0,0
M50,mixed_endpoint_50192,0,0,0,0,0,0,0,0,2,349,14,4,2,0,0,0,0,0
PC,mixed_endpoint_50192,14,0,0,13,0,3,18,0,3,351,15,0,0,14,0,0,0,3
S_all,mixed_endpoint_50193,11,0,0,8,0,0,0,0,2,333,13,0,0,0,0,0,0,0
previous_best,mixed_endpoint_50193,14,6,2,14,0,0,0,0,4,292,15,0,0,0,0,0,0,0
LPC,mixed_endpoint_50192,14,0,0,13,0,3,19,0,12,326,24,0,0,14,0,0,0,3
LC,mixed_endpoint_50192,0,0,0,0,0,5,23,0,9,332,21,0,0,0,0,0,0,5
M75,mixed_endpoint_50192,0,0,0,0,0,0,0,0,4,355,16,5,1,0,0,0,0,0
L90,mixed_endpoint_50193,0,0,0,0,0,0,0,0,2,311,13,0,0,0,0,0,0,0
P2,mixed_endpoint_50193,11,0,0,8,0,0,0,0,2,333,13,0,0,11,0,0,0,0
L30,mixed_endpoint_50193,0,0,0,0,0,0,0,0,5,341,16,0,0,0,0,0,0,0
P1,mixed_endpoint_50193,15,0,0,14,0,0,0,0,5,322,16,0,0,15,0,0,0,0
F60,mixed_endpoint_50193,0,0,0,0,0,0,0,0,4,307,15,0,0,0,1,0,1,0
F120,mixed_endpoint_50193,0,0,0,0,0,0,0,0,5,336,16,0,0,0,12,8,4,0
C1,mixed_endpoint_50193,0,0,0,0,0,2,8,0,5,305,16,0,0,0,0,0,0,2
C15,mixed_endpoint_50193,0,0,0,0,0,4,24,0,6,303,17,0,0,0,0,0,0,4
M50,mixed_endpoint_50193,0,0,0,0,0,0,0,0,3,306,14,4,1,0,0,0,0,0
M75,mixed_endpoint_50193,0,0,0,0,0,0,0,0,1,327,12,3,2,0,0,0,0,0
PC,mixed_endpoint_50193,13,0,0,13,0,4,28,0,16,316,27,0,0,13,0,0,0,4
baseline,mixed_endpoint_50194,0,0,0,0,0,0,0,0,7,202,23,0,0,0,0,0,0,0
LPC,mixed_endpoint_50193,17,0,0,16,0,4,27,0,8,283,19,0,0,17,0,0,0,4
LC,mixed_endpoint_50193,0,0,0,0,0,7,48,0,18,336,29,0,0,0,0,0,0,7
S_all,mixed_endpoint_50194,17,0,0,16,0,0,0,0,10,244,26,0,0,0,0,0,0,0
previous_best,mixed_endpoint_50194,13,12,7,13,0,0,0,0,5,196,21,0,0,0,0,0,0,0
P1,mixed_endpoint_50194,16,0,0,15,0,0,0,0,7,191,23,0,0,16,0,0,0,0
L30,mixed_endpoint_50194,0,0,0,0,0,0,0,0,5,172,21,0,0,0,0,0,0,0
L90,mixed_endpoint_50194,0,0,0,0,0,0,0,0,8,232,24,0,0,0,0,0,0,0
P2,mixed_endpoint_50194,17,0,0,16,0,0,0,0,10,244,26,0,0,17,0,0,0,0
F60,mixed_endpoint_50194,0,0,0,0,0,0,0,0,7,202,23,0,0,0,1,0,1,0
F120,mixed_endpoint_50194,0,0,0,0,0,0,0,0,4,182,20,0,0,0,16,11,5,0
C15,mixed_endpoint_50194,0,0,0,0,0,8,71,0,21,194,37,0,0,0,0,0,0,8
C1,mixed_endpoint_50194,0,0,0,0,0,1,8,0,13,200,29,0,0,0,0,0,0,1
PC,mixed_endpoint_50194,13,0,0,12,0,7,55,0,11,181,27,0,0,13,0,0,0,7
M75,mixed_endpoint_50194,0,0,0,0,0,0,0,0,4,230,20,5,1,0,0,0,0,0
baseline,mixed_endpoint_50195,0,0,0,0,0,0,0,0,9,303,24,0,0,0,0,0,0,0
M50,mixed_endpoint_50194,0,0,0,0,0,0,0,0,9,232,25,10,1,0,0,0,0,0
S_all,mixed_endpoint_50195,11,0,0,11,0,0,0,0,8,297,23,0,0,0,0,0,0,0
LC,mixed_endpoint_50194,0,0,0,0,0,6,39,0,10,167,26,0,0,0,0,0,0,6
previous_best,mixed_endpoint_50195,19,10,5,14,0,0,0,0,5,254,20,0,0,0,0,0,0,0
L30,mixed_endpoint_50195,0,0,0,0,0,0,0,0,6,287,21,0,0,0,0,0,0,0
LPC,mixed_endpoint_50194,20,0,0,19,0,6,36,0,19,204,35,0,0,20,0,0,0,6
P1,mixed_endpoint_50195,11,0,0,11,0,0,0,0,8,297,23,0,0,11,0,0,0,0
L90,mixed_endpoint_50195,0,0,0,0,0,0,0,0,8,266,23,0,0,0,0,0,0,0
F120,mixed_endpoint_50195,0,0,0,0,0,0,0,0,5,274,20,0,0,0,16,11,5,0
P2,mixed_endpoint_50195,11,0,0,11,0,0,0,0,8,297,23,0,0,11,0,0,0,0
F60,mixed_endpoint_50195,0,0,0,0,0,0,0,0,9,303,24,0,0,0,5,1,4,0
C1,mixed_endpoint_50195,0,0,0,0,0,4,18,0,12,294,27,0,0,0,0,0,0,4
C15,mixed_endpoint_50195,0,0,0,0,0,10,68,0,29,290,44,0,0,0,0,0,0,10
M50,mixed_endpoint_50195,0,0,0,0,0,0,0,0,9,304,24,12,3,0,0,0,0,0
PC,mixed_endpoint_50195,11,0,0,11,0,10,68,0,25,289,40,0,0,11,0,0,0,10
baseline,mixed_endpoint_50196,0,0,0,0,0,0,0,0,5,263,19,0,0,0,0,0,0,0
LC,mixed_endpoint_50195,0,0,0,0,0,9,55,0,19,276,34,0,0,0,0,0,0,9
previous_best,mixed_endpoint_50196,24,9,1,21,0,0,0,0,8,249,22,0,0,0,0,0,0,0
S_all,mixed_endpoint_50196,15,0,0,15,0,0,0,0,7,261,21,0,0,0,0,0,0,0
LPC,mixed_endpoint_50195,13,0,0,13,0,9,54,0,22,277,37,0,0,13,0,0,0,9
M75,mixed_endpoint_50195,0,0,0,0,0,0,0,0,5,255,20,6,1,0,0,0,0,0
L30,mixed_endpoint_50196,0,0,0,0,0,0,0,0,5,243,19,0,0,0,0,0,0,0
L90,mixed_endpoint_50196,0,0,0,0,0,0,0,0,6,244,20,0,0,0,0,0,0,0
F120,mixed_endpoint_50196,0,0,0,0,0,0,0,0,4,265,18,0,0,0,11,7,4,0
P1,mixed_endpoint_50196,15,0,0,13,0,0,0,0,6,257,20,0,0,15,0,0,0,0
P2,mixed_endpoint_50196,14,0,0,14,0,0,0,0,7,259,21,0,0,14,0,0,0,0
F60,mixed_endpoint_50196,0,0,0,0,0,0,0,0,5,263,19,0,0,0,3,0,3,0
C1,mixed_endpoint_50196,0,0,0,0,0,3,15,0,11,260,25,0,0,0,0,0,0,3
C15,mixed_endpoint_50196,0,0,0,0,0,5,38,0,20,259,34,0,0,0,0,0,0,5
M50,mixed_endpoint_50196,0,0,0,0,0,0,0,0,6,247,20,7,1,0,0,0,0,0
M75,mixed_endpoint_50196,0,0,0,0,0,0,0,0,4,248,18,5,1,0,0,0,0,0
previous_best,mixed_endpoint_50197,8,5,2,6,0,0,0,0,3,349,13,0,0,0,0,0,0,0
PC,mixed_endpoint_50196,14,0,0,12,0,5,39,0,22,250,36,0,0,14,0,0,0,5
S_all,mixed_endpoint_50197,8,0,0,8,0,0,0,0,2,340,12,0,0,0,0,0,0,0
L30,mixed_endpoint_50197,0,0,0,0,0,0,0,0,3,346,13,0,0,0,0,0,0,0
baseline,mixed_endpoint_50197,0,0,0,0,0,0,0,0,3,339,13,0,0,0,0,0,0,0
L90,mixed_endpoint_50197,0,0,0,0,0,0,0,0,7,367,17,0,0,0,0,0,0,0
LC,mixed_endpoint_50196,0,0,0,0,0,4,25,0,7,239,21,0,0,0,0,0,0,4
P2,mixed_endpoint_50197,8,0,0,8,0,0,0,0,2,340,12,0,0,8,0,0,0,0
P1,mixed_endpoint_50197,8,0,0,8,0,0,0,0,2,340,12,0,0,8,0,0,0,0
F60,mixed_endpoint_50197,0,0,0,0,0,0,0,0,3,339,13,0,0,0,2,0,2,0
F120,mixed_endpoint_50197,0,0,0,0,0,0,0,0,3,339,13,0,0,0,10,6,4,0
C1,mixed_endpoint_50197,0,0,0,0,0,3,15,0,4,336,14,0,0,0,0,0,0,3
C15,mixed_endpoint_50197,0,0,0,0,0,5,35,0,15,336,25,0,0,0,0,0,0,5
LPC,mixed_endpoint_50196,17,0,0,16,0,4,22,0,0,239,14,0,0,17,0,0,0,4
LC,mixed_endpoint_50197,0,0,0,0,0,3,22,0,10,344,20,0,0,0,0,0,0,3
M75,mixed_endpoint_50197,0,0,0,0,0,0,0,0,0,357,10,1,1,0,0,0,0,0
M50,mixed_endpoint_50197,0,0,0,0,0,0,0,0,4,339,14,6,2,0,0,0,0,0
PC,mixed_endpoint_50197,8,0,0,8,0,4,24,0,9,338,19,0,0,8,0,0,0,4
LPC,mixed_endpoint_50197,13,0,0,13,0,3,20,0,6,343,16,0,0,13,0,0,0,3
baseline,mixed_endpoint_50198,0,0,0,0,0,0,0,0,3,273,17,0,0,0,0,0,0,0
S_all,mixed_endpoint_50198,13,0,0,13,0,0,0,0,3,326,17,0,0,0,0,0,0,0
L90,mixed_endpoint_50198,0,0,0,0,0,0,0,0,9,312,23,0,0,0,0,0,0,0
P1,mixed_endpoint_50198,12,0,0,12,0,0,0,0,3,326,17,0,0,12,0,0,0,0
F60,mixed_endpoint_50198,0,0,0,0,0,0,0,0,3,273,17,0,0,0,1,0,1,0
L30,mixed_endpoint_50198,0,0,0,0,0,0,0,0,3,283,17,0,0,0,0,0,0,0
P2,mixed_endpoint_50198,13,0,0,13,0,0,0,0,3,326,17,0,0,13,0,0,0,0
previous_best,mixed_endpoint_50198,17,10,1,14,0,0,0,0,9,270,23,0,0,0,0,0,0,0
F120,mixed_endpoint_50198,0,0,0,0,0,0,0,0,4,318,18,0,0,0,15,11,4,0
C1,mixed_endpoint_50198,0,0,0,0,0,2,8,0,5,271,19,0,0,0,0,0,0,2
C15,mixed_endpoint_50198,0,0,0,0,0,3,15,0,6,270,20,0,0,0,0,0,0,3
previous_best,mixed_endpoint_50199,8,6,1,7,0,0,0,0,5,341,15,0,0,0,0,0,0,0
S_all,mixed_endpoint_50199,18,0,0,18,0,0,0,0,5,352,15,0,0,0,0,0,0,0
PC,mixed_endpoint_50198,17,0,0,17,0,5,27,0,8,304,22,0,0,17,0,0,0,5
baseline,mixed_endpoint_50199,0,0,0,0,0,0,0,0,8,360,18,0,0,0,0,0,0,0
M50,mixed_endpoint_50198,0,0,0,0,0,0,0,0,4,277,18,4,0,0,0,0,0,0
LC,mixed_endpoint_50198,0,0,0,0,0,2,12,0,2,267,16,0,0,0,0,0,0,2
LPC,mixed_endpoint_50198,13,0,0,12,0,3,18,0,7,280,21,0,0,13,0,0,0,3
L30,mixed_endpoint_50199,0,0,0,0,0,0,0,0,5,351,15,0,0,0,0,0,0,0
M75,mixed_endpoint_50198,0,0,0,0,0,0,0,0,7,271,21,8,1,0,0,0,0,0
L90,mixed_endpoint_50199,0,0,0,0,0,0,0,0,6,348,16,0,0,0,0,0,0,0
F120,mixed_endpoint_50199,0,0,0,0,0,0,0,0,1,325,11,0,0,0,8,7,1,0
P2,mixed_endpoint_50199,14,0,0,14,0,0,0,0,5,360,15,0,0,14,0,0,0,0
P1,mixed_endpoint_50199,12,0,0,11,0,0,0,0,4,349,14,0,0,12,0,0,0,0
F60,mixed_endpoint_50199,0,0,0,0,0,0,0,0,8,360,18,0,0,0,4,1,3,0
C15,mixed_endpoint_50199,0,0,0,0,0,7,39,0,6,350,16,0,0,0,0,0,0,7
C1,mixed_endpoint_50199,0,0,0,0,0,5,24,0,9,353,19,0,0,0,0,0,0,5
baseline,directional_endpoint_50000,0,0,0,0,0,0,0,0,5,355,15,0,0,0,0,0,0,0
LC,mixed_endpoint_50199,0,0,0,0,0,7,45,0,11,340,21,0,0,0,0,0,0,7
PC,mixed_endpoint_50199,11,0,0,10,0,9,66,0,23,342,33,0,0,11,0,0,0,9
previous_best,directional_endpoint_50000,13,2,0,11,0,0,0,0,2,343,12,0,0,0,0,0,0,0
S_all,directional_endpoint_50000,9,0,0,9,0,0,0,0,4,344,14,0,0,0,0,0,0,0
M50,mixed_endpoint_50199,0,0,0,0,0,0,0,0,8,360,18,8,0,0,0,0,0,0
LPC,mixed_endpoint_50199,10,0,0,8,0,6,41,0,26,330,36,0,0,10,0,0,0,6
M75,mixed_endpoint_50199,0,0,0,0,0,0,0,0,4,339,14,4,0,0,0,0,0,0
P1,directional_endpoint_50000,9,0,0,9,0,0,0,0,5,345,15,0,0,9,0,0,0,0
P2,directional_endpoint_50000,9,0,0,9,0,0,0,0,4,344,14,0,0,9,0,0,0,0
F60,directional_endpoint_50000,0,0,0,0,0,0,0,0,5,355,15,0,0,0,3,0,3,0
L90,directional_endpoint_50000,0,0,0,0,0,0,0,0,8,339,18,0,0,0,0,0,0,0
F120,directional_endpoint_50000,0,0,0,0,0,0,0,0,5,355,15,0,0,0,7,2,5,0
C1,directional_endpoint_50000,0,0,0,0,0,4,19,0,14,349,24,0,0,0,0,0,0,4
C15,directional_endpoint_50000,0,0,0,0,0,5,29,0,15,347,25,0,0,0,0,0,0,5
L30,directional_endpoint_50000,0,0,0,0,0,0,0,0,3,374,13,0,0,0,0,0,0,0
M50,directional_endpoint_50000,0,0,0,0,0,0,0,0,5,354,15,6,1,0,0,0,0,0
PC,directional_endpoint_50000,4,0,0,2,0,7,45,0,30,347,40,0,0,4,0,0,0,7
M75,directional_endpoint_50000,0,0,0,0,0,0,0,0,5,355,15,6,1,0,0,0,0,0
baseline,directional_endpoint_50001,0,0,0,0,0,0,0,0,7,287,21,0,0,0,0,0,0,0
S_all,directional_endpoint_50001,18,0,0,13,0,0,0,0,5,295,19,0,0,0,0,0,0,0
previous_best,directional_endpoint_50001,17,7,0,14,0,0,0,0,7,259,21,0,0,0,0,0,0,0
LC,directional_endpoint_50000,0,0,0,0,0,4,25,0,7,372,17,0,0,0,0,0,0,4
LPC,directional_endpoint_50000,9,0,0,5,0,4,30,0,15,363,25,0,0,9,0,0,0,4
P1,directional_endpoint_50001,15,0,0,13,0,0,0,0,4,289,18,0,0,15,0,0,0,0
P2,directional_endpoint_50001,13,0,0,10,0,0,0,0,6,271,20,0,0,13,0,0,0,0
F60,directional_endpoint_50001,0,0,0,0,0,0,0,0,7,287,21,0,0,0,1,0,1,0
F120,directional_endpoint_50001,0,0,0,0,0,0,0,0,4,281,18,0,0,0,15,10,5,0
L30,directional_endpoint_50001,0,0,0,0,0,0,0,0,11,279,25,0,0,0,0,0,0,0
L90,directional_endpoint_50001,0,0,0,0,0,0,0,0,4,290,18,0,0,0,0,0,0,0
C1,directional_endpoint_50001,0,0,0,0,0,3,21,0,14,284,28,0,0,0,0,0,0,3
C15,directional_endpoint_50001,0,0,0,0,0,8,61,0,39,278,53,0,0,0,0,0,0,8
PC,directional_endpoint_50001,13,0,0,12,0,6,39,0,10,281,24,0,0,13,0,0,0,6
baseline,directional_endpoint_50002,0,0,0,0,0,0,0,0,8,238,24,0,0,0,0,0,0,0
M50,directional_endpoint_50001,0,0,0,0,0,0,0,0,6,292,20,7,1,0,0,0,0,0
M75,directional_endpoint_50001,0,0,0,0,0,0,0,0,4,260,18,7,3,0,0,0,0,0
LC,directional_endpoint_50001,0,0,0,0,0,10,55,0,17,261,31,0,0,0,0,0,0,10
S_all,directional_endpoint_50002,24,0,0,18,0,0,0,0,7,252,23,0,0,0,0,0,0,0
LPC,directional_endpoint_50001,23,0,0,16,0,5,33,0,16,266,30,0,0,23,0,0,0,5
P1,directional_endpoint_50002,18,0,0,15,0,0,0,0,5,237,21,0,0,18,0,0,0,0
F60,directional_endpoint_50002,0,0,0,0,0,0,0,0,8,238,24,0,0,0,2,0,2,0
L30,directional_endpoint_50002,0,0,0,0,0,0,0,0,8,248,24,0,0,0,0,0,0,0
P2,directional_endpoint_50002,24,0,0,18,0,0,0,0,7,252,23,0,0,24,0,0,0,0
previous_best,directional_endpoint_50002,16,7,1,13,0,0,0,0,6,223,22,0,0,0,0,0,0,0
L90,directional_endpoint_50002,0,0,0,0,0,0,0,0,7,238,23,0,0,0,0,0,0,0
F120,directional_endpoint_50002,0,0,0,0,0,0,0,0,6,255,22,0,0,0,14,7,7,0
C1,directional_endpoint_50002,0,0,0,0,0,3,16,0,11,235,27,0,0,0,0,0,0,3
C15,directional_endpoint_50002,0,0,0,0,0,8,57,0,18,230,34,0,0,0,0,0,0,8
M75,directional_endpoint_50002,0,0,0,0,0,0,0,0,4,237,20,6,2,0,0,0,0,0
PC,directional_endpoint_50002,17,0,0,14,0,7,47,0,18,231,34,0,0,17,0,0,0,7
baseline,directional_endpoint_50003,0,0,0,0,0,0,0,0,3,255,18,0,0,0,0,0,0,0
M50,directional_endpoint_50002,0,0,0,0,0,0,0,0,8,238,24,9,1,0,0,0,0,0
S_all,directional_endpoint_50003,18,0,0,17,0,0,0,0,8,260,23,0,0,0,0,0,0,0
previous_best,directional_endpoint_50003,18,12,6,16,0,0,0,0,6,233,21,0,0,0,0,0,0,0
LC,directional_endpoint_50002,0,0,0,0,0,10,69,0,31,239,47,0,0,0,0,0,0,10
P2,directional_endpoint_50003,16,0,0,15,0,0,0,0,8,261,23,0,0,16,0,0,0,0
F60,directional_endpoint_50003,0,0,0,0,0,0,0,0,3,255,18,0,0,0,0,0,0,0
F120,directional_endpoint_50003,0,0,0,0,0,0,0,0,3,285,18,0,0,0,13,10,3,0
LPC,directional_endpoint_50002,20,0,0,19,0,6,89,0,68,308,84,0,0,20,0,0,0,5
L90,directional_endpoint_50003,0,0,0,0,0,1,48,0,52,335,67,0,0,0,0,0,0,0
C1,directional_endpoint_50003,0,0,0,0,0,3,20,0,7,251,22,0,0,0,0,0,0,3
P1,directional_endpoint_50003,16,0,0,14,0,0,0,0,8,266,23,0,0,16,0,0,0,0
C15,directional_endpoint_50003,0,0,0,0,0,7,61,0,19,236,34,0,0,0,0,0,0,7
L30,directional_endpoint_50003,0,0,0,0,0,0,0,0,6,299,21,0,0,0,0,0,0,0
M50,directional_endpoint_50003,0,0,0,0,0,0,0,0,3,255,18,6,3,0,0,0,0,0
baseline,directional_endpoint_50004,0,0,0,0,0,0,0,0,2,340,13,0,0,0,0,0,0,0
M75,directional_endpoint_50003,0,0,0,0,0,0,0,0,7,247,22,7,0,0,0,0,0,0
L30,directional_endpoint_50004,0,0,0,0,0,1,28,0,9,331,20,0,0,0,0,0,0,0
S_all,directional_endpoint_50004,9,0,0,8,0,0,0,0,5,345,16,0,0,0,0,0,0,0
PC,directional_endpoint_50003,19,0,0,18,0,6,46,0,15,287,30,0,0,19,0,0,0,6
LPC,directional_endpoint_50003,17,0,0,16,0,6,42,0,15,259,30,0,0,17,0,0,0,6
previous_best,directional_endpoint_50004,11,5,1,10,0,0,0,0,4,333,15,0,0,0,0,0,0,0
P1,directional_endpoint_50004,8,0,0,5,0,0,0,0,2,341,13,0,0,8,0,0,0,0
L90,directional_endpoint_50004,0,0,0,0,0,0,0,0,2,311,13,0,0,0,0,0,0,0
P2,directional_endpoint_50004,8,0,0,7,0,0,0,0,6,345,17,0,0,8,0,0,0,0
F60,directional_endpoint_50004,0,0,0,0,0,0,0,0,2,340,13,0,0,0,0,0,0,0
LC,directional_endpoint_50003,0,0,0,0,0,8,60,0,32,293,47,0,0,0,0,0,0,8
F120,directional_endpoint_50004,0,0,0,0,0,0,0,0,2,340,13,0,0,0,12,9,3,0
C1,directional_endpoint_50004,0,0,0,0,0,0,0,0,2,340,13,0,0,0,0,0,0,0
C15,directional_endpoint_50004,0,0,0,0,0,3,30,0,17,337,28,0,0,0,0,0,0,3
M75,directional_endpoint_50004,0,0,0,0,0,0,0,0,2,342,13,3,1,0,0,0,0,0
M50,directional_endpoint_50004,0,0,0,0,0,0,0,0,3,340,14,3,0,0,0,0,0,0
LC,directional_endpoint_50004,0,0,0,0,0,2,34,0,10,331,21,0,0,0,0,0,0,1
PC,directional_endpoint_50004,8,0,0,5,0,4,36,0,19,338,30,0,0,8,0,0,0,4
baseline,directional_endpoint_50005,0,0,0,0,0,1,105,0,25,291,38,0,0,0,0,0,0,0
LPC,directional_endpoint_50004,13,0,0,11,0,4,29,0,11,328,22,0,0,13,0,0,0,4
S_all,directional_endpoint_50005,20,0,0,14,0,1,105,0,108,306,121,0,0,0,0,0,0,0
previous_best,directional_endpoint_50005,15,7,2,13,0,0,0,0,5,315,18,0,0,0,0,0,0,0
L90,directional_endpoint_50005,0,0,0,0,0,1,105,0,23,289,36,0,0,0,0,0,0,0
P1,directional_endpoint_50005,16,0,0,13,0,0,0,0,3,297,16,0,0,16,0,0,0,0
F60,directional_endpoint_50005,0,0,0,0,0,1,105,0,25,291,38,0,0,0,1,0,1,0
F120,directional_endpoint_50005,0,0,0,0,0,1,105,0,25,291,38,0,0,0,14,11,3,0
P2,directional_endpoint_50005,20,0,0,14,0,1,105,0,108,306,121,0,0,20,0,0,0,0
L30,directional_endpoint_50005,0,0,0,0,0,1,105,0,69,283,82,0,0,0,0,0,0,0
C1,directional_endpoint_50005,0,0,0,0,0,2,109,0,26,290,39,0,0,0,0,0,0,1
C15,directional_endpoint_50005,0,0,0,0,0,6,143,0,30,287,43,0,0,0,0,0,0,5
PC,directional_endpoint_50005,16,0,0,12,0,5,39,0,13,294,26,0,0,16,0,0,0,5
baseline,directional_endpoint_50006,0,0,0,0,0,0,0,0,4,299,17,0,0,0,0,0,0,0
S_all,directional_endpoint_50006,12,0,0,9,0,1,4,0,8,306,21,0,0,0,0,0,0,0
previous_best,directional_endpoint_50006,14,7,3,12,0,0,0,0,4,297,17,0,0,0,0,0,0,0
M75,directional_endpoint_50005,0,0,0,0,0,0,0,0,4,290,17,5,1,0,0,0,0,0
LC,directional_endpoint_50005,0,0,0,0,0,7,146,0,79,276,92,0,0,0,0,0,0,6
LPC,directional_endpoint_50005,12,0,0,9,0,6,140,0,108,293,121,0,0,12,0,0,0,5
M50,directional_endpoint_50005,0,0,0,0,0,0,0,0,6,292,19,7,1,0,0,0,0,0
P1,directional_endpoint_50006,10,0,0,8,0,0,0,0,3,314,16,0,0,10,0,0,0,0
P2,directional_endpoint_50006,12,0,0,9,0,1,4,0,8,306,21,0,0,12,0,0,0,0
C15,directional_endpoint_50006,0,0,0,0,0,4,29,0,5,294,18,0,0,0,0,0,0,4
F120,directional_endpoint_50006,0,0,0,0,0,0,0,0,3,302,16,0,0,0,15,13,2,0
F60,directional_endpoint_50006,0,0,0,0,0,0,0,0,4,299,17,0,0,0,2,0,2,0
C1,directional_endpoint_50006,0,0,0,0,0,1,4,0,4,298,17,0,0,0,0,0,0,1
L30,directional_endpoint_50006,0,0,0,0,0,1,40,0,26,294,39,0,0,0,0,0,0,0
L90,directional_endpoint_50006,0,0,0,0,0,1,28,0,33,308,46,0,0,0,0,0,0,0
M75,directional_endpoint_50006,0,0,0,0,0,0,0,0,2,298,15,3,1,0,0,0,0,0
M50,directional_endpoint_50006,0,0,0,0,0,0,0,0,2,296,15,4,2,0,0,0,0,0
baseline,directional_endpoint_50007,0,0,0,0,0,0,0,0,4,290,17,0,0,0,0,0,0,0
S_all,directional_endpoint_50007,14,0,0,14,0,0,0,0,5,317,18,0,0,0,0,0,0,0
L30,directional_endpoint_50007,0,0,0,0,0,0,0,0,8,324,21,0,0,0,0,0,0,0
PC,directional_endpoint_50006,10,0,0,8,0,3,23,0,11,309,24,0,0,10,0,0,0,3
L90,directional_endpoint_50007,0,0,0,0,0,0,0,0,5,330,18,0,0,0,0,0,0,0
LPC,directional_endpoint_50006,16,0,0,12,0,3,20,0,3,304,16,0,0,16,0,0,0,3
F60,directional_endpoint_50007,0,0,0,0,0,0,0,0,4,290,17,0,0,0,1,0,1,0
P2,directional_endpoint_50007,14,0,0,14,0,0,0,0,5,317,18,0,0,14,0,0,0,0
P1,directional_endpoint_50007,15,0,0,15,0,0,0,0,5,318,18,0,0,15,0,0,0,0
LC,directional_endpoint_50006,0,0,0,0,0,8,79,0,38,286,51,0,0,0,0,0,0,7
F120,directional_endpoint_50007,0,0,0,0,0,0,0,0,4,290,17,0,0,0,4,0,4,0
previous_best,directional_endpoint_50007,10,7,5,8,0,0,0,0,2,303,15,0,0,0,0,0,0,0
C15,directional_endpoint_50007,0,0,0,0,0,6,50,0,15,286,28,0,0,0,0,0,0,6
C1,directional_endpoint_50007,0,0,0,0,0,1,4,0,3,289,16,0,0,0,0,0,0,1
M50,directional_endpoint_50007,0,0,0,0,0,0,0,0,5,292,18,6,1,0,0,0,0,0
PC,directional_endpoint_50007,14,0,0,13,0,9,68,0,27,316,40,0,0,14,0,0,0,9
M75,directional_endpoint_50007,0,0,0,0,0,0,0,0,3,323,16,6,3,0,0,0,0,0
LC,directional_endpoint_50007,0,0,0,0,0,9,63,0,25,316,38,0,0,0,0,0,0,9
LPC,directional_endpoint_50007,8,0,0,7,0,10,78,0,36,315,49,0,0,8,0,0,0,10
S_all,directional_endpoint_50008,20,0,0,18,0,0,0,0,4,286,19,0,0,0,0,0,0,0
baseline,directional_endpoint_50008,0,0,0,0,0,0,0,0,8,347,23,0,0,0,0,0,0,0
L30,directional_endpoint_50008,0,0,0,0,0,0,0,0,4,315,19,0,0,0,0,0,0,0
L90,directional_endpoint_50008,0,0,0,0,0,1,59,0,63,272,78,0,0,0,0,0,0,0
P1,directional_endpoint_50008,19,0,0,17,0,0,0,0,4,281,19,0,0,19,0,0,0,0
P2,directional_endpoint_50008,19,0,0,17,0,0,0,0,5,282,20,0,0,19,0,0,0,0
previous_best,directional_endpoint_50008,17,10,0,12,0,0,0,0,10,288,25,0,0,0,0,0,0,0
F60,directional_endpoint_50008,0,0,0,0,0,0,0,0,8,347,23,0,0,0,3,1,2,0
F120,directional_endpoint_50008,0,0,0,0,0,0,0,0,11,304,26,0,0,0,22,13,9,0
C1,directional_endpoint_50008,0,0,0,0,0,3,24,0,24,341,39,0,0,0,0,0,0,3
baseline,directional_endpoint_50009,0,0,0,0,0,0,0,0,2,361,12,0,0,0,0,0,0,0
C15,directional_endpoint_50008,0,0,0,0,0,9,87,0,27,335,42,0,0,0,0,0,0,9
S_all,directional_endpoint_50009,4,0,0,3,0,0,0,0,3,362,13,0,0,0,0,0,0,0
PC,directional_endpoint_50008,12,0,0,11,0,7,57,0,7,268,22,0,0,12,0,0,0,7
previous_best,directional_endpoint_50009,5,6,4,5,0,0,0,0,2,384,12,0,0,0,0,0,0,0
LC,directional_endpoint_50008,0,0,0,0,0,4,28,0,16,311,31,0,0,0,0,0,0,4
M50,directional_endpoint_50008,0,0,0,0,0,0,0,0,5,335,20,9,4,0,0,0,0,0
P1,directional_endpoint_50009,4,0,0,3,0,0,0,0,3,362,13,0,0,4,0,0,0,0
LPC,directional_endpoint_50008,15,0,0,13,0,7,49,0,14,311,29,0,0,15,0,0,0,7
L90,directional_endpoint_50009,0,0,0,0,0,0,0,0,2,379,12,0,0,0,0,0,0,0
L30,directional_endpoint_50009,0,0,0,0,0,0,0,0,2,386,12,0,0,0,0,0,0,0
F60,directional_endpoint_50009,0,0,0,0,0,0,0,0,2,361,12,0,0,0,1,0,1,0
P2,directional_endpoint_50009,4,0,0,3,0,0,0,0,3,362,13,0,0,4,0,0,0,0
M75,directional_endpoint_50008,0,0,0,0,0,0,0,0,5,336,20,7,2,0,0,0,0,0
F120,directional_endpoint_50009,0,0,0,0,0,0,0,0,2,361,12,0,0,0,6,0,6,0
C1,directional_endpoint_50009,0,0,0,0,0,0,0,0,2,361,12,0,0,0,0,0,0,0
C15,directional_endpoint_50009,0,0,0,0,0,3,27,0,16,359,26,0,0,0,0,0,0,3
PC,directional_endpoint_50009,4,0,0,3,0,4,31,0,19,359,29,0,0,4,0,0,0,4
LC,directional_endpoint_50009,0,0,0,0,0,3,23,0,11,383,21,0,0,0,0,0,0,3
M75,directional_endpoint_50009,0,0,0,0,0,0,0,0,1,362,11,1,0,0,0,0,0,0
LPC,directional_endpoint_50009,4,0,0,3,0,4,22,0,15,383,25,0,0,4,0,0,0,4
M50,directional_endpoint_50009,0,0,0,0,0,0,0,0,2,362,12,2,0,0,0,0,0,0
S_all,directional_endpoint_50010,17,0,0,16,0,0,0,0,3,302,16,0,0,0,0,0,0,0
baseline,directional_endpoint_50010,0,0,0,0,0,0,0,0,10,295,23,0,0,0,0,0,0,0
F120,directional_endpoint_50010,0,0,0,0,0,0,0,0,1,297,14,0,0,0,12,9,3,0
P1,directional_endpoint_50010,20,0,0,17,0,0,0,0,3,324,16,0,0,20,0,0,0,0
P2,directional_endpoint_50010,17,0,0,16,0,0,0,0,3,302,16,0,0,17,0,0,0,0
previous_best,directional_endpoint_50010,18,4,1,9,0,0,0,0,3,243,16,0,0,0,0,0,0,0
F60,directional_endpoint_50010,0,0,0,0,0,0,0,0,10,295,23,0,0,0,2,0,2,0
L30,directional_endpoint_50010,0,0,0,0,0,0,0,0,8,318,21,0,0,0,0,0,0,0
C1,directional_endpoint_50010,0,0,0,0,0,3,22,0,16,279,29,0,0,0,0,0,0,3
L90,directional_endpoint_50010,0,0,0,0,0,0,0,0,6,239,19,0,0,0,0,0,0,0
C15,directional_endpoint_50010,0,0,0,0,0,8,67,0,51,272,64,0,0,0,0,0,0,8
baseline,directional_endpoint_50011,0,0,0,0,0,0,0,0,6,246,19,0,0,0,0,0,0,0
PC,directional_endpoint_50010,16,0,0,14,0,6,43,0,16,316,29,0,0,16,0,0,0,6
S_all,directional_endpoint_50011,22,0,0,21,0,0,0,0,4,248,17,0,0,0,0,0,0,0
M50,directional_endpoint_50010,0,0,0,0,0,0,0,0,3,252,16,3,0,0,0,0,0,0
LC,directional_endpoint_50010,0,0,0,0,0,5,26,0,17,309,30,0,0,0,0,0,0,5
LPC,directional_endpoint_50010,16,0,0,12,0,3,23,0,11,285,24,0,0,16,0,0,0,3
L30,directional_endpoint_50011,0,0,0,0,0,0,0,0,2,261,15,0,0,0,0,0,0,0
M75,directional_endpoint_50010,0,0,0,0,0,0,0,0,0,264,13,2,2,0,0,0,0,0
P1,directional_endpoint_50011,14,0,0,11,0,0,0,0,8,292,21,0,0,14,0,0,0,0
P2,directional_endpoint_50011,22,0,0,21,0,0,0,0,4,248,17,0,0,22,0,0,0,0
F60,directional_endpoint_50011,0,0,0,0,0,0,0,0,6,246,19,0,0,0,1,0,1,0
previous_best,directional_endpoint_50011,18,10,2,15,0,0,0,0,8,276,21,0,0,0,0,0,0,0
L90,directional_endpoint_50011,0,0,0,0,0,0,0,0,6,315,19,0,0,0,0,0,0,0
F120,directional_endpoint_50011,0,0,0,0,0,0,0,0,6,246,19,0,0,0,9,3,6,0
C15,directional_endpoint_50011,0,0,0,0,0,4,32,0,17,238,30,0,0,0,0,0,0,4
baseline,directional_endpoint_50012,0,0,0,0,0,0,0,0,2,333,13,0,0,0,0,0,0,0
C1,directional_endpoint_50011,0,0,0,0,0,3,21,0,17,241,30,0,0,0,0,0,0,3
PC,directional_endpoint_50011,14,0,0,11,0,8,47,0,22,280,35,0,0,14,0,0,0,8
S_all,directional_endpoint_50012,4,0,0,4,0,0,0,0,3,342,14,0,0,0,0,0,0,0
previous_best,directional_endpoint_50012,7,3,2,5,0,0,0,0,1,313,12,0,0,0,0,0,0,0
LC,directional_endpoint_50011,0,0,0,0,0,3,21,0,14,257,27,0,0,0,0,0,0,3
M50,directional_endpoint_50011,0,0,0,0,0,0,0,0,9,251,22,10,1,0,0,0,0,0
P1,directional_endpoint_50012,4,0,0,4,0,0,0,0,3,342,14,0,0,4,0,0,0,0
M75,directional_endpoint_50011,0,0,0,0,0,0,0,0,6,256,19,7,1,0,0,0,0,0
F60,directional_endpoint_50012,0,0,0,0,0,0,0,0,2,333,13,0,0,0,1,0,1,0
P2,directional_endpoint_50012,4,0,0,4,0,0,0,0,3,342,14,0,0,4,0,0,0,0
F120,directional_endpoint_50012,0,0,0,0,0,0,0,0,2,335,13,0,0,0,11,7,4,0
C1,directional_endpoint_50012,0,0,0,0,0,1,4,0,2,331,13,0,0,0,0,0,0,1
LPC,directional_endpoint_50011,20,0,0,15,0,6,32,0,18,303,31,0,0,20,0,0,0,6
L30,directional_endpoint_50012,0,0,0,0,0,0,0,0,3,318,14,0,0,0,0,0,0,0
L90,directional_endpoint_50012,0,0,0,0,0,0,0,0,7,332,18,0,0,0,0,0,0,0
C15,directional_endpoint_50012,0,0,0,0,0,3,14,0,5,330,16,0,0,0,0,0,0,3
M50,directional_endpoint_50012,0,0,0,0,0,0,0,0,2,329,13,2,0,0,0,0,0,0
M75,directional_endpoint_50012,0,0,0,0,0,0,0,0,3,330,14,3,0,0,0,0,0,0
PC,directional_endpoint_50012,3,0,0,3,0,3,18,0,9,339,20,0,0,3,0,0,0,3
baseline,directional_endpoint_50013,0,0,0,0,0,0,0,0,3,287,18,0,0,0,0,0,0,0
LC,directional_endpoint_50012,0,0,0,0,0,4,24,0,11,314,22,0,0,0,0,0,0,4
LPC,directional_endpoint_50012,9,0,0,7,0,7,40,0,21,307,32,0,0,9,0,0,0,7
S_all,directional_endpoint_50013,18,0,0,14,0,0,0,0,4,269,19,0,0,0,0,0,0,0
previous_best,directional_endpoint_50013,15,8,4,12,0,0,0,0,4,283,19,0,0,0,0,0,0,0
L90,directional_endpoint_50013,0,0,0,0,0,0,0,0,2,240,17,0,0,0,0,0,0,0
P1,directional_endpoint_50013,17,0,0,16,0,0,0,0,6,295,21,0,0,17,0,0,0,0
F60,directional_endpoint_50013,0,0,0,0,0,0,0,0,3,287,18,0,0,0,1,0,1,0
L30,directional_endpoint_50013,0,0,0,0,0,0,0,0,4,300,19,0,0,0,0,0,0,0
P2,directional_endpoint_50013,18,0,0,14,0,0,0,0,3,268,18,0,0,18,0,0,0,0
F120,directional_endpoint_50013,0,0,0,0,0,0,0,0,3,287,18,0,0,0,5,1,4,0
C1,directional_endpoint_50013,0,0,0,0,0,1,4,0,4,286,19,0,0,0,0,0,0,1
C15,directional_endpoint_50013,0,0,0,0,0,3,26,0,11,284,26,0,0,0,0,0,0,3
M50,directional_endpoint_50013,0,0,0,0,0,0,0,0,3,290,18,6,3,0,0,0,0,0
M75,directional_endpoint_50013,0,0,0,0,0,0,0,0,3,290,18,6,3,0,0,0,0,0
PC,directional_endpoint_50013,16,0,0,15,0,7,52,0,17,287,32,0,0,16,0,0,0,7
previous_best,directional_endpoint_50014,19,8,4,14,0,0,0,0,4,202,20,0,0,0,0,0,0,0
LPC,directional_endpoint_50013,17,0,0,14,0,4,18,0,4,298,19,0,0,17,0,0,0,4
LC,directional_endpoint_50013,0,0,0,0,0,5,32,0,5,294,20,0,0,0,0,0,0,5
baseline,directional_endpoint_50014,0,0,0,0,0,0,0,0,6,217,22,0,0,0,0,0,0,0
S_all,directional_endpoint_50014,22,0,0,19,0,0,0,0,4,207,20,0,0,0,0,0,0,0
P2,directional_endpoint_50014,22,0,0,19,0,0,0,0,4,207,20,0,0,22,0,0,0,0
L30,directional_endpoint_50014,0,0,0,0,0,0,0,0,6,160,22,0,0,0,0,0,0,0
P1,directional_endpoint_50014,20,0,0,17,0,0,0,0,6,210,22,0,0,20,0,0,0,0
L90,directional_endpoint_50014,0,0,0,0,0,0,0,0,7,176,23,0,0,0,0,0,0,0
F120,directional_endpoint_50014,0,0,0,0,0,0,0,0,6,217,22,0,0,0,13,7,6,0
F60,directional_endpoint_50014,0,0,0,0,0,0,0,0,6,217,22,0,0,0,2,1,1,0
C15,directional_endpoint_50014,0,0,0,0,0,9,72,0,9,208,25,0,0,0,0,0,0,9
C1,directional_endpoint_50014,0,0,0,0,0,2,8,0,9,213,25,0,0,0,0,0,0,2
baseline,directional_endpoint_50015,0,0,0,0,0,0,0,0,4,310,17,0,0,0,0,0,0,0
PC,directional_endpoint_50014,18,0,0,15,0,9,67,0,21,201,37,0,0,18,0,0,0,9
LC,directional_endpoint_50014,0,0,0,0,0,7,58,0,22,198,38,0,0,0,0,0,0,7
LPC,directional_endpoint_50014,15,0,0,11,0,6,48,0,17,213,33,0,0,15,0,0,0,6
S_all,directional_endpoint_50015,10,0,0,9,0,0,0,0,7,328,20,0,0,0,0,0,0,0
M50,directional_endpoint_50014,0,0,0,0,0,0,0,0,8,220,24,10,2,0,0,0,0,0
M75,directional_endpoint_50014,0,0,0,0,0,0,0,0,5,220,21,7,2,0,0,0,0,0
previous_best,directional_endpoint_50015,7,8,5,5,0,0,0,0,3,269,16,0,0,0,0,0,0,0
P1,directional_endpoint_50015,9,0,0,8,0,0,0,0,4,305,17,0,0,9,0,0,0,0
L90,directional_endpoint_50015,0,0,0,0,0,0,0,0,6,263,19,0,0,0,0,0,0,0
P2,directional_endpoint_50015,10,0,0,9,0,0,0,0,7,328,20,0,0,10,0,0,0,0
L30,directional_endpoint_50015,0,0,0,0,0,0,0,0,4,290,17,0,0,0,0,0,0,0
F60,directional_endpoint_50015,0,0,0,0,0,0,0,0,4,310,17,0,0,0,0,0,0,0
F120,directional_endpoint_50015,0,0,0,0,0,0,0,0,4,310,17,0,0,0,10,6,4,0
C1,directional_endpoint_50015,0,0,0,0,0,3,18,0,6,306,19,0,0,0,0,0,0,3
C15,directional_endpoint_50015,0,0,0,0,0,4,26,0,10,304,23,0,0,0,0,0,0,4
M50,directional_endpoint_50015,0,0,0,0,0,0,0,0,6,314,19,6,0,0,0,0,0,0
PC,directional_endpoint_50015,12,0,0,11,0,4,22,0,3,302,16,0,0,12,0,0,0,4
M75,directional_endpoint_50015,0,0,0,0,0,0,0,0,5,295,18,6,1,0,0,0,0,0
LC,directional_endpoint_50015,0,0,0,0,0,2,8,0,3,286,16,0,0,0,0,0,0,2
baseline,directional_endpoint_50016,0,0,0,0,0,0,0,0,4,228,19,0,0,0,0,0,0,0
S_all,directional_endpoint_50016,21,0,0,20,0,0,0,0,7,283,22,0,0,0,0,0,0,0
LPC,directional_endpoint_50015,11,0,0,10,0,5,28,0,12,293,25,0,0,11,0,0,0,5
previous_best,directional_endpoint_50016,18,10,2,16,0,0,0,0,8,274,23,0,0,0,0,0,0,0
L90,directional_endpoint_50016,0,0,0,0,0,0,0,0,4,253,19,0,0,0,0,0,0,0
P1,directional_endpoint_50016,18,0,0,15,0,0,0,0,2,231,17,0,0,18,0,0,0,0
P2,directional_endpoint_50016,19,0,0,18,0,0,0,0,6,280,21,0,0,19,0,0,0,0
F60,directional_endpoint_50016,0,0,0,0,0,0,0,0,4,228,19,0,0,0,0,0,0,0
F120,directional_endpoint_50016,0,0,0,0,0,0,0,0,4,228,19,0,0,0,11,7,4,0
L30,directional_endpoint_50016,0,0,0,0,0,0,0,0,9,272,24,0,0,0,0,0,0,0
C1,directional_endpoint_50016,0,0,0,0,0,2,16,0,6,226,21,0,0,0,0,0,0,2
C15,directional_endpoint_50016,0,0,0,0,0,6,48,0,27,222,42,0,0,0,0,0,0,6
PC,directional_endpoint_50016,18,0,0,15,0,4,16,0,7,229,22,0,0,18,0,0,0,4
baseline,directional_endpoint_50017,0,0,0,0,0,0,0,0,3,287,16,0,0,0,0,0,0,0
S_all,directional_endpoint_50017,19,0,0,18,0,0,0,0,3,290,16,0,0,0,0,0,0,0
LC,directional_endpoint_50016,0,0,0,0,0,7,48,0,19,257,34,0,0,0,0,0,0,7
M50,directional_endpoint_50016,0,0,0,0,0,0,0,0,4,227,19,7,3,0,0,0,0,0
M75,directional_endpoint_50016,0,0,0,0,0,0,0,0,4,228,19,4,0,0,0,0,0,0
LPC,directional_endpoint_50016,17,0,0,12,0,6,59,0,42,235,57,0,0,17,0,0,0,5
L90,directional_endpoint_50017,0,0,0,0,0,0,0,0,4,271,17,0,0,0,0,0,0,0
previous_best,directional_endpoint_50017,14,9,1,11,0,0,0,0,8,266,21,0,0,0,0,0,0,0
P1,directional_endpoint_50017,12,0,0,11,0,0,0,0,2,283,15,0,0,12,0,0,0,0
P2,directional_endpoint_50017,19,0,0,18,0,0,0,0,3,290,16,0,0,19,0,0,0,0
F120,directional_endpoint_50017,0,0,0,0,0,0,0,0,3,287,16,0,0,0,11,7,4,0
F60,directional_endpoint_50017,0,0,0,0,0,0,0,0,3,287,16,0,0,0,1,0,1,0
C1,directional_endpoint_50017,0,0,0,0,0,1,4,0,2,286,15,0,0,0,0,0,0,1
L30,directional_endpoint_50017,0,0,0,0,0,2,59,0,35,280,48,0,0,0,0,0,0,0
C15,directional_endpoint_50017,0,0,0,0,0,5,31,0,3,283,16,0,0,0,0,0,0,5
M50,directional_endpoint_50017,0,0,0,0,0,0,0,0,3,287,16,7,4,0,0,0,0,0
PC,directional_endpoint_50017,12,0,0,11,0,6,40,0,17,281,30,0,0,12,0,0,0,6
baseline,directional_endpoint_50018,0,0,0,0,0,0,0,0,6,325,17,0,0,0,0,0,0,0
S_all,directional_endpoint_50018,15,0,0,13,0,0,0,0,4,353,15,0,0,0,0,0,0,0
previous_best,directional_endpoint_50018,9,5,1,9,0,0,0,0,4,335,15,0,0,0,0,0,0,0
L30,directional_endpoint_50018,0,0,0,0,0,1,43,0,14,343,25,0,0,0,0,0,0,0
LPC,directional_endpoint_50017,16,0,0,14,0,5,32,0,14,258,27,0,0,16,0,0,0,5
L90,directional_endpoint_50018,0,0,0,0,0,0,0,0,6,336,17,0,0,0,0,0,0,0
P1,directional_endpoint_50018,9,0,0,7,0,0,0,0,4,327,15,0,0,9,0,0,0,0
F60,directional_endpoint_50018,0,0,0,0,0,0,0,0,6,325,17,0,0,0,1,0,1,0
M75,directional_endpoint_50017,0,0,0,0,0,0,0,0,7,297,20,10,3,0,0,0,0,0
F120,directional_endpoint_50018,0,0,0,0,0,0,0,0,6,326,17,0,0,0,15,10,5,0
P2,directional_endpoint_50018,15,0,0,13,0,0,0,0,4,353,15,0,0,15,0,0,0,0
C1,directional_endpoint_50018,0,0,0,0,0,2,11,0,11,324,22,0,0,0,0,0,0,2
LC,directional_endpoint_50017,0,0,0,0,0,5,75,0,37,278,50,0,0,0,0,0,0,3
C15,directional_endpoint_50018,0,0,0,0,0,6,46,0,9,319,20,0,0,0,0,0,0,6
M50,directional_endpoint_50018,0,0,0,0,0,0,0,0,3,323,14,5,2,0,0,0,0,0
M75,directional_endpoint_50018,0,0,0,0,0,0,0,0,3,325,14,4,1,0,0,0,0,0
PC,directional_endpoint_50018,9,0,0,7,0,5,40,0,9,322,20,0,0,9,0,0,0,5
LC,directional_endpoint_50018,0,0,0,0,0,5,71,0,18,344,29,0,0,0,0,0,0,4
LPC,directional_endpoint_50018,10,0,0,8,0,5,72,0,17,347,28,0,0,10,0,0,0,4
baseline,directional_endpoint_50019,0,0,0,0,0,0,0,0,3,228,19,0,0,0,0,0,0,0
P2,directional_endpoint_50019,16,0,0,13,0,0,0,0,2,249,18,0,0,16,0,0,0,0
S_all,directional_endpoint_50019,18,0,0,17,0,0,0,0,4,302,20,0,0,0,0,0,0,0
F60,directional_endpoint_50019,0,0,0,0,0,0,0,0,3,228,19,0,0,0,2,1,1,0
P1,directional_endpoint_50019,15,0,0,13,0,0,0,0,9,225,25,0,0,15,0,0,0,0
L90,directional_endpoint_50019,0,0,0,0,0,0,0,0,5,236,21,0,0,0,0,0,0,0
L30,directional_endpoint_50019,0,0,0,0,0,1,47,0,27,237,43,0,0,0,0,0,0,0
previous_best,directional_endpoint_50019,15,11,6,11,0,0,0,0,5,253,21,0,0,0,0,0,0,0
F120,directional_endpoint_50019,0,0,0,0,0,0,0,0,3,221,19,0,0,0,17,13,4,0
C1,directional_endpoint_50019,0,0,0,0,0,2,14,0,9,227,25,0,0,0,0,0,0,2
C15,directional_endpoint_50019,0,0,0,0,0,6,34,0,17,224,33,0,0,0,0,0,0,6
baseline,directional_endpoint_50020,0,0,0,0,0,0,0,0,2,329,12,0,0,0,0,0,0,0
S_all,directional_endpoint_50020,9,0,0,6,0,1,4,0,3,340,13,0,0,0,0,0,0,0
previous_best,directional_endpoint_50020,10,4,1,7,0,0,0,0,3,345,13,0,0,0,0,0,0,0
PC,directional_endpoint_50019,11,0,0,10,0,9,55,0,24,210,40,0,0,11,0,0,0,9
M50,directional_endpoint_50019,0,0,0,0,0,0,0,0,5,215,21,7,2,0,0,0,0,0
L30,directional_endpoint_50020,0,0,0,0,0,1,29,0,14,358,24,0,0,0,0,0,0,0
L90,directional_endpoint_50020,0,0,0,0,0,0,0,0,2,343,12,0,0,0,0,0,0,0
M75,directional_endpoint_50019,0,0,0,0,0,1,7,0,8,215,24,6,2,0,0,0,0,0
LPC,directional_endpoint_50019,20,0,0,18,0,6,59,0,35,270,51,0,0,20,0,0,0,5
P1,directional_endpoint_50020,9,0,0,6,0,1,4,0,3,340,13,0,0,9,0,0,0,0
F60,directional_endpoint_50020,0,0,0,0,0,0,0,0,2,329,12,0,0,0,1,0,1,0
F120,directional_endpoint_50020,0,0,0,0,0,0,0,0,2,329,12,0,0,0,12,9,3,0
P2,directional_endpoint_50020,9,0,0,6,0,1,4,0,3,340,13,0,0,9,0,0,0,0
LC,directional_endpoint_50019,0,0,0,0,0,8,98,0,38,231,54,0,0,0,0,0,0,7
C1,directional_endpoint_50020,0,0,0,0,0,1,4,0,2,329,12,0,0,0,0,0,0,1
C15,directional_endpoint_50020,0,0,0,0,0,3,22,0,2,325,12,0,0,0,0,0,0,3
PC,directional_endpoint_50020,10,0,0,6,0,3,30,0,5,335,15,0,0,10,0,0,0,3
M50,directional_endpoint_50020,0,0,0,0,0,0,0,0,3,330,13,4,1,0,0,0,0,0
M75,directional_endpoint_50020,0,0,0,0,0,0,0,0,1,329,11,2,1,0,0,0,0,0
baseline,directional_endpoint_50021,0,0,0,0,0,0,0,0,6,365,17,0,0,0,0,0,0,0
LC,directional_endpoint_50020,0,0,0,0,0,5,55,0,27,351,37,0,0,0,0,0,0,4
S_all,directional_endpoint_50021,6,0,0,4,0,0,0,0,6,365,17,0,0,0,0,0,0,0
LPC,directional_endpoint_50020,7,0,0,5,0,7,40,0,8,338,18,0,0,7,0,0,0,7
previous_best,directional_endpoint_50021,11,6,4,8,0,0,0,0,2,352,13,0,0,0,0,0,0,0
L30,directional_endpoint_50021,0,0,0,0,0,0,0,0,1,328,12,0,0,0,0,0,0,0
L90,directional_endpoint_50021,0,0,0,0,0,0,0,0,2,330,13,0,0,0,0,0,0,0
P1,directional_endpoint_50021,6,0,0,4,0,0,0,0,6,365,17,0,0,6,0,0,0,0
P2,directional_endpoint_50021,6,0,0,4,0,0,0,0,6,365,17,0,0,6,0,0,0,0
F60,directional_endpoint_50021,0,0,0,0,0,0,0,0,6,365,17,0,0,0,0,0,0,0
F120,directional_endpoint_50021,0,0,0,0,0,0,0,0,6,365,17,0,0,0,11,5,6,0
C15,directional_endpoint_50021,0,0,0,0,0,7,52,0,5,358,16,0,0,0,0,0,0,7
C1,directional_endpoint_50021,0,0,0,0,0,2,12,0,11,362,22,0,0,0,0,0,0,2
PC,directional_endpoint_50021,6,0,0,4,0,7,52,0,5,358,16,0,0,6,0,0,0,7
LC,directional_endpoint_50021,0,0,0,0,0,3,18,0,9,327,20,0,0,0,0,0,0,3
LPC,directional_endpoint_50021,7,0,0,7,0,5,26,0,11,327,22,0,0,7,0,0,0,5
M50,directional_endpoint_50021,0,0,0,0,0,0,0,0,5,366,16,7,2,0,0,0,0,0
M75,directional_endpoint_50021,0,0,0,0,0,0,0,0,4,342,15,5,1,0,0,0,0,0
baseline,directional_endpoint_50022,0,0,0,0,0,0,0,0,7,336,17,0,0,0,0,0,0,0
S_all,directional_endpoint_50022,12,0,0,11,0,0,0,0,2,346,12,0,0,0,0,0,0,0
L90,directional_endpoint_50022,0,0,0,0,0,0,0,0,4,316,14,0,0,0,0,0,0,0
previous_best,directional_endpoint_50022,16,8,0,12,0,0,0,0,8,320,18,0,0,0,0,0,0,0
P1,directional_endpoint_50022,9,0,0,6,0,0,0,0,4,346,14,0,0,9,0,0,0,0
P2,directional_endpoint_50022,12,0,0,11,0,0,0,0,2,346,12,0,0,12,0,0,0,0
F60,directional_endpoint_50022,0,0,0,0,0,0,0,0,7,336,17,0,0,0,2,0,2,0
F120,directional_endpoint_50022,0,0,0,0,0,1,4,0,8,324,18,0,0,0,12,7,5,0
L30,directional_endpoint_50022,0,0,0,0,0,1,104,0,50,332,60,0,0,0,0,0,0,0
C1,directional_endpoint_50022,0,0,0,0,0,5,26,0,14,335,24,0,0,0,0,0,0,5
C15,directional_endpoint_50022,0,0,0,0,0,6,37,0,7,336,17,0,0,0,0,0,0,6
PC,directional_endpoint_50022,8,0,0,5,0,6,39,0,4,340,14,0,0,8,0,0,0,6
previous_best,directional_endpoint_50023,17,6,3,15,0,0,0,0,3,251,15,0,0,0,0,0,0,0
M50,directional_endpoint_50022,0,0,0,0,0,0,0,0,7,337,17,7,0,0,0,0,0,0
M75,directional_endpoint_50022,0,0,0,0,0,0,0,0,3,336,13,4,1,0,0,0,0,0
S_all,directional_endpoint_50023,25,0,0,21,0,0,0,0,5,280,17,0,0,0,0,0,0,0
baseline,directional_endpoint_50023,0,0,0,0,0,0,0,0,2,309,14,0,0,0,0,0,0,0
LPC,directional_endpoint_50022,11,0,0,9,0,6,128,0,36,337,46,0,0,11,0,0,0,5
L90,directional_endpoint_50023,0,0,0,0,0,0,0,0,3,251,15,0,0,0,0,0,0,0
LC,directional_endpoint_50022,0,0,0,0,0,7,135,0,48,315,58,0,0,0,0,0,0,6
L30,directional_endpoint_50023,0,0,0,0,0,0,0,0,5,263,17,0,0,0,0,0,0,0
P1,directional_endpoint_50023,18,0,0,13,0,0,0,0,6,272,18,0,0,18,0,0,0,0
P2,directional_endpoint_50023,21,0,0,16,0,0,0,0,5,274,17,0,0,21,0,0,0,0
F120,directional_endpoint_50023,0,0,0,0,0,0,0,0,2,309,14,0,0,0,18,14,4,0
F60,directional_endpoint_50023,0,0,0,0,0,0,0,0,2,309,14,0,0,0,0,0,0,0
C15,directional_endpoint_50023,0,0,0,0,0,2,14,0,4,306,16,0,0,0,0,0,0,2
C1,directional_endpoint_50023,0,0,0,0,0,0,0,0,2,309,14,0,0,0,0,0,0,0
PC,directional_endpoint_50023,13,0,0,10,0,7,46,0,17,260,29,0,0,13,0,0,0,7
baseline,directional_endpoint_50024,0,0,0,0,0,0,0,0,7,339,20,0,0,0,0,0,0,0
M75,directional_endpoint_50023,0,0,0,0,0,0,0,0,2,268,14,5,3,0,0,0,0,0
S_all,directional_endpoint_50024,13,0,0,11,0,0,0,0,4,321,17,0,0,0,0,0,0,0
M50,directional_endpoint_50023,0,0,0,0,0,1,8,0,11,277,23,9,2,0,0,0,0,0
LC,directional_endpoint_50023,0,0,0,0,0,8,48,0,11,257,23,0,0,0,0,0,0,8
LPC,directional_endpoint_50023,13,0,0,8,0,8,52,0,17,246,29,0,0,13,0,0,0,8
P1,directional_endpoint_50024,12,0,0,10,0,0,0,0,4,317,17,0,0,12,0,0,0,0
L30,directional_endpoint_50024,0,0,0,0,0,0,0,0,4,325,17,0,0,0,0,0,0,0
previous_best,directional_endpoint_50024,11,6,1,9,0,0,0,0,5,331,18,0,0,0,0,0,0,0
P2,directional_endpoint_50024,13,0,0,11,0,0,0,0,4,321,17,0,0,13,0,0,0,0
L90,directional_endpoint_50024,0,0,0,0,0,0,0,0,4,322,17,0,0,0,0,0,0,0
F60,directional_endpoint_50024,0,0,0,0,0,0,0,0,7,339,20,0,0,0,1,0,1,0
F120,directional_endpoint_50024,0,0,0,0,0,1,31,0,37,314,50,0,0,0,14,6,8,0
C15,directional_endpoint_50024,0,0,0,0,0,7,60,0,27,333,40,0,0,0,0,0,0,7
C1,directional_endpoint_50024,0,0,0,0,0,0,0,0,7,339,20,0,0,0,0,0,0,0
baseline,directional_endpoint_50025,0,0,0,0,0,0,0,0,4,279,18,0,0,0,0,0,0,0
PC,directional_endpoint_50024,12,0,0,10,0,7,51,0,25,313,38,0,0,12,0,0,0,7
M50,directional_endpoint_50024,0,0,0,0,0,0,0,0,6,333,19,6,0,0,0,0,0,0
S_all,directional_endpoint_50025,20,0,0,17,0,0,0,0,5,288,19,0,0,0,0,0,0,0
M75,directional_endpoint_50024,0,0,0,0,0,0,0,0,5,336,18,5,0,0,0,0,0,0
LC,directional_endpoint_50024,0,0,0,0,0,3,26,0,20,322,33,0,0,0,0,0,0,3
previous_best,directional_endpoint_50025,16,7,4,14,0,0,0,0,3,250,17,0,0,0,0,0,0,0
LPC,directional_endpoint_50024,13,0,0,11,0,4,31,0,18,319,31,0,0,13,0,0,0,4
L90,directional_endpoint_50025,0,0,0,0,0,0,0,0,3,244,17,0,0,0,0,0,0,0
P1,directional_endpoint_50025,19,0,0,15,0,0,0,0,2,266,16,0,0,19,0,0,0,0
F60,directional_endpoint_50025,0,0,0,0,0,0,0,0,4,279,18,0,0,0,0,0,0,0
P2,directional_endpoint_50025,20,0,0,17,0,0,0,0,5,288,19,0,0,20,0,0,0,0
F120,directional_endpoint_50025,0,0,0,0,0,0,0,0,4,296,18,0,0,0,10,5,5,0
C15,directional_endpoint_50025,0,0,0,0,0,4,24,0,15,275,29,0,0,0,0,0,0,4
C1,directional_endpoint_50025,0,0,0,0,0,3,16,0,10,276,24,0,0,0,0,0,0,3
L30,directional_endpoint_50025,0,0,0,0,0,1,7,0,11,297,25,0,0,0,0,0,0,0
M50,directional_endpoint_50025,0,0,0,0,0,0,0,0,3,278,17,3,0,0,0,0,0,0
M75,directional_endpoint_50025,0,0,0,0,0,0,0,0,2,278,16,2,0,0,0,0,0,0
baseline,directional_endpoint_50026,0,0,0,0,0,0,0,0,4,328,14,0,0,0,0,0,0,0
PC,directional_endpoint_50025,19,0,0,15,0,3,20,0,6,264,20,0,0,19,0,0,0,3
S_all,directional_endpoint_50026,8,0,0,7,0,0,0,0,4,321,14,0,0,0,0,0,0,0
previous_best,directional_endpoint_50026,8,9,1,5,0,0,0,0,8,334,18,0,0,0,0,0,0,0
LC,directional_endpoint_50025,0,0,0,0,0,7,55,0,23,289,37,0,0,0,0,0,0,7
P1,directional_endpoint_50026,8,0,0,7,0,0,0,0,4,321,14,0,0,8,0,0,0,0
L90,directional_endpoint_50026,0,0,0,0,0,0,0,0,4,359,14,0,0,0,0,0,0,0
LPC,directional_endpoint_50025,16,0,0,11,0,7,40,0,19,282,33,0,0,16,0,0,0,7
P2,directional_endpoint_50026,8,0,0,7,0,0,0,0,4,321,14,0,0,8,0,0,0,0
L30,directional_endpoint_50026,0,0,0,0,0,0,0,0,5,363,15,0,0,0,0,0,0,0
F120,directional_endpoint_50026,0,0,0,0,0,0,0,0,4,328,14,0,0,0,12,7,5,0
F60,directional_endpoint_50026,0,0,0,0,0,0,0,0,4,328,14,0,0,0,0,0,0,0
C1,directional_endpoint_50026,0,0,0,0,0,1,7,0,10,314,20,0,0,0,0,0,0,1
C15,directional_endpoint_50026,0,0,0,0,0,4,38,0,18,308,28,0,0,0,0,0,0,4
M50,directional_endpoint_50026,0,0,0,0,0,0,0,0,3,326,13,5,2,0,0,0,0,0
PC,directional_endpoint_50026,7,0,0,7,0,4,30,0,10,315,20,0,0,7,0,0,0,4
LPC,directional_endpoint_50026,10,0,0,6,0,4,31,0,4,355,14,0,0,10,0,0,0,4
baseline,directional_endpoint_50027,0,0,0,0,0,0,0,0,6,297,19,0,0,0,0,0,0,0
previous_best,directional_endpoint_50027,15,11,5,10,0,0,0,0,6,288,19,0,0,0,0,0,0,0
M75,directional_endpoint_50026,0,0,0,0,0,0,0,0,3,362,13,5,2,0,0,0,0,0
LC,directional_endpoint_50026,0,0,0,0,0,4,31,0,4,356,14,0,0,0,0,0,0,4
S_all,directional_endpoint_50027,15,0,0,13,0,0,0,0,2,283,15,0,0,0,0,0,0,0
L30,directional_endpoint_50027,0,0,0,0,0,0,0,0,6,266,19,0,0,0,0,0,0,0
P1,directional_endpoint_50027,15,0,0,13,0,0,0,0,2,283,15,0,0,15,0,0,0,0
P2,directional_endpoint_50027,15,0,0,13,0,0,0,0,2,283,15,0,0,15,0,0,0,0
L90,directional_endpoint_50027,0,0,0,0,0,1,4,0,9,294,22,0,0,0,0,0,0,0
F60,directional_endpoint_50027,0,0,0,0,0,0,0,0,6,297,19,0,0,0,3,1,2,0
F120,directional_endpoint_50027,0,0,0,0,0,0,0,0,4,269,17,0,0,0,15,11,4,0
C1,directional_endpoint_50027,0,0,0,0,0,2,14,0,5,273,18,0,0,0,0,0,0,2
C15,directional_endpoint_50027,0,0,0,0,0,5,41,0,18,267,31,0,0,0,0,0,0,5
LC,directional_endpoint_50027,0,0,0,0,0,10,57,0,24,257,37,0,0,0,0,0,0,10
M50,directional_endpoint_50027,0,0,0,0,0,0,0,0,6,291,19,7,1,0,0,0,0,0
M75,directional_endpoint_50027,0,0,0,0,0,0,0,0,3,274,16,5,2,0,0,0,0,0
baseline,directional_endpoint_50028,0,0,0,0,0,0,0,0,6,374,16,0,0,0,0,0,0,0
S_all,directional_endpoint_50028,7,0,0,6,0,0,0,0,7,377,17,0,0,0,0,0,0,0
L90,directional_endpoint_50028,0,0,0,0,0,0,0,0,3,359,13,0,0,0,0,0,0,0
LPC,directional_endpoint_50027,10,0,0,9,0,8,48,0,25,249,38,0,0,10,0,0,0,8
PC,directional_endpoint_50027,15,0,0,13,0,3,18,0,7,281,20,0,0,15,0,0,0,3
previous_best,directional_endpoint_50028,7,7,3,6,0,0,0,0,4,365,14,0,0,0,0,0,0,0
L30,directional_endpoint_50028,0,0,0,0,0,0,0,0,5,362,15,0,0,0,0,0,0,0
P1,directional_endpoint_50028,7,0,0,6,0,0,0,0,7,377,17,0,0,7,0,0,0,0
P2,directional_endpoint_50028,7,0,0,6,0,0,0,0,7,377,17,0,0,7,0,0,0,0
F60,directional_endpoint_50028,0,0,0,0,0,0,0,0,6,374,16,0,0,0,2,1,1,0
F120,directional_endpoint_50028,0,0,0,0,0,0,0,0,6,374,16,0,0,0,10,5,5,0
C1,directional_endpoint_50028,0,0,0,0,0,2,12,0,11,370,21,0,0,0,0,0,0,2
C15,directional_endpoint_50028,0,0,0,0,0,8,64,0,32,366,42,0,0,0,0,0,0,8
PC,directional_endpoint_50028,5,0,0,5,0,8,61,0,27,363,37,0,0,5,0,0,0,8
LC,directional_endpoint_50028,0,0,0,0,0,4,29,0,8,355,18,0,0,0,0,0,0,4
M50,directional_endpoint_50028,0,0,0,0,0,0,0,0,5,374,15,8,3,0,0,0,0,0
M75,directional_endpoint_50028,0,0,0,0,0,0,0,0,5,375,15,8,3,0,0,0,0,0
LPC,directional_endpoint_50028,9,0,0,6,0,4,31,0,8,352,18,0,0,9,0,0,0,4
baseline,directional_endpoint_50029,0,0,0,0,0,0,0,0,5,316,20,0,0,0,0,0,0,0
S_all,directional_endpoint_50029,14,0,0,11,0,0,0,0,4,319,19,0,0,0,0,0,0,0
previous_best,directional_endpoint_50029,15,9,3,12,0,0,0,0,6,250,21,0,0,0,0,0,0,0
P1,directional_endpoint_50029,14,0,0,11,0,0,0,0,4,319,19,0,0,14,0,0,0,0
P2,directional_endpoint_50029,14,0,0,11,0,0,0,0,4,319,19,0,0,14,0,0,0,0
L30,directional_endpoint_50029,0,0,0,0,0,0,0,0,4,298,19,0,0,0,0,0,0,0
F60,directional_endpoint_50029,0,0,0,0,0,0,0,0,5,316,20,0,0,0,2,0,2,0
F120,directional_endpoint_50029,0,0,0,0,0,0,0,0,5,316,20,0,0,0,10,5,5,0
L90,directional_endpoint_50029,0,0,0,0,0,0,0,0,7,321,22,0,0,0,0,0,0,0
C1,directional_endpoint_50029,0,0,0,0,0,2,11,0,9,314,24,0,0,0,0,0,0,2
C15,directional_endpoint_50029,0,0,0,0,0,10,71,0,33,310,48,0,0,0,0,0,0,10
baseline,directional_endpoint_50030,0,0,0,0,0,0,0,0,3,347,13,0,0,0,0,0,0,0
M50,directional_endpoint_50029,0,0,0,0,0,0,0,0,6,318,21,10,4,0,0,0,0,0
S_all,directional_endpoint_50030,7,0,0,6,0,0,0,0,3,348,13,0,0,0,0,0,0,0
previous_best,directional_endpoint_50030,13,4,2,12,0,0,0,0,2,338,12,0,0,0,0,0,0,0
PC,directional_endpoint_50029,12,0,0,9,0,9,59,0,29,315,44,0,0,12,0,0,0,9
M75,directional_endpoint_50029,0,0,0,0,0,0,0,0,3,314,18,8,5,0,0,0,0,0
LC,directional_endpoint_50029,0,0,0,0,0,5,26,0,3,290,18,0,0,0,0,0,0,5
L30,directional_endpoint_50030,0,0,0,0,0,0,0,0,4,326,14,0,0,0,0,0,0,0
LPC,directional_endpoint_50029,17,0,0,13,0,6,34,0,2,295,17,0,0,17,0,0,0,6
P1,directional_endpoint_50030,7,0,0,6,0,0,0,0,3,348,13,0,0,7,0,0,0,0
L90,directional_endpoint_50030,0,0,0,0,0,0,0,0,4,336,14,0,0,0,0,0,0,0
F60,directional_endpoint_50030,0,0,0,0,0,0,0,0,3,347,13,0,0,0,0,0,0,0
P2,directional_endpoint_50030,7,0,0,6,0,0,0,0,3,348,13,0,0,7,0,0,0,0
F120,directional_endpoint_50030,0,0,0,0,0,0,0,0,5,335,15,0,0,0,16,10,6,0
C1,directional_endpoint_50030,0,0,0,0,0,0,0,0,3,347,13,0,0,0,0,0,0,0
C15,directional_endpoint_50030,0,0,0,0,0,3,29,0,15,344,25,0,0,0,0,0,0,3
M50,directional_endpoint_50030,0,0,0,0,0,0,0,0,5,349,15,5,0,0,0,0,0,0
PC,directional_endpoint_50030,7,0,0,5,0,5,33,0,18,344,28,0,0,7,0,0,0,5
baseline,directional_endpoint_50031,0,0,0,0,0,0,0,0,3,360,14,0,0,0,0,0,0,0
S_all,directional_endpoint_50031,5,0,0,5,0,0,0,0,3,360,14,0,0,0,0,0,0,0
M75,directional_endpoint_50030,0,0,0,0,0,0,0,0,1,342,11,2,1,0,0,0,0,0
LC,directional_endpoint_50030,0,0,0,0,0,5,39,0,20,320,30,0,0,0,0,0,0,5
LPC,directional_endpoint_50030,6,0,0,5,0,5,37,0,17,328,27,0,0,6,0,0,0,5
previous_best,directional_endpoint_50031,5,5,0,4,0,0,0,0,5,352,16,0,0,0,0,0,0,0
L90,directional_endpoint_50031,0,0,0,0,0,0,0,0,6,344,17,0,0,0,0,0,0,0
L30,directional_endpoint_50031,0,0,0,0,0,1,46,0,46,356,57,0,0,0,0,0,0,0
P1,directional_endpoint_50031,5,0,0,5,0,0,0,0,3,360,14,0,0,5,0,0,0,0
P2,directional_endpoint_50031,5,0,0,5,0,0,0,0,3,360,14,0,0,5,0,0,0,0
F60,directional_endpoint_50031,0,0,0,0,0,0,0,0,3,360,14,0,0,0,1,0,1,0
F120,directional_endpoint_50031,0,0,0,0,0,0,0,0,3,360,14,0,0,0,12,9,3,0
C1,directional_endpoint_50031,0,0,0,0,0,1,4,0,5,359,16,0,0,0,0,0,0,1
C15,directional_endpoint_50031,0,0,0,0,0,4,28,0,15,358,26,0,0,0,0,0,0,4
LC,directional_endpoint_50031,0,0,0,0,0,2,50,0,47,355,58,0,0,0,0,0,0,1
PC,directional_endpoint_50031,4,0,0,4,0,4,32,0,16,356,27,0,0,4,0,0,0,4
M75,directional_endpoint_50031,0,0,0,0,0,0,0,0,2,362,13,4,2,0,0,0,0,0
M50,directional_endpoint_50031,0,0,0,0,0,0,0,0,6,367,17,8,2,0,0,0,0,0
LPC,directional_endpoint_50031,3,0,0,2,0,1,46,0,45,356,56,0,0,3,0,0,0,0
baseline,directional_endpoint_50032,0,0,0,0,0,1,101,0,100,291,114,0,0,0,0,0,0,0
S_all,directional_endpoint_50032,12,0,0,10,0,1,101,0,101,293,115,0,0,0,0,0,0,0
L90,directional_endpoint_50032,0,0,0,0,0,1,101,0,17,288,31,0,0,0,0,0,0,0
F120,directional_endpoint_50032,0,0,0,0,0,1,101,0,100,291,114,0,0,0,3,1,2,0
F60,directional_endpoint_50032,0,0,0,0,0,1,101,0,100,291,114,0,0,0,0,0,0,0
P1,directional_endpoint_50032,12,0,0,10,0,1,101,0,102,295,116,0,0,12,0,0,0,0
L30,directional_endpoint_50032,0,0,0,0,0,0,0,0,8,294,22,0,0,0,0,0,0,0
P2,directional_endpoint_50032,12,0,0,10,0,1,101,0,101,293,115,0,0,12,0,0,0,0
previous_best,directional_endpoint_50032,13,8,4,8,0,0,0,0,4,293,18,0,0,0,0,0,0,0
C1,directional_endpoint_50032,0,0,0,0,0,1,101,0,100,291,114,0,0,0,0,0,0,0
C15,directional_endpoint_50032,0,0,0,0,0,5,128,0,109,289,123,0,0,0,0,0,0,4
M50,directional_endpoint_50032,0,0,0,0,0,0,0,0,3,279,17,4,1,0,0,0,0,0
LC,directional_endpoint_50032,0,0,0,0,0,5,37,0,12,279,26,0,0,0,0,0,0,5
baseline,directional_endpoint_50033,0,0,0,0,0,0,0,0,5,263,18,0,0,0,0,0,0,0
PC,directional_endpoint_50032,10,0,0,7,0,7,144,0,115,287,129,0,0,10,0,0,0,6
S_all,directional_endpoint_50033,16,0,0,14,0,0,0,0,5,269,18,0,0,0,0,0,0,0
previous_best,directional_endpoint_50033,17,9,2,12,0,0,0,0,7,292,20,0,0,0,0,0,0,0
M75,directional_endpoint_50032,0,0,0,0,0,0,0,0,2,259,16,2,0,0,0,0,0,0
LPC,directional_endpoint_50032,15,0,0,13,0,5,62,0,30,291,44,0,0,15,0,0,0,4
L30,directional_endpoint_50033,0,0,0,0,0,0,0,0,4,291,17,0,0,0,0,0,0,0
P1,directional_endpoint_50033,13,0,0,12,0,0,0,0,5,263,18,0,0,13,0,0,0,0
L90,directional_endpoint_50033,0,0,0,0,0,0,0,0,8,292,21,0,0,0,0,0,0,0
F120,directional_endpoint_50033,0,0,0,0,0,0,0,0,6,293,19,0,0,0,11,4,7,0
P2,directional_endpoint_50033,16,0,0,14,0,0,0,0,5,269,18,0,0,16,0,0,0,0
F60,directional_endpoint_50033,0,0,0,0,0,0,0,0,5,263,18,0,0,0,4,0,4,0
C1,directional_endpoint_50033,0,0,0,0,0,5,23,0,12,256,25,0,0,0,0,0,0,5
C15,directional_endpoint_50033,0,0,0,0,0,9,45,0,15,256,28,0,0,0,0,0,0,9
PC,directional_endpoint_50033,13,0,0,12,0,6,37,0,22,257,35,0,0,13,0,0,0,6
M50,directional_endpoint_50033,0,0,0,0,0,0,0,0,5,264,18,9,4,0,0,0,0,0
LC,directional_endpoint_50033,0,0,0,0,0,6,46,0,12,288,25,0,0,0,0,0,0,6
M75,directional_endpoint_50033,0,0,0,0,0,0,0,0,6,266,19,9,3,0,0,0,0,0
S_all,directional_endpoint_50034,12,0,0,10,0,0,0,0,5,236,21,0,0,0,0,0,0,0
baseline,directional_endpoint_50034,0,0,0,0,0,0,0,0,7,265,23,0,0,0,0,0,0,0
LPC,directional_endpoint_50033,15,0,0,14,0,7,44,0,11,283,24,0,0,15,0,0,0,7
P1,directional_endpoint_50034,14,0,0,11,0,0,0,0,5,263,21,0,0,14,0,0,0,0
previous_best,directional_endpoint_50034,13,7,2,11,0,0,0,0,5,260,21,0,0,0,0,0,0,0
L30,directional_endpoint_50034,0,0,0,0,0,0,0,0,7,224,23,0,0,0,0,0,0,0
P2,directional_endpoint_50034,12,0,0,10,0,0,0,0,5,236,21,0,0,12,0,0,0,0
L90,directional_endpoint_50034,0,0,0,0,0,0,0,0,6,252,22,0,0,0,0,0,0,0
F120,directional_endpoint_50034,0,0,0,0,0,0,0,0,7,265,23,0,0,0,17,10,7,0
F60,directional_endpoint_50034,0,0,0,0,0,0,0,0,7,265,23,0,0,0,3,0,3,0
C1,directional_endpoint_50034,0,0,0,0,0,3,12,0,7,263,23,0,0,0,0,0,0,3
C15,directional_endpoint_50034,0,0,0,0,0,12,92,0,15,256,31,0,0,0,0,0,0,12
LC,directional_endpoint_50034,0,0,0,0,0,6,36,0,13,216,29,0,0,0,0,0,0,6
PC,directional_endpoint_50034,6,0,0,6,0,10,80,0,14,257,30,0,0,6,0,0,0,10
baseline,directional_endpoint_50035,0,0,0,0,0,0,0,0,4,314,19,0,0,0,0,0,0,0
M50,directional_endpoint_50034,0,0,0,0,0,0,0,0,5,265,21,10,5,0,0,0,0,0
S_all,directional_endpoint_50035,14,0,0,12,0,0,0,0,3,316,18,0,0,0,0,0,0,0
LPC,directional_endpoint_50034,19,0,0,17,0,6,48,0,20,267,36,0,0,19,0,0,0,6
M75,directional_endpoint_50034,0,0,0,0,0,0,0,0,3,268,19,7,4,0,0,0,0,0
L30,directional_endpoint_50035,0,0,0,0,0,0,0,0,1,310,16,0,0,0,0,0,0,0
L90,directional_endpoint_50035,0,0,0,0,0,1,44,0,23,330,38,0,0,0,0,0,0,0
previous_best,directional_endpoint_50035,14,11,5,11,0,0,0,0,6,310,21,0,0,0,0,0,0,0
P1,directional_endpoint_50035,14,0,0,12,0,0,0,0,3,316,18,0,0,14,0,0,0,0
F60,directional_endpoint_50035,0,0,0,0,0,0,0,0,4,314,19,0,0,0,1,0,1,0
P2,directional_endpoint_50035,14,0,0,12,0,0,0,0,3,316,18,0,0,14,0,0,0,0
F120,directional_endpoint_50035,0,0,0,0,0,0,0,0,5,315,20,0,0,0,17,10,7,0
C1,directional_endpoint_50035,0,0,0,0,0,2,11,0,2,312,17,0,0,0,0,0,0,2
C15,directional_endpoint_50035,0,0,0,0,0,4,31,0,10,310,25,0,0,0,0,0,0,4
M50,directional_endpoint_50035,0,0,0,0,0,0,0,0,3,314,18,3,0,0,0,0,0,0
baseline,directional_endpoint_50036,0,0,0,0,0,0,0,0,4,321,16,0,0,0,0,0,0,0
PC,directional_endpoint_50035,10,0,0,8,0,4,31,0,10,310,25,0,0,10,0,0,0,4
M75,directional_endpoint_50035,0,0,0,0,0,0,0,0,4,316,19,4,0,0,0,0,0,0
previous_best,directional_endpoint_50036,10,6,1,9,0,0,0,0,5,295,17,0,0,0,0,0,0,0
S_all,directional_endpoint_50036,7,0,0,7,0,0,0,0,5,320,17,0,0,0,0,0,0,0
LC,directional_endpoint_50035,0,0,0,0,0,3,20,0,5,309,20,0,0,0,0,0,0,3
L90,directional_endpoint_50036,0,0,0,0,0,0,0,0,5,295,17,0,0,0,0,0,0,0
P1,directional_endpoint_50036,7,0,0,7,0,0,0,0,5,320,17,0,0,7,0,0,0,0
LPC,directional_endpoint_50035,8,0,0,6,0,7,40,0,10,287,25,0,0,8,0,0,0,7
L30,directional_endpoint_50036,0,0,0,0,0,0,0,0,4,343,16,0,0,0,0,0,0,0
F120,directional_endpoint_50036,0,0,0,0,0,0,0,0,4,321,16,0,0,0,11,7,4,0
F60,directional_endpoint_50036,0,0,0,0,0,0,0,0,4,321,16,0,0,0,0,0,0,0
P2,directional_endpoint_50036,7,0,0,7,0,0,0,0,5,320,17,0,0,7,0,0,0,0
C15,directional_endpoint_50036,0,0,0,0,0,6,46,0,26,317,38,0,0,0,0,0,0,6
C1,directional_endpoint_50036,0,0,0,0,0,1,4,0,5,320,17,0,0,0,0,0,0,1
M50,directional_endpoint_50036,0,0,0,0,0,0,0,0,3,318,15,5,2,0,0,0,0,0
PC,directional_endpoint_50036,6,0,0,6,0,5,37,0,23,315,35,0,0,6,0,0,0,5
baseline,directional_endpoint_50037,0,0,0,0,0,0,0,0,2,394,12,0,0,0,0,0,0,0
LC,directional_endpoint_50036,0,0,0,0,0,4,27,0,11,337,23,0,0,0,0,0,0,4
M75,directional_endpoint_50036,0,0,0,0,0,0,0,0,3,319,15,4,1,0,0,0,0,0
S_all,directional_endpoint_50037,3,0,0,3,0,0,0,0,2,392,12,0,0,0,0,0,0,0
L90,directional_endpoint_50037,0,0,0,0,0,1,4,0,5,341,15,0,0,0,0,0,0,0
previous_best,directional_endpoint_50037,12,4,2,11,0,0,0,0,2,336,12,0,0,0,0,0,0,0
L30,directional_endpoint_50037,0,0,0,0,0,0,0,0,2,354,12,0,0,0,0,0,0,0
P1,directional_endpoint_50037,3,0,0,3,0,0,0,0,2,392,12,0,0,3,0,0,0,0
LPC,directional_endpoint_50036,11,0,0,8,0,4,27,0,13,320,25,0,0,11,0,0,0,4
P2,directional_endpoint_50037,3,0,0,3,0,0,0,0,2,392,12,0,0,3,0,0,0,0
F120,directional_endpoint_50037,0,0,0,0,0,0,0,0,2,394,12,0,0,0,8,5,3,0
F60,directional_endpoint_50037,0,0,0,0,0,0,0,0,2,394,12,0,0,0,0,0,0,0
C15,directional_endpoint_50037,0,0,0,0,0,3,18,0,4,390,14,0,0,0,0,0,0,3
C1,directional_endpoint_50037,0,0,0,0,0,1,4,0,2,391,12,0,0,0,0,0,0,1
PC,directional_endpoint_50037,3,0,0,3,0,3,18,0,4,388,14,0,0,3,0,0,0,3
M75,directional_endpoint_50037,0,0,0,0,0,0,0,0,2,394,12,3,1,0,0,0,0,0
M50,directional_endpoint_50037,0,0,0,0,0,0,0,0,2,393,12,3,1,0,0,0,0,0
LC,directional_endpoint_50037,0,0,0,0,0,2,14,0,0,352,10,0,0,0,0,0,0,2
LPC,directional_endpoint_50037,7,0,0,7,0,2,14,0,0,352,10,0,0,7,0,0,0,2
L90,directional_endpoint_50038,0,0,0,0,0,0,0,0,5,363,16,0,0,0,0,0,0,0
S_all,directional_endpoint_50038,7,0,0,5,0,0,0,0,2,359,13,0,0,0,0,0,0,0
baseline,directional_endpoint_50038,0,0,0,0,0,0,0,0,4,362,15,0,0,0,0,0,0,0
L30,directional_endpoint_50038,0,0,0,0,0,0,0,0,5,369,16,0,0,0,0,0,0,0
P1,directional_endpoint_50038,7,0,0,5,0,0,0,0,2,359,13,0,0,7,0,0,0,0
previous_best,directional_endpoint_50038,10,9,1,6,0,0,0,0,8,365,19,0,0,0,0,0,0,0
P2,directional_endpoint_50038,7,0,0,5,0,0,0,0,2,359,13,0,0,7,0,0,0,0
F60,directional_endpoint_50038,0,0,0,0,0,0,0,0,4,362,15,0,0,0,2,2,0,0
F120,directional_endpoint_50038,0,0,0,0,0,0,0,0,4,363,15,0,0,0,14,10,4,0
C1,directional_endpoint_50038,0,0,0,0,0,1,4,0,4,359,15,0,0,0,0,0,0,1
C15,directional_endpoint_50038,0,0,0,0,0,7,52,0,18,356,29,0,0,0,0,0,0,7
M50,directional_endpoint_50038,0,0,0,0,0,0,0,0,4,362,15,8,4,0,0,0,0,0
PC,directional_endpoint_50038,6,0,0,5,0,6,44,0,16,356,27,0,0,6,0,0,0,6
LC,directional_endpoint_50038,0,0,0,0,0,8,58,0,20,364,31,0,0,0,0,0,0,8
LPC,directional_endpoint_50038,6,0,0,5,0,6,42,0,13,366,24,0,0,6,0,0,0,6
baseline,directional_endpoint_50039,0,0,0,0,0,0,0,0,4,275,17,0,0,0,0,0,0,0
M75,directional_endpoint_50038,0,0,0,0,0,0,0,0,6,372,17,8,2,0,0,0,0,0
S_all,directional_endpoint_50039,18,0,0,17,0,0,0,0,2,297,15,0,0,0,0,0,0,0
previous_best,directional_endpoint_50039,16,9,0,13,0,0,0,0,9,285,22,0,0,0,0,0,0,0
L90,directional_endpoint_50039,0,0,0,0,0,0,0,0,6,274,19,0,0,0,0,0,0,0
F60,directional_endpoint_50039,0,0,0,0,0,0,0,0,4,275,17,0,0,0,1,0,1,0
F120,directional_endpoint_50039,0,0,0,0,0,0,0,0,4,275,17,0,0,0,14,9,5,0
P2,directional_endpoint_50039,17,0,0,16,0,0,0,0,2,296,15,0,0,17,0,0,0,0
P1,directional_endpoint_50039,19,0,0,17,0,0,0,0,5,287,18,0,0,19,0,0,0,0
C1,directional_endpoint_50039,0,0,0,0,0,2,11,0,5,271,18,0,0,0,0,0,0,2
L30,directional_endpoint_50039,0,0,0,0,0,0,0,0,7,286,20,0,0,0,0,0,0,0
C15,directional_endpoint_50039,0,0,0,0,0,8,54,0,14,269,27,0,0,0,0,0,0,8
M75,directional_endpoint_50039,0,0,0,0,0,0,0,0,3,313,16,6,3,0,0,0,0,0
baseline,directional_endpoint_50040,0,0,0,0,0,0,0,0,6,299,21,0,0,0,0,0,0,0
PC,directional_endpoint_50039,19,0,0,17,0,5,39,0,8,279,21,0,0,19,0,0,0,5
M50,directional_endpoint_50039,0,0,0,0,0,0,0,0,5,294,18,6,1,0,0,0,0,0
S_all,directional_endpoint_50040,14,0,0,13,0,0,0,0,5,301,20,0,0,0,0,0,0,0
LPC,directional_endpoint_50039,18,0,0,14,0,1,4,0,1,286,14,0,0,18,0,0,0,1
LC,directional_endpoint_50039,0,0,0,0,0,5,38,0,16,279,29,0,0,0,0,0,0,5
previous_best,directional_endpoint_50040,21,9,3,15,0,0,0,0,6,285,21,0,0,0,0,0,0,0
L90,directional_endpoint_50040,0,0,0,0,0,0,0,0,7,227,22,0,0,0,0,0,0,0
P2,directional_endpoint_50040,14,0,0,13,0,0,0,0,5,301,20,0,0,14,0,0,0,0
P1,directional_endpoint_50040,13,0,0,12,0,0,0,0,6,303,21,0,0,13,0,0,0,0
F60,directional_endpoint_50040,0,0,0,0,0,0,0,0,6,299,21,0,0,0,2,0,2,0
F120,directional_endpoint_50040,0,0,0,0,0,0,0,0,6,300,21,0,0,0,15,10,5,0
L30,directional_endpoint_50040,0,0,0,0,0,1,43,0,48,263,63,0,0,0,0,0,0,0
C1,directional_endpoint_50040,0,0,0,0,0,4,16,0,9,296,24,0,0,0,0,0,0,4
C15,directional_endpoint_50040,0,0,0,0,0,7,48,0,26,295,41,0,0,0,0,0,0,7
PC,directional_endpoint_50040,13,0,0,12,0,7,47,0,20,296,35,0,0,13,0,0,0,7
baseline,directional_endpoint_50041,0,0,0,0,0,0,0,0,5,291,18,0,0,0,0,0,0,0
S_all,directional_endpoint_50041,10,0,0,7,0,0,0,0,4,292,17,0,0,0,0,0,0,0
M50,directional_endpoint_50040,0,0,0,0,0,0,0,0,7,289,22,8,1,0,0,0,0,0
M75,directional_endpoint_50040,0,0,0,0,0,0,0,0,6,302,21,9,3,0,0,0,0,0
previous_best,directional_endpoint_50041,14,8,2,12,0,0,0,0,6,299,19,0,0,0,0,0,0,0
L30,directional_endpoint_50041,0,0,0,0,0,0,0,0,4,271,17,0,0,0,0,0,0,0
LC,directional_endpoint_50040,0,0,0,0,0,7,83,0,59,256,74,0,0,0,0,0,0,6
P1,directional_endpoint_50041,10,0,0,6,0,0,0,0,3,291,16,0,0,10,0,0,0,0
P2,directional_endpoint_50041,10,0,0,6,0,0,0,0,4,294,17,0,0,10,0,0,0,0
F120,directional_endpoint_50041,0,0,0,0,0,0,0,0,5,292,18,0,0,0,14,8,6,0
F60,directional_endpoint_50041,0,0,0,0,0,0,0,0,5,291,18,0,0,0,2,0,2,0
C1,directional_endpoint_50041,0,0,0,0,0,4,19,0,10,284,23,0,0,0,0,0,0,4
LPC,directional_endpoint_50040,17,0,0,13,0,10,104,0,41,266,56,0,0,17,0,0,0,9
L90,directional_endpoint_50041,0,0,0,0,0,1,4,0,8,290,21,0,0,0,0,0,0,0
C15,directional_endpoint_50041,0,0,0,0,0,5,30,0,22,283,35,0,0,0,0,0,0,5
PC,directional_endpoint_50041,9,0,0,5,0,4,32,0,18,287,31,0,0,9,0,0,0,4
M50,directional_endpoint_50041,0,0,0,0,0,0,0,0,5,291,18,5,0,0,0,0,0,0
M75,directional_endpoint_50041,0,0,0,0,0,0,0,0,3,291,16,3,0,0,0,0,0,0
S_all,directional_endpoint_50042,17,0,0,14,0,0,0,0,8,264,23,0,0,0,0,0,0,0
LC,directional_endpoint_50041,0,0,0,0,0,5,37,0,13,267,26,0,0,0,0,0,0,5
LPC,directional_endpoint_50041,10,0,0,9,0,5,26,0,9,288,22,0,0,10,0,0,0,5
baseline,directional_endpoint_50042,0,0,0,0,0,0,0,0,6,249,21,0,0,0,0,0,0,0
L30,directional_endpoint_50042,0,0,0,0,0,1,107,0,49,259,64,0,0,0,0,0,0,0
L90,directional_endpoint_50042,0,0,0,0,0,0,0,0,7,245,22,0,0,0,0,0,0,0
P1,directional_endpoint_50042,21,0,0,19,0,0,0,0,6,272,21,0,0,21,0,0,0,0
previous_best,directional_endpoint_50042,23,8,2,16,0,1,30,0,14,310,29,0,0,0,0,0,0,0
P2,directional_endpoint_50042,17,0,0,14,0,0,0,0,8,264,23,0,0,17,0,0,0,0
F60,directional_endpoint_50042,0,0,0,0,0,0,0,0,6,249,21,0,0,0,5,1,4,0
C15,directional_endpoint_50042,0,0,0,0,0,7,38,0,7,238,22,0,0,0,0,0,0,7
F120,directional_endpoint_50042,0,0,0,0,0,2,111,0,21,259,36,0,0,0,18,13,5,0
C1,directional_endpoint_50042,0,0,0,0,0,3,12,0,6,242,21,0,0,0,0,0,0,3
PC,directional_endpoint_50042,17,0,0,15,0,9,55,0,23,261,38,0,0,17,0,0,0,9
M50,directional_endpoint_50042,0,0,0,0,0,0,0,0,5,236,20,8,3,0,0,0,0,0
baseline,directional_endpoint_50043,0,0,0,0,0,0,0,0,6,295,20,0,0,0,0,0,0,0
LC,directional_endpoint_50042,0,0,0,0,0,10,164,0,56,249,71,0,0,0,0,0,0,9
M75,directional_endpoint_50042,0,0,0,0,0,0,0,0,5,240,20,8,3,0,0,0,0,0
S_all,directional_endpoint_50043,10,0,0,9,0,0,0,0,8,280,22,0,0,0,0,0,0,0
L90,directional_endpoint_50043,0,0,0,0,0,0,0,0,8,306,22,0,0,0,0,0,0,0
L30,directional_endpoint_50043,0,0,0,0,0,0,0,0,9,279,23,0,0,0,0,0,0,0
P1,directional_endpoint_50043,10,0,0,9,0,0,0,0,7,279,21,0,0,10,0,0,0,0
previous_best,directional_endpoint_50043,13,8,2,8,0,0,0,0,6,277,20,0,0,0,0,0,0,0
LPC,directional_endpoint_50042,18,0,0,14,0,3,24,0,16,261,31,0,0,18,0,0,0,3
P2,directional_endpoint_50043,10,0,0,9,0,0,0,0,8,280,22,0,0,10,0,0,0,0
F120,directional_endpoint_50043,0,0,0,0,0,0,0,0,3,278,17,0,0,0,13,10,3,0
F60,directional_endpoint_50043,0,0,0,0,0,0,0,0,6,295,20,0,0,0,5,2,3,0
C15,directional_endpoint_50043,0,0,0,0,0,7,42,0,14,281,28,0,0,0,0,0,0,7
C1,directional_endpoint_50043,0,0,0,0,0,4,19,0,9,281,23,0,0,0,0,0,0,4
baseline,directional_endpoint_50044,0,0,0,0,0,0,0,0,2,311,15,0,0,0,0,0,0,0
LC,directional_endpoint_50043,0,0,0,0,0,6,48,0,14,269,28,0,0,0,0,0,0,6
PC,directional_endpoint_50043,10,0,0,9,0,7,55,0,20,276,34,0,0,10,0,0,0,7
LPC,directional_endpoint_50043,15,0,0,13,0,6,37,0,11,270,25,0,0,15,0,0,0,6
M50,directional_endpoint_50043,0,0,0,0,0,0,0,0,4,304,18,7,3,0,0,0,0,0
previous_best,directional_endpoint_50044,16,8,1,14,0,0,0,0,7,285,20,0,0,0,0,0,0,0
S_all,directional_endpoint_50044,15,0,0,12,0,1,38,0,9,331,22,0,0,0,0,0,0,0
M75,directional_endpoint_50043,0,0,0,0,0,1,4,0,8,305,22,8,2,0,0,0,0,0
L30,directional_endpoint_50044,0,0,0,0,0,0,0,0,3,267,16,0,0,0,0,0,0,0
F60,directional_endpoint_50044,0,0,0,0,0,0,0,0,2,311,15,0,0,0,1,0,1,0
L90,directional_endpoint_50044,0,0,0,0,0,0,0,0,4,294,17,0,0,0,0,0,0,0
P1,directional_endpoint_50044,14,0,0,11,0,1,38,0,9,330,22,0,0,14,0,0,0,0
P2,directional_endpoint_50044,15,0,0,12,0,1,38,0,9,331,22,0,0,15,0,0,0,0
F120,directional_endpoint_50044,0,0,0,0,0,0,0,0,4,314,17,0,0,0,14,10,4,0
C15,directional_endpoint_50044,0,0,0,0,0,4,24,0,8,308,21,0,0,0,0,0,0,4
C1,directional_endpoint_50044,0,0,0,0,0,1,4,0,1,309,14,0,0,0,0,0,0,1
M50,directional_endpoint_50044,0,0,0,0,0,0,0,0,3,311,16,4,1,0,0,0,0,0
PC,directional_endpoint_50044,14,0,0,11,0,6,73,0,14,325,27,0,0,14,0,0,0,5
LC,directional_endpoint_50044,0,0,0,0,0,5,36,0,13,264,26,0,0,0,0,0,0,5
M75,directional_endpoint_50044,0,0,0,0,0,1,4,0,9,318,22,7,0,0,0,0,0,0
S_all,directional_endpoint_50045,21,0,0,18,0,0,0,0,8,199,24,0,0,0,0,0,0,0
baseline,directional_endpoint_50045,0,0,0,0,0,0,0,0,6,232,22,0,0,0,0,0,0,0
LPC,directional_endpoint_50044,11,0,0,11,0,4,51,0,5,299,18,0,0,11,0,0,0,3
previous_best,directional_endpoint_50045,24,10,3,18,0,0,0,0,7,141,23,0,0,0,0,0,0,0
L30,directional_endpoint_50045,0,0,0,0,0,0,0,0,5,98,21,0,0,0,0,0,0,0
P1,directional_endpoint_50045,17,0,0,13,0,0,0,0,6,182,22,0,0,17,0,0,0,0
P2,directional_endpoint_50045,21,0,0,18,0,0,0,0,8,199,24,0,0,21,0,0,0,0
L90,directional_endpoint_50045,0,0,0,0,0,0,0,0,9,187,25,0,0,0,0,0,0,0
F60,directional_endpoint_50045,0,0,0,0,0,0,0,0,6,232,22,0,0,0,4,1,3,0
C1,directional_endpoint_50045,0,0,0,0,0,2,8,0,6,229,22,0,0,0,0,0,0,2
C15,directional_endpoint_50045,0,0,0,0,0,6,42,0,27,223,43,0,0,0,0,0,0,6
F120,directional_endpoint_50045,0,0,0,0,0,1,105,0,108,201,124,0,0,0,20,13,7,0
baseline,directional_endpoint_50046,0,0,0,0,0,0,0,0,8,329,20,0,0,0,0,0,0,0
PC,directional_endpoint_50045,16,0,0,13,0,7,48,0,6,175,22,0,0,16,0,0,0,7
previous_best,directional_endpoint_50046,14,5,2,9,0,0,0,0,3,343,15,0,0,0,0,0,0,0
M50,directional_endpoint_50045,0,0,0,0,0,0,0,0,6,226,22,8,2,0,0,0,0,0
S_all,directional_endpoint_50046,10,0,0,8,0,0,0,0,9,332,21,0,0,0,0,0,0,0
M75,directional_endpoint_50045,0,0,0,0,0,0,0,0,7,139,23,9,2,0,0,0,0,0
LPC,directional_endpoint_50045,15,0,0,12,0,9,66,0,24,192,40,0,0,15,0,0,0,9
LC,directional_endpoint_50045,0,0,0,0,0,7,53,0,17,194,33,0,0,0,0,0,0,7
P1,directional_endpoint_50046,10,0,0,8,0,0,0,0,9,332,21,0,0,10,0,0,0,0
L90,directional_endpoint_50046,0,0,0,0,0,1,42,0,48,371,60,0,0,0,0,0,0,0
P2,directional_endpoint_50046,10,0,0,8,0,0,0,0,9,332,21,0,0,10,0,0,0,0
F60,directional_endpoint_50046,0,0,0,0,0,0,0,0,8,329,20,0,0,0,4,1,3,0
L30,directional_endpoint_50046,0,0,0,0,0,1,42,0,47,379,59,0,0,0,0,0,0,0
C1,directional_endpoint_50046,0,0,0,0,0,4,19,0,13,324,25,0,0,0,0,0,0,4
F120,directional_endpoint_50046,0,0,0,0,0,0,0,0,8,328,20,0,0,0,14,8,6,0
C15,directional_endpoint_50046,0,0,0,0,0,9,70,0,31,320,43,0,0,0,0,0,0,9
M50,directional_endpoint_50046,0,0,0,0,0,1,8,0,14,333,26,10,2,0,0,0,0,0
PC,directional_endpoint_50046,9,0,0,7,0,9,70,0,30,322,42,0,0,9,0,0,0,9
baseline,directional_endpoint_50047,0,0,0,0,0,0,0,0,4,349,16,0,0,0,0,0,0,0
S_all,directional_endpoint_50047,12,0,0,10,0,0,0,0,5,324,17,0,0,0,0,0,0,0
M75,directional_endpoint_50046,0,0,0,0,0,0,0,0,5,392,17,6,1,0,0,0,0,0
L90,directional_endpoint_50047,0,0,0,0,0,0,0,0,6,351,18,0,0,0,0,0,0,0
L30,directional_endpoint_50047,0,0,0,0,0,0,0,0,6,335,18,0,0,0,0,0,0,0
previous_best,directional_endpoint_50047,14,7,0,11,0,0,0,0,7,323,19,0,0,0,0,0,0,0
LC,directional_endpoint_50046,0,0,0,0,0,6,69,0,53,375,65,0,0,0,0,0,0,5
LPC,directional_endpoint_50046,12,0,0,7,0,6,74,0,60,375,72,0,0,12,0,0,0,5
P1,directional_endpoint_50047,11,0,0,10,0,0,0,0,5,323,17,0,0,11,0,0,0,0
P2,directional_endpoint_50047,12,0,0,10,0,0,0,0,5,324,17,0,0,12,0,0,0,0
F60,directional_endpoint_50047,0,0,0,0,0,0,0,0,4,349,16,0,0,0,1,0,1,0
F120,directional_endpoint_50047,0,0,0,0,0,0,0,0,4,349,16,0,0,0,10,4,6,0
C15,directional_endpoint_50047,0,0,0,0,0,5,48,0,24,344,36,0,0,0,0,0,0,5
C1,directional_endpoint_50047,0,0,0,0,0,1,4,0,5,348,17,0,0,0,0,0,0,1
PC,directional_endpoint_50047,10,0,0,9,0,4,20,0,13,316,25,0,0,10,0,0,0,4
M50,directional_endpoint_50047,0,0,0,0,0,0,0,0,4,351,16,5,1,0,0,0,0,0
LC,directional_endpoint_50047,0,0,0,0,0,6,39,0,15,327,27,0,0,0,0,0,0,6
baseline,directional_endpoint_50048,0,0,0,0,0,0,0,0,4,301,16,0,0,0,0,0,0,0
S_all,directional_endpoint_50048,9,0,0,7,0,0,0,0,5,331,17,0,0,0,0,0,0,0
LPC,directional_endpoint_50047,7,0,0,6,0,7,41,0,17,329,29,0,0,7,0,0,0,7
previous_best,directional_endpoint_50048,13,9,6,8,0,0,0,0,3,338,15,0,0,0,0,0,0,0
M75,directional_endpoint_50047,0,0,0,0,0,0,0,0,5,359,17,6,1,0,0,0,0,0
P1,directional_endpoint_50048,9,0,0,7,0,0,0,0,5,331,17,0,0,9,0,0,0,0
P2,directional_endpoint_50048,9,0,0,7,0,0,0,0,5,331,17,0,0,9,0,0,0,0
F60,directional_endpoint_50048,0,0,0,0,0,0,0,0,4,301,16,0,0,0,0,0,0,0
L90,directional_endpoint_50048,0,0,0,0,0,0,0,0,3,342,15,0,0,0,0,0,0,0
F120,directional_endpoint_50048,0,0,0,0,0,0,0,0,4,301,16,0,0,0,8,3,5,0
C15,directional_endpoint_50048,0,0,0,0,0,5,34,0,11,297,23,0,0,0,0,0,0,5
C1,directional_endpoint_50048,0,0,0,0,0,2,10,0,4,299,16,0,0,0,0,0,0,2
L30,directional_endpoint_50048,0,0,0,0,0,0,0,0,3,329,15,0,0,0,0,0,0,0
M50,directional_endpoint_50048,0,0,0,0,0,0,0,0,3,301,15,4,1,0,0,0,0,0
PC,directional_endpoint_50048,8,0,0,6,0,4,26,0,3,324,15,0,0,8,0,0,0,4
M75,directional_endpoint_50048,0,0,0,0,0,0,0,0,2,301,14,3,1,0,0,0,0,0
LPC,directional_endpoint_50048,12,0,0,8,0,3,20,0,6,333,18,0,0,12,0,0,0,3
LC,directional_endpoint_50048,0,0,0,0,0,3,19,0,4,326,16,0,0,0,0,0,0,3
baseline,directional_endpoint_50049,0,0,0,0,0,0,0,0,9,273,24,0,0,0,0,0,0,0
previous_best,directional_endpoint_50049,26,11,3,19,0,0,0,0,8,284,23,0,0,0,0,0,0,0
S_all,directional_endpoint_50049,29,0,0,25,0,0,0,0,6,287,21,0,0,0,0,0,0,0
P1,directional_endpoint_50049,21,0,0,17,0,0,0,0,5,282,20,0,0,21,0,0,0,0
P2,directional_endpoint_50049,22,0,0,19,0,0,0,0,5,279,20,0,0,22,0,0,0,0
L30,directional_endpoint_50049,0,0,0,0,0,0,0,0,6,261,21,0,0,0,0,0,0,0
F60,directional_endpoint_50049,0,0,0,0,0,0,0,0,9,273,24,0,0,0,2,0,2,0
F120,directional_endpoint_50049,0,0,0,0,0,0,0,0,9,272,24,0,0,0,14,8,6,0
L90,directional_endpoint_50049,0,0,0,0,0,0,0,0,11,253,26,0,0,0,0,0,0,0
C15,directional_endpoint_50049,0,0,0,0,0,8,66,0,25,268,40,0,0,0,0,0,0,8
C1,directional_endpoint_50049,0,0,0,0,0,3,16,0,18,270,33,0,0,0,0,0,0,3
baseline,omni_endpoint_50000,0,0,0,0,0,0,0,0,2,331,12,0,0,0,0,0,0,0
S_all,omni_endpoint_50000,17,0,0,15,0,0,0,0,1,338,11,0,0,0,0,0,0,0
previous_best,omni_endpoint_50000,11,6,3,10,0,0,0,0,3,315,13,0,0,0,0,0,0,0
LC,directional_endpoint_50049,0,0,0,0,0,7,50,0,20,253,35,0,0,0,0,0,0,7
PC,directional_endpoint_50049,20,0,0,15,0,10,63,0,15,254,30,0,0,20,0,0,0,10
P1,omni_endpoint_50000,11,0,0,10,0,0,0,0,2,334,12,0,0,11,0,0,0,0
L30,omni_endpoint_50000,0,0,0,0,0,0,0,0,1,328,11,0,0,0,0,0,0,0
L90,omni_endpoint_50000,0,0,0,0,0,0,0,0,7,319,17,0,0,0,0,0,0,0
F60,omni_endpoint_50000,0,0,0,0,0,0,0,0,2,331,12,0,0,0,1,0,1,0
P2,omni_endpoint_50000,16,0,0,14,0,0,0,0,1,337,11,0,0,16,0,0,0,0
M50,directional_endpoint_50049,0,0,0,0,0,0,0,0,8,261,23,10,2,0,0,0,0,0
M75,directional_endpoint_50049,0,0,0,0,0,0,0,0,7,264,22,8,1,0,0,0,0,0
F120,omni_endpoint_50000,0,0,0,0,0,0,0,0,2,331,12,0,0,0,8,6,2,0
LPC,directional_endpoint_50049,16,0,0,11,0,8,56,0,27,224,42,0,0,16,0,0,0,8
C1,omni_endpoint_50000,0,0,0,0,0,1,4,0,1,330,11,0,0,0,0,0,0,1
C15,omni_endpoint_50000,0,0,0,0,0,3,22,0,0,329,10,0,0,0,0,0,0,3
PC,omni_endpoint_50000,10,0,0,9,0,3,20,0,3,331,13,0,0,10,0,0,0,3
LPC,omni_endpoint_50000,14,0,0,14,0,3,16,0,2,334,12,0,0,14,0,0,0,3
LC,omni_endpoint_50000,0,0,0,0,0,3,19,0,4,326,14,0,0,0,0,0,0,3
M50,omni_endpoint_50000,0,0,0,0,0,0,0,0,7,329,17,9,2,0,0,0,0,0
previous_best,omni_endpoint_50001,21,11,3,21,0,0,0,0,8,230,22,0,0,0,0,0,0,0
baseline,omni_endpoint_50001,0,0,0,0,0,0,0,0,6,254,20,0,0,0,0,0,0,0
M75,omni_endpoint_50000,0,0,0,0,0,0,0,0,4,338,14,5,1,0,0,0,0,0
S_all,omni_endpoint_50001,18,0,0,18,0,0,0,0,5,247,19,0,0,0,0,0,0,0
L30,omni_endpoint_50001,0,0,0,0,0,0,0,0,2,212,16,0,0,0,0,0,0,0
P1,omni_endpoint_50001,12,0,0,12,0,0,0,0,4,242,18,0,0,12,0,0,0,0
L90,omni_endpoint_50001,0,0,0,0,0,0,0,0,5,232,19,0,0,0,0,0,0,0
F120,omni_endpoint_50001,0,0,0,0,0,0,0,0,6,253,20,0,0,0,16,10,6,0
P2,omni_endpoint_50001,19,0,0,19,0,0,0,0,6,270,20,0,0,19,0,0,0,0
F60,omni_endpoint_50001,0,0,0,0,0,0,0,0,6,254,20,0,0,0,3,0,3,0
C1,omni_endpoint_50001,0,0,0,0,0,4,19,0,8,250,22,0,0,0,0,0,0,4
C15,omni_endpoint_50001,0,0,0,0,0,6,37,0,16,247,30,0,0,0,0,0,0,6
PC,omni_endpoint_50001,11,0,0,11,0,5,32,0,5,238,19,0,0,11,0,0,0,5
M50,omni_endpoint_50001,0,0,0,0,0,0,0,0,6,257,20,7,1,0,0,0,0,0
LC,omni_endpoint_50001,0,0,0,0,0,6,36,0,11,209,25,0,0,0,0,0,0,6
S_all,omni_endpoint_50002,23,0,0,23,0,0,0,0,5,157,21,0,0,0,0,0,0,0
baseline,omni_endpoint_50002,0,0,0,0,0,0,0,0,5,153,21,0,0,0,0,0,0,0
previous_best,omni_endpoint_50002,20,11,1,20,0,0,0,0,10,169,26,0,0,0,0,0,0,0
M75,omni_endpoint_50001,0,0,0,0,0,1,7,0,12,260,26,8,0,0,0,0,0,0
LPC,omni_endpoint_50001,16,0,0,16,0,5,27,0,11,221,25,0,0,16,0,0,0,5
L90,omni_endpoint_50002,0,0,0,0,0,0,0,0,12,171,28,0,0,0,0,0,0,0
P1,omni_endpoint_50002,19,0,0,19,0,0,0,0,5,162,21,0,0,19,0,0,0,0
F120,omni_endpoint_50002,0,0,0,0,0,0,0,0,4,150,20,0,0,0,13,8,5,0
P2,omni_endpoint_50002,25,0,0,25,0,0,0,0,4,169,20,0,0,25,0,0,0,0
F60,omni_endpoint_50002,0,0,0,0,0,0,0,0,5,153,21,0,0,0,3,0,3,0
C1,omni_endpoint_50002,0,0,0,0,0,2,8,0,5,151,21,0,0,0,0,0,0,2
C15,omni_endpoint_50002,0,0,0,0,0,5,34,0,23,148,39,0,0,0,0,0,0,5
L30,omni_endpoint_50002,0,0,0,0,0,0,0,0,10,155,26,0,0,0,0,0,0,0
PC,omni_endpoint_50002,15,0,0,15,0,7,42,0,8,148,24,0,0,15,0,0,0,7
M50,omni_endpoint_50002,0,0,0,0,0,0,0,0,5,154,21,5,0,0,0,0,0,0
M75,omni_endpoint_50002,0,0,0,0,0,0,0,0,4,156,20,4,0,0,0,0,0,0
baseline,omni_endpoint_50003,0,0,0,0,0,0,0,0,3,256,18,0,0,0,0,0,0,0
previous_best,omni_endpoint_50003,19,12,5,19,0,0,0,0,7,249,22,0,0,0,0,0,0,0
S_all,omni_endpoint_50003,24,0,0,24,0,0,0,0,2,251,17,0,0,0,0,0,0,0
LC,omni_endpoint_50002,0,0,0,0,0,9,52,0,29,145,45,0,0,0,0,0,0,9
L90,omni_endpoint_50003,0,0,0,0,0,0,0,0,5,192,20,0,0,0,0,0,0,0
LPC,omni_endpoint_50002,17,0,0,17,0,8,42,0,12,163,28,0,0,17,0,0,0,8
L30,omni_endpoint_50003,0,0,0,0,0,0,0,0,7,282,22,0,0,0,0,0,0,0
P1,omni_endpoint_50003,19,0,0,19,0,0,0,0,3,250,18,0,0,19,0,0,0,0
F120,omni_endpoint_50003,0,0,0,0,0,0,0,0,4,223,19,0,0,0,9,5,4,0
P2,omni_endpoint_50003,21,0,0,21,0,0,0,0,3,250,18,0,0,21,0,0,0,0
F60,omni_endpoint_50003,0,0,0,0,0,0,0,0,3,256,18,0,0,0,3,1,2,0
C1,omni_endpoint_50003,0,0,0,0,0,3,15,0,8,252,23,0,0,0,0,0,0,3
C15,omni_endpoint_50003,0,0,0,0,0,4,21,0,9,252,24,0,0,0,0,0,0,4
baseline,omni_endpoint_50004,0,0,0,0,0,1,7,0,11,307,22,0,0,0,0,0,0,0
previous_best,omni_endpoint_50004,18,8,3,17,0,0,0,0,5,297,16,0,0,0,0,0,0,0
S_all,omni_endpoint_50004,14,0,0,14,0,0,0,0,3,325,14,0,0,0,0,0,0,0
PC,omni_endpoint_50003,16,0,0,16,0,5,27,0,11,246,26,0,0,16,0,0,0,5
M50,omni_endpoint_50003,0,0,0,0,0,0,0,0,2,255,17,3,1,0,0,0,0,0
LPC,omni_endpoint_50003,15,0,0,15,0,7,37,0,5,194,20,0,0,15,0,0,0,7
M75,omni_endpoint_50003,0,0,0,0,0,0,0,0,2,250,17,4,2,0,0,0,0,0
L30,omni_endpoint_50004,0,0,0,0,0,0,0,0,5,311,16,0,0,0,0,0,0,0
L90,omni_endpoint_50004,0,0,0,0,0,0,0,0,5,304,16,0,0,0,0,0,0,0
LC,omni_endpoint_50003,0,0,0,0,0,9,58,0,22,273,37,0,0,0,0,0,0,9
P1,omni_endpoint_50004,9,0,0,9,0,0,0,0,5,317,16,0,0,9,0,0,0,0
P2,omni_endpoint_50004,12,0,0,12,0,0,0,0,6,325,17,0,0,12,0,0,0,0
F120,omni_endpoint_50004,0,0,0,0,0,1,7,0,11,307,22,0,0,0,14,7,7,0
F60,omni_endpoint_50004,0,0,0,0,0,1,7,0,11,307,22,0,0,0,7,4,3,0
C15,omni_endpoint_50004,0,0,0,0,0,8,45,0,17,294,28,0,0,0,0,0,0,8
C1,omni_endpoint_50004,0,0,0,0,0,4,19,0,15,304,26,0,0,0,0,0,0,3
PC,omni_endpoint_50004,8,0,0,8,0,7,38,0,12,294,23,0,0,8,0,0,0,7
M75,omni_endpoint_50004,0,0,0,0,0,0,0,0,6,302,17,6,0,0,0,0,0,0
M50,omni_endpoint_50004,0,0,0,0,0,1,7,0,12,308,23,9,0,0,0,0,0,0
previous_best,omni_endpoint_50005,19,4,1,19,0,0,0,0,3,274,16,0,0,0,0,0,0,0
baseline,omni_endpoint_50005,0,0,0,0,0,0,0,0,5,261,18,0,0,0,0,0,0,0
LC,omni_endpoint_50004,0,0,0,0,0,5,24,0,4,306,15,0,0,0,0,0,0,5
S_all,omni_endpoint_50005,18,0,0,18,0,0,0,0,3,308,16,0,0,0,0,0,0,0
LPC,omni_endpoint_50004,13,0,0,13,0,8,38,0,9,307,20,0,0,13,0,0,0,8
L30,omni_endpoint_50005,0,0,0,0,0,0,0,0,7,243,20,0,0,0,0,0,0,0
P1,omni_endpoint_50005,18,0,0,18,0,0,0,0,3,308,16,0,0,18,0,0,0,0
P2,omni_endpoint_50005,18,0,0,18,0,0,0,0,3,308,16,0,0,18,0,0,0,0
L90,omni_endpoint_50005,0,0,0,0,0,0,0,0,5,240,18,0,0,0,0,0,0,0
F120,omni_endpoint_50005,0,0,0,0,0,0,0,0,5,247,18,0,0,0,15,9,6,0
F60,omni_endpoint_50005,0,0,0,0,0,0,0,0,5,261,18,0,0,0,3,1,2,0
C15,omni_endpoint_50005,0,0,0,0,0,8,42,0,5,254,18,0,0,0,0,0,0,8
C1,omni_endpoint_50005,0,0,0,0,0,4,16,0,8,257,21,0,0,0,0,0,0,4
M50,omni_endpoint_50005,0,0,0,0,0,0,0,0,5,261,18,9,4,0,0,0,0,0
PC,omni_endpoint_50005,10,0,0,10,0,7,43,0,9,247,22,0,0,10,0,0,0,7
M75,omni_endpoint_50005,0,0,0,0,0,0,0,0,5,262,18,9,4,0,0,0,0,0
LC,omni_endpoint_50005,0,0,0,0,0,8,50,0,21,244,34,0,0,0,0,0,0,8
baseline,omni_endpoint_50006,0,0,0,0,0,0,0,0,0,272,13,0,0,0,0,0,0,0
LPC,omni_endpoint_50005,14,0,0,14,0,3,14,0,7,274,20,0,0,14,0,0,0,3
previous_best,omni_endpoint_50006,23,7,0,23,0,0,0,0,7,274,20,0,0,0,0,0,0,0
S_all,omni_endpoint_50006,22,0,0,22,0,0,0,0,4,285,17,0,0,0,0,0,0,0
L30,omni_endpoint_50006,0,0,0,0,0,0,0,0,5,235,18,0,0,0,0,0,0,0
F60,omni_endpoint_50006,0,0,0,0,0,0,0,0,0,272,13,0,0,0,0,0,0,0
P2,omni_endpoint_50006,15,0,0,15,0,0,0,0,4,244,17,0,0,15,0,0,0,0
F120,omni_endpoint_50006,0,0,0,0,0,0,0,0,5,265,18,0,0,0,15,10,5,0
L90,omni_endpoint_50006,0,0,0,0,0,0,0,0,8,244,21,0,0,0,0,0,0,0
P1,omni_endpoint_50006,16,0,0,16,0,0,0,0,5,262,18,0,0,16,0,0,0,0
C1,omni_endpoint_50006,0,0,0,0,0,0,0,0,0,272,13,0,0,0,0,0,0,0
C15,omni_endpoint_50006,0,0,0,0,0,2,10,0,3,267,16,0,0,0,0,0,0,2
M50,omni_endpoint_50006,0,0,0,0,0,0,0,0,0,272,13,2,2,0,0,0,0,0
baseline,omni_endpoint_50007,0,0,0,0,0,0,0,0,6,255,19,0,0,0,0,0,0,0
previous_best,omni_endpoint_50007,16,7,2,16,0,0,0,0,5,253,18,0,0,0,0,0,0,0
S_all,omni_endpoint_50007,19,0,0,18,0,0,0,0,4,242,17,0,0,0,0,0,0,0
LC,omni_endpoint_50006,0,0,0,0,0,6,40,0,17,230,30,0,0,0,0,0,0,6
M75,omni_endpoint_50006,0,0,0,0,0,0,0,0,1,265,14,5,4,0,0,0,0,0
PC,omni_endpoint_50006,15,0,0,15,0,7,40,0,18,259,31,0,0,15,0,0,0,7
L90,omni_endpoint_50007,0,0,0,0,0,0,0,0,5,297,18,0,0,0,0,0,0,0
LPC,omni_endpoint_50006,14,0,0,14,0,8,52,0,22,246,35,0,0,14,0,0,0,8
P1,omni_endpoint_50007,19,0,0,18,0,0,0,0,8,252,21,0,0,19,0,0,0,0
L30,omni_endpoint_50007,0,0,0,0,0,0,0,0,9,311,22,0,0,0,0,0,0,0
P2,omni_endpoint_50007,18,0,0,17,0,0,0,0,4,241,17,0,0,18,0,0,0,0
F60,omni_endpoint_50007,0,0,0,0,0,0,0,0,6,255,19,0,0,0,1,1,0,0
F120,omni_endpoint_50007,0,0,0,0,0,0,0,0,6,255,19,0,0,0,14,9,5,0
C1,omni_endpoint_50007,0,0,0,0,0,1,8,0,4,251,17,0,0,0,0,0,0,1
C15,omni_endpoint_50007,0,0,0,0,0,5,38,0,8,248,21,0,0,0,0,0,0,5
M50,omni_endpoint_50007,0,0,0,0,0,0,0,0,5,260,18,7,2,0,0,0,0,0
LC,omni_endpoint_50007,0,0,0,0,0,9,50,0,16,300,29,0,0,0,0,0,0,9
PC,omni_endpoint_50007,19,0,0,18,0,8,46,0,16,244,29,0,0,19,0,0,0,8
M75,omni_endpoint_50007,0,0,0,0,0,0,0,0,4,269,17,6,2,0,0,0,0,0
baseline,omni_endpoint_50008,0,0,0,0,0,0,0,0,5,245,20,0,0,0,0,0,0,0
previous_best,omni_endpoint_50008,17,11,4,17,0,0,0,0,7,229,22,0,0,0,0,0,0,0
LPC,omni_endpoint_50007,14,0,0,14,0,7,37,0,15,279,28,0,0,14,0,0,0,7
S_all,omni_endpoint_50008,24,0,0,24,0,0,0,0,5,246,20,0,0,0,0,0,0,0
L30,omni_endpoint_50008,0,0,0,0,0,0,0,0,1,226,16,0,0,0,0,0,0,0
P1,omni_endpoint_50008,18,0,0,18,0,0,0,0,5,249,20,0,0,18,0,0,0,0
F60,omni_endpoint_50008,0,0,0,0,0,0,0,0,5,245,20,0,0,0,3,0,3,0
P2,omni_endpoint_50008,23,0,0,23,0,0,0,0,5,245,20,0,0,23,0,0,0,0
L90,omni_endpoint_50008,0,0,0,0,0,0,0,0,5,232,20,0,0,0,0,0,0,0
F120,omni_endpoint_50008,0,0,0,0,0,0,0,0,5,245,20,0,0,0,18,13,5,0
C1,omni_endpoint_50008,0,0,0,0,0,4,16,0,8,241,23,0,0,0,0,0,0,4
C15,omni_endpoint_50008,0,0,0,0,0,5,26,0,14,241,29,0,0,0,0,0,0,5
baseline,omni_endpoint_50009,0,0,0,0,0,0,0,0,4,331,14,0,0,0,0,0,0,0
S_all,omni_endpoint_50009,10,0,0,10,0,0,0,0,1,319,11,0,0,0,0,0,0,0
previous_best,omni_endpoint_50009,13,4,2,13,0,0,0,0,2,346,12,0,0,0,0,0,0,0
M50,omni_endpoint_50008,0,0,0,0,0,0,0,0,5,246,20,6,1,0,0,0,0,0
LC,omni_endpoint_50008,0,0,0,0,0,3,17,0,5,225,20,0,0,0,0,0,0,3
L90,omni_endpoint_50009,0,0,0,0,0,0,0,0,0,341,10,0,0,0,0,0,0,0
PC,omni_endpoint_50008,16,0,0,16,0,8,46,0,16,245,31,0,0,16,0,0,0,8
L30,omni_endpoint_50009,0,0,0,0,0,0,0,0,1,335,11,0,0,0,0,0,0,0
P1,omni_endpoint_50009,11,0,0,11,0,0,0,0,5,324,15,0,0,11,0,0,0,0
P2,omni_endpoint_50009,10,0,0,10,0,0,0,0,1,319,11,0,0,10,0,0,0,0
F60,omni_endpoint_50009,0,0,0,0,0,0,0,0,4,331,14,0,0,0,1,0,1,0
LPC,omni_endpoint_50008,15,0,0,15,0,8,49,0,21,226,36,0,0,15,0,0,0,8
M75,omni_endpoint_50008,0,0,0,0,0,0,0,0,4,289,19,6,2,0,0,0,0,0
C15,omni_endpoint_50009,0,0,0,0,0,4,33,0,13,327,23,0,0,0,0,0,0,4
F120,omni_endpoint_50009,0,0,0,0,0,0,0,0,2,350,12,0,0,0,8,5,3,0
C1,omni_endpoint_50009,0,0,0,0,0,1,4,0,5,330,15,0,0,0,0,0,0,1
M50,omni_endpoint_50009,0,0,0,0,0,0,0,0,3,332,13,3,0,0,0,0,0,0
LC,omni_endpoint_50009,0,0,0,0,0,2,10,0,2,334,12,0,0,0,0,0,0,2
LPC,omni_endpoint_50009,10,0,0,10,0,3,20,0,10,322,20,0,0,10,0,0,0,3
PC,omni_endpoint_50009,10,0,0,10,0,2,14,0,2,333,12,0,0,10,0,0,0,2
M75,omni_endpoint_50009,0,0,0,0,0,0,0,0,2,332,12,2,0,0,0,0,0,0
baseline,omni_endpoint_50010,0,0,0,0,0,0,0,0,3,254,16,0,0,0,0,0,0,0
previous_best,omni_endpoint_50010,16,8,4,14,0,0,0,0,4,219,17,0,0,0,0,0,0,0
F120,omni_endpoint_50010,0,0,0,0,0,0,0,0,4,274,17,0,0,0,12,8,4,0
S_all,omni_endpoint_50010,29,0,0,29,0,0,0,0,5,287,18,0,0,0,0,0,0,0
L90,omni_endpoint_50010,0,0,0,0,0,0,0,0,7,257,20,0,0,0,0,0,0,0
P1,omni_endpoint_50010,22,0,0,22,0,0,0,0,2,268,15,0,0,22,0,0,0,0
F60,omni_endpoint_50010,0,0,0,0,0,0,0,0,3,254,16,0,0,0,1,0,1,0
P2,omni_endpoint_50010,30,0,0,30,0,0,0,0,2,275,15,0,0,30,0,0,0,0
C1,omni_endpoint_50010,0,0,0,0,0,0,0,0,3,254,16,0,0,0,0,0,0,0
C15,omni_endpoint_50010,0,0,0,0,0,3,18,0,5,251,18,0,0,0,0,0,0,3
L30,omni_endpoint_50010,0,0,0,0,0,0,0,0,5,224,18,0,0,0,0,0,0,0
baseline,omni_endpoint_50011,0,0,0,0,0,0,0,0,5,258,18,0,0,0,0,0,0,0
S_all,omni_endpoint_50011,26,0,0,24,0,0,0,0,5,266,18,0,0,0,0,0,0,0
M50,omni_endpoint_50010,0,0,0,0,0,0,0,0,4,256,17,4,0,0,0,0,0,0
PC,omni_endpoint_50010,22,0,0,22,0,3,17,0,8,266,21,0,0,22,0,0,0,3
previous_best,omni_endpoint_50011,19,13,2,19,0,0,0,0,11,245,24,0,0,0,0,0,0,0
M75,omni_endpoint_50010,0,0,0,0,0,0,0,0,4,256,17,4,0,0,0,0,0,0
LC,omni_endpoint_50010,0,0,0,0,0,4,28,0,6,219,19,0,0,0,0,0,0,4
L90,omni_endpoint_50011,0,0,0,0,0,0,0,0,4,252,17,0,0,0,0,0,0,0
L30,omni_endpoint_50011,0,0,0,0,0,0,0,0,3,246,16,0,0,0,0,0,0,0
LPC,omni_endpoint_50010,12,0,0,11,0,9,46,0,8,216,21,0,0,12,0,0,0,9
F120,omni_endpoint_50011,0,0,0,0,0,0,0,0,6,260,19,0,0,0,10,4,6,0
P2,omni_endpoint_50011,23,0,0,22,0,0,0,0,7,265,20,0,0,23,0,0,0,0
P1,omni_endpoint_50011,22,0,0,22,0,0,0,0,6,263,19,0,0,22,0,0,0,0
F60,omni_endpoint_50011,0,0,0,0,0,0,0,0,5,258,18,0,0,0,3,0,3,0
C1,omni_endpoint_50011,0,0,0,0,0,4,19,0,9,254,22,0,0,0,0,0,0,4
C15,omni_endpoint_50011,0,0,0,0,0,5,26,0,9,253,22,0,0,0,0,0,0,5
PC,omni_endpoint_50011,17,0,0,17,0,8,42,0,7,252,20,0,0,17,0,0,0,8
baseline,omni_endpoint_50012,0,0,0,0,0,0,0,0,2,305,13,0,0,0,0,0,0,0
S_all,omni_endpoint_50012,17,0,0,17,0,0,0,0,1,300,12,0,0,0,0,0,0,0
M50,omni_endpoint_50011,0,0,0,0,0,0,0,0,5,258,18,5,0,0,0,0,0,0
previous_best,omni_endpoint_50012,14,7,1,14,0,0,0,0,6,283,17,0,0,0,0,0,0,0
LPC,omni_endpoint_50011,15,0,0,15,0,5,26,0,15,228,28,0,0,15,0,0,0,5
LC,omni_endpoint_50011,0,0,0,0,0,5,26,0,11,243,24,0,0,0,0,0,0,5
L30,omni_endpoint_50012,0,0,0,0,0,0,0,0,6,288,17,0,0,0,0,0,0,0
P1,omni_endpoint_50012,11,0,0,11,0,0,0,0,5,311,16,0,0,11,0,0,0,0
L90,omni_endpoint_50012,0,0,0,0,0,0,0,0,3,308,14,0,0,0,0,0,0,0
M75,omni_endpoint_50011,0,0,0,0,0,0,0,0,6,262,19,6,0,0,0,0,0,0
P2,omni_endpoint_50012,15,0,0,15,0,0,0,0,4,314,15,0,0,15,0,0,0,0
F60,omni_endpoint_50012,0,0,0,0,0,0,0,0,2,305,13,0,0,0,0,0,0,0
F120,omni_endpoint_50012,0,0,0,0,0,0,0,0,2,307,13,0,0,0,5,4,1,0
C1,omni_endpoint_50012,0,0,0,0,0,0,0,0,2,305,13,0,0,0,0,0,0,0
C15,omni_endpoint_50012,0,0,0,0,0,2,18,0,0,303,11,0,0,0,0,0,0,2
M50,omni_endpoint_50012,0,0,0,0,0,0,0,0,2,301,13,3,1,0,0,0,0,0
PC,omni_endpoint_50012,10,0,0,10,0,5,36,0,7,306,18,0,0,10,0,0,0,5
LC,omni_endpoint_50012,0,0,0,0,0,4,18,0,10,283,21,0,0,0,0,0,0,4
LPC,omni_endpoint_50012,9,0,0,9,0,5,24,0,7,305,18,0,0,9,0,0,0,5
baseline,omni_endpoint_50013,0,0,0,0,0,0,0,0,9,208,24,0,0,0,0,0,0,0
M75,omni_endpoint_50012,0,0,0,0,0,0,0,0,2,304,13,3,1,0,0,0,0,0
previous_best,omni_endpoint_50013,17,11,3,17,0,0,0,0,8,204,23,0,0,0,0,0,0,0
S_all,omni_endpoint_50013,26,0,0,26,0,0,0,0,5,230,20,0,0,0,0,0,0,0
L90,omni_endpoint_50013,0,0,0,0,0,0,0,0,3,184,18,0,0,0,0,0,0,0
P1,omni_endpoint_50013,20,0,0,20,0,0,0,0,5,212,20,0,0,20,0,0,0,0
F120,omni_endpoint_50013,0,0,0,0,0,0,0,0,5,210,20,0,0,0,9,4,5,0
P2,omni_endpoint_50013,27,0,0,27,0,0,0,0,7,235,22,0,0,27,0,0,0,0
F60,omni_endpoint_50013,0,0,0,0,0,0,0,0,9,208,24,0,0,0,5,0,5,0
L30,omni_endpoint_50013,0,0,0,0,0,0,0,0,8,210,23,0,0,0,0,0,0,0
C15,omni_endpoint_50013,0,0,0,0,0,7,38,0,11,201,26,0,0,0,0,0,0,7
C1,omni_endpoint_50013,0,0,0,0,0,5,22,0,14,203,29,0,0,0,0,0,0,5
baseline,omni_endpoint_50014,0,0,0,0,0,0,0,0,5,175,21,0,0,0,0,0,0,0
M75,omni_endpoint_50013,0,0,0,0,0,0,0,0,7,205,22,7,0,0,0,0,0,0
PC,omni_endpoint_50013,19,0,0,19,0,7,60,0,8,206,23,0,0,19,0,0,0,7
M50,omni_endpoint_50013,0,0,0,0,0,0,0,0,9,208,24,9,0,0,0,0,0,0
S_all,omni_endpoint_50014,18,0,0,18,0,0,0,0,6,180,22,0,0,0,0,0,0,0
LC,omni_endpoint_50013,0,0,0,0,0,6,36,0,11,199,26,0,0,0,0,0,0,6
previous_best,omni_endpoint_50014,24,8,2,24,0,0,0,0,6,124,22,0,0,0,0,0,0,0
LPC,omni_endpoint_50013,17,0,0,17,0,7,45,0,26,201,41,0,0,17,0,0,0,7
F60,omni_endpoint_50014,0,0,0,0,0,0,0,0,5,175,21,0,0,0,4,0,4,0
P1,omni_endpoint_50014,17,0,0,17,0,0,0,0,4,178,20,0,0,17,0,0,0,0
F120,omni_endpoint_50014,0,0,0,0,0,0,0,0,5,175,21,0,0,0,7,2,5,0
P2,omni_endpoint_50014,18,0,0,18,0,0,0,0,6,180,22,0,0,18,0,0,0,0
L30,omni_endpoint_50014,0,0,0,0,0,0,0,0,5,138,21,0,0,0,0,0,0,0
C1,omni_endpoint_50014,0,0,0,0,0,2,8,0,8,173,24,0,0,0,0,0,0,2
C15,omni_endpoint_50014,0,0,0,0,0,8,47,0,18,170,34,0,0,0,0,0,0,8
L90,omni_endpoint_50014,0,0,0,0,0,0,0,0,12,170,28,0,0,0,0,0,0,0
M50,omni_endpoint_50014,0,0,0,0,0,0,0,0,5,176,21,8,3,0,0,0,0,0
baseline,omni_endpoint_50015,0,0,0,0,0,0,0,0,5,257,18,0,0,0,0,0,0,0
previous_best,omni_endpoint_50015,16,7,4,16,0,0,0,0,3,249,16,0,0,0,0,0,0,0
S_all,omni_endpoint_50015,17,0,0,16,0,0,0,0,8,245,21,0,0,0,0,0,0,0
PC,omni_endpoint_50014,12,0,0,12,0,11,61,0,25,170,41,0,0,12,0,0,0,11
M75,omni_endpoint_50014,0,0,0,0,0,0,0,0,4,176,20,7,3,0,0,0,0,0
L30,omni_endpoint_50015,0,0,0,0,0,0,0,0,3,230,16,0,0,0,0,0,0,0
LPC,omni_endpoint_50014,16,0,0,16,0,10,65,0,27,143,43,0,0,16,0,0,0,10
P1,omni_endpoint_50015,14,0,0,14,0,0,0,0,7,248,20,0,0,14,0,0,0,0
L90,omni_endpoint_50015,0,0,0,0,0,0,0,0,7,245,20,0,0,0,0,0,0,0
F120,omni_endpoint_50015,0,0,0,0,0,0,0,0,1,255,14,0,0,0,7,5,2,0
P2,omni_endpoint_50015,16,0,0,15,0,0,0,0,8,244,21,0,0,16,0,0,0,0
LC,omni_endpoint_50014,0,0,0,0,0,6,34,0,5,134,21,0,0,0,0,0,0,6
F60,omni_endpoint_50015,0,0,0,0,0,0,0,0,5,257,18,0,0,0,1,0,1,0
C15,omni_endpoint_50015,0,0,0,0,0,7,48,0,21,249,34,0,0,0,0,0,0,7
C1,omni_endpoint_50015,0,0,0,0,0,3,16,0,9,255,22,0,0,0,0,0,0,3
PC,omni_endpoint_50015,10,0,0,10,0,8,43,0,12,239,25,0,0,10,0,0,0,8
M50,omni_endpoint_50015,0,0,0,0,0,0,0,0,5,257,18,7,2,0,0,0,0,0
M75,omni_endpoint_50015,0,0,0,0,0,0,0,0,4,257,17,7,3,0,0,0,0,0
LC,omni_endpoint_50015,0,0,0,0,0,3,20,0,13,228,26,0,0,0,0,0,0,3
baseline,omni_endpoint_50016,0,0,0,0,0,0,0,0,5,209,20,0,0,0,0,0,0,0
S_all,omni_endpoint_50016,27,0,0,27,0,0,0,0,7,205,22,0,0,0,0,0,0,0
LPC,omni_endpoint_50015,12,0,0,12,0,8,43,0,16,240,29,0,0,12,0,0,0,8
previous_best,omni_endpoint_50016,23,9,1,22,0,0,0,0,8,190,23,0,0,0,0,0,0,0
L30,omni_endpoint_50016,0,0,0,0,0,0,0,0,5,200,20,0,0,0,0,0,0,0
L90,omni_endpoint_50016,0,0,0,0,0,0,0,0,4,185,19,0,0,0,0,0,0,0
P1,omni_endpoint_50016,19,0,0,19,0,0,0,0,9,194,24,0,0,19,0,0,0,0
P2,omni_endpoint_50016,22,0,0,22,0,0,0,0,6,210,21,0,0,22,0,0,0,0
F60,omni_endpoint_50016,0,0,0,0,0,0,0,0,5,209,20,0,0,0,2,0,2,0
F120,omni_endpoint_50016,0,0,0,0,0,0,0,0,7,191,22,0,0,0,13,6,7,0
C15,omni_endpoint_50016,0,0,0,0,0,10,57,0,13,204,28,0,0,0,0,0,0,10
C1,omni_endpoint_50016,0,0,0,0,0,4,21,0,11,207,26,0,0,0,0,0,0,4
baseline,omni_endpoint_50017,0,0,0,0,0,0,0,0,2,236,15,0,0,0,0,0,0,0
S_all,omni_endpoint_50017,15,0,0,15,0,0,0,0,4,243,17,0,0,0,0,0,0,0
PC,omni_endpoint_50016,17,0,0,17,0,9,57,0,20,185,35,0,0,17,0,0,0,9
previous_best,omni_endpoint_50017,20,7,3,18,0,0,0,0,4,237,17,0,0,0,0,0,0,0
M50,omni_endpoint_50016,0,0,0,0,0,0,0,0,7,216,22,8,1,0,0,0,0,0
M75,omni_endpoint_50016,0,0,0,0,0,0,0,0,7,195,22,7,0,0,0,0,0,0
LC,omni_endpoint_50016,0,0,0,0,0,7,44,0,23,181,38,0,0,0,0,0,0,7
P1,omni_endpoint_50017,18,0,0,18,0,0,0,0,3,231,16,0,0,18,0,0,0,0
P2,omni_endpoint_50017,15,0,0,15,0,0,0,0,4,243,17,0,0,15,0,0,0,0
F60,omni_endpoint_50017,0,0,0,0,0,0,0,0,3,238,16,0,0,0,3,0,3,0
F120,omni_endpoint_50017,0,0,0,0,0,0,0,0,4,225,17,0,0,0,8,5,3,0
L30,omni_endpoint_50017,0,0,0,0,0,0,0,0,5,242,18,0,0,0,0,0,0,0
LPC,omni_endpoint_50016,22,0,0,22,0,7,38,0,18,192,33,0,0,22,0,0,0,7
C1,omni_endpoint_50017,0,0,0,0,0,2,8,0,3,236,16,0,0,0,0,0,0,2
C15,omni_endpoint_50017,0,0,0,0,0,5,27,0,5,235,18,0,0,0,0,0,0,5
L90,omni_endpoint_50017,0,0,0,0,0,0,0,0,11,241,24,0,0,0,0,0,0,0
M50,omni_endpoint_50017,0,0,0,0,0,0,0,0,2,236,15,4,2,0,0,0,0,0
baseline,omni_endpoint_50018,0,0,0,0,0,0,0,0,2,282,13,0,0,0,0,0,0,0
M75,omni_endpoint_50017,0,0,0,0,0,0,0,0,2,237,15,4,2,0,0,0,0,0
PC,omni_endpoint_50017,15,0,0,15,0,6,44,0,18,226,31,0,0,15,0,0,0,6
S_all,omni_endpoint_50018,16,0,0,16,0,0,0,0,2,286,13,0,0,0,0,0,0,0
previous_best,omni_endpoint_50018,16,8,2,16,0,0,0,0,6,310,17,0,0,0,0,0,0,0
LC,omni_endpoint_50017,0,0,0,0,0,6,37,0,12,237,25,0,0,0,0,0,0,6
L30,omni_endpoint_50018,0,0,0,0,0,0,0,0,4,282,15,0,0,0,0,0,0,0
LPC,omni_endpoint_50017,13,0,0,13,0,6,35,0,2,236,15,0,0,13,0,0,0,6
P1,omni_endpoint_50018,15,0,0,15,0,0,0,0,5,297,16,0,0,15,0,0,0,0
F60,omni_endpoint_50018,0,0,0,0,0,0,0,0,2,282,13,0,0,0,1,0,1,0
P2,omni_endpoint_50018,16,0,0,16,0,0,0,0,2,286,13,0,0,16,0,0,0,0
L90,omni_endpoint_50018,0,0,0,0,0,0,0,0,13,292,24,0,0,0,0,0,0,0
F120,omni_endpoint_50018,0,0,0,0,0,0,0,0,2,281,13,0,0,0,7,5,2,0
C1,omni_endpoint_50018,0,0,0,0,0,2,8,0,2,282,13,0,0,0,0,0,0,2
C15,omni_endpoint_50018,0,0,0,0,0,4,20,0,3,280,14,0,0,0,0,0,0,4
M50,omni_endpoint_50018,0,0,0,0,0,0,0,0,2,282,13,4,2,0,0,0,0,0
M75,omni_endpoint_50018,0,0,0,0,0,0,0,0,2,283,13,4,2,0,0,0,0,0
LC,omni_endpoint_50018,0,0,0,0,0,7,41,0,13,278,24,0,0,0,0,0,0,7
baseline,omni_endpoint_50019,0,0,0,0,0,0,0,0,5,121,21,0,0,0,0,0,0,0
LPC,omni_endpoint_50018,9,0,0,9,0,7,47,0,20,279,31,0,0,9,0,0,0,7
PC,omni_endpoint_50018,17,0,0,17,0,6,32,0,10,289,21,0,0,17,0,0,0,6
previous_best,omni_endpoint_50019,27,5,1,27,0,0,0,0,4,92,20,0,0,0,0,0,0,0
L30,omni_endpoint_50019,0,0,0,0,0,0,0,0,6,130,22,0,0,0,0,0,0,0
S_all,omni_endpoint_50019,48,0,0,47,0,0,0,0,4,171,20,0,0,0,0,0,0,0
P2,omni_endpoint_50019,27,0,0,27,0,0,0,0,8,87,24,0,0,27,0,0,0,0
F60,omni_endpoint_50019,0,0,0,0,0,0,0,0,5,121,21,0,0,0,4,0,4,0
P1,omni_endpoint_50019,19,0,0,19,0,0,0,0,14,86,30,0,0,19,0,0,0,0
F120,omni_endpoint_50019,0,0,0,0,0,0,0,0,5,152,21,0,0,0,16,12,4,0
C1,omni_endpoint_50019,0,0,0,0,0,3,12,0,6,118,22,0,0,0,0,0,0,3
L90,omni_endpoint_50019,0,0,0,0,0,0,0,0,9,112,25,0,0,0,0,0,0,0
C15,omni_endpoint_50019,0,0,0,0,0,8,42,0,4,116,20,0,0,0,0,0,0,8
baseline,omni_endpoint_50020,0,0,0,0,0,0,0,0,2,309,12,0,0,0,0,0,0,0
previous_best,omni_endpoint_50020,10,6,3,10,0,0,0,0,3,314,13,0,0,0,0,0,0,0
PC,omni_endpoint_50019,17,0,0,16,0,10,61,0,25,82,41,0,0,17,0,0,0,10
S_all,omni_endpoint_50020,15,0,0,14,0,0,0,0,5,331,15,0,0,0,0,0,0,0
L30,omni_endpoint_50020,0,0,0,0,0,0,0,0,5,307,15,0,0,0,0,0,0,0
M50,omni_endpoint_50019,0,0,0,0,0,0,0,0,6,105,22,7,1,0,0,0,0,0
L90,omni_endpoint_50020,0,0,0,0,0,0,0,0,6,314,16,0,0,0,0,0,0,0
LC,omni_endpoint_50019,0,0,0,0,0,6,35,0,14,125,30,0,0,0,0,0,0,6
P1,omni_endpoint_50020,14,0,0,13,0,0,0,0,4,319,14,0,0,14,0,0,0,0
F60,omni_endpoint_50020,0,0,0,0,0,0,0,0,2,309,12,0,0,0,1,0,1,0
F120,omni_endpoint_50020,0,0,0,0,0,0,0,0,2,304,12,0,0,0,7,5,2,0
LPC,omni_endpoint_50019,19,0,0,18,0,6,40,0,27,94,43,0,0,19,0,0,0,6
M75,omni_endpoint_50019,0,0,0,0,0,0,0,0,6,110,22,8,2,0,0,0,0,0
P2,omni_endpoint_50020,15,0,0,14,0,0,0,0,5,331,15,0,0,15,0,0,0,0
C15,omni_endpoint_50020,0,0,0,0,0,5,34,0,18,307,28,0,0,0,0,0,0,5
C1,omni_endpoint_50020,0,0,0,0,0,0,0,0,2,309,12,0,0,0,0,0,0,0
M50,omni_endpoint_50020,0,0,0,0,0,0,0,0,2,304,12,4,2,0,0,0,0,0
S_all,omni_endpoint_50021,16,0,0,16,0,0,0,0,2,292,13,0,0,0,0,0,0,0
baseline,omni_endpoint_50021,0,0,0,0,0,0,0,0,5,317,16,0,0,0,0,0,0,0
LC,omni_endpoint_50020,0,0,0,0,0,7,46,0,22,302,32,0,0,0,0,0,0,7
M75,omni_endpoint_50020,0,0,0,0,0,0,0,0,4,308,14,5,1,0,0,0,0,0
previous_best,omni_endpoint_50021,14,8,4,13,0,0,0,0,4,282,15,0,0,0,0,0,0,0
PC,omni_endpoint_50020,13,0,0,12,0,5,30,0,18,314,28,0,0,13,0,0,0,5
L30,omni_endpoint_50021,0,0,0,0,0,0,0,0,2,296,13,0,0,0,0,0,0,0
LPC,omni_endpoint_50020,10,0,0,9,0,7,48,0,15,303,25,0,0,10,0,0,0,7
P1,omni_endpoint_50021,15,0,0,15,0,0,0,0,3,292,14,0,0,15,0,0,0,0
P2,omni_endpoint_50021,16,0,0,16,0,0,0,0,2,292,13,0,0,16,0,0,0,0
L90,omni_endpoint_50021,0,0,0,0,0,0,0,0,4,279,15,0,0,0,0,0,0,0
F120,omni_endpoint_50021,0,0,0,0,0,0,0,0,5,316,16,0,0,0,7,3,4,0
F60,omni_endpoint_50021,0,0,0,0,0,0,0,0,5,317,16,0,0,0,1,0,1,0
C1,omni_endpoint_50021,0,0,0,0,0,3,16,0,10,314,21,0,0,0,0,0,0,3
C15,omni_endpoint_50021,0,0,0,0,0,6,36,0,14,312,25,0,0,0,0,0,0,6
M50,omni_endpoint_50021,0,0,0,0,0,0,0,0,4,316,15,6,2,0,0,0,0,0
M75,omni_endpoint_50021,0,0,0,0,0,0,0,0,3,317,14,4,1,0,0,0,0,0
baseline,omni_endpoint_50022,0,0,0,0,0,0,0,0,2,296,12,0,0,0,0,0,0,0
PC,omni_endpoint_50021,13,0,0,13,0,6,32,0,6,315,17,0,0,13,0,0,0,6
S_all,omni_endpoint_50022,11,0,0,10,0,0,0,0,4,300,14,0,0,0,0,0,0,0
LC,omni_endpoint_50021,0,0,0,0,0,4,29,0,14,294,25,0,0,0,0,0,0,4
previous_best,omni_endpoint_50022,11,7,2,10,0,0,0,0,5,306,15,0,0,0,0,0,0,0
LPC,omni_endpoint_50021,12,0,0,12,0,7,47,0,16,334,27,0,0,12,0,0,0,7
L30,omni_endpoint_50022,0,0,0,0,0,0,0,0,7,285,17,0,0,0,0,0,0,0
P1,omni_endpoint_50022,11,0,0,10,0,0,0,0,5,302,15,0,0,11,0,0,0,0
P2,omni_endpoint_50022,11,0,0,10,0,0,0,0,4,300,14,0,0,11,0,0,0,0
F60,omni_endpoint_50022,0,0,0,0,0,0,0,0,2,296,12,0,0,0,1,0,1,0
L90,omni_endpoint_50022,0,0,0,0,0,0,0,0,10,312,20,0,0,0,0,0,0,0
F120,omni_endpoint_50022,0,0,0,0,0,0,0,0,2,296,12,0,0,0,10,6,4,0
C1,omni_endpoint_50022,0,0,0,0,0,0,0,0,2,296,12,0,0,0,0,0,0,0
C15,omni_endpoint_50022,0,0,0,0,0,2,15,0,7,294,17,0,0,0,0,0,0,2
M50,omni_endpoint_50022,0,0,0,0,0,0,0,0,1,296,11,2,1,0,0,0,0,0
M75,omni_endpoint_50022,0,0,0,0,0,1,4,0,4,296,14,2,1,0,0,0,0,0
PC,omni_endpoint_50022,10,0,0,9,0,5,40,0,9,296,19,0,0,10,0,0,0,5
previous_best,omni_endpoint_50023,20,7,3,19,0,0,0,0,4,245,16,0,0,0,0,0,0,0
LC,omni_endpoint_50022,0,0,0,0,0,5,33,0,7,277,17,0,0,0,0,0,0,5
LPC,omni_endpoint_50022,10,0,0,10,0,7,49,0,15,293,25,0,0,10,0,0,0,7
S_all,omni_endpoint_50023,24,0,0,24,0,0,0,0,6,269,18,0,0,0,0,0,0,0
baseline,omni_endpoint_50023,0,0,0,0,0,0,0,0,4,292,16,0,0,0,0,0,0,0
P1,omni_endpoint_50023,17,0,0,17,0,0,0,0,5,259,17,0,0,17,0,0,0,0
L90,omni_endpoint_50023,0,0,0,0,0,0,0,0,1,236,13,0,0,0,0,0,0,0
L30,omni_endpoint_50023,0,0,0,0,0,0,0,0,4,247,16,0,0,0,0,0,0,0
P2,omni_endpoint_50023,20,0,0,20,0,0,0,0,5,264,17,0,0,20,0,0,0,0
F120,omni_endpoint_50023,0,0,0,0,0,0,0,0,4,292,16,0,0,0,20,16,4,0
F60,omni_endpoint_50023,0,0,0,0,0,0,0,0,4,292,16,0,0,0,2,1,1,0
C1,omni_endpoint_50023,0,0,0,0,0,2,11,0,6,287,18,0,0,0,0,0,0,2
C15,omni_endpoint_50023,0,0,0,0,0,4,19,0,13,287,25,0,0,0,0,0,0,4
PC,omni_endpoint_50023,15,0,0,15,0,6,37,0,7,254,19,0,0,15,0,0,0,6
baseline,omni_endpoint_50024,0,0,0,0,0,0,0,0,3,253,16,0,0,0,0,0,0,0
M75,omni_endpoint_50023,0,0,0,0,0,0,0,0,1,254,13,3,2,0,0,0,0,0
M50,omni_endpoint_50023,0,0,0,0,0,0,0,0,4,292,16,6,2,0,0,0,0,0
S_all,omni_endpoint_50024,13,0,0,13,0,0,0,0,6,253,19,0,0,0,0,0,0,0
LC,omni_endpoint_50023,0,0,0,0,0,8,46,0,12,243,24,0,0,0,0,0,0,8
LPC,omni_endpoint_50023,13,0,0,13,0,7,36,0,17,236,29,0,0,13,0,0,0,7
L30,omni_endpoint_50024,0,0,0,0,0,0,0,0,3,236,16,0,0,0,0,0,0,0
previous_best,omni_endpoint_50024,19,11,3,19,0,0,0,0,8,265,21,0,0,0,0,0,0,0
L90,omni_endpoint_50024,0,0,0,0,0,0,0,0,4,265,17,0,0,0,0,0,0,0
P1,omni_endpoint_50024,13,0,0,13,0,0,0,0,4,251,17,0,0,13,0,0,0,0
F60,omni_endpoint_50024,0,0,0,0,0,0,0,0,3,253,16,0,0,0,2,0,2,0
P2,omni_endpoint_50024,13,0,0,13,0,0,0,0,6,253,19,0,0,13,0,0,0,0
F120,omni_endpoint_50024,0,0,0,0,0,0,0,0,2,247,15,0,0,0,9,7,2,0
C1,omni_endpoint_50024,0,0,0,0,0,1,4,0,4,252,17,0,0,0,0,0,0,1
C15,omni_endpoint_50024,0,0,0,0,0,4,28,0,17,250,30,0,0,0,0,0,0,4
PC,omni_endpoint_50024,13,0,0,13,0,4,21,0,14,248,27,0,0,13,0,0,0,4
M50,omni_endpoint_50024,0,0,0,0,0,0,0,0,3,254,16,4,1,0,0,0,0,0
baseline,omni_endpoint_50025,0,0,0,0,0,0,0,0,5,220,19,0,0,0,0,0,0,0
LC,omni_endpoint_50024,0,0,0,0,0,6,32,0,12,233,25,0,0,0,0,0,0,6
LPC,omni_endpoint_50024,14,0,0,14,0,7,34,0,10,262,23,0,0,14,0,0,0,7
M75,omni_endpoint_50024,0,0,0,0,0,0,0,0,3,256,16,3,0,0,0,0,0,0
S_all,omni_endpoint_50025,23,0,0,23,0,0,0,0,7,248,21,0,0,0,0,0,0,0
previous_best,omni_endpoint_50025,17,10,2,17,0,0,0,0,8,239,22,0,0,0,0,0,0,0
L30,omni_endpoint_50025,0,0,0,0,0,0,0,0,9,235,23,0,0,0,0,0,0,0
F120,omni_endpoint_50025,0,0,0,0,0,0,0,0,4,254,18,0,0,0,17,13,4,0
P1,omni_endpoint_50025,22,0,0,22,0,0,0,0,7,258,21,0,0,22,0,0,0,0
F60,omni_endpoint_50025,0,0,0,0,0,0,0,0,5,220,19,0,0,0,2,0,2,0
P2,omni_endpoint_50025,22,0,0,22,0,0,0,0,7,247,21,0,0,22,0,0,0,0
C1,omni_endpoint_50025,0,0,0,0,0,4,16,0,11,217,25,0,0,0,0,0,0,4
L90,omni_endpoint_50025,0,0,0,0,0,0,0,0,11,238,25,0,0,0,0,0,0,0
C15,omni_endpoint_50025,0,0,0,0,0,5,28,0,13,215,27,0,0,0,0,0,0,5
baseline,omni_endpoint_50026,0,0,0,0,0,0,0,0,5,301,15,0,0,0,0,0,0,0
S_all,omni_endpoint_50026,9,0,0,9,0,0,0,0,8,306,18,0,0,0,0,0,0,0
M50,omni_endpoint_50025,0,0,0,0,0,0,0,0,5,221,19,6,1,0,0,0,0,0
previous_best,omni_endpoint_50026,9,6,3,9,0,0,0,0,3,294,13,0,0,0,0,0,0,0
L30,omni_endpoint_50026,0,0,0,0,0,0,0,0,1,317,11,0,0,0,0,0,0,0
M75,omni_endpoint_50025,0,0,0,0,0,0,0,0,5,221,19,7,2,0,0,0,0,0
L90,omni_endpoint_50026,0,0,0,0,0,0,0,0,6,324,16,0,0,0,0,0,0,0
PC,omni_endpoint_50025,21,0,0,21,0,5,35,0,18,251,32,0,0,21,0,0,0,5
P1,omni_endpoint_50026,8,0,0,8,0,0,0,0,7,304,17,0,0,8,0,0,0,0
F60,omni_endpoint_50026,0,0,0,0,0,0,0,0,5,301,15,0,0,0,1,0,1,0
LC,omni_endpoint_50025,0,0,0,0,0,11,74,0,25,224,39,0,0,0,0,0,0,11
F120,omni_endpoint_50026,0,0,0,0,0,0,0,0,5,301,15,0,0,0,9,4,5,0
P2,omni_endpoint_50026,9,0,0,9,0,0,0,0,8,306,18,0,0,9,0,0,0,0
C15,omni_endpoint_50026,0,0,0,0,0,5,39,0,19,296,29,0,0,0,0,0,0,5
LPC,omni_endpoint_50025,13,0,0,13,0,7,41,0,20,235,34,0,0,13,0,0,0,7
C1,omni_endpoint_50026,0,0,0,0,0,2,8,0,8,299,18,0,0,0,0,0,0,2
PC,omni_endpoint_50026,6,0,0,6,0,6,44,0,26,297,36,0,0,6,0,0,0,6
M50,omni_endpoint_50026,0,0,0,0,0,0,0,0,4,301,14,5,1,0,0,0,0,0
LC,omni_endpoint_50026,0,0,0,0,0,4,24,0,7,316,17,0,0,0,0,0,0,4
M75,omni_endpoint_50026,0,0,0,0,0,0,0,0,5,330,15,6,1,0,0,0,0,0
LPC,omni_endpoint_50026,8,0,0,7,0,5,31,0,14,317,24,0,0,8,0,0,0,5
S_all,omni_endpoint_50027,24,0,0,24,0,0,0,0,5,250,18,0,0,0,0,0,0,0
baseline,omni_endpoint_50027,0,0,0,0,0,0,0,0,6,264,19,0,0,0,0,0,0,0
previous_best,omni_endpoint_50027,19,8,1,17,0,0,0,0,7,240,20,0,0,0,0,0,0,0
L90,omni_endpoint_50027,0,0,0,0,0,0,0,0,7,243,20,0,0,0,0,0,0,0
P2,omni_endpoint_50027,17,0,0,17,0,0,0,0,6,245,19,0,0,17,0,0,0,0
P1,omni_endpoint_50027,22,0,0,22,0,0,0,0,4,245,17,0,0,22,0,0,0,0
L30,omni_endpoint_50027,0,0,0,0,0,0,0,0,6,253,19,0,0,0,0,0,0,0
F60,omni_endpoint_50027,0,0,0,0,0,0,0,0,6,264,19,0,0,0,1,0,1,0
F120,omni_endpoint_50027,0,0,0,0,0,0,0,0,6,264,19,0,0,0,17,12,5,0
C1,omni_endpoint_50027,0,0,0,0,0,2,8,0,8,262,21,0,0,0,0,0,0,2
baseline,omni_endpoint_50028,0,0,0,0,0,0,0,0,4,313,14,0,0,0,0,0,0,0
C15,omni_endpoint_50027,0,0,0,0,0,5,38,0,23,240,36,0,0,0,0,0,0,5
PC,omni_endpoint_50027,19,0,0,19,0,2,12,0,6,240,19,0,0,19,0,0,0,2
previous_best,omni_endpoint_50028,9,6,2,8,0,0,0,0,4,333,14,0,0,0,0,0,0,0
S_all,omni_endpoint_50028,14,0,0,14,0,0,0,0,3,314,13,0,0,0,0,0,0,0
M75,omni_endpoint_50027,0,0,0,0,0,0,0,0,5,264,18,5,0,0,0,0,0,0
M50,omni_endpoint_50027,0,0,0,0,0,0,0,0,7,263,20,7,0,0,0,0,0,0
LC,omni_endpoint_50027,0,0,0,0,0,7,36,0,17,246,30,0,0,0,0,0,0,7
LPC,omni_endpoint_50027,12,0,0,12,0,5,27,0,6,256,19,0,0,12,0,0,0,5
L90,omni_endpoint_50028,0,0,0,0,0,0,0,0,7,311,17,0,0,0,0,0,0,0
P1,omni_endpoint_50028,14,0,0,14,0,0,0,0,3,314,13,0,0,14,0,0,0,0
P2,omni_endpoint_50028,14,0,0,14,0,0,0,0,3,314,13,0,0,14,0,0,0,0
L30,omni_endpoint_50028,0,0,0,0,0,0,0,0,5,310,15,0,0,0,0,0,0,0
F60,omni_endpoint_50028,0,0,0,0,0,0,0,0,4,313,14,0,0,0,3,0,3,0
F120,omni_endpoint_50028,0,0,0,0,0,0,0,0,4,313,14,0,0,0,8,4,4,0
C15,omni_endpoint_50028,0,0,0,0,0,5,27,0,9,309,19,0,0,0,0,0,0,5
C1,omni_endpoint_50028,0,0,0,0,0,3,12,0,11,310,21,0,0,0,0,0,0,3
M50,omni_endpoint_50028,0,0,0,0,0,0,0,0,4,313,14,5,1,0,0,0,0,0
PC,omni_endpoint_50028,14,0,0,14,0,5,30,0,6,311,16,0,0,14,0,0,0,5
M75,omni_endpoint_50028,0,0,0,0,0,0,0,0,6,321,16,6,0,0,0,0,0,0
LC,omni_endpoint_50028,0,0,0,0,0,6,40,0,22,305,32,0,0,0,0,0,0,6
S_all,omni_endpoint_50029,21,0,0,20,0,0,0,0,1,251,16,0,0,0,0,0,0,0
baseline,omni_endpoint_50029,0,0,0,0,0,0,0,0,5,254,20,0,0,0,0,0,0,0
previous_best,omni_endpoint_50029,20,8,2,20,0,0,0,0,6,245,21,0,0,0,0,0,0,0
LPC,omni_endpoint_50028,11,0,0,11,0,5,28,0,7,304,17,0,0,11,0,0,0,5
L30,omni_endpoint_50029,0,0,0,0,0,0,0,0,8,230,23,0,0,0,0,0,0,0
L90,omni_endpoint_50029,0,0,0,0,0,0,0,0,9,254,24,0,0,0,0,0,0,0
P2,omni_endpoint_50029,22,0,0,21,0,0,0,0,2,252,17,0,0,22,0,0,0,0
P1,omni_endpoint_50029,21,0,0,21,0,0,0,0,8,234,23,0,0,21,0,0,0,0
F120,omni_endpoint_50029,0,0,0,0,0,0,0,0,5,254,20,0,0,0,16,11,5,0
F60,omni_endpoint_50029,0,0,0,0,0,0,0,0,5,254,20,0,0,0,0,0,0,0
C15,omni_endpoint_50029,0,0,0,0,0,5,46,0,35,249,50,0,0,0,0,0,0,5
baseline,omni_endpoint_50030,0,0,0,0,0,0,0,0,2,300,12,0,0,0,0,0,0,0
C1,omni_endpoint_50029,0,0,0,0,0,1,10,0,13,253,28,0,0,0,0,0,0,1
PC,omni_endpoint_50029,18,0,0,18,0,5,36,0,24,226,39,0,0,18,0,0,0,5
M50,omni_endpoint_50029,0,0,0,0,0,0,0,0,4,254,19,4,0,0,0,0,0,0
M75,omni_endpoint_50029,0,0,0,0,0,0,0,0,4,256,19,4,0,0,0,0,0,0
previous_best,omni_endpoint_50030,11,6,3,11,0,0,0,0,3,288,13,0,0,0,0,0,0,0
LC,omni_endpoint_50029,0,0,0,0,0,7,48,0,24,222,39,0,0,0,0,0,0,7
LPC,omni_endpoint_50029,18,0,0,18,0,4,29,0,7,237,22,0,0,18,0,0,0,4
S_all,omni_endpoint_50030,9,0,0,9,0,0,0,0,5,322,15,0,0,0,0,0,0,0
L90,omni_endpoint_50030,0,0,0,0,0,0,0,0,4,321,14,0,0,0,0,0,0,0
P1,omni_endpoint_50030,9,0,0,9,0,0,0,0,5,322,15,0,0,9,0,0,0,0
P2,omni_endpoint_50030,9,0,0,9,0,0,0,0,5,322,15,0,0,9,0,0,0,0
L30,omni_endpoint_50030,0,0,0,0,0,0,0,0,4,319,14,0,0,0,0,0,0,0
F120,omni_endpoint_50030,0,0,0,0,0,0,0,0,2,299,12,0,0,0,11,9,2,0
F60,omni_endpoint_50030,0,0,0,0,0,0,0,0,2,300,12,0,0,0,1,0,1,0
C1,omni_endpoint_50030,0,0,0,0,0,1,4,0,4,299,14,0,0,0,0,0,0,1
C15,omni_endpoint_50030,0,0,0,0,0,3,22,0,9,298,19,0,0,0,0,0,0,3
M50,omni_endpoint_50030,0,0,0,0,0,0,0,0,2,300,12,3,1,0,0,0,0,0
M75,omni_endpoint_50030,0,0,0,0,0,0,0,0,1,300,11,2,1,0,0,0,0,0
LPC,omni_endpoint_50030,10,0,0,10,0,6,35,0,6,307,16,0,0,10,0,0,0,6
PC,omni_endpoint_50030,9,0,0,9,0,5,36,0,21,318,31,0,0,9,0,0,0,5
baseline,omni_endpoint_50031,0,0,0,0,0,0,0,0,5,330,16,0,0,0,0,0,0,0
LC,omni_endpoint_50030,0,0,0,0,0,6,39,0,13,315,23,0,0,0,0,0,0,6
previous_best,omni_endpoint_50031,14,4,2,14,0,0,0,0,2,327,13,0,0,0,0,0,0,0
S_all,omni_endpoint_50031,17,0,0,17,0,0,0,0,3,323,14,0,0,0,0,0,0,0
L30,omni_endpoint_50031,0,0,0,0,0,0,0,0,2,290,13,0,0,0,0,0,0,0
L90,omni_endpoint_50031,0,0,0,0,0,0,0,0,4,313,15,0,0,0,0,0,0,0
F60,omni_endpoint_50031,0,0,0,0,0,0,0,0,5,330,16,0,0,0,0,0,0,0
F120,omni_endpoint_50031,0,0,0,0,0,0,0,0,5,330,16,0,0,0,12,7,5,0
P1,omni_endpoint_50031,14,0,0,14,0,0,0,0,4,322,15,0,0,14,0,0,0,0
P2,omni_endpoint_50031,17,0,0,17,0,0,0,0,3,323,14,0,0,17,0,0,0,0
C15,omni_endpoint_50031,0,0,0,0,0,5,46,0,37,325,48,0,0,0,0,0,0,5
C1,omni_endpoint_50031,0,0,0,0,0,0,0,0,5,330,16,0,0,0,0,0,0,0
M75,omni_endpoint_50031,0,0,0,0,0,0,0,0,1,338,12,1,0,0,0,0,0,0
M50,omni_endpoint_50031,0,0,0,0,0,0,0,0,7,333,18,7,0,0,0,0,0,0
PC,omni_endpoint_50031,13,0,0,13,0,4,23,0,11,317,22,0,0,13,0,0,0,4
baseline,omni_endpoint_50032,0,0,0,0,0,0,0,0,5,232,19,0,0,0,0,0,0,0
LC,omni_endpoint_50031,0,0,0,0,0,4,20,0,11,288,22,0,0,0,0,0,0,4
S_all,omni_endpoint_50032,16,0,0,15,0,0,0,0,5,245,19,0,0,0,0,0,0,0
LPC,omni_endpoint_50031,12,0,0,12,0,5,26,0,7,290,18,0,0,12,0,0,0,5
L90,omni_endpoint_50032,0,0,0,0,0,0,0,0,4,234,18,0,0,0,0,0,0,0
P1,omni_endpoint_50032,16,0,0,16,0,0,0,0,6,245,20,0,0,16,0,0,0,0
L30,omni_endpoint_50032,0,0,0,0,0,0,0,0,9,248,23,0,0,0,0,0,0,0
P2,omni_endpoint_50032,16,0,0,15,0,0,0,0,5,245,19,0,0,16,0,0,0,0
previous_best,omni_endpoint_50032,19,9,0,19,0,0,0,0,9,252,23,0,0,0,0,0,0,0
F120,omni_endpoint_50032,0,0,0,0,0,0,0,0,5,232,19,0,0,0,16,11,5,0
F60,omni_endpoint_50032,0,0,0,0,0,0,0,0,5,232,19,0,0,0,2,1,1,0
C1,omni_endpoint_50032,0,0,0,0,0,3,15,0,10,228,24,0,0,0,0,0,0,3
C15,omni_endpoint_50032,0,0,0,0,0,5,37,0,16,226,30,0,0,0,0,0,0,5
baseline,omni_endpoint_50033,0,0,0,0,0,0,0,0,5,247,18,0,0,0,0,0,0,0
PC,omni_endpoint_50032,16,0,0,16,0,6,37,0,11,238,25,0,0,16,0,0,0,6
M50,omni_endpoint_50032,0,0,0,0,0,0,0,0,4,221,18,4,0,0,0,0,0,0
S_all,omni_endpoint_50033,22,0,0,22,0,0,0,0,4,252,17,0,0,0,0,0,0,0
M75,omni_endpoint_50032,0,0,0,0,0,0,0,0,7,235,21,7,0,0,0,0,0,0
previous_best,omni_endpoint_50033,18,11,4,18,0,0,0,0,7,242,20,0,0,0,0,0,0,0
LC,omni_endpoint_50032,0,0,0,0,0,9,53,0,8,239,22,0,0,0,0,0,0,9
L30,omni_endpoint_50033,0,0,0,0,0,0,0,0,3,245,16,0,0,0,0,0,0,0
LPC,omni_endpoint_50032,19,0,0,19,0,6,36,0,10,243,24,0,0,19,0,0,0,6
L90,omni_endpoint_50033,0,0,0,0,0,0,0,0,6,234,19,0,0,0,0,0,0,0
P1,omni_endpoint_50033,17,0,0,17,0,0,0,0,2,245,15,0,0,17,0,0,0,0
F120,omni_endpoint_50033,0,0,0,0,0,0,0,0,5,242,18,0,0,0,10,5,5,0
P2,omni_endpoint_50033,23,0,0,22,0,0,0,0,3,252,16,0,0,23,0,0,0,0
F60,omni_endpoint_50033,0,0,0,0,0,0,0,0,5,247,18,0,0,0,2,0,2,0
C1,omni_endpoint_50033,0,0,0,0,0,3,16,0,12,244,25,0,0,0,0,0,0,3
C15,omni_endpoint_50033,0,0,0,0,0,5,29,0,11,239,24,0,0,0,0,0,0,5
PC,omni_endpoint_50033,16,0,0,16,0,5,30,0,8,243,21,0,0,16,0,0,0,5
M50,omni_endpoint_50033,0,0,0,0,0,0,0,0,5,247,18,5,0,0,0,0,0,0
baseline,omni_endpoint_50034,0,0,0,0,0,0,0,0,4,217,20,0,0,0,0,0,0,0
S_all,omni_endpoint_50034,26,0,0,25,0,0,0,0,7,184,23,0,0,0,0,0,0,0
M75,omni_endpoint_50033,0,0,0,0,0,0,0,0,4,244,17,4,0,0,0,0,0,0
previous_best,omni_endpoint_50034,20,7,2,20,0,0,0,0,5,115,21,0,0,0,0,0,0,0
LPC,omni_endpoint_50033,19,0,0,19,0,6,32,0,15,243,28,0,0,19,0,0,0,6
LC,omni_endpoint_50033,0,0,0,0,0,5,34,0,14,243,27,0,0,0,0,0,0,5
P1,omni_endpoint_50034,21,0,0,21,0,0,0,0,6,149,22,0,0,21,0,0,0,0
L30,omni_endpoint_50034,0,0,0,0,0,0,0,0,8,103,24,0,0,0,0,0,0,0
L90,omni_endpoint_50034,0,0,0,0,0,0,0,0,8,157,24,0,0,0,0,0,0,0
P2,omni_endpoint_50034,21,0,0,21,0,0,0,0,4,147,20,0,0,21,0,0,0,0
F60,omni_endpoint_50034,0,0,0,0,0,0,0,0,4,217,20,0,0,0,1,0,1,0
F120,omni_endpoint_50034,0,0,0,0,0,0,0,0,7,155,23,0,0,0,12,8,4,0
C1,omni_endpoint_50034,0,0,0,0,0,2,12,0,9,215,25,0,0,0,0,0,0,2
C15,omni_endpoint_50034,0,0,0,0,0,5,35,0,16,213,32,0,0,0,0,0,0,5
PC,omni_endpoint_50034,15,0,0,15,0,11,78,0,24,137,40,0,0,15,0,0,0,11
S_all,omni_endpoint_50035,21,0,0,20,0,0,0,0,6,280,21,0,0,0,0,0,0,0
M75,omni_endpoint_50034,0,0,0,0,0,0,0,0,4,221,20,5,1,0,0,0,0,0
baseline,omni_endpoint_50035,0,0,0,0,0,0,0,0,2,215,17,0,0,0,0,0,0,0
previous_best,omni_endpoint_50035,17,8,5,14,0,0,0,0,3,246,18,0,0,0,0,0,0,0
LC,omni_endpoint_50034,0,0,0,0,0,9,50,0,27,163,43,0,0,0,0,0,0,9
M50,omni_endpoint_50034,0,0,0,0,0,0,0,0,4,218,20,5,1,0,0,0,0,0
LPC,omni_endpoint_50034,19,0,0,19,0,8,46,0,11,155,27,0,0,19,0,0,0,8
L30,omni_endpoint_50035,0,0,0,0,0,0,0,0,5,202,20,0,0,0,0,0,0,0
L90,omni_endpoint_50035,0,0,0,0,0,0,0,0,6,245,21,0,0,0,0,0,0,0
P1,omni_endpoint_50035,19,0,0,18,0,0,0,0,6,279,21,0,0,19,0,0,0,0
P2,omni_endpoint_50035,21,0,0,20,0,0,0,0,6,280,21,0,0,21,0,0,0,0
F60,omni_endpoint_50035,0,0,0,0,0,0,0,0,2,215,17,0,0,0,0,0,0,0
F120,omni_endpoint_50035,0,0,0,0,0,0,0,0,4,217,19,0,0,0,21,17,4,0
C1,omni_endpoint_50035,0,0,0,0,0,2,10,0,3,213,18,0,0,0,0,0,0,2
C15,omni_endpoint_50035,0,0,0,0,0,3,14,0,7,213,22,0,0,0,0,0,0,3
PC,omni_endpoint_50035,18,0,0,17,0,7,46,0,22,272,37,0,0,18,0,0,0,7
M50,omni_endpoint_50035,0,0,0,0,0,0,0,0,4,259,19,4,0,0,0,0,0,0
previous_best,omni_endpoint_50036,17,8,5,17,0,0,0,0,3,283,15,0,0,0,0,0,0,0
LC,omni_endpoint_50035,0,0,0,0,0,6,40,0,13,197,28,0,0,0,0,0,0,6
baseline,omni_endpoint_50036,0,0,0,0,0,0,0,0,3,299,15,0,0,0,0,0,0,0
S_all,omni_endpoint_50036,12,0,0,12,0,0,0,0,2,301,14,0,0,0,0,0,0,0
LPC,omni_endpoint_50035,17,0,0,17,0,9,56,0,16,251,31,0,0,17,0,0,0,9
P1,omni_endpoint_50036,12,0,0,12,0,0,0,0,2,301,14,0,0,12,0,0,0,0
P2,omni_endpoint_50036,12,0,0,12,0,0,0,0,2,301,14,0,0,12,0,0,0,0
M75,omni_endpoint_50035,0,0,0,0,0,0,0,0,2,217,17,2,0,0,0,0,0,0
F120,omni_endpoint_50036,0,0,0,0,0,0,0,0,3,307,15,0,0,0,15,12,3,0
F60,omni_endpoint_50036,0,0,0,0,0,0,0,0,3,299,15,0,0,0,2,0,2,0
C1,omni_endpoint_50036,0,0,0,0,0,2,8,0,7,297,19,0,0,0,0,0,0,2
C15,omni_endpoint_50036,0,0,0,0,0,3,18,0,10,296,22,0,0,0,0,0,0,3
L30,omni_endpoint_50036,0,0,0,0,0,1,4,0,12,298,24,0,0,0,0,0,0,0
L90,omni_endpoint_50036,0,0,0,0,0,1,4,0,9,287,21,0,0,0,0,0,0,0
M50,omni_endpoint_50036,0,0,0,0,0,0,0,0,3,299,15,3,0,0,0,0,0,0
baseline,omni_endpoint_50037,0,0,0,0,0,0,0,0,2,302,12,0,0,0,0,0,0,0
PC,omni_endpoint_50036,12,0,0,12,0,2,10,0,3,299,15,0,0,12,0,0,0,2
M75,omni_endpoint_50036,0,0,0,0,0,0,0,0,4,301,16,4,0,0,0,0,0,0
previous_best,omni_endpoint_50037,11,4,1,10,0,0,0,0,3,306,13,0,0,0,0,0,0,0
S_all,omni_endpoint_50037,11,0,0,11,0,0,0,0,1,319,11,0,0,0,0,0,0,0
LC,omni_endpoint_50036,0,0,0,0,0,7,36,0,11,283,23,0,0,0,0,0,0,7
LPC,omni_endpoint_50036,8,0,0,8,0,7,42,0,6,296,18,0,0,8,0,0,0,7
L30,omni_endpoint_50037,0,0,0,0,0,0,0,0,6,325,16,0,0,0,0,0,0,0
L90,omni_endpoint_50037,0,0,0,0,0,0,0,0,5,300,15,0,0,0,0,0,0,0
P1,omni_endpoint_50037,13,0,0,13,0,0,0,0,4,302,14,0,0,13,0,0,0,0
F120,omni_endpoint_50037,0,0,0,0,0,0,0,0,1,308,11,0,0,0,10,7,3,0
P2,omni_endpoint_50037,11,0,0,11,0,0,0,0,1,319,11,0,0,11,0,0,0,0
F60,omni_endpoint_50037,0,0,0,0,0,0,0,0,2,302,12,0,0,0,2,0,2,0
C1,omni_endpoint_50037,0,0,0,0,0,3,12,0,7,300,17,0,0,0,0,0,0,3
C15,omni_endpoint_50037,0,0,0,0,0,4,18,0,6,300,16,0,0,0,0,0,0,4
M50,omni_endpoint_50037,0,0,0,0,0,0,0,0,3,303,13,4,1,0,0,0,0,0
M75,omni_endpoint_50037,0,0,0,0,0,0,0,0,3,304,13,4,1,0,0,0,0,0
PC,omni_endpoint_50037,11,0,0,11,0,6,40,0,17,291,27,0,0,11,0,0,0,6
previous_best,omni_endpoint_50038,12,8,2,11,0,0,0,0,6,330,17,0,0,0,0,0,0,0
baseline,omni_endpoint_50038,0,0,0,0,0,1,7,0,8,361,19,0,0,0,0,0,0,0
S_all,omni_endpoint_50038,17,0,0,17,0,0,0,0,1,326,12,0,0,0,0,0,0,0
LPC,omni_endpoint_50037,10,0,0,10,0,5,26,0,15,293,25,0,0,10,0,0,0,5
L90,omni_endpoint_50038,0,0,0,0,0,0,0,0,7,337,18,0,0,0,0,0,0,0
LC,omni_endpoint_50037,0,0,0,0,0,5,34,0,11,320,21,0,0,0,0,0,0,5
L30,omni_endpoint_50038,0,0,0,0,0,0,0,0,4,346,15,0,0,0,0,0,0,0
P1,omni_endpoint_50038,14,0,0,14,0,0,0,0,1,318,12,0,0,14,0,0,0,0
P2,omni_endpoint_50038,17,0,0,17,0,0,0,0,1,326,12,0,0,17,0,0,0,0
F60,omni_endpoint_50038,0,0,0,0,0,1,7,0,8,361,19,0,0,0,2,2,0,0
C1,omni_endpoint_50038,0,0,0,0,0,4,25,0,11,354,22,0,0,0,0,0,0,4
F120,omni_endpoint_50038,0,0,0,0,0,1,7,0,8,361,19,0,0,0,19,15,4,0
LC,omni_endpoint_50038,0,0,0,0,0,5,34,0,7,342,18,0,0,0,0,0,0,5
C15,omni_endpoint_50038,0,0,0,0,0,5,31,0,10,353,21,0,0,0,0,0,0,5
LPC,omni_endpoint_50038,8,0,0,8,0,6,45,0,7,334,18,0,0,8,0,0,0,6
M50,omni_endpoint_50038,0,0,0,0,0,0,0,0,2,341,13,3,1,0,0,0,0,0
PC,omni_endpoint_50038,14,0,0,14,0,1,8,0,0,317,11,0,0,14,0,0,0,1
M75,omni_endpoint_50038,0,0,0,0,0,0,0,0,8,362,19,9,1,0,0,0,0,0
baseline,omni_endpoint_50039,0,0,0,0,0,0,0,0,5,261,18,0,0,0,0,0,0,0
S_all,omni_endpoint_50039,20,0,0,18,0,0,0,0,5,265,18,0,0,0,0,0,0,0
P2,omni_endpoint_50039,23,0,0,21,0,0,0,0,3,265,16,0,0,23,0,0,0,0
F120,omni_endpoint_50039,0,0,0,0,0,0,0,0,3,259,16,0,0,0,12,10,2,0
L30,omni_endpoint_50039,0,0,0,0,0,0,0,0,4,276,17,0,0,0,0,0,0,0
P1,omni_endpoint_50039,24,0,0,22,0,0,0,0,7,261,20,0,0,24,0,0,0,0
previous_best,omni_endpoint_50039,16,12,1,16,0,0,0,0,11,288,24,0,0,0,0,0,0,0
F60,omni_endpoint_50039,0,0,0,0,0,0,0,0,5,261,18,0,0,0,1,0,1,0
L90,omni_endpoint_50039,0,0,0,0,0,0,0,0,7,246,20,0,0,0,0,0,0,0
C1,omni_endpoint_50039,0,0,0,0,0,3,19,0,11,257,24,0,0,0,0,0,0,3
C15,omni_endpoint_50039,0,0,0,0,0,4,27,0,18,256,31,0,0,0,0,0,0,4
baseline,omni_endpoint_50040,0,0,0,0,0,0,0,0,5,250,20,0,0,0,0,0,0,0
S_all,omni_endpoint_50040,20,0,0,20,0,0,0,0,5,254,20,0,0,0,0,0,0,0
M50,omni_endpoint_50039,0,0,0,0,0,0,0,0,7,276,20,7,0,0,0,0,0,0
PC,omni_endpoint_50039,21,0,0,19,0,8,41,0,13,252,26,0,0,21,0,0,0,8
M75,omni_endpoint_50039,0,0,0,0,0,0,0,0,5,286,18,7,2,0,0,0,0,0
previous_best,omni_endpoint_50040,20,11,3,20,0,0,0,0,8,241,23,0,0,0,0,0,0,0
L30,omni_endpoint_50040,0,0,0,0,0,0,0,0,7,248,22,0,0,0,0,0,0,0
LPC,omni_endpoint_50039,18,0,0,17,0,9,44,0,9,230,22,0,0,18,0,0,0,9
LC,omni_endpoint_50039,0,0,0,0,0,4,26,0,8,273,21,0,0,0,0,0,0,4
F60,omni_endpoint_50040,0,0,0,0,0,0,0,0,5,250,20,0,0,0,2,0,2,0
P2,omni_endpoint_50040,20,0,0,20,0,0,0,0,5,254,20,0,0,20,0,0,0,0
P1,omni_endpoint_50040,18,0,0,18,0,0,0,0,5,237,20,0,0,18,0,0,0,0
F120,omni_endpoint_50040,0,0,0,0,0,0,0,0,5,252,20,0,0,0,7,3,4,0
L90,omni_endpoint_50040,0,0,0,0,0,0,0,0,6,249,21,0,0,0,0,0,0,0
C1,omni_endpoint_50040,0,0,0,0,0,3,16,0,5,247,20,0,0,0,0,0,0,3
C15,omni_endpoint_50040,0,0,0,0,0,6,40,0,19,245,34,0,0,0,0,0,0,6
S_all,omni_endpoint_50041,16,0,0,15,0,0,0,0,6,268,19,0,0,0,0,0,0,0
baseline,omni_endpoint_50041,0,0,0,0,0,0,0,0,7,267,20,0,0,0,0,0,0,0
LC,omni_endpoint_50040,0,0,0,0,0,10,66,0,15,240,30,0,0,0,0,0,0,10
M50,omni_endpoint_50040,0,0,0,0,0,0,0,0,5,250,20,6,1,0,0,0,0,0
PC,omni_endpoint_50040,20,0,0,20,0,3,19,0,12,257,27,0,0,20,0,0,0,3
LPC,omni_endpoint_50040,14,0,0,14,0,10,51,0,17,242,32,0,0,14,0,0,0,10
previous_best,omni_endpoint_50041,20,8,0,19,0,0,0,0,8,235,21,0,0,0,0,0,0,0
M75,omni_endpoint_50040,0,0,0,0,0,0,0,0,7,238,22,10,3,0,0,0,0,0
L30,omni_endpoint_50041,0,0,0,0,0,0,0,0,5,252,18,0,0,0,0,0,0,0
P1,omni_endpoint_50041,20,0,0,18,0,0,0,0,7,269,20,0,0,20,0,0,0,0
L90,omni_endpoint_50041,0,0,0,0,0,0,0,0,6,268,19,0,0,0,0,0,0,0
F60,omni_endpoint_50041,0,0,0,0,0,0,0,0,7,267,20,0,0,0,2,0,2,0
P2,omni_endpoint_50041,21,0,0,20,0,0,0,0,6,271,19,0,0,21,0,0,0,0
F120,omni_endpoint_50041,0,0,0,0,0,0,0,0,5,265,18,0,0,0,9,5,4,0
C15,omni_endpoint_50041,0,0,0,0,0,6,39,0,18,261,31,0,0,0,0,0,0,6
C1,omni_endpoint_50041,0,0,0,0,0,2,8,0,9,265,22,0,0,0,0,0,0,2
PC,omni_endpoint_50041,13,0,0,11,0,5,37,0,18,265,31,0,0,13,0,0,0,5
M75,omni_endpoint_50041,0,0,0,0,0,0,0,0,4,266,17,6,2,0,0,0,0,0
baseline,omni_endpoint_50042,0,0,0,0,0,0,0,0,2,215,17,0,0,0,0,0,0,0
S_all,omni_endpoint_50042,21,0,0,20,0,0,0,0,8,229,23,0,0,0,0,0,0,0
M50,omni_endpoint_50041,0,0,0,0,0,0,0,0,6,265,19,9,3,0,0,0,0,0
LC,omni_endpoint_50041,0,0,0,0,0,6,36,0,7,249,20,0,0,0,0,0,0,6
LPC,omni_endpoint_50041,15,0,0,14,0,7,49,0,17,260,30,0,0,15,0,0,0,7
previous_best,omni_endpoint_50042,26,10,5,26,0,0,0,0,5,204,20,0,0,0,0,0,0,0
L30,omni_endpoint_50042,0,0,0,0,0,0,0,0,7,208,22,0,0,0,0,0,0,0
F60,omni_endpoint_50042,0,0,0,0,0,0,0,0,2,215,17,0,0,0,2,0,2,0
P1,omni_endpoint_50042,19,0,0,19,0,0,0,0,7,267,22,0,0,19,0,0,0,0
F120,omni_endpoint_50042,0,0,0,0,0,0,0,0,5,215,20,0,0,0,18,13,5,0
P2,omni_endpoint_50042,21,0,0,20,0,0,0,0,8,229,23,0,0,21,0,0,0,0
C1,omni_endpoint_50042,0,0,0,0,0,1,4,0,3,214,18,0,0,0,0,0,0,1
L90,omni_endpoint_50042,0,0,0,0,0,0,0,0,7,195,22,0,0,0,0,0,0,0
C15,omni_endpoint_50042,0,0,0,0,0,3,16,0,6,213,21,0,0,0,0,0,0,3
M50,omni_endpoint_50042,0,0,0,0,0,0,0,0,5,235,20,5,0,0,0,0,0,0
baseline,omni_endpoint_50043,0,0,0,0,0,0,0,0,3,267,17,0,0,0,0,0,0,0
S_all,omni_endpoint_50043,24,0,0,23,0,0,0,0,2,268,16,0,0,0,0,0,0,0
PC,omni_endpoint_50042,19,0,0,19,0,7,39,0,13,261,28,0,0,19,0,0,0,7
M75,omni_endpoint_50042,0,0,0,0,0,0,0,0,5,224,20,6,1,0,0,0,0,0
L30,omni_endpoint_50043,0,0,0,0,0,0,0,0,4,229,18,0,0,0,0,0,0,0
previous_best,omni_endpoint_50043,19,7,2,19,0,0,0,0,5,230,19,0,0,0,0,0,0,0
LPC,omni_endpoint_50042,19,0,0,19,0,5,28,0,12,200,27,0,0,19,0,0,0,5
LC,omni_endpoint_50042,0,0,0,0,0,6,35,0,19,202,34,0,0,0,0,0,0,6
P1,omni_endpoint_50043,17,0,0,17,0,0,0,0,3,234,17,0,0,17,0,0,0,0
L90,omni_endpoint_50043,0,0,0,0,0,0,0,0,5,244,19,0,0,0,0,0,0,0
P2,omni_endpoint_50043,23,0,0,23,0,0,0,0,2,267,16,0,0,23,0,0,0,0
F60,omni_endpoint_50043,0,0,0,0,0,0,0,0,3,267,17,0,0,0,2,0,2,0
C1,omni_endpoint_50043,0,0,0,0,0,2,11,0,6,265,20,0,0,0,0,0,0,2
F120,omni_endpoint_50043,0,0,0,0,0,0,0,0,10,275,24,0,0,0,21,10,11,0
C15,omni_endpoint_50043,0,0,0,0,0,4,29,0,11,264,25,0,0,0,0,0,0,4
M50,omni_endpoint_50043,0,0,0,0,0,0,0,0,3,267,17,4,1,0,0,0,0,0
PC,omni_endpoint_50043,17,0,0,17,0,5,31,0,12,231,26,0,0,17,0,0,0,5
LC,omni_endpoint_50043,0,0,0,0,0,4,27,0,8,226,22,0,0,0,0,0,0,4
baseline,omni_endpoint_50044,0,0,0,0,0,0,0,0,4,259,17,0,0,0,0,0,0,0
S_all,omni_endpoint_50044,25,0,0,25,0,0,0,0,3,277,16,0,0,0,0,0,0,0
LPC,omni_endpoint_50043,15,0,0,15,0,8,58,0,31,215,45,0,0,15,0,0,0,8
M75,omni_endpoint_50043,0,0,0,0,0,1,4,0,6,263,20,5,1,0,0,0,0,0
L90,omni_endpoint_50044,0,0,0,0,0,0,0,0,2,274,15,0,0,0,0,0,0,0
P1,omni_endpoint_50044,16,0,0,16,0,0,0,0,2,269,15,0,0,16,0,0,0,0
F120,omni_endpoint_50044,0,0,0,0,0,0,0,0,4,258,17,0,0,0,15,10,5,0
L30,omni_endpoint_50044,0,0,0,0,0,0,0,0,4,276,17,0,0,0,0,0,0,0
P2,omni_endpoint_50044,26,0,0,26,0,0,0,0,3,278,16,0,0,26,0,0,0,0
F60,omni_endpoint_50044,0,0,0,0,0,0,0,0,4,259,17,0,0,0,0,0,0,0
previous_best,omni_endpoint_50044,20,8,2,18,0,0,0,0,6,285,19,0,0,0,0,0,0,0
C15,omni_endpoint_50044,0,0,0,0,0,7,37,0,8,255,21,0,0,0,0,0,0,7
C1,omni_endpoint_50044,0,0,0,0,0,4,22,0,4,256,17,0,0,0,0,0,0,4
PC,omni_endpoint_50044,14,0,0,14,0,3,28,0,13,263,26,0,0,14,0,0,0,3
M50,omni_endpoint_50044,0,0,0,0,0,0,0,0,5,260,18,7,2,0,0,0,0,0
LC,omni_endpoint_50044,0,0,0,0,0,4,26,0,13,271,26,0,0,0,0,0,0,4
baseline,omni_endpoint_50045,0,0,0,0,0,0,0,0,5,172,21,0,0,0,0,0,0,0
S_all,omni_endpoint_50045,26,0,0,26,0,0,0,0,6,142,22,0,0,0,0,0,0,0
LPC,omni_endpoint_50044,12,0,0,12,0,8,47,0,15,265,28,0,0,12,0,0,0,8
M75,omni_endpoint_50044,0,0,0,0,0,0,0,0,5,261,18,7,2,0,0,0,0,0
previous_best,omni_endpoint_50045,30,12,6,28,0,0,0,0,6,176,22,0,0,0,0,0,0,0
L30,omni_endpoint_50045,0,0,0,0,0,0,0,0,5,91,21,0,0,0,0,0,0,0
P2,omni_endpoint_50045,21,0,0,21,0,0,0,0,3,128,19,0,0,21,0,0,0,0
F120,omni_endpoint_50045,0,0,0,0,0,0,0,0,5,123,21,0,0,0,12,7,5,0
P1,omni_endpoint_50045,18,0,0,18,0,0,0,0,4,103,20,0,0,18,0,0,0,0
F60,omni_endpoint_50045,0,0,0,0,0,0,0,0,5,172,21,0,0,0,3,0,3,0
C15,omni_endpoint_50045,0,0,0,0,0,5,34,0,14,167,30,0,0,0,0,0,0,5
C1,omni_endpoint_50045,0,0,0,0,0,2,8,0,7,170,23,0,0,0,0,0,0,2
L90,omni_endpoint_50045,0,0,0,0,0,1,4,0,10,154,26,0,0,0,0,0,0,0
baseline,omni_endpoint_50046,0,0,0,0,0,0,0,0,3,278,15,0,0,0,0,0,0,0
PC,omni_endpoint_50045,18,0,0,18,0,3,18,0,8,98,24,0,0,18,0,0,0,3
M50,omni_endpoint_50045,0,0,0,0,0,0,0,0,4,172,20,4,0,0,0,0,0,0
M75,omni_endpoint_50045,0,0,0,0,0,0,0,0,3,172,19,3,0,0,0,0,0,0
LC,omni_endpoint_50045,0,0,0,0,0,5,33,0,3,85,19,0,0,0,0,0,0,5
S_all,omni_endpoint_50046,14,0,0,14,0,0,0,0,3,305,15,0,0,0,0,0,0,0
previous_best,omni_endpoint_50046,15,8,3,15,0,0,0,0,5,262,17,0,0,0,0,0,0,0
L30,omni_endpoint_50046,0,0,0,0,0,0,0,0,4,292,16,0,0,0,0,0,0,0
L90,omni_endpoint_50046,0,0,0,0,0,0,0,0,7,282,19,0,0,0,0,0,0,0
P1,omni_endpoint_50046,14,0,0,14,0,0,0,0,4,306,16,0,0,14,0,0,0,0
P2,omni_endpoint_50046,14,0,0,14,0,0,0,0,3,305,15,0,0,14,0,0,0,0
F60,omni_endpoint_50046,0,0,0,0,0,0,0,0,3,278,15,0,0,0,0,0,0,0
F120,omni_endpoint_50046,0,0,0,0,0,0,0,0,4,280,16,0,0,0,17,13,4,0
LPC,omni_endpoint_50045,19,0,0,19,0,9,56,0,32,81,48,0,0,19,0,0,0,9
C15,omni_endpoint_50046,0,0,0,0,0,4,35,0,12,275,24,0,0,0,0,0,0,4
C1,omni_endpoint_50046,0,0,0,0,0,0,0,0,3,278,15,0,0,0,0,0,0,0
M75,omni_endpoint_50046,0,0,0,0,0,0,0,0,0,289,12,1,1,0,0,0,0,0
PC,omni_endpoint_50046,11,0,0,11,0,7,43,0,20,300,32,0,0,11,0,0,0,7
M50,omni_endpoint_50046,0,0,0,0,0,1,8,0,10,282,22,5,1,0,0,0,0,0
LC,omni_endpoint_50046,0,0,0,0,0,5,28,0,15,266,27,0,0,0,0,0,0,5
LPC,omni_endpoint_50046,15,0,0,15,0,3,15,0,6,276,18,0,0,15,0,0,0,3
baseline,omni_endpoint_50047,0,0,0,0,0,0,0,0,5,254,17,0,0,0,0,0,0,0
S_all,omni_endpoint_50047,17,0,0,17,0,0,0,0,5,259,17,0,0,0,0,0,0,0
previous_best,omni_endpoint_50047,23,7,2,21,0,0,0,0,5,266,17,0,0,0,0,0,0,0
P2,omni_endpoint_50047,16,0,0,16,0,0,0,0,5,284,17,0,0,16,0,0,0,0
F60,omni_endpoint_50047,0,0,0,0,0,0,0,0,5,254,17,0,0,0,2,0,2,0
P1,omni_endpoint_50047,12,0,0,12,0,0,0,0,4,276,16,0,0,12,0,0,0,0
L30,omni_endpoint_50047,0,0,0,0,0,0,0,0,7,268,19,0,0,0,0,0,0,0
F120,omni_endpoint_50047,0,0,0,0,0,0,0,0,7,252,19,0,0,0,11,5,6,0
L90,omni_endpoint_50047,0,0,0,0,0,1,4,0,10,273,22,0,0,0,0,0,0,0
C15,omni_endpoint_50047,0,0,0,0,0,6,41,0,11,248,23,0,0,0,0,0,0,6
C1,omni_endpoint_50047,0,0,0,0,0,1,4,0,7,253,19,0,0,0,0,0,0,1
M50,omni_endpoint_50047,0,0,0,0,0,0,0,0,7,269,19,7,0,0,0,0,0,0
baseline,omni_endpoint_50048,0,0,0,0,0,0,0,0,2,302,14,0,0,0,0,0,0,0
PC,omni_endpoint_50047,12,0,0,12,0,4,19,0,3,272,15,0,0,12,0,0,0,4
LC,omni_endpoint_50047,0,0,0,0,0,5,31,0,20,259,32,0,0,0,0,0,0,5
S_all,omni_endpoint_50048,13,0,0,13,0,0,0,0,2,297,14,0,0,0,0,0,0,0
M75,omni_endpoint_50047,0,0,0,0,0,0,0,0,4,257,16,4,0,0,0,0,0,0
previous_best,omni_endpoint_50048,14,9,1,14,0,0,0,0,8,293,20,0,0,0,0,0,0,0
L30,omni_endpoint_50048,0,0,0,0,0,0,0,0,3,303,15,0,0,0,0,0,0,0
LPC,omni_endpoint_50047,17,0,0,16,0,4,20,0,6,247,18,0,0,17,0,0,0,4
L90,omni_endpoint_50048,0,0,0,0,0,0,0,0,0,283,12,0,0,0,0,0,0,0
F120,omni_endpoint_50048,0,0,0,0,0,0,0,0,2,297,14,0,0,0,8,6,2,0
P1,omni_endpoint_50048,13,0,0,13,0,0,0,0,2,297,14,0,0,13,0,0,0,0
F60,omni_endpoint_50048,0,0,0,0,0,0,0,0,2,302,14,0,0,0,1,0,1,0
P2,omni_endpoint_50048,13,0,0,13,0,0,0,0,2,297,14,0,0,13,0,0,0,0
C1,omni_endpoint_50048,0,0,0,0,0,3,12,0,6,300,18,0,0,0,0,0,0,3
C15,omni_endpoint_50048,0,0,0,0,0,3,12,0,4,300,16,0,0,0,0,0,0,3
PC,omni_endpoint_50048,12,0,0,12,0,4,20,0,7,295,19,0,0,12,0,0,0,4
M50,omni_endpoint_50048,0,0,0,0,0,0,0,0,2,302,14,3,1,0,0,0,0,0
M75,omni_endpoint_50048,0,0,0,0,0,0,0,0,2,302,14,3,1,0,0,0,0,0
LC,omni_endpoint_50048,0,0,0,0,0,4,22,0,8,300,20,0,0,0,0,0,0,4
baseline,omni_endpoint_50049,0,0,0,0,0,0,0,0,5,224,20,0,0,0,0,0,0,0
LPC,omni_endpoint_50048,12,0,0,12,0,5,28,0,12,281,24,0,0,12,0,0,0,5
S_all,omni_endpoint_50049,24,0,0,23,0,0,0,0,5,243,20,0,0,0,0,0,0,0
previous_best,omni_endpoint_50049,20,10,3,18,0,0,0,0,7,242,22,0,0,0,0,0,0,0
L30,omni_endpoint_50049,0,0,0,0,0,0,0,0,8,211,23,0,0,0,0,0,0,0
L90,omni_endpoint_50049,0,0,0,0,0,0,0,0,8,196,23,0,0,0,0,0,0,0
P1,omni_endpoint_50049,19,0,0,18,0,0,0,0,6,242,21,0,0,19,0,0,0,0
P2,omni_endpoint_50049,24,0,0,23,0,0,0,0,5,244,20,0,0,24,0,0,0,0
F60,omni_endpoint_50049,0,0,0,0,0,0,0,0,5,224,20,0,0,0,2,0,2,0
F120,omni_endpoint_50049,0,0,0,0,0,0,0,0,5,224,20,0,0,0,13,8,5,0
C15,omni_endpoint_50049,0,0,0,0,0,9,65,0,28,219,43,0,0,0,0,0,0,9
C1,omni_endpoint_50049,0,0,0,0,0,2,11,0,7,222,22,0,0,0,0,0,0,2
S_all,boundary_endpoint_50000,5,0,0,0,0,0,0,0,4,412,14,0,0,0,0,0,0,0
previous_best,boundary_endpoint_50000,2,2,1,1,0,0,0,0,1,412,11,0,0,0,0,0,0,0
baseline,boundary_endpoint_50000,0,0,0,0,0,0,0,0,4,413,14,0,0,0,0,0,0,0
LPC,omni_endpoint_50049,18,0,0,18,0,5,37,0,14,210,29,0,0,18,0,0,0,5
M50,omni_endpoint_50049,0,0,0,0,0,0,0,0,5,224,20,10,5,0,0,0,0,0
L30,boundary_endpoint_50000,0,0,0,0,0,0,0,0,1,401,11,0,0,0,0,0,0,0
PC,omni_endpoint_50049,16,0,0,15,0,10,63,0,25,222,40,0,0,16,0,0,0,10
L90,boundary_endpoint_50000,0,0,0,0,0,0,0,0,1,400,11,0,0,0,0,0,0,0
LC,omni_endpoint_50049,0,0,0,0,0,7,46,0,15,203,30,0,0,0,0,0,0,7
P1,boundary_endpoint_50000,5,0,0,0,0,0,0,0,4,412,14,0,0,5,0,0,0,0
P2,boundary_endpoint_50000,5,0,0,0,0,0,0,0,4,412,14,0,0,5,0,0,0,0
M75,omni_endpoint_50049,0,0,0,0,0,0,0,0,4,228,19,9,5,0,0,0,0,0
F60,boundary_endpoint_50000,0,0,0,0,0,0,0,0,4,413,14,0,0,0,5,4,1,0
F120,boundary_endpoint_50000,0,0,0,0,0,1,4,0,4,412,14,0,0,0,9,4,5,0
C15,boundary_endpoint_50000,0,0,0,0,0,3,25,0,3,404,13,0,0,0,0,0,0,3
LC,boundary_endpoint_50000,0,0,0,0,0,3,18,0,0,400,10,0,0,0,0,0,0,3
C1,boundary_endpoint_50000,0,0,0,0,0,1,10,0,3,412,13,0,0,0,0,0,0,1
M75,boundary_endpoint_50000,0,0,0,0,0,0,0,0,1,410,11,1,0,0,0,0,0,0
LPC,boundary_endpoint_50000,0,0,0,0,0,3,18,0,0,400,10,0,0,0,0,0,0,3
M50,boundary_endpoint_50000,0,0,0,0,0,0,0,0,4,413,14,5,1,0,0,0,0,0
PC,boundary_endpoint_50000,2,0,0,0,0,3,25,0,3,406,13,0,0,2,0,0,0,3
baseline,boundary_endpoint_50001,0,0,0,0,0,0,0,0,4,382,18,0,0,0,0,0,0,0
S_all,boundary_endpoint_50001,3,0,0,2,0,0,0,0,4,381,18,0,0,0,0,0,0,0
P1,boundary_endpoint_50001,3,0,0,2,0,0,0,0,4,381,18,0,0,3,0,0,0,0
previous_best,boundary_endpoint_50001,5,4,3,2,0,0,0,0,1,383,15,0,0,0,0,0,0,0
L30,boundary_endpoint_50001,0,0,0,0,0,0,0,0,2,334,16,0,0,0,0,0,0,0
P2,boundary_endpoint_50001,3,0,0,2,0,0,0,0,4,381,18,0,0,3,0,0,0,0
F120,boundary_endpoint_50001,0,0,0,0,0,0,0,0,3,382,17,0,0,0,12,3,9,0
C15,boundary_endpoint_50001,0,0,0,0,0,5,43,0,13,376,27,0,0,0,0,0,0,5
F60,boundary_endpoint_50001,0,0,0,0,0,0,0,0,4,382,18,0,0,0,5,2,3,0
L90,boundary_endpoint_50001,0,0,0,0,0,0,0,0,2,332,16,0,0,0,0,0,0,0
C1,boundary_endpoint_50001,0,0,0,0,0,1,4,0,6,379,20,0,0,0,0,0,0,1
M50,boundary_endpoint_50001,0,0,0,0,0,0,0,0,3,381,17,6,3,0,0,0,0,0
PC,boundary_endpoint_50001,1,0,0,1,0,5,43,0,13,375,27,0,0,1,0,0,0,5
L30,boundary_endpoint_50002,0,0,0,0,0,0,0,0,1,335,17,0,0,0,0,0,0,0
LC,boundary_endpoint_50001,0,0,0,0,0,2,12,0,0,332,14,0,0,0,0,0,0,2
M75,boundary_endpoint_50001,0,0,0,0,0,0,0,0,2,384,16,2,0,0,0,0,0,0
baseline,boundary_endpoint_50002,0,0,0,0,0,0,0,0,3,349,19,0,0,0,0,0,0,0
LPC,boundary_endpoint_50001,5,0,0,1,0,2,12,0,0,332,14,0,0,5,0,0,0,2
S_all,boundary_endpoint_50002,4,0,0,1,0,0,0,0,3,350,19,0,0,0,0,0,0,0
L90,boundary_endpoint_50002,0,0,0,0,0,0,0,0,3,337,19,0,0,0,0,0,0,0
previous_best,boundary_endpoint_50002,8,3,3,1,0,0,0,0,0,355,16,0,0,0,0,0,0,0
P2,boundary_endpoint_50002,4,0,0,1,0,0,0,0,3,350,19,0,0,4,0,0,0,0
P1,boundary_endpoint_50002,4,0,0,1,0,0,0,0,3,350,19,0,0,4,0,0,0,0
F60,boundary_endpoint_50002,0,0,0,0,0,0,0,0,3,349,19,0,0,0,3,0,3,0
F120,boundary_endpoint_50002,0,0,0,0,0,0,0,0,3,349,19,0,0,0,11,1,10,0
C15,boundary_endpoint_50002,0,0,0,0,0,6,38,0,5,345,21,0,0,0,0,0,0,6
C1,boundary_endpoint_50002,0,0,0,0,0,0,0,0,3,349,19,0,0,0,0,0,0,0
LC,boundary_endpoint_50002,0,0,0,0,0,3,18,0,1,334,17,0,0,0,0,0,0,3
PC,boundary_endpoint_50002,1,0,0,0,0,6,38,0,5,345,21,0,0,1,0,0,0,6
M50,boundary_endpoint_50002,0,0,0,0,0,0,0,0,3,349,19,7,4,0,0,0,0,0
LPC,boundary_endpoint_50002,2,0,0,1,0,3,18,0,1,333,17,0,0,2,0,0,0,3
M75,boundary_endpoint_50002,0,0,0,0,0,0,0,0,4,353,20,7,3,0,0,0,0,0
baseline,boundary_endpoint_50003,0,0,0,0,0,0,0,0,3,394,18,0,0,0,0,0,0,0
L90,boundary_endpoint_50003,0,0,0,0,0,0,0,0,4,387,19,0,0,0,0,0,0,0
S_all,boundary_endpoint_50003,5,0,0,3,0,0,0,0,3,395,18,0,0,0,0,0,0,0
previous_best,boundary_endpoint_50003,6,2,0,6,0,0,0,0,2,391,17,0,0,0,0,0,0,0
L30,boundary_endpoint_50003,0,0,0,0,0,0,0,0,5,385,20,0,0,0,0,0,0,0
F60,boundary_endpoint_50003,0,0,0,0,0,0,0,0,3,394,18,0,0,0,1,0,1,0
P2,boundary_endpoint_50003,5,0,0,3,0,0,0,0,3,395,18,0,0,5,0,0,0,0
P1,boundary_endpoint_50003,5,0,0,2,0,0,0,0,3,396,18,0,0,5,0,0,0,0
F120,boundary_endpoint_50003,0,0,0,0,0,0,0,0,3,394,18,0,0,0,8,0,8,0
C1,boundary_endpoint_50003,0,0,0,0,0,1,12,0,3,392,18,0,0,0,0,0,0,1
C15,boundary_endpoint_50003,0,0,0,0,0,3,27,0,6,390,21,0,0,0,0,0,0,3
baseline,boundary_endpoint_50004,0,0,0,0,0,0,0,0,5,395,16,0,0,0,0,0,0,0
LC,boundary_endpoint_50003,0,0,0,0,0,4,23,0,6,381,21,0,0,0,0,0,0,4
PC,boundary_endpoint_50003,3,0,0,1,0,4,39,0,10,393,25,0,0,3,0,0,0,4
S_all,boundary_endpoint_50004,2,0,0,2,0,0,0,0,4,395,15,0,0,0,0,0,0,0
previous_best,boundary_endpoint_50004,1,2,1,1,0,0,0,0,1,398,12,0,0,0,0,0,0,0
L30,boundary_endpoint_50004,0,0,0,0,0,0,0,0,0,386,11,0,0,0,0,0,0,0
LPC,boundary_endpoint_50003,3,0,0,2,0,4,23,0,5,384,20,0,0,3,0,0,0,4
M75,boundary_endpoint_50003,0,0,0,0,0,0,0,0,1,394,16,1,0,0,0,0,0,0
L90,boundary_endpoint_50004,0,0,0,0,0,0,0,0,0,386,11,0,0,0,0,0,0,0
M50,boundary_endpoint_50003,0,0,0,0,0,0,0,0,5,395,20,5,0,0,0,0,0,0
P1,boundary_endpoint_50004,2,0,0,2,0,0,0,0,4,395,15,0,0,2,0,0,0,0
P2,boundary_endpoint_50004,2,0,0,2,0,0,0,0,4,395,15,0,0,2,0,0,0,0
F60,boundary_endpoint_50004,0,0,0,0,0,0,0,0,5,395,16,0,0,0,2,0,2,0
F120,boundary_endpoint_50004,0,0,0,0,0,0,0,0,5,395,16,0,0,0,8,0,8,0
C1,boundary_endpoint_50004,0,0,0,0,0,2,8,0,8,393,19,0,0,0,0,0,0,2
C15,boundary_endpoint_50004,0,0,0,0,0,5,36,0,9,390,20,0,0,0,0,0,0,5
LC,boundary_endpoint_50004,0,0,0,0,0,1,4,0,0,386,11,0,0,0,0,0,0,1
PC,boundary_endpoint_50004,1,0,0,1,0,5,34,0,9,390,20,0,0,1,0,0,0,5
M50,boundary_endpoint_50004,0,0,0,0,0,0,0,0,5,395,16,5,0,0,0,0,0,0
LPC,boundary_endpoint_50004,1,0,0,1,0,1,4,0,0,386,11,0,0,1,0,0,0,1
M75,boundary_endpoint_50004,0,0,0,0,0,0,0,0,2,395,13,2,0,0,0,0,0,0
baseline,boundary_endpoint_50005,0,0,0,0,0,0,0,0,3,425,16,0,0,0,0,0,0,0
S_all,boundary_endpoint_50005,4,0,0,2,0,0,0,0,3,424,16,0,0,0,0,0,0,0
L30,boundary_endpoint_50005,0,0,0,0,0,0,0,0,1,413,14,0,0,0,0,0,0,0
previous_best,boundary_endpoint_50005,5,3,0,3,0,0,0,0,3,420,16,0,0,0,0,0,0,0
P1,boundary_endpoint_50005,4,0,0,1,0,0,0,0,2,424,15,0,0,4,0,0,0,0
L90,boundary_endpoint_50005,0,0,0,0,0,0,0,0,2,417,15,0,0,0,0,0,0,0
P2,boundary_endpoint_50005,4,0,0,2,0,0,0,0,3,424,16,0,0,4,0,0,0,0
F120,boundary_endpoint_50005,0,0,0,0,0,0,0,0,3,425,16,0,0,0,8,0,8,0
C1,boundary_endpoint_50005,0,0,0,0,0,2,14,0,10,421,23,0,0,0,0,0,0,2
F60,boundary_endpoint_50005,0,0,0,0,0,0,0,0,3,425,16,0,0,0,3,0,3,0
C15,boundary_endpoint_50005,0,0,0,0,0,3,21,0,0,420,13,0,0,0,0,0,0,3
LC,boundary_endpoint_50005,0,0,0,0,0,1,10,0,0,412,13,0,0,0,0,0,0,1
LPC,boundary_endpoint_50005,3,0,0,3,0,2,14,0,2,411,15,0,0,3,0,0,0,2
M50,boundary_endpoint_50005,0,0,0,0,0,0,0,0,3,425,16,4,1,0,0,0,0,0
PC,boundary_endpoint_50005,4,0,0,1,0,3,18,0,2,420,15,0,0,4,0,0,0,3
M75,boundary_endpoint_50005,0,0,0,0,0,0,0,0,2,423,15,2,0,0,0,0,0,0
baseline,boundary_endpoint_50006,0,0,0,0,0,0,0,0,4,390,17,0,0,0,0,0,0,0
L30,boundary_endpoint_50006,0,0,0,0,0,0,0,0,3,381,16,0,0,0,0,0,0,0
S_all,boundary_endpoint_50006,2,0,0,1,0,0,0,0,3,388,16,0,0,0,0,0,0,0
previous_best,boundary_endpoint_50006,4,3,2,0,0,0,0,0,1,389,14,0,0,0,0,0,0,0
L90,boundary_endpoint_50006,0,0,0,0,0,0,0,0,1,379,14,0,0,0,0,0,0,0
P2,boundary_endpoint_50006,2,0,0,1,0,0,0,0,3,388,16,0,0,2,0,0,0,0
P1,boundary_endpoint_50006,2,0,0,1,0,0,0,0,3,388,16,0,0,2,0,0,0,0
F60,boundary_endpoint_50006,0,0,0,0,0,0,0,0,4,390,17,0,0,0,2,0,2,0
F120,boundary_endpoint_50006,0,0,0,0,0,0,0,0,4,390,17,0,0,0,10,0,10,0
C1,boundary_endpoint_50006,0,0,0,0,0,2,8,0,6,388,19,0,0,0,0,0,0,2
C15,boundary_endpoint_50006,0,0,0,0,0,4,26,0,0,386,13,0,0,0,0,0,0,4
LC,boundary_endpoint_50006,0,0,0,0,0,2,12,0,1,379,14,0,0,0,0,0,0,2
M50,boundary_endpoint_50006,0,0,0,0,0,0,0,0,2,388,15,4,2,0,0,0,0,0
M75,boundary_endpoint_50006,0,0,0,0,0,0,0,0,1,389,14,2,1,0,0,0,0,0
PC,boundary_endpoint_50006,2,0,0,1,0,4,22,0,0,385,13,0,0,2,0,0,0,4
L30,boundary_endpoint_50007,0,0,0,0,0,0,0,0,0,382,13,0,0,0,0,0,0,0
baseline,boundary_endpoint_50007,0,0,0,0,0,0,0,0,3,400,16,0,0,0,0,0,0,0
L90,boundary_endpoint_50007,0,0,0,0,0,0,0,0,0,383,13,0,0,0,0,0,0,0
S_all,boundary_endpoint_50007,1,0,0,0,0,0,0,0,3,401,16,0,0,0,0,0,0,0
LPC,boundary_endpoint_50006,2,0,0,0,0,1,4,0,1,383,14,0,0,2,0,0,0,1
P1,boundary_endpoint_50007,1,0,0,0,0,0,0,0,3,401,16,0,0,1,0,0,0,0
P2,boundary_endpoint_50007,1,0,0,0,0,0,0,0,3,401,16,0,0,1,0,0,0,0
F60,boundary_endpoint_50007,0,0,0,0,0,0,0,0,3,400,16,0,0,0,2,0,2,0
F120,boundary_endpoint_50007,0,0,0,0,0,0,0,0,3,400,16,0,0,0,11,1,10,0
LC,boundary_endpoint_50007,0,0,0,0,0,2,10,0,0,382,13,0,0,0,0,0,0,2
C1,boundary_endpoint_50007,0,0,0,0,0,2,8,0,1,398,14,0,0,0,0,0,0,2
C15,boundary_endpoint_50007,0,0,0,0,0,4,24,0,0,397,13,0,0,0,0,0,0,4
M50,boundary_endpoint_50007,0,0,0,0,0,0,0,0,2,400,15,4,2,0,0,0,0,0
previous_best,boundary_endpoint_50007,7,6,4,1,0,0,0,0,2,379,15,0,0,0,0,0,0,0
M75,boundary_endpoint_50007,0,0,0,0,0,0,0,0,2,400,15,4,2,0,0,0,0,0
LPC,boundary_endpoint_50007,3,0,0,2,0,3,20,0,0,383,13,0,0,3,0,0,0,3
PC,boundary_endpoint_50007,1,0,0,0,0,4,24,0,0,398,13,0,0,1,0,0,0,4
baseline,boundary_endpoint_50008,0,0,0,0,0,0,0,0,5,323,20,0,0,0,0,0,0,0
previous_best,boundary_endpoint_50008,3,3,3,1,0,0,0,0,0,332,15,0,0,0,0,0,0,0
L30,boundary_endpoint_50008,0,0,0,0,0,0,0,0,3,317,18,0,0,0,0,0,0,0
S_all,boundary_endpoint_50008,5,0,0,1,0,0,0,0,5,325,20,0,0,0,0,0,0,0
L90,boundary_endpoint_50008,0,0,0,0,0,0,0,0,4,326,19,0,0,0,0,0,0,0
P1,boundary_endpoint_50008,5,0,0,1,0,0,0,0,5,325,20,0,0,5,0,0,0,0
P2,boundary_endpoint_50008,5,0,0,1,0,0,0,0,5,325,20,0,0,5,0,0,0,0
F60,boundary_endpoint_50008,0,0,0,0,0,0,0,0,5,323,20,0,0,0,2,0,2,0
F120,boundary_endpoint_50008,0,0,0,0,0,0,0,0,5,323,20,0,0,0,12,0,12,0
C1,boundary_endpoint_50008,0,0,0,0,0,0,0,0,5,323,20,0,0,0,0,0,0,0
C15,boundary_endpoint_50008,0,0,0,0,0,5,41,0,1,319,16,0,0,0,0,0,0,5
LC,boundary_endpoint_50008,0,0,0,0,0,2,18,0,0,312,15,0,0,0,0,0,0,2
baseline,boundary_endpoint_50009,0,0,0,0,0,0,0,0,2,456,12,0,0,0,0,0,0,0
PC,boundary_endpoint_50008,2,0,0,0,0,5,41,0,1,319,16,0,0,2,0,0,0,5
S_all,boundary_endpoint_50009,3,0,0,3,0,0,0,0,2,456,12,0,0,0,0,0,0,0
LPC,boundary_endpoint_50008,1,0,0,1,0,2,18,0,0,312,15,0,0,1,0,0,0,2
M50,boundary_endpoint_50008,0,0,0,0,0,0,0,0,3,323,18,4,1,0,0,0,0,0
M75,boundary_endpoint_50008,0,0,0,0,0,0,0,0,1,323,16,2,1,0,0,0,0,0
previous_best,boundary_endpoint_50009,2,1,1,2,0,0,0,0,0,463,10,0,0,0,0,0,0,0
L30,boundary_endpoint_50009,0,0,0,0,0,0,0,0,2,451,12,0,0,0,0,0,0,0
L90,boundary_endpoint_50009,0,0,0,0,0,0,0,0,3,452,13,0,0,0,0,0,0,0
P1,boundary_endpoint_50009,3,0,0,2,0,0,0,0,3,459,13,0,0,3,0,0,0,0
P2,boundary_endpoint_50009,3,0,0,3,0,0,0,0,2,456,12,0,0,3,0,0,0,0
F60,boundary_endpoint_50009,0,0,0,0,0,0,0,0,2,456,12,0,0,0,1,0,1,0
F120,boundary_endpoint_50009,0,0,0,0,0,0,0,0,2,456,12,0,0,0,9,0,9,0
C15,boundary_endpoint_50009,0,0,0,0,0,2,16,0,1,454,11,0,0,0,0,0,0,2
C1,boundary_endpoint_50009,0,0,0,0,0,1,8,0,7,454,17,0,0,0,0,0,0,1
M75,boundary_endpoint_50009,0,0,0,0,0,0,0,0,0,455,10,1,1,0,0,0,0,0
M50,boundary_endpoint_50009,0,0,0,0,0,0,0,0,2,456,12,3,1,0,0,0,0,0
LC,boundary_endpoint_50009,0,0,0,0,0,2,16,0,0,449,10,0,0,0,0,0,0,2
PC,boundary_endpoint_50009,3,0,0,2,0,3,23,0,3,456,13,0,0,3,0,0,0,3
baseline,boundary_endpoint_50010,0,0,0,0,0,0,0,0,1,423,14,0,0,0,0,0,0,0
LPC,boundary_endpoint_50009,2,0,0,1,0,3,23,0,2,451,12,0,0,2,0,0,0,3
S_all,boundary_endpoint_50010,1,0,0,1,0,0,0,0,1,423,14,0,0,0,0,0,0,0
P1,boundary_endpoint_50010,1,0,0,1,0,0,0,0,1,423,14,0,0,1,0,0,0,0
P2,boundary_endpoint_50010,1,0,0,1,0,0,0,0,1,423,14,0,0,1,0,0,0,0
F60,boundary_endpoint_50010,0,0,0,0,0,0,0,0,1,423,14,0,0,0,0,0,0,0
L30,boundary_endpoint_50010,0,0,0,0,0,0,0,0,1,433,14,0,0,0,0,0,0,0
L90,boundary_endpoint_50010,0,0,0,0,0,0,0,0,1,432,14,0,0,0,0,0,0,0
F120,boundary_endpoint_50010,0,0,0,0,0,0,0,0,1,423,14,0,0,0,8,0,8,0
C15,boundary_endpoint_50010,0,0,0,0,0,3,26,0,4,422,17,0,0,0,0,0,0,3
C1,boundary_endpoint_50010,0,0,0,0,0,1,4,0,1,423,14,0,0,0,0,0,0,1
M50,boundary_endpoint_50010,0,0,0,0,0,0,0,0,1,423,14,3,2,0,0,0,0,0
PC,boundary_endpoint_50010,1,0,0,1,0,3,26,0,4,422,17,0,0,1,0,0,0,3
M75,boundary_endpoint_50010,0,0,0,0,0,0,0,0,0,424,13,2,2,0,0,0,0,0
baseline,boundary_endpoint_50011,0,0,0,0,0,0,0,0,5,381,18,0,0,0,0,0,0,0
previous_best,boundary_endpoint_50010,9,3,3,1,0,0,0,0,0,402,13,0,0,0,0,0,0,0
LC,boundary_endpoint_50010,0,0,0,0,0,1,4,0,0,432,13,0,0,0,0,0,0,1
LPC,boundary_endpoint_50010,2,0,0,1,0,1,4,0,0,431,13,0,0,2,0,0,0,1
previous_best,boundary_endpoint_50011,5,0,0,3,0,0,0,0,0,375,13,0,0,0,0,0,0,0
L30,boundary_endpoint_50011,0,0,0,0,0,0,0,0,0,367,13,0,0,0,0,0,0,0
L90,boundary_endpoint_50011,0,0,0,0,0,0,0,0,0,365,13,0,0,0,0,0,0,0
S_all,boundary_endpoint_50011,2,0,0,0,0,0,0,0,5,382,18,0,0,0,0,0,0,0
C15,boundary_endpoint_50011,0,0,0,0,0,5,43,0,19,371,32,0,0,0,0,0,0,5
P1,boundary_endpoint_50011,2,0,0,0,0,0,0,0,5,382,18,0,0,2,0,0,0,0
P2,boundary_endpoint_50011,2,0,0,0,0,0,0,0,5,382,18,0,0,2,0,0,0,0
F60,boundary_endpoint_50011,0,0,0,0,0,0,0,0,5,381,18,0,0,0,5,4,1,0
F120,boundary_endpoint_50011,0,0,0,0,0,0,0,0,5,381,18,0,0,0,12,4,8,0
C1,boundary_endpoint_50011,0,0,0,0,0,0,0,0,5,381,18,0,0,0,0,0,0,0
LC,boundary_endpoint_50011,0,0,0,0,0,0,0,0,0,367,13,0,0,0,0,0,0,0
PC,boundary_endpoint_50011,1,0,0,0,0,5,43,0,19,371,32,0,0,1,0,0,0,5
M75,boundary_endpoint_50011,0,0,0,0,0,0,0,0,2,378,15,4,2,0,0,0,0,0
M50,boundary_endpoint_50011,0,0,0,0,0,0,0,0,5,381,18,6,1,0,0,0,0,0
baseline,boundary_endpoint_50012,0,0,0,0,0,0,0,0,3,377,14,0,0,0,0,0,0,0
LPC,boundary_endpoint_50011,2,0,0,2,0,0,0,0,0,367,13,0,0,2,0,0,0,0
L30,boundary_endpoint_50012,0,0,0,0,0,0,0,0,1,395,12,0,0,0,0,0,0,0
S_all,boundary_endpoint_50012,0,0,0,0,0,0,0,0,3,377,14,0,0,0,0,0,0,0
L90,boundary_endpoint_50012,0,0,0,0,0,0,0,0,1,397,12,0,0,0,0,0,0,0
P1,boundary_endpoint_50012,0,0,0,0,0,0,0,0,3,377,14,0,0,0,0,0,0,0
P2,boundary_endpoint_50012,0,0,0,0,0,0,0,0,3,377,14,0,0,0,0,0,0,0
previous_best,boundary_endpoint_50012,2,1,0,0,0,0,0,0,1,406,12,0,0,0,0,0,0,0
F60,boundary_endpoint_50012,0,0,0,0,0,0,0,0,3,377,14,0,0,0,3,0,3,0
F120,boundary_endpoint_50012,0,0,0,0,0,0,0,0,3,377,14,0,0,0,6,0,6,0
C15,boundary_endpoint_50012,0,0,0,0,0,3,27,0,0,374,11,0,0,0,0,0,0,3
C1,boundary_endpoint_50012,0,0,0,0,0,1,4,0,3,376,14,0,0,0,0,0,0,1
LC,boundary_endpoint_50012,0,0,0,0,0,1,7,0,0,394,11,0,0,0,0,0,0,1
LPC,boundary_endpoint_50012,1,0,0,0,0,1,7,0,0,393,11,0,0,1,0,0,0,1
M50,boundary_endpoint_50012,0,0,0,0,0,0,0,0,2,378,13,2,0,0,0,0,0,0
PC,boundary_endpoint_50012,0,0,0,0,0,3,27,0,0,374,11,0,0,0,0,0,0,3
M75,boundary_endpoint_50012,0,0,0,0,0,0,0,0,1,378,12,1,0,0,0,0,0,0
baseline,boundary_endpoint_50013,0,0,0,0,0,0,0,0,2,332,17,0,0,0,0,0,0,0
S_all,boundary_endpoint_50013,4,0,0,2,0,0,0,0,3,336,18,0,0,0,0,0,0,0
previous_best,boundary_endpoint_50013,9,4,4,2,0,0,0,0,0,289,15,0,0,0,0,0,0,0
L30,boundary_endpoint_50013,0,0,0,0,0,0,0,0,3,325,18,0,0,0,0,0,0,0
L90,boundary_endpoint_50013,0,0,0,0,0,0,0,0,4,326,19,0,0,0,0,0,0,0
F120,boundary_endpoint_50013,0,0,0,0,0,0,0,0,2,332,17,0,0,0,8,0,8,0
P1,boundary_endpoint_50013,4,0,0,2,0,0,0,0,3,336,18,0,0,4,0,0,0,0
F60,boundary_endpoint_50013,0,0,0,0,0,0,0,0,2,332,17,0,0,0,2,0,2,0
P2,boundary_endpoint_50013,4,0,0,2,0,0,0,0,3,336,18,0,0,4,0,0,0,0
C1,boundary_endpoint_50013,0,0,0,0,0,1,4,0,2,332,17,0,0,0,0,0,0,1
C15,boundary_endpoint_50013,0,0,0,0,0,4,30,0,5,331,20,0,0,0,0,0,0,4
M50,boundary_endpoint_50013,0,0,0,0,0,0,0,0,1,332,16,4,3,0,0,0,0,0
LC,boundary_endpoint_50013,0,0,0,0,0,3,22,0,2,322,17,0,0,0,0,0,0,3
PC,boundary_endpoint_50013,3,0,0,1,0,5,37,0,6,332,21,0,0,3,0,0,0,5
LPC,boundary_endpoint_50013,4,0,0,3,0,3,22,0,2,322,17,0,0,4,0,0,0,3
M75,boundary_endpoint_50013,0,0,0,0,0,0,0,0,0,334,15,2,2,0,0,0,0,0
L30,boundary_endpoint_50014,0,0,0,0,0,0,0,0,0,264,16,0,0,0,0,0,0,0
baseline,boundary_endpoint_50014,0,0,0,0,0,0,0,0,3,344,19,0,0,0,0,0,0,0
L90,boundary_endpoint_50014,0,0,0,0,0,0,0,0,1,312,17,0,0,0,0,0,0,0
S_all,boundary_endpoint_50014,2,0,0,1,0,0,0,0,3,344,19,0,0,0,0,0,0,0
previous_best,boundary_endpoint_50014,3,1,0,1,0,0,0,0,1,347,17,0,0,0,0,0,0,0
P1,boundary_endpoint_50014,2,0,0,1,0,0,0,0,3,344,19,0,0,2,0,0,0,0
P2,boundary_endpoint_50014,2,0,0,1,0,0,0,0,3,344,19,0,0,2,0,0,0,0
F60,boundary_endpoint_50014,0,0,0,0,0,0,0,0,3,344,19,0,0,0,3,0,3,0
F120,boundary_endpoint_50014,0,0,0,0,0,0,0,0,3,345,19,0,0,0,13,2,11,0
C1,boundary_endpoint_50014,0,0,0,0,0,1,4,0,5,343,21,0,0,0,0,0,0,1
C15,boundary_endpoint_50014,0,0,0,0,0,4,23,0,2,341,18,0,0,0,0,0,0,4
LC,boundary_endpoint_50014,0,0,0,0,0,2,10,0,0,264,16,0,0,0,0,0,0,2
PC,boundary_endpoint_50014,1,0,0,1,0,4,23,0,2,340,18,0,0,1,0,0,0,4
M75,boundary_endpoint_50014,0,0,0,0,0,0,0,0,3,345,19,5,2,0,0,0,0,0
M50,boundary_endpoint_50014,0,0,0,0,0,0,0,0,5,346,21,7,2,0,0,0,0,0
baseline,boundary_endpoint_50015,0,0,0,0,0,0,0,0,1,415,14,0,0,0,0,0,0,0
previous_best,boundary_endpoint_50015,4,2,0,1,0,0,0,0,2,414,15,0,0,0,0,0,0,0
L90,boundary_endpoint_50015,0,0,0,0,0,0,0,0,1,408,14,0,0,0,0,0,0,0
S_all,boundary_endpoint_50015,2,0,0,0,0,0,0,0,3,419,16,0,0,0,0,0,0,0
LPC,boundary_endpoint_50014,3,0,0,1,0,1,6,0,0,337,16,0,0,3,0,0,0,1
L30,boundary_endpoint_50015,0,0,0,0,0,0,0,0,4,412,17,0,0,0,0,0,0,0
P1,boundary_endpoint_50015,2,0,0,0,0,0,0,0,1,415,14,0,0,2,0,0,0,0
P2,boundary_endpoint_50015,2,0,0,0,0,0,0,0,3,419,16,0,0,2,0,0,0,0
F60,boundary_endpoint_50015,0,0,0,0,0,0,0,0,1,415,14,0,0,0,0,0,0,0
F120,boundary_endpoint_50015,0,0,0,0,0,0,0,0,1,415,14,0,0,0,7,1,6,0
C1,boundary_endpoint_50015,0,0,0,0,0,0,0,0,1,415,14,0,0,0,0,0,0,0
C15,boundary_endpoint_50015,0,0,0,0,0,4,32,0,6,414,19,0,0,0,0,0,0,4
LC,boundary_endpoint_50015,0,0,0,0,0,4,26,0,0,408,13,0,0,0,0,0,0,4
M50,boundary_endpoint_50015,0,0,0,0,0,0,0,0,1,415,14,4,3,0,0,0,0,0
M75,boundary_endpoint_50015,0,0,0,0,0,0,0,0,1,416,14,3,2,0,0,0,0,0
PC,boundary_endpoint_50015,2,0,0,0,0,4,32,0,6,414,19,0,0,2,0,0,0,4
LPC,boundary_endpoint_50015,3,0,0,1,0,4,26,0,0,406,13,0,0,3,0,0,0,4
previous_best,boundary_endpoint_50016,4,1,1,3,0,0,0,0,0,376,15,0,0,0,0,0,0,0
baseline,boundary_endpoint_50016,0,0,0,0,0,0,0,0,4,373,19,0,0,0,0,0,0,0
S_all,boundary_endpoint_50016,6,0,0,5,0,0,0,0,4,376,19,0,0,0,0,0,0,0
L30,boundary_endpoint_50016,0,0,0,0,0,0,0,0,3,362,18,0,0,0,0,0,0,0
L90,boundary_endpoint_50016,0,0,0,0,0,0,0,0,5,360,20,0,0,0,0,0,0,0
P1,boundary_endpoint_50016,6,0,0,5,0,0,0,0,4,376,19,0,0,6,0,0,0,0
P2,boundary_endpoint_50016,6,0,0,5,0,0,0,0,4,376,19,0,0,6,0,0,0,0
F120,boundary_endpoint_50016,0,0,0,0,0,0,0,0,4,373,19,0,0,0,12,3,9,0
F60,boundary_endpoint_50016,0,0,0,0,0,0,0,0,4,373,19,0,0,0,2,0,2,0
C1,boundary_endpoint_50016,0,0,0,0,0,0,0,0,4,373,19,0,0,0,0,0,0,0
C15,boundary_endpoint_50016,0,0,0,0,0,4,34,0,2,370,17,0,0,0,0,0,0,4
M50,boundary_endpoint_50016,0,0,0,0,0,0,0,0,3,371,18,5,2,0,0,0,0,0
LC,boundary_endpoint_50016,0,0,0,0,0,3,15,0,0,359,15,0,0,0,0,0,0,3
M75,boundary_endpoint_50016,0,0,0,0,0,0,0,0,1,372,16,2,1,0,0,0,0,0
PC,boundary_endpoint_50016,5,0,0,4,0,5,40,0,1,372,16,0,0,5,0,0,0,5
S_all,boundary_endpoint_50017,2,0,0,0,0,0,0,0,4,417,17,0,0,0,0,0,0,0
baseline,boundary_endpoint_50017,0,0,0,0,0,0,0,0,5,415,18,0,0,0,0,0,0,0
L30,boundary_endpoint_50017,0,0,0,0,0,0,0,0,1,408,14,0,0,0,0,0,0,0
LPC,boundary_endpoint_50016,4,0,0,3,0,3,15,0,0,360,15,0,0,4,0,0,0,3
previous_best,boundary_endpoint_50017,4,4,2,1,0,0,0,0,2,414,15,0,0,0,0,0,0,0
L90,boundary_endpoint_50017,0,0,0,0,0,0,0,0,1,406,14,0,0,0,0,0,0,0
P1,boundary_endpoint_50017,2,0,0,0,0,0,0,0,4,417,17,0,0,2,0,0,0,0
P2,boundary_endpoint_50017,2,0,0,0,0,0,0,0,4,417,17,0,0,2,0,0,0,0
F60,boundary_endpoint_50017,0,0,0,0,0,0,0,0,5,415,18,0,0,0,1,0,1,0
F120,boundary_endpoint_50017,0,0,0,0,0,0,0,0,5,415,18,0,0,0,8,0,8,0
C15,boundary_endpoint_50017,0,0,0,0,0,6,47,0,8,410,21,0,0,0,0,0,0,6
C1,boundary_endpoint_50017,0,0,0,0,0,0,0,0,5,415,18,0,0,0,0,0,0,0
M50,boundary_endpoint_50017,0,0,0,0,0,0,0,0,5,415,18,7,2,0,0,0,0,0
M75,boundary_endpoint_50017,0,0,0,0,0,0,0,0,2,415,15,4,2,0,0,0,0,0
LC,boundary_endpoint_50017,0,0,0,0,0,2,13,0,2,407,15,0,0,0,0,0,0,2
PC,boundary_endpoint_50017,1,0,0,0,0,6,43,0,8,412,21,0,0,1,0,0,0,6
LPC,boundary_endpoint_50017,2,0,0,0,0,2,13,0,2,408,15,0,0,2,0,0,0,2
baseline,boundary_endpoint_50018,0,0,0,0,0,0,0,0,3,397,14,0,0,0,0,0,0,0
S_all,boundary_endpoint_50018,3,0,0,1,0,0,0,0,2,399,13,0,0,0,0,0,0,0
previous_best,boundary_endpoint_50018,2,3,3,2,0,0,0,0,0,394,11,0,0,0,0,0,0,0
L30,boundary_endpoint_50018,0,0,0,0,0,0,0,0,0,390,11,0,0,0,0,0,0,0
L90,boundary_endpoint_50018,0,0,0,0,0,0,0,0,1,389,12,0,0,0,0,0,0,0
P1,boundary_endpoint_50018,3,0,0,1,0,0,0,0,2,399,13,0,0,3,0,0,0,0
P2,boundary_endpoint_50018,3,0,0,1,0,0,0,0,2,399,13,0,0,3,0,0,0,0
F120,boundary_endpoint_50018,0,0,0,0,0,0,0,0,3,397,14,0,0,0,8,1,7,0
F60,boundary_endpoint_50018,0,0,0,0,0,0,0,0,3,397,14,0,0,0,0,0,0,0
C1,boundary_endpoint_50018,0,0,0,0,0,0,0,0,3,397,14,0,0,0,0,0,0,0
C15,boundary_endpoint_50018,0,0,0,0,0,4,36,0,0,394,11,0,0,0,0,0,0,4
LC,boundary_endpoint_50018,0,0,0,0,0,3,18,0,3,390,14,0,0,0,0,0,0,3
PC,boundary_endpoint_50018,1,0,0,0,0,4,36,0,0,395,11,0,0,1,0,0,0,4
M50,boundary_endpoint_50018,0,0,0,0,0,0,0,0,4,400,15,5,1,0,0,0,0,0
LPC,boundary_endpoint_50018,1,0,0,1,0,3,18,0,3,390,14,0,0,1,0,0,0,3
M75,boundary_endpoint_50018,0,0,0,0,0,0,0,0,2,400,13,3,1,0,0,0,0,0
baseline,boundary_endpoint_50019,0,0,0,0,0,0,0,0,2,389,18,0,0,0,0,0,0,0
S_all,boundary_endpoint_50019,1,0,0,0,0,0,0,0,2,389,18,0,0,0,0,0,0,0
L90,boundary_endpoint_50019,0,0,0,0,0,0,0,0,1,381,17,0,0,0,0,0,0,0
P1,boundary_endpoint_50019,1,0,0,0,0,0,0,0,2,389,18,0,0,1,0,0,0,0
L30,boundary_endpoint_50019,0,0,0,0,0,0,0,0,4,386,20,0,0,0,0,0,0,0
P2,boundary_endpoint_50019,1,0,0,0,0,0,0,0,2,389,18,0,0,1,0,0,0,0
F120,boundary_endpoint_50019,0,0,0,0,0,0,0,0,2,389,18,0,0,0,11,1,10,0
F60,boundary_endpoint_50019,0,0,0,0,0,0,0,0,2,389,18,0,0,0,2,0,2,0
previous_best,boundary_endpoint_50019,3,5,2,2,0,0,0,0,3,398,19,0,0,0,0,0,0,0
C1,boundary_endpoint_50019,0,0,0,0,0,2,8,0,4,389,20,0,0,0,0,0,0,2
C15,boundary_endpoint_50019,0,0,0,0,0,4,25,0,3,387,19,0,0,0,0,0,0,4
baseline,boundary_endpoint_50020,0,0,0,0,0,0,0,0,3,425,13,0,0,0,0,0,0,0
S_all,boundary_endpoint_50020,0,0,0,0,0,0,0,0,3,425,13,0,0,0,0,0,0,0
previous_best,boundary_endpoint_50020,2,4,3,0,0,0,0,0,1,432,11,0,0,0,0,0,0,0
M50,boundary_endpoint_50019,0,0,0,0,0,0,0,0,3,391,19,6,3,0,0,0,0,0
L30,boundary_endpoint_50020,0,0,0,0,0,0,0,0,1,419,11,0,0,0,0,0,0,0
PC,boundary_endpoint_50019,1,0,0,0,0,4,25,0,3,387,19,0,0,1,0,0,0,4
LC,boundary_endpoint_50019,0,0,0,0,0,5,33,0,2,382,18,0,0,0,0,0,0,5
M75,boundary_endpoint_50019,0,0,0,0,0,0,0,0,1,389,17,4,3,0,0,0,0,0
LPC,boundary_endpoint_50019,0,0,0,0,0,5,33,0,2,382,18,0,0,0,0,0,0,5
L90,boundary_endpoint_50020,0,0,0,0,0,0,0,0,2,387,12,0,0,0,0,0,0,0
P1,boundary_endpoint_50020,0,0,0,0,0,0,0,0,3,425,13,0,0,0,0,0,0,0
P2,boundary_endpoint_50020,0,0,0,0,0,0,0,0,3,425,13,0,0,0,0,0,0,0
F60,boundary_endpoint_50020,0,0,0,0,0,0,0,0,3,425,13,0,0,0,3,0,3,0
F120,boundary_endpoint_50020,0,0,0,0,0,0,0,0,3,425,13,0,0,0,9,0,9,0
C15,boundary_endpoint_50020,0,0,0,0,0,4,26,0,0,422,10,0,0,0,0,0,0,4
C1,boundary_endpoint_50020,0,0,0,0,0,2,8,0,2,424,12,0,0,0,0,0,0,2
LC,boundary_endpoint_50020,0,0,0,0,0,1,4,0,0,418,10,0,0,0,0,0,0,1
M50,boundary_endpoint_50020,0,0,0,0,0,0,0,0,3,425,13,4,1,0,0,0,0,0
M75,boundary_endpoint_50020,0,0,0,0,0,0,0,0,1,425,11,2,1,0,0,0,0,0
PC,boundary_endpoint_50020,0,0,0,0,0,4,26,0,0,422,10,0,0,0,0,0,0,4
LPC,boundary_endpoint_50020,0,0,0,0,0,1,4,0,0,418,10,0,0,0,0,0,0,1
baseline,boundary_endpoint_50021,0,0,0,0,0,0,0,0,2,405,13,0,0,0,0,0,0,0
S_all,boundary_endpoint_50021,4,0,0,1,0,0,0,0,2,406,13,0,0,0,0,0,0,0
P1,boundary_endpoint_50021,4,0,0,1,0,0,0,0,2,405,13,0,0,4,0,0,0,0
P2,boundary_endpoint_50021,4,0,0,1,0,0,0,0,2,406,13,0,0,4,0,0,0,0
previous_best,boundary_endpoint_50021,5,0,0,0,0,0,0,0,0,395,11,0,0,0,0,0,0,0
L90,boundary_endpoint_50021,0,0,0,0,0,0,0,0,2,379,13,0,0,0,0,0,0,0
C1,boundary_endpoint_50021,0,0,0,0,0,1,10,0,7,402,18,0,0,0,0,0,0,1
F60,boundary_endpoint_50021,0,0,0,0,0,0,0,0,2,405,13,0,0,0,0,0,0,0
L30,boundary_endpoint_50021,0,0,0,0,0,0,0,0,5,380,16,0,0,0,0,0,0,0
C15,boundary_endpoint_50021,0,0,0,0,0,5,45,0,4,379,15,0,0,0,0,0,0,5
F120,boundary_endpoint_50021,0,0,0,0,0,0,0,0,6,392,17,0,0,0,10,4,6,0
M50,boundary_endpoint_50021,0,0,0,0,0,0,0,0,3,387,14,6,3,0,0,0,0,0
PC,boundary_endpoint_50021,2,0,0,0,0,5,45,0,4,379,15,0,0,2,0,0,0,5
baseline,boundary_endpoint_50022,0,0,0,0,0,0,0,0,1,443,11,0,0,0,0,0,0,0
LC,boundary_endpoint_50021,0,0,0,0,0,4,37,0,2,375,13,0,0,0,0,0,0,4
LPC,boundary_endpoint_50021,2,0,0,0,0,4,37,0,2,373,13,0,0,2,0,0,0,4
M75,boundary_endpoint_50021,0,0,0,0,0,0,0,0,2,386,13,3,1,0,0,0,0,0
S_all,boundary_endpoint_50022,0,0,0,0,0,0,0,0,1,443,11,0,0,0,0,0,0,0
previous_best,boundary_endpoint_50022,0,0,0,0,0,0,0,0,0,444,10,0,0,0,0,0,0,0
L30,boundary_endpoint_50022,0,0,0,0,0,0,0,0,0,437,10,0,0,0,0,0,0,0
L90,boundary_endpoint_50022,0,0,0,0,0,0,0,0,0,437,10,0,0,0,0,0,0,0
P1,boundary_endpoint_50022,0,0,0,0,0,0,0,0,1,443,11,0,0,0,0,0,0,0
F120,boundary_endpoint_50022,0,0,0,0,0,0,0,0,1,443,11,0,0,0,8,0,8,0
P2,boundary_endpoint_50022,0,0,0,0,0,0,0,0,1,443,11,0,0,0,0,0,0,0
C1,boundary_endpoint_50022,0,0,0,0,0,0,0,0,1,443,11,0,0,0,0,0,0,0
F60,boundary_endpoint_50022,0,0,0,0,0,0,0,0,1,443,11,0,0,0,1,0,1,0
C15,boundary_endpoint_50022,0,0,0,0,0,1,11,0,2,442,12,0,0,0,0,0,0,1
M50,boundary_endpoint_50022,0,0,0,0,0,0,0,0,0,443,10,0,0,0,0,0,0,0
M75,boundary_endpoint_50022,0,0,0,0,0,0,0,0,0,443,10,0,0,0,0,0,0,0
LC,boundary_endpoint_50022,0,0,0,0,0,1,12,0,4,437,14,0,0,0,0,0,0,1
PC,boundary_endpoint_50022,0,0,0,0,0,1,11,0,2,442,12,0,0,0,0,0,0,1
LPC,boundary_endpoint_50022,0,0,0,0,0,1,12,0,4,437,14,0,0,0,0,0,0,1
baseline,boundary_endpoint_50023,0,0,0,0,0,0,0,0,5,421,17,0,0,0,0,0,0,0
L30,boundary_endpoint_50023,0,0,0,0,0,0,0,0,2,415,14,0,0,0,0,0,0,0
S_all,boundary_endpoint_50023,3,0,0,1,0,0,0,0,5,422,17,0,0,0,0,0,0,0
L90,boundary_endpoint_50023,0,0,0,0,0,0,0,0,2,412,14,0,0,0,0,0,0,0
P1,boundary_endpoint_50023,3,0,0,1,0,0,0,0,5,422,17,0,0,3,0,0,0,0
previous_best,boundary_endpoint_50023,1,2,1,0,0,0,0,0,1,423,13,0,0,0,0,0,0,0
P2,boundary_endpoint_50023,3,0,0,1,0,0,0,0,5,422,17,0,0,3,0,0,0,0
F60,boundary_endpoint_50023,0,0,0,0,0,0,0,0,5,421,17,0,0,0,3,0,3,0
F120,boundary_endpoint_50023,0,0,0,0,0,0,0,0,5,421,17,0,0,0,8,0,8,0
C1,boundary_endpoint_50023,0,0,0,0,0,1,4,0,4,420,16,0,0,0,0,0,0,1
C15,boundary_endpoint_50023,0,0,0,0,0,6,46,0,0,416,12,0,0,0,0,0,0,6
LC,boundary_endpoint_50023,0,0,0,0,0,2,16,0,0,413,12,0,0,0,0,0,0,2
M50,boundary_endpoint_50023,0,0,0,0,0,0,0,0,3,420,15,5,2,0,0,0,0,0
M75,boundary_endpoint_50023,0,0,0,0,0,0,0,0,1,422,13,2,1,0,0,0,0,0
PC,boundary_endpoint_50023,3,0,0,1,0,6,46,0,0,417,12,0,0,3,0,0,0,6
LPC,boundary_endpoint_50023,1,0,0,0,0,2,16,0,0,413,12,0,0,1,0,0,0,2
baseline,boundary_endpoint_50024,0,0,0,0,0,0,0,0,2,412,15,0,0,0,0,0,0,0
previous_best,boundary_endpoint_50024,3,2,2,2,0,0,0,0,0,418,13,0,0,0,0,0,0,0
S_all,boundary_endpoint_50024,2,0,0,2,0,0,0,0,0,410,13,0,0,0,0,0,0,0
L90,boundary_endpoint_50024,0,0,0,0,0,0,0,0,1,407,14,0,0,0,0,0,0,0
L30,boundary_endpoint_50024,0,0,0,0,0,0,0,0,2,413,15,0,0,0,0,0,0,0
P1,boundary_endpoint_50024,2,0,0,2,0,0,0,0,0,410,13,0,0,2,0,0,0,0
P2,boundary_endpoint_50024,2,0,0,2,0,0,0,0,0,410,13,0,0,2,0,0,0,0
F60,boundary_endpoint_50024,0,0,0,0,0,0,0,0,2,412,15,0,0,0,1,0,1,0
F120,boundary_endpoint_50024,0,0,0,0,0,0,0,0,3,414,16,0,0,0,12,0,12,0
C1,boundary_endpoint_50024,0,0,0,0,0,1,8,0,5,410,18,0,0,0,0,0,0,1
C15,boundary_endpoint_50024,0,0,0,0,0,1,8,0,0,410,13,0,0,0,0,0,0,1
M50,boundary_endpoint_50024,0,0,0,0,0,0,0,0,2,412,15,2,0,0,0,0,0,0
M75,boundary_endpoint_50024,0,0,0,0,0,0,0,0,0,411,13,0,0,0,0,0,0,0
PC,boundary_endpoint_50024,2,0,0,2,0,1,4,0,0,410,13,0,0,2,0,0,0,1
LC,boundary_endpoint_50024,0,0,0,0,0,2,12,0,0,411,13,0,0,0,0,0,0,2
LPC,boundary_endpoint_50024,2,0,0,2,0,2,12,0,0,411,13,0,0,2,0,0,0,2
L30,boundary_endpoint_50025,0,0,0,0,0,0,0,0,3,383,17,0,0,0,0,0,0,0
L90,boundary_endpoint_50025,0,0,0,0,0,0,0,0,2,381,16,0,0,0,0,0,0,0
baseline,boundary_endpoint_50025,0,0,0,0,0,0,0,0,4,395,18,0,0,0,0,0,0,0
S_all,boundary_endpoint_50025,4,0,0,0,0,0,0,0,5,398,19,0,0,0,0,0,0,0
previous_best,boundary_endpoint_50025,8,5,4,2,0,0,0,0,1,402,15,0,0,0,0,0,0,0
P1,boundary_endpoint_50025,4,0,0,0,0,0,0,0,5,398,19,0,0,4,0,0,0,0
F60,boundary_endpoint_50025,0,0,0,0,0,0,0,0,4,395,18,0,0,0,4,2,2,0
F120,boundary_endpoint_50025,0,0,0,0,0,0,0,0,4,395,18,0,0,0,7,2,5,0
P2,boundary_endpoint_50025,4,0,0,0,0,0,0,0,5,398,19,0,0,4,0,0,0,0
C1,boundary_endpoint_50025,0,0,0,0,0,4,19,0,10,391,24,0,0,0,0,0,0,4
C15,boundary_endpoint_50025,0,0,0,0,0,6,44,0,5,389,19,0,0,0,0,0,0,6
LC,boundary_endpoint_50025,0,0,0,0,0,3,24,0,0,380,14,0,0,0,0,0,0,3
L30,boundary_endpoint_50026,0,0,0,0,0,0,0,0,0,397,10,0,0,0,0,0,0,0
PC,boundary_endpoint_50025,4,0,0,0,0,7,54,0,5,391,19,0,0,4,0,0,0,7
baseline,boundary_endpoint_50026,0,0,0,0,0,0,0,0,3,408,13,0,0,0,0,0,0,0
M50,boundary_endpoint_50025,0,0,0,0,0,0,0,0,2,394,16,6,4,0,0,0,0,0
S_all,boundary_endpoint_50026,0,0,0,0,0,0,0,0,3,408,13,0,0,0,0,0,0,0
LPC,boundary_endpoint_50025,1,0,0,0,0,3,24,0,0,380,14,0,0,1,0,0,0,3
L90,boundary_endpoint_50026,0,0,0,0,0,0,0,0,0,399,10,0,0,0,0,0,0,0
previous_best,boundary_endpoint_50026,2,1,0,0,0,0,0,0,1,411,11,0,0,0,0,0,0,0
M75,boundary_endpoint_50025,0,0,0,0,0,0,0,0,2,396,16,5,3,0,0,0,0,0
P1,boundary_endpoint_50026,0,0,0,0,0,0,0,0,3,408,13,0,0,0,0,0,0,0
F60,boundary_endpoint_50026,0,0,0,0,0,0,0,0,3,408,13,0,0,0,3,0,3,0
P2,boundary_endpoint_50026,0,0,0,0,0,0,0,0,3,408,13,0,0,0,0,0,0,0
C15,boundary_endpoint_50026,0,0,0,0,0,2,18,0,0,405,10,0,0,0,0,0,0,2
LC,boundary_endpoint_50026,0,0,0,0,0,0,0,0,0,397,10,0,0,0,0,0,0,0
C1,boundary_endpoint_50026,0,0,0,0,0,1,8,0,8,406,18,0,0,0,0,0,0,1
F120,boundary_endpoint_50026,0,0,0,0,0,0,0,0,3,408,13,0,0,0,8,1,7,0
PC,boundary_endpoint_50026,0,0,0,0,0,2,18,0,0,405,10,0,0,0,0,0,0,2
M75,boundary_endpoint_50026,0,0,0,0,0,0,0,0,0,407,10,0,0,0,0,0,0,0
M50,boundary_endpoint_50026,0,0,0,0,0,0,0,0,3,408,13,3,0,0,0,0,0,0
LPC,boundary_endpoint_50026,0,0,0,0,0,0,0,0,0,397,10,0,0,0,0,0,0,0
L30,boundary_endpoint_50027,0,0,0,0,0,0,0,0,0,394,13,0,0,0,0,0,0,0
baseline,boundary_endpoint_50027,0,0,0,0,0,0,0,0,3,403,16,0,0,0,0,0,0,0
S_all,boundary_endpoint_50027,2,0,0,0,0,0,0,0,3,404,16,0,0,0,0,0,0,0
P1,boundary_endpoint_50027,2,0,0,0,0,0,0,0,3,404,16,0,0,2,0,0,0,0
L90,boundary_endpoint_50027,0,0,0,0,0,0,0,0,2,396,15,0,0,0,0,0,0,0
P2,boundary_endpoint_50027,2,0,0,0,0,0,0,0,3,404,16,0,0,2,0,0,0,0
previous_best,boundary_endpoint_50027,5,2,1,1,0,0,0,0,1,403,14,0,0,0,0,0,0,0
F60,boundary_endpoint_50027,0,0,0,0,0,0,0,0,3,403,16,0,0,0,2,0,2,0
F120,boundary_endpoint_50027,0,0,0,0,0,0,0,0,3,403,16,0,0,0,7,0,7,0
C1,boundary_endpoint_50027,0,0,0,0,0,1,4,0,3,402,16,0,0,0,0,0,0,1
C15,boundary_endpoint_50027,0,0,0,0,0,5,37,0,5,400,18,0,0,0,0,0,0,5
baseline,boundary_endpoint_50028,0,0,0,0,0,0,0,0,2,432,12,0,0,0,0,0,0,0
M50,boundary_endpoint_50027,0,0,0,0,0,0,0,0,1,401,14,5,4,0,0,0,0,0
LC,boundary_endpoint_50027,0,0,0,0,0,2,20,0,7,394,20,0,0,0,0,0,0,2
PC,boundary_endpoint_50027,2,0,0,0,0,5,37,0,5,401,18,0,0,2,0,0,0,5
S_all,boundary_endpoint_50028,0,0,0,0,0,0,0,0,2,432,12,0,0,0,0,0,0,0
M75,boundary_endpoint_50027,0,0,0,0,0,0,0,0,1,404,14,3,2,0,0,0,0,0
LPC,boundary_endpoint_50027,2,0,0,1,0,1,10,0,3,395,16,0,0,2,0,0,0,1
previous_best,boundary_endpoint_50028,2,1,1,0,0,0,0,0,0,436,10,0,0,0,0,0,0,0
L30,boundary_endpoint_50028,0,0,0,0,0,0,0,0,1,427,11,0,0,0,0,0,0,0
L90,boundary_endpoint_50028,0,0,0,0,0,0,0,0,1,428,11,0,0,0,0,0,0,0
P1,boundary_endpoint_50028,0,0,0,0,0,0,0,0,2,432,12,0,0,0,0,0,0,0
P2,boundary_endpoint_50028,0,0,0,0,0,0,0,0,2,432,12,0,0,0,0,0,0,0
F60,boundary_endpoint_50028,0,0,0,0,0,0,0,0,2,432,12,0,0,0,2,0,2,0
F120,boundary_endpoint_50028,0,0,0,0,0,0,0,0,2,432,12,0,0,0,6,0,6,0
C1,boundary_endpoint_50028,0,0,0,0,0,3,12,0,6,430,16,0,0,0,0,0,0,3
C15,boundary_endpoint_50028,0,0,0,0,0,5,26,0,3,430,13,0,0,0,0,0,0,5
M50,boundary_endpoint_50028,0,0,0,0,0,0,0,0,2,432,12,5,3,0,0,0,0,0
M75,boundary_endpoint_50028,0,0,0,0,0,0,0,0,2,432,12,5,3,0,0,0,0,0
LC,boundary_endpoint_50028,0,0,0,0,0,2,8,0,0,426,10,0,0,0,0,0,0,2
PC,boundary_endpoint_50028,0,0,0,0,0,5,26,0,3,430,13,0,0,0,0,0,0,5
LPC,boundary_endpoint_50028,1,0,0,1,0,2,8,0,0,426,10,0,0,1,0,0,0,2
baseline,boundary_endpoint_50029,0,0,0,0,0,0,0,0,4,340,19,0,0,0,0,0,0,0
S_all,boundary_endpoint_50029,6,0,0,3,0,0,0,0,4,343,19,0,0,0,0,0,0,0
L90,boundary_endpoint_50029,0,0,0,0,0,0,0,0,0,332,15,0,0,0,0,0,0,0
L30,boundary_endpoint_50029,0,0,0,0,0,0,0,0,2,333,17,0,0,0,0,0,0,0
P1,boundary_endpoint_50029,6,0,0,3,0,0,0,0,4,343,19,0,0,6,0,0,0,0
P2,boundary_endpoint_50029,6,0,0,3,0,0,0,0,4,343,19,0,0,6,0,0,0,0
previous_best,boundary_endpoint_50029,8,5,3,2,0,0,0,0,2,338,17,0,0,0,0,0,0,0
F60,boundary_endpoint_50029,0,0,0,0,0,0,0,0,4,340,19,0,0,0,3,0,3,0
F120,boundary_endpoint_50029,0,0,0,0,0,0,0,0,4,340,19,0,0,0,10,1,9,0
C1,boundary_endpoint_50029,0,0,0,0,0,1,4,0,5,339,20,0,0,0,0,0,0,1
C15,boundary_endpoint_50029,0,0,0,0,0,8,62,0,8,335,23,0,0,0,0,0,0,8
baseline,boundary_endpoint_50030,0,0,0,0,0,0,0,0,2,464,12,0,0,0,0,0,0,0
M50,boundary_endpoint_50029,0,0,0,0,0,0,0,0,2,340,17,6,4,0,0,0,0,0
LC,boundary_endpoint_50029,0,0,0,0,0,4,25,0,4,331,19,0,0,0,0,0,0,4
PC,boundary_endpoint_50029,5,0,0,2,0,8,58,0,10,340,25,0,0,5,0,0,0,8
M75,boundary_endpoint_50029,0,0,0,0,0,0,0,0,1,341,16,4,3,0,0,0,0,0
S_all,boundary_endpoint_50030,2,0,0,0,0,0,0,0,2,466,12,0,0,0,0,0,0,0
previous_best,boundary_endpoint_50030,6,1,0,3,0,0,0,0,1,465,11,0,0,0,0,0,0,0
LPC,boundary_endpoint_50029,2,0,0,0,0,4,25,0,4,332,19,0,0,2,0,0,0,4
L30,boundary_endpoint_50030,0,0,0,0,0,0,0,0,0,457,10,0,0,0,0,0,0,0
L90,boundary_endpoint_50030,0,0,0,0,0,0,0,0,0,456,10,0,0,0,0,0,0,0
F120,boundary_endpoint_50030,0,0,0,0,0,0,0,0,2,464,12,0,0,0,7,1,6,0
P1,boundary_endpoint_50030,2,0,0,0,0,0,0,0,2,466,12,0,0,2,0,0,0,0
F60,boundary_endpoint_50030,0,0,0,0,0,0,0,0,2,464,12,0,0,0,1,0,1,0
P2,boundary_endpoint_50030,2,0,0,0,0,0,0,0,2,466,12,0,0,2,0,0,0,0
C15,boundary_endpoint_50030,0,0,0,0,0,3,26,0,2,462,12,0,0,0,0,0,0,3
C1,boundary_endpoint_50030,0,0,0,0,0,0,0,0,2,464,12,0,0,0,0,0,0,0
LC,boundary_endpoint_50030,0,0,0,0,0,1,7,0,2,457,12,0,0,0,0,0,0,1
M50,boundary_endpoint_50030,0,0,0,0,0,0,0,0,3,464,13,4,1,0,0,0,0,0
M75,boundary_endpoint_50030,0,0,0,0,0,0,0,0,1,464,11,2,1,0,0,0,0,0
PC,boundary_endpoint_50030,1,0,0,0,0,3,26,0,2,463,12,0,0,1,0,0,0,3
S_all,boundary_endpoint_50031,1,0,0,0,0,0,0,0,4,366,15,0,0,0,0,0,0,0
L30,boundary_endpoint_50031,0,0,0,0,0,0,0,0,0,374,11,0,0,0,0,0,0,0
LPC,boundary_endpoint_50030,2,0,0,1,0,1,7,0,2,457,12,0,0,2,0,0,0,1
baseline,boundary_endpoint_50031,0,0,0,0,0,0,0,0,6,391,17,0,0,0,0,0,0,0
P1,boundary_endpoint_50031,1,0,0,0,0,0,0,0,4,366,15,0,0,1,0,0,0,0
P2,boundary_endpoint_50031,1,0,0,0,0,0,0,0,4,366,15,0,0,1,0,0,0,0
L90,boundary_endpoint_50031,0,0,0,0,0,0,0,0,1,417,12,0,0,0,0,0,0,0
previous_best,boundary_endpoint_50031,5,3,1,1,0,0,0,0,2,418,13,0,0,0,0,0,0,0
F60,boundary_endpoint_50031,0,0,0,0,0,0,0,0,6,391,17,0,0,0,6,0,6,0
F120,boundary_endpoint_50031,0,0,0,0,0,0,0,0,6,391,17,0,0,0,12,0,12,0
C15,boundary_endpoint_50031,0,0,0,0,0,5,37,0,0,384,11,0,0,0,0,0,0,5
LC,boundary_endpoint_50031,0,0,0,0,0,0,0,0,0,374,11,0,0,0,0,0,0,0
C1,boundary_endpoint_50031,0,0,0,0,0,1,4,0,5,388,16,0,0,0,0,0,0,1
LPC,boundary_endpoint_50031,1,0,0,1,0,0,0,0,0,373,11,0,0,1,0,0,0,0
M50,boundary_endpoint_50031,0,0,0,0,0,0,0,0,6,391,17,6,0,0,0,0,0,0
PC,boundary_endpoint_50031,1,0,0,0,0,5,37,0,0,384,11,0,0,1,0,0,0,5
M75,boundary_endpoint_50031,0,0,0,0,0,0,0,0,5,391,16,5,0,0,0,0,0,0
baseline,boundary_endpoint_50032,0,0,0,0,0,0,0,0,3,379,17,0,0,0,0,0,0,0
previous_best,boundary_endpoint_50032,1,3,2,0,0,0,0,0,1,376,15,0,0,0,0,0,0,0
L30,boundary_endpoint_50032,0,0,0,0,0,0,0,0,2,363,16,0,0,0,0,0,0,0
L90,boundary_endpoint_50032,0,0,0,0,0,0,0,0,1,362,15,0,0,0,0,0,0,0
S_all,boundary_endpoint_50032,2,0,0,1,0,0,0,0,2,377,16,0,0,0,0,0,0,0
P1,boundary_endpoint_50032,2,0,0,1,0,0,0,0,2,377,16,0,0,2,0,0,0,0
P2,boundary_endpoint_50032,2,0,0,1,0,0,0,0,2,377,16,0,0,2,0,0,0,0
F120,boundary_endpoint_50032,0,0,0,0,0,0,0,0,3,379,17,0,0,0,11,1,10,0
F60,boundary_endpoint_50032,0,0,0,0,0,0,0,0,3,379,17,0,0,0,2,0,2,0
C1,boundary_endpoint_50032,0,0,0,0,0,1,4,0,3,379,17,0,0,0,0,0,0,1
C15,boundary_endpoint_50032,0,0,0,0,0,4,27,0,5,376,19,0,0,0,0,0,0,4
LC,boundary_endpoint_50032,0,0,0,0,0,3,22,0,5,361,19,0,0,0,0,0,0,3
baseline,boundary_endpoint_50033,0,0,0,0,0,0,0,0,0,375,13,0,0,0,0,0,0,0
LPC,boundary_endpoint_50032,4,0,0,3,0,3,21,0,5,361,19,0,0,4,0,0,0,3
PC,boundary_endpoint_50032,2,0,0,1,0,3,19,0,5,375,19,0,0,2,0,0,0,3
M50,boundary_endpoint_50032,0,0,0,0,0,0,0,0,4,379,18,5,1,0,0,0,0,0
S_all,boundary_endpoint_50033,0,0,0,0,0,0,0,0,0,375,13,0,0,0,0,0,0,0
L30,boundary_endpoint_50033,0,0,0,0,0,0,0,0,0,366,13,0,0,0,0,0,0,0
M75,boundary_endpoint_50032,0,0,0,0,0,0,0,0,2,379,16,3,1,0,0,0,0,0
previous_best,boundary_endpoint_50033,2,2,1,0,0,0,0,0,1,377,14,0,0,0,0,0,0,0
L90,boundary_endpoint_50033,0,0,0,0,0,0,0,0,2,324,15,0,0,0,0,0,0,0
P2,boundary_endpoint_50033,0,0,0,0,0,0,0,0,0,375,13,0,0,0,0,0,0,0
F60,boundary_endpoint_50033,0,0,0,0,0,0,0,0,0,375,13,0,0,0,0,0,0,0
F120,boundary_endpoint_50033,0,0,0,0,0,0,0,0,0,375,13,0,0,0,6,0,6,0
P1,boundary_endpoint_50033,0,0,0,0,0,0,0,0,0,375,13,0,0,0,0,0,0,0
C1,boundary_endpoint_50033,0,0,0,0,0,0,0,0,0,375,13,0,0,0,0,0,0,0
C15,boundary_endpoint_50033,0,0,0,0,0,1,7,0,2,375,15,0,0,0,0,0,0,1
M50,boundary_endpoint_50033,0,0,0,0,0,0,0,0,0,375,13,1,1,0,0,0,0,0
LC,boundary_endpoint_50033,0,0,0,0,0,1,7,0,2,366,15,0,0,0,0,0,0,1
M75,boundary_endpoint_50033,0,0,0,0,0,0,0,0,0,375,13,1,1,0,0,0,0,0
PC,boundary_endpoint_50033,0,0,0,0,0,1,7,0,2,375,15,0,0,0,0,0,0,1
LPC,boundary_endpoint_50033,1,0,0,1,0,1,7,0,2,366,15,0,0,1,0,0,0,1
baseline,boundary_endpoint_50034,0,0,0,0,0,0,0,0,3,288,19,0,0,0,0,0,0,0
S_all,boundary_endpoint_50034,5,0,0,0,0,0,0,0,3,291,19,0,0,0,0,0,0,0
previous_best,boundary_endpoint_50034,5,3,1,2,0,0,0,0,2,381,18,0,0,0,0,0,0,0
L30,boundary_endpoint_50034,0,0,0,0,0,0,0,0,3,284,19,0,0,0,0,0,0,0
P1,boundary_endpoint_50034,4,0,0,0,0,0,0,0,3,290,19,0,0,4,0,0,0,0
L90,boundary_endpoint_50034,0,0,0,0,0,0,0,0,1,369,17,0,0,0,0,0,0,0
P2,boundary_endpoint_50034,5,0,0,0,0,0,0,0,3,291,19,0,0,5,0,0,0,0
F60,boundary_endpoint_50034,0,0,0,0,0,0,0,0,3,288,19,0,0,0,3,0,3,0
F120,boundary_endpoint_50034,0,0,0,0,0,0,0,0,3,288,19,0,0,0,9,0,9,0
C1,boundary_endpoint_50034,0,0,0,0,0,2,8,0,6,286,22,0,0,0,0,0,0,2
C15,boundary_endpoint_50034,0,0,0,0,0,4,30,0,11,286,27,0,0,0,0,0,0,4
LC,boundary_endpoint_50034,0,0,0,0,0,2,8,0,0,281,16,0,0,0,0,0,0,2
M50,boundary_endpoint_50034,0,0,0,0,0,0,0,0,3,288,19,5,2,0,0,0,0,0
LPC,boundary_endpoint_50034,3,0,0,2,0,3,12,0,0,341,16,0,0,3,0,0,0,3
PC,boundary_endpoint_50034,3,0,0,0,0,4,30,0,11,287,27,0,0,3,0,0,0,4
previous_best,boundary_endpoint_50035,4,5,4,2,0,0,0,0,1,391,16,0,0,0,0,0,0,0
baseline,boundary_endpoint_50035,0,0,0,0,0,0,0,0,5,402,20,0,0,0,0,0,0,0
M75,boundary_endpoint_50034,0,0,0,0,0,0,0,0,2,291,18,2,0,0,0,0,0,0
S_all,boundary_endpoint_50035,6,0,0,1,0,0,0,0,5,405,20,0,0,0,0,0,0,0
L30,boundary_endpoint_50035,0,0,0,0,0,0,0,0,2,364,17,0,0,0,0,0,0,0
L90,boundary_endpoint_50035,0,0,0,0,0,0,0,0,5,379,20,0,0,0,0,0,0,0
P1,boundary_endpoint_50035,5,0,0,1,0,0,0,0,5,405,20,0,0,5,0,0,0,0
P2,boundary_endpoint_50035,6,0,0,1,0,0,0,0,5,405,20,0,0,6,0,0,0,0
F60,boundary_endpoint_50035,0,0,0,0,0,0,0,0,5,402,20,0,0,0,2,0,2,0
F120,boundary_endpoint_50035,0,0,0,0,0,0,0,0,5,402,20,0,0,0,8,0,8,0
C15,boundary_endpoint_50035,0,0,0,0,0,7,58,0,7,397,22,0,0,0,0,0,0,7
LC,boundary_endpoint_50035,0,0,0,0,0,3,25,0,4,362,19,0,0,0,0,0,0,3
C1,boundary_endpoint_50035,0,0,0,0,0,2,8,0,4,401,19,0,0,0,0,0,0,2
M50,boundary_endpoint_50035,0,0,0,0,0,0,0,0,4,403,19,6,2,0,0,0,0,0
M75,boundary_endpoint_50035,0,0,0,0,0,0,0,0,2,405,17,3,1,0,0,0,0,0
PC,boundary_endpoint_50035,2,0,0,1,0,6,47,0,5,398,20,0,0,2,0,0,0,6
baseline,boundary_endpoint_50036,0,0,0,0,0,0,0,0,1,411,13,0,0,0,0,0,0,0
LPC,boundary_endpoint_50035,1,0,0,1,0,3,25,0,4,361,19,0,0,1,0,0,0,3
S_all,boundary_endpoint_50036,5,0,0,2,0,0,0,0,1,414,13,0,0,0,0,0,0,0
L30,boundary_endpoint_50036,0,0,0,0,0,0,0,0,0,401,12,0,0,0,0,0,0,0
previous_best,boundary_endpoint_50036,5,3,1,2,0,0,0,0,2,379,14,0,0,0,0,0,0,0
L90,boundary_endpoint_50036,0,0,0,0,0,0,0,0,2,405,14,0,0,0,0,0,0,0
P1,boundary_endpoint_50036,5,0,0,2,0,0,0,0,1,414,13,0,0,5,0,0,0,0
P2,boundary_endpoint_50036,5,0,0,2,0,0,0,0,1,414,13,0,0,5,0,0,0,0
F60,boundary_endpoint_50036,0,0,0,0,0,0,0,0,1,411,13,0,0,0,2,0,2,0
F120,boundary_endpoint_50036,0,0,0,0,0,0,0,0,1,411,13,0,0,0,4,0,4,0
C1,boundary_endpoint_50036,0,0,0,0,0,1,4,0,1,411,13,0,0,0,0,0,0,1
C15,boundary_endpoint_50036,0,0,0,0,0,4,30,0,4,410,16,0,0,0,0,0,0,4
LC,boundary_endpoint_50036,0,0,0,0,0,1,8,0,2,401,14,0,0,0,0,0,0,1
M50,boundary_endpoint_50036,0,0,0,0,0,0,0,0,1,411,13,4,3,0,0,0,0,0
LPC,boundary_endpoint_50036,2,0,0,1,0,1,8,0,2,402,14,0,0,2,0,0,0,1
M75,boundary_endpoint_50036,0,0,0,0,0,0,0,0,0,412,12,2,2,0,0,0,0,0
PC,boundary_endpoint_50036,2,0,0,1,0,4,30,0,4,411,16,0,0,2,0,0,0,4
baseline,boundary_endpoint_50037,0,0,0,0,0,0,0,0,4,470,14,0,0,0,0,0,0,0
previous_best,boundary_endpoint_50037,3,3,2,1,0,0,0,0,1,469,11,0,0,0,0,0,0,0
S_all,boundary_endpoint_50037,3,0,0,2,0,0,0,0,4,472,14,0,0,0,0,0,0,0
L90,boundary_endpoint_50037,0,0,0,0,0,0,0,0,3,464,13,0,0,0,0,0,0,0
P1,boundary_endpoint_50037,3,0,0,2,0,0,0,0,4,472,14,0,0,3,0,0,0,0
L30,boundary_endpoint_50037,0,0,0,0,0,0,0,0,3,466,13,0,0,0,0,0,0,0
F60,boundary_endpoint_50037,0,0,0,0,0,0,0,0,4,470,14,0,0,0,3,0,3,0
P2,boundary_endpoint_50037,3,0,0,2,0,0,0,0,4,472,14,0,0,3,0,0,0,0
F120,boundary_endpoint_50037,0,0,0,0,0,0,0,0,4,470,14,0,0,0,8,0,8,0
C1,boundary_endpoint_50037,0,0,0,0,0,3,12,0,4,467,14,0,0,0,0,0,0,3
C15,boundary_endpoint_50037,0,0,0,0,0,5,32,0,9,467,19,0,0,0,0,0,0,5
M50,boundary_endpoint_50037,0,0,0,0,0,0,0,0,3,470,13,6,3,0,0,0,0,0
baseline,boundary_endpoint_50038,0,0,0,0,0,0,0,0,0,399,11,0,0,0,0,0,0,0
LC,boundary_endpoint_50037,0,0,0,0,0,4,24,0,0,463,10,0,0,0,0,0,0,4
LPC,boundary_endpoint_50037,2,0,0,1,0,4,24,0,0,462,10,0,0,2,0,0,0,4
PC,boundary_endpoint_50037,1,0,0,1,0,5,32,0,8,467,18,0,0,1,0,0,0,5
M75,boundary_endpoint_50037,0,0,0,0,0,0,0,0,2,472,12,3,1,0,0,0,0,0
S_all,boundary_endpoint_50038,0,0,0,0,0,0,0,0,0,399,11,0,0,0,0,0,0,0
L30,boundary_endpoint_50038,0,0,0,0,0,0,0,0,0,387,11,0,0,0,0,0,0,0
previous_best,boundary_endpoint_50038,6,1,1,0,0,0,0,0,0,395,11,0,0,0,0,0,0,0
L90,boundary_endpoint_50038,0,0,0,0,0,0,0,0,1,393,12,0,0,0,0,0,0,0
P1,boundary_endpoint_50038,0,0,0,0,0,0,0,0,0,399,11,0,0,0,0,0,0,0
F60,boundary_endpoint_50038,0,0,0,0,0,0,0,0,0,399,11,0,0,0,0,0,0,0
P2,boundary_endpoint_50038,0,0,0,0,0,0,0,0,0,399,11,0,0,0,0,0,0,0
F120,boundary_endpoint_50038,0,0,0,0,0,0,0,0,0,399,11,0,0,0,7,0,7,0
C1,boundary_endpoint_50038,0,0,0,0,0,0,0,0,0,399,11,0,0,0,0,0,0,0
C15,boundary_endpoint_50038,0,0,0,0,0,1,8,0,1,399,12,0,0,0,0,0,0,1
M50,boundary_endpoint_50038,0,0,0,0,0,0,0,0,0,399,11,1,1,0,0,0,0,0
M75,boundary_endpoint_50038,0,0,0,0,0,0,0,0,0,400,11,0,0,0,0,0,0,0
PC,boundary_endpoint_50038,0,0,0,0,0,1,8,0,1,399,12,0,0,0,0,0,0,1
LC,boundary_endpoint_50038,0,0,0,0,0,1,4,0,0,387,11,0,0,0,0,0,0,1
LPC,boundary_endpoint_50038,3,0,0,0,0,1,4,0,0,388,11,0,0,3,0,0,0,1
L30,boundary_endpoint_50039,0,0,0,0,0,0,0,0,0,390,13,0,0,0,0,0,0,0
baseline,boundary_endpoint_50039,0,0,0,0,0,0,0,0,2,403,15,0,0,0,0,0,0,0
S_all,boundary_endpoint_50039,2,0,0,0,0,0,0,0,2,405,15,0,0,0,0,0,0,0
L90,boundary_endpoint_50039,0,0,0,0,0,0,0,0,3,394,16,0,0,0,0,0,0,0
previous_best,boundary_endpoint_50039,7,4,3,2,0,0,0,0,1,392,14,0,0,0,0,0,0,0
P1,boundary_endpoint_50039,2,0,0,0,0,0,0,0,2,405,15,0,0,2,0,0,0,0
P2,boundary_endpoint_50039,2,0,0,0,0,0,0,0,2,405,15,0,0,2,0,0,0,0
F120,boundary_endpoint_50039,0,0,0,0,0,0,0,0,2,403,15,0,0,0,5,0,5,0
C1,boundary_endpoint_50039,0,0,0,0,0,2,8,0,2,402,15,0,0,0,0,0,0,2
C15,boundary_endpoint_50039,0,0,0,0,0,4,24,0,4,401,17,0,0,0,0,0,0,4
F60,boundary_endpoint_50039,0,0,0,0,0,0,0,0,2,403,15,0,0,0,0,0,0,0
LPC,boundary_endpoint_50039,2,0,0,2,0,2,10,0,0,390,13,0,0,2,0,0,0,2
LC,boundary_endpoint_50039,0,0,0,0,0,2,10,0,0,390,13,0,0,0,0,0,0,2
M50,boundary_endpoint_50039,0,0,0,0,0,0,0,0,2,403,15,5,3,0,0,0,0,0
PC,boundary_endpoint_50039,1,0,0,0,0,5,28,0,4,403,17,0,0,1,0,0,0,5
M75,boundary_endpoint_50039,0,0,0,0,0,0,0,0,2,404,15,4,2,0,0,0,0,0
baseline,boundary_endpoint_50040,0,0,0,0,0,0,0,0,5,370,20,0,0,0,0,0,0,0
L30,boundary_endpoint_50040,0,0,0,0,0,0,0,0,0,352,15,0,0,0,0,0,0,0
S_all,boundary_endpoint_50040,6,0,0,3,0,0,0,0,2,368,17,0,0,0,0,0,0,0
L90,boundary_endpoint_50040,0,0,0,0,0,0,0,0,2,343,17,0,0,0,0,0,0,0
previous_best,boundary_endpoint_50040,8,5,4,3,0,0,0,0,1,349,16,0,0,0,0,0,0,0
P2,boundary_endpoint_50040,6,0,0,3,0,0,0,0,2,368,17,0,0,6,0,0,0,0
P1,boundary_endpoint_50040,6,0,0,3,0,0,0,0,2,368,17,0,0,6,0,0,0,0
F120,boundary_endpoint_50040,0,0,0,0,0,0,0,0,4,369,19,0,0,0,11,2,9,0
F60,boundary_endpoint_50040,0,0,0,0,0,0,0,0,5,370,20,0,0,0,2,0,2,0
C1,boundary_endpoint_50040,0,0,0,0,0,2,8,0,6,367,21,0,0,0,0,0,0,2
C15,boundary_endpoint_50040,0,0,0,0,0,9,62,0,9,364,24,0,0,0,0,0,0,9
LC,boundary_endpoint_50040,0,0,0,0,0,1,6,0,0,352,15,0,0,0,0,0,0,1
LPC,boundary_endpoint_50040,2,0,0,1,0,1,6,0,0,351,15,0,0,2,0,0,0,1
baseline,boundary_endpoint_50041,0,0,0,0,0,0,0,0,4,392,17,0,0,0,0,0,0,0
PC,boundary_endpoint_50040,5,0,0,3,0,6,34,0,7,365,22,0,0,5,0,0,0,6
M50,boundary_endpoint_50040,0,0,0,0,0,0,0,0,6,370,21,10,4,0,0,0,0,0
S_all,boundary_endpoint_50041,3,0,0,1,0,0,0,0,3,392,16,0,0,0,0,0,0,0
M75,boundary_endpoint_50040,0,0,0,0,0,0,0,0,5,375,20,6,1,0,0,0,0,0
L30,boundary_endpoint_50041,0,0,0,0,0,0,0,0,2,381,15,0,0,0,0,0,0,0
previous_best,boundary_endpoint_50041,6,3,2,0,0,0,0,0,1,396,14,0,0,0,0,0,0,0
L90,boundary_endpoint_50041,0,0,0,0,0,0,0,0,4,378,17,0,0,0,0,0,0,0
P1,boundary_endpoint_50041,3,0,0,1,0,0,0,0,3,392,16,0,0,3,0,0,0,0
F120,boundary_endpoint_50041,0,0,0,0,0,0,0,0,4,392,17,0,0,0,8,0,8,0
P2,boundary_endpoint_50041,3,0,0,1,0,0,0,0,3,392,16,0,0,3,0,0,0,0
C1,boundary_endpoint_50041,0,0,0,0,0,1,4,0,4,392,17,0,0,0,0,0,0,1
F60,boundary_endpoint_50041,0,0,0,0,0,0,0,0,4,392,17,0,0,0,1,0,1,0
C15,boundary_endpoint_50041,0,0,0,0,0,5,40,0,0,388,13,0,0,0,0,0,0,5
M50,boundary_endpoint_50041,0,0,0,0,0,0,0,0,1,391,14,3,2,0,0,0,0,0
LC,boundary_endpoint_50041,0,0,0,0,0,4,26,0,1,379,14,0,0,0,0,0,0,4
M75,boundary_endpoint_50041,0,0,0,0,0,0,0,0,0,391,13,2,2,0,0,0,0,0
PC,boundary_endpoint_50041,3,0,0,1,0,4,28,0,0,388,13,0,0,3,0,0,0,4
LPC,boundary_endpoint_50041,2,0,0,1,0,4,26,0,1,383,14,0,0,2,0,0,0,4
baseline,boundary_endpoint_50042,0,0,0,0,0,0,0,0,3,426,18,0,0,0,0,0,0,0
S_all,boundary_endpoint_50042,5,0,0,2,0,0,0,0,3,425,18,0,0,0,0,0,0,0
L30,boundary_endpoint_50042,0,0,0,0,0,0,0,0,2,424,17,0,0,0,0,0,0,0
L90,boundary_endpoint_50042,0,0,0,0,0,0,0,0,2,420,17,0,0,0,0,0,0,0
P1,boundary_endpoint_50042,5,0,0,2,0,0,0,0,3,425,18,0,0,5,0,0,0,0
P2,boundary_endpoint_50042,5,0,0,2,0,0,0,0,3,425,18,0,0,5,0,0,0,0
F60,boundary_endpoint_50042,0,0,0,0,0,0,0,0,3,426,18,0,0,0,2,0,2,0
F120,boundary_endpoint_50042,0,0,0,0,0,0,0,0,3,426,18,0,0,0,11,0,11,0
previous_best,boundary_endpoint_50042,5,4,3,2,0,0,0,0,1,397,16,0,0,0,0,0,0,0
C1,boundary_endpoint_50042,0,0,0,0,0,2,8,0,4,424,19,0,0,0,0,0,0,2
C15,boundary_endpoint_50042,0,0,0,0,0,3,18,0,0,423,15,0,0,0,0,0,0,3
LC,boundary_endpoint_50042,0,0,0,0,0,2,14,0,0,422,15,0,0,0,0,0,0,2
PC,boundary_endpoint_50042,4,0,0,2,0,2,14,0,0,421,15,0,0,4,0,0,0,2
M75,boundary_endpoint_50042,0,0,0,0,0,0,0,0,1,425,16,2,1,0,0,0,0,0
M50,boundary_endpoint_50042,0,0,0,0,0,0,0,0,2,425,17,3,1,0,0,0,0,0
LPC,boundary_endpoint_50042,2,0,0,1,0,3,18,0,0,419,15,0,0,2,0,0,0,3
baseline,boundary_endpoint_50043,0,0,0,0,0,0,0,0,5,442,19,0,0,0,0,0,0,0
S_all,boundary_endpoint_50043,6,0,0,1,0,0,0,0,4,445,18,0,0,0,0,0,0,0
L30,boundary_endpoint_50043,0,0,0,0,0,0,0,0,2,353,16,0,0,0,0,0,0,0
previous_best,boundary_endpoint_50043,5,4,2,1,0,0,0,0,2,445,16,0,0,0,0,0,0,0
P1,boundary_endpoint_50043,4,0,0,1,0,0,0,0,4,443,18,0,0,4,0,0,0,0
P2,boundary_endpoint_50043,6,0,0,1,0,0,0,0,4,445,18,0,0,6,0,0,0,0
F60,boundary_endpoint_50043,0,0,0,0,0,0,0,0,5,442,19,0,0,0,1,0,1,0
F120,boundary_endpoint_50043,0,0,0,0,0,0,0,0,5,442,19,0,0,0,8,0,8,0
C15,boundary_endpoint_50043,0,0,0,0,0,4,31,0,6,358,20,0,0,0,0,0,0,4
L90,boundary_endpoint_50043,0,0,0,0,0,0,0,0,4,359,18,0,0,0,0,0,0,0
C1,boundary_endpoint_50043,0,0,0,0,0,3,16,0,8,440,22,0,0,0,0,0,0,3
LC,boundary_endpoint_50043,0,0,0,0,0,3,21,0,3,351,17,0,0,0,0,0,0,3
M50,boundary_endpoint_50043,0,0,0,0,0,0,0,0,3,443,17,7,4,0,0,0,0,0
M75,boundary_endpoint_50043,0,0,0,0,0,0,0,0,4,447,18,5,1,0,0,0,0,0
PC,boundary_endpoint_50043,3,0,0,0,0,5,42,0,10,358,24,0,0,3,0,0,0,5
LPC,boundary_endpoint_50043,2,0,0,0,0,4,29,0,3,354,17,0,0,2,0,0,0,4
L30,boundary_endpoint_50044,0,0,0,0,0,0,0,0,2,405,15,0,0,0,0,0,0,0
baseline,boundary_endpoint_50044,0,0,0,0,0,0,0,0,2,412,15,0,0,0,0,0,0,0
S_all,boundary_endpoint_50044,2,0,0,1,0,0,0,0,2,411,15,0,0,0,0,0,0,0
previous_best,boundary_endpoint_50044,4,0,0,0,0,0,0,0,0,416,13,0,0,0,0,0,0,0
L90,boundary_endpoint_50044,0,0,0,0,0,0,0,0,2,405,15,0,0,0,0,0,0,0
P1,boundary_endpoint_50044,2,0,0,1,0,0,0,0,2,411,15,0,0,2,0,0,0,0
P2,boundary_endpoint_50044,2,0,0,1,0,0,0,0,2,411,15,0,0,2,0,0,0,0
F60,boundary_endpoint_50044,0,0,0,0,0,0,0,0,2,412,15,0,0,0,2,0,2,0
F120,boundary_endpoint_50044,0,0,0,0,0,0,0,0,2,412,15,0,0,0,13,2,11,0
C1,boundary_endpoint_50044,0,0,0,0,0,0,0,0,2,412,15,0,0,0,0,0,0,0
C15,boundary_endpoint_50044,0,0,0,0,0,2,20,0,0,410,13,0,0,0,0,0,0,2
PC,boundary_endpoint_50044,2,0,0,1,0,2,20,0,0,409,13,0,0,2,0,0,0,2
LC,boundary_endpoint_50044,0,0,0,0,0,3,18,0,0,403,13,0,0,0,0,0,0,3
M50,boundary_endpoint_50044,0,0,0,0,0,0,0,0,1,412,14,1,0,0,0,0,0,0
M75,boundary_endpoint_50044,0,0,0,0,0,0,0,0,0,412,13,0,0,0,0,0,0,0
LPC,boundary_endpoint_50044,3,0,0,1,0,3,18,0,0,404,13,0,0,3,0,0,0,3
baseline,boundary_endpoint_50045,0,0,0,0,0,0,0,0,3,387,19,0,0,0,0,0,0,0
S_all,boundary_endpoint_50045,3,0,0,0,0,0,0,0,4,391,20,0,0,0,0,0,0,0
previous_best,boundary_endpoint_50045,5,3,3,0,0,0,0,0,0,394,16,0,0,0,0,0,0,0
L90,boundary_endpoint_50045,0,0,0,0,0,0,0,0,1,371,17,0,0,0,0,0,0,0
L30,boundary_endpoint_50045,0,0,0,0,0,0,0,0,2,372,18,0,0,0,0,0,0,0
P1,boundary_endpoint_50045,3,0,0,0,0,0,0,0,4,391,20,0,0,3,0,0,0,0
F60,boundary_endpoint_50045,0,0,0,0,0,0,0,0,3,387,19,0,0,0,3,0,3,0
P2,boundary_endpoint_50045,3,0,0,0,0,0,0,0,4,391,20,0,0,3,0,0,0,0
F120,boundary_endpoint_50045,0,0,0,0,0,0,0,0,3,387,19,0,0,0,13,1,12,0
C1,boundary_endpoint_50045,0,0,0,0,0,1,4,0,5,386,21,0,0,0,0,0,0,1
C15,boundary_endpoint_50045,0,0,0,0,0,4,37,0,8,384,24,0,0,0,0,0,0,4
baseline,boundary_endpoint_50046,0,0,0,0,0,0,0,0,5,373,17,0,0,0,0,0,0,0
PC,boundary_endpoint_50045,3,0,0,0,0,5,49,0,8,387,24,0,0,3,0,0,0,5
LC,boundary_endpoint_50045,0,0,0,0,0,4,26,0,4,370,20,0,0,0,0,0,0,4
M50,boundary_endpoint_50045,0,0,0,0,0,0,0,0,2,386,18,5,3,0,0,0,0,0
previous_best,boundary_endpoint_50046,8,2,2,4,0,0,0,0,0,370,12,0,0,0,0,0,0,0
M75,boundary_endpoint_50045,0,0,0,0,0,0,0,0,1,388,17,2,1,0,0,0,0,0
L30,boundary_endpoint_50046,0,0,0,0,0,0,0,0,4,370,16,0,0,0,0,0,0,0
LPC,boundary_endpoint_50045,3,0,0,2,0,5,38,0,4,370,20,0,0,3,0,0,0,5
S_all,boundary_endpoint_50046,6,0,0,2,0,0,0,0,6,380,18,0,0,0,0,0,0,0
L90,boundary_endpoint_50046,0,0,0,0,0,0,0,0,4,368,16,0,0,0,0,0,0,0
F60,boundary_endpoint_50046,0,0,0,0,0,0,0,0,5,373,17,0,0,0,1,0,1,0
P2,boundary_endpoint_50046,6,0,0,2,0,0,0,0,5,376,17,0,0,6,0,0,0,0
P1,boundary_endpoint_50046,5,0,0,2,0,0,0,0,5,377,17,0,0,5,0,0,0,0
C15,boundary_endpoint_50046,0,0,0,0,0,5,36,0,5,366,17,0,0,0,0,0,0,5
F120,boundary_endpoint_50046,0,0,0,0,0,0,0,0,6,376,18,0,0,0,15,4,11,0
C1,boundary_endpoint_50046,0,0,0,0,0,1,4,0,4,372,16,0,0,0,0,0,0,1
LC,boundary_endpoint_50046,0,0,0,0,0,3,16,0,1,367,13,0,0,0,0,0,0,3
PC,boundary_endpoint_50046,4,0,0,2,0,4,26,0,0,368,12,0,0,4,0,0,0,4
M50,boundary_endpoint_50046,0,0,0,0,0,0,0,0,6,374,18,8,2,0,0,0,0,0
M75,boundary_endpoint_50046,0,0,0,0,0,0,0,0,2,373,14,3,1,0,0,0,0,0
baseline,boundary_endpoint_50047,0,0,0,0,0,0,0,0,2,403,14,0,0,0,0,0,0,0
S_all,boundary_endpoint_50047,0,0,0,0,0,0,0,0,2,403,14,0,0,0,0,0,0,0
LPC,boundary_endpoint_50046,4,0,0,4,0,3,16,0,1,364,13,0,0,4,0,0,0,3
L30,boundary_endpoint_50047,0,0,0,0,0,0,0,0,1,401,13,0,0,0,0,0,0,0
L90,boundary_endpoint_50047,0,0,0,0,0,0,0,0,1,401,13,0,0,0,0,0,0,0
P1,boundary_endpoint_50047,0,0,0,0,0,0,0,0,2,403,14,0,0,0,0,0,0,0
F120,boundary_endpoint_50047,0,0,0,0,0,0,0,0,2,403,14,0,0,0,10,0,10,0
F60,boundary_endpoint_50047,0,0,0,0,0,0,0,0,2,403,14,0,0,0,3,0,3,0
P2,boundary_endpoint_50047,0,0,0,0,0,0,0,0,2,403,14,0,0,0,0,0,0,0
previous_best,boundary_endpoint_50047,3,1,1,1,0,0,0,0,0,364,12,0,0,0,0,0,0,0
C1,boundary_endpoint_50047,0,0,0,0,0,1,4,0,2,402,14,0,0,0,0,0,0,1
C15,boundary_endpoint_50047,0,0,0,0,0,4,27,0,4,401,16,0,0,0,0,0,0,4
M50,boundary_endpoint_50047,0,0,0,0,0,0,0,0,1,403,13,4,3,0,0,0,0,0
M75,boundary_endpoint_50047,0,0,0,0,0,0,0,0,1,405,13,2,1,0,0,0,0,0
LC,boundary_endpoint_50047,0,0,0,0,0,2,12,0,1,400,13,0,0,0,0,0,0,2
PC,boundary_endpoint_50047,0,0,0,0,0,4,27,0,4,401,16,0,0,0,0,0,0,4
baseline,boundary_endpoint_50048,0,0,0,0,0,0,0,0,2,404,14,0,0,0,0,0,0,0
LPC,boundary_endpoint_50047,1,0,0,1,0,2,12,0,1,401,13,0,0,1,0,0,0,2
S_all,boundary_endpoint_50048,1,0,0,0,0,0,0,0,2,404,14,0,0,0,0,0,0,0
L30,boundary_endpoint_50048,0,0,0,0,0,0,0,0,0,384,12,0,0,0,0,0,0,0
L90,boundary_endpoint_50048,0,0,0,0,0,0,0,0,1,396,13,0,0,0,0,0,0,0
previous_best,boundary_endpoint_50048,2,5,3,0,0,0,0,0,2,392,14,0,0,0,0,0,0,0
P2,boundary_endpoint_50048,1,0,0,0,0,0,0,0,2,404,14,0,0,1,0,0,0,0
P1,boundary_endpoint_50048,1,0,0,0,0,0,0,0,2,404,14,0,0,1,0,0,0,0
F60,boundary_endpoint_50048,0,0,0,0,0,0,0,0,2,404,14,0,0,0,3,0,3,0
F120,boundary_endpoint_50048,0,0,0,0,0,0,0,0,2,404,14,0,0,0,6,0,6,0
C15,boundary_endpoint_50048,0,0,0,0,0,3,20,0,0,402,12,0,0,0,0,0,0,3
C1,boundary_endpoint_50048,0,0,0,0,0,1,4,0,2,404,14,0,0,0,0,0,0,1
PC,boundary_endpoint_50048,1,0,0,0,0,3,20,0,0,402,12,0,0,1,0,0,0,3
LC,boundary_endpoint_50048,0,0,0,0,0,1,4,0,0,384,12,0,0,0,0,0,0,1
LPC,boundary_endpoint_50048,1,0,0,1,0,1,4,0,0,383,12,0,0,1,0,0,0,1
M50,boundary_endpoint_50048,0,0,0,0,0,0,0,0,3,424,15,4,1,0,0,0,0,0
M75,boundary_endpoint_50048,0,0,0,0,0,0,0,0,2,424,14,3,1,0,0,0,0,0
baseline,boundary_endpoint_50049,0,0,0,0,0,0,0,0,5,348,20,0,0,0,0,0,0,0
S_all,boundary_endpoint_50049,9,0,0,3,0,0,0,0,4,353,19,0,0,0,0,0,0,0
L90,boundary_endpoint_50049,0,0,0,0,0,0,0,0,2,343,17,0,0,0,0,0,0,0
L30,boundary_endpoint_50049,0,0,0,0,0,0,0,0,1,308,16,0,0,0,0,0,0,0
F60,boundary_endpoint_50049,0,0,0,0,0,0,0,0,5,348,20,0,0,0,1,0,1,0
P1,boundary_endpoint_50049,8,0,0,2,0,0,0,0,4,353,19,0,0,8,0,0,0,0
P2,boundary_endpoint_50049,9,0,0,3,0,0,0,0,4,353,19,0,0,9,0,0,0,0
previous_best,boundary_endpoint_50049,6,1,0,2,0,0,0,0,1,360,16,0,0,0,0,0,0,0
F120,boundary_endpoint_50049,0,0,0,0,0,0,0,0,5,348,20,0,0,0,7,0,7,0
C1,boundary_endpoint_50049,0,0,0,0,0,1,4,0,4,346,19,0,0,0,0,0,0,1
M50,boundary_endpoint_50049,0,0,0,0,0,0,0,0,4,360,19,8,4,0,0,0,0,0
C15,boundary_endpoint_50049,0,0,0,0,0,8,65,0,22,342,37,0,0,0,0,0,0,8
baseline,mixed_smooth_50000,0,0,0,0,0,0,0,0,1,346,11,0,0,0,0,0,0,0
LC,boundary_endpoint_50049,0,0,0,0,0,2,14,0,4,307,19,0,0,0,0,0,0,2
S_all,mixed_smooth_50000,12,0,0,8,0,0,0,0,4,332,14,0,0,0,0,0,0,0
PC,boundary_endpoint_50049,5,0,0,2,0,7,59,0,18,343,33,0,0,5,0,0,0,7
M75,boundary_endpoint_50049,0,0,0,0,0,0,0,0,1,350,16,5,4,0,0,0,0,0
LPC,boundary_endpoint_50049,7,0,0,2,0,3,31,0,4,346,19,0,0,7,0,0,0,3
previous_best,mixed_smooth_50000,9,7,4,6,0,0,0,0,3,309,13,0,0,0,0,0,0,0
P1,mixed_smooth_50000,15,0,0,10,0,0,0,0,3,354,13,0,0,15,0,0,0,0
L90,mixed_smooth_50000,0,0,0,0,0,0,0,0,4,320,14,0,0,0,0,0,0,0
L30,mixed_smooth_50000,0,0,0,0,0,0,0,0,1,338,11,0,0,0,0,0,0,0
P2,mixed_smooth_50000,11,0,0,7,0,0,0,0,4,331,14,0,0,11,0,0,0,0
F120,mixed_smooth_50000,0,0,0,0,0,0,0,0,1,346,11,0,0,0,8,6,2,0
F60,mixed_smooth_50000,0,0,0,0,0,0,0,0,1,346,11,0,0,0,1,0,1,0
C1,mixed_smooth_50000,0,0,0,0,0,1,6,0,1,346,11,0,0,0,0,0,0,1
C15,mixed_smooth_50000,0,0,0,0,0,8,53,0,16,345,26,0,0,0,0,0,0,8
M50,mixed_smooth_50000,0,0,0,0,0,0,0,0,1,346,11,8,7,0,0,0,0,0
baseline,mixed_smooth_50001,0,0,0,0,0,0,0,0,5,245,19,0,0,0,0,0,0,0
PC,mixed_smooth_50000,12,0,0,8,0,6,42,0,8,349,18,0,0,12,0,0,0,6
LPC,mixed_smooth_50000,11,0,0,8,0,4,30,0,18,308,28,0,0,11,0,0,0,4
LC,mixed_smooth_50000,0,0,0,0,0,3,20,0,4,337,14,0,0,0,0,0,0,3
M75,mixed_smooth_50000,0,0,0,0,0,0,0,0,4,352,14,8,4,0,0,0,0,0
S_all,mixed_smooth_50001,26,0,0,26,0,0,0,0,4,255,18,0,0,0,0,0,0,0
previous_best,mixed_smooth_50001,19,10,6,19,0,0,0,0,4,206,18,0,0,0,0,0,0,0
P1,mixed_smooth_50001,16,0,0,15,0,0,0,0,0,247,14,0,0,16,0,0,0,0
F60,mixed_smooth_50001,0,0,0,0,0,0,0,0,5,245,19,0,0,0,1,0,1,0
L30,mixed_smooth_50001,0,0,0,0,0,0,0,0,3,241,17,0,0,0,0,0,0,0
L90,mixed_smooth_50001,0,0,0,0,0,0,0,0,2,273,16,0,0,0,0,0,0,0
F120,mixed_smooth_50001,0,0,0,0,0,0,0,0,5,245,19,0,0,0,9,4,5,0
P2,mixed_smooth_50001,18,0,0,18,0,0,0,0,1,249,15,0,0,18,0,0,0,0
C1,mixed_smooth_50001,0,0,0,0,0,4,28,0,11,236,25,0,0,0,0,0,0,4
C15,mixed_smooth_50001,0,0,0,0,0,10,74,0,21,232,35,0,0,0,0,0,0,10
baseline,mixed_smooth_50002,0,0,0,0,0,0,0,0,1,153,17,0,0,0,0,0,0,0
M75,mixed_smooth_50001,0,0,0,0,0,0,0,0,4,225,18,8,4,0,0,0,0,0
M50,mixed_smooth_50001,0,0,0,0,0,0,0,0,6,225,20,9,3,0,0,0,0,0
LPC,mixed_smooth_50001,16,0,0,15,0,7,41,0,18,225,32,0,0,16,0,0,0,7
S_all,mixed_smooth_50002,28,0,0,26,0,0,0,0,6,217,22,0,0,0,0,0,0,0
PC,mixed_smooth_50001,19,0,0,15,0,7,52,0,16,273,30,0,0,19,0,0,0,7
LC,mixed_smooth_50001,0,0,0,0,0,7,46,0,21,238,35,0,0,0,0,0,0,7
P1,mixed_smooth_50002,23,0,0,21,0,0,0,0,3,222,19,0,0,23,0,0,0,0
L30,mixed_smooth_50002,0,0,0,0,0,0,0,0,4,178,20,0,0,0,0,0,0,0
L90,mixed_smooth_50002,0,0,0,0,0,0,0,0,5,219,21,0,0,0,0,0,0,0
F60,mixed_smooth_50002,0,0,0,0,0,0,0,0,1,153,17,0,0,0,0,0,0,0
P2,mixed_smooth_50002,29,0,0,26,0,0,0,0,5,221,21,0,0,29,0,0,0,0
previous_best,mixed_smooth_50002,22,9,4,20,0,0,0,0,5,201,21,0,0,0,0,0,0,0
F120,mixed_smooth_50002,0,0,0,0,0,0,0,0,2,218,18,0,0,0,11,8,3,0
C1,mixed_smooth_50002,0,0,0,0,0,0,0,0,1,153,17,0,0,0,0,0,0,0
C15,mixed_smooth_50002,0,0,0,0,0,7,47,0,11,150,27,0,0,0,0,0,0,7
PC,mixed_smooth_50002,21,0,0,19,0,7,52,0,23,219,39,0,0,21,0,0,0,7
baseline,mixed_smooth_50003,0,0,0,0,0,0,0,0,7,211,22,0,0,0,0,0,0,0
M50,mixed_smooth_50002,0,0,0,0,0,0,0,0,2,152,18,7,5,0,0,0,0,0
M75,mixed_smooth_50002,0,0,0,0,0,0,0,0,1,155,17,5,4,0,0,0,0,0
S_all,mixed_smooth_50003,24,0,0,23,0,0,0,0,5,313,20,0,0,0,0,0,0,0
L30,mixed_smooth_50003,0,0,0,0,0,1,4,0,3,301,18,0,0,0,0,0,0,0
previous_best,mixed_smooth_50003,26,10,5,19,0,0,0,0,5,258,20,0,0,0,0,0,0,0
LPC,mixed_smooth_50002,15,0,0,13,0,8,46,0,16,206,32,0,0,15,0,0,0,8
LC,mixed_smooth_50002,0,0,0,0,0,7,44,0,8,174,24,0,0,0,0,0,0,7
P1,mixed_smooth_50003,25,0,0,24,0,0,0,0,3,224,18,0,0,25,0,0,0,0
F60,mixed_smooth_50003,0,0,0,0,0,0,0,0,7,211,22,0,0,0,2,0,2,0
P2,mixed_smooth_50003,22,0,0,21,0,0,0,0,5,304,20,0,0,22,0,0,0,0
F120,mixed_smooth_50003,0,0,0,0,0,0,0,0,7,211,22,0,0,0,13,8,5,0
L90,mixed_smooth_50003,0,0,0,0,0,1,4,0,6,250,21,0,0,0,0,0,0,0
C1,mixed_smooth_50003,0,0,0,0,0,5,26,0,17,208,32,0,0,0,0,0,0,5
baseline,mixed_smooth_50004,0,0,0,0,0,0,0,0,2,346,13,0,0,0,0,0,0,0
C15,mixed_smooth_50003,0,0,0,0,0,10,72,0,25,208,40,0,0,0,0,0,0,10
S_all,mixed_smooth_50004,15,0,0,11,0,0,0,0,2,348,13,0,0,0,0,0,0,0
previous_best,mixed_smooth_50004,11,9,5,10,0,0,0,0,4,311,15,0,0,0,0,0,0,0
L30,mixed_smooth_50004,0,0,0,0,0,0,0,0,1,330,12,0,0,0,0,0,0,0
M50,mixed_smooth_50003,0,0,0,0,0,0,0,0,4,222,19,10,6,0,0,0,0,0
L90,mixed_smooth_50004,0,0,0,0,0,0,0,0,2,328,13,0,0,0,0,0,0,0
LC,mixed_smooth_50003,0,0,0,0,0,7,47,0,17,290,32,0,0,0,0,0,0,7
P1,mixed_smooth_50004,15,0,0,11,0,0,0,0,2,348,13,0,0,15,0,0,0,0
P2,mixed_smooth_50004,15,0,0,11,0,0,0,0,2,348,13,0,0,15,0,0,0,0
LPC,mixed_smooth_50003,18,0,0,16,0,12,78,0,19,207,34,0,0,18,0,0,0,12
F60,mixed_smooth_50004,0,0,0,0,0,0,0,0,2,346,13,0,0,0,0,0,0,0
PC,mixed_smooth_50003,24,0,0,23,0,8,53,0,7,220,22,0,0,24,0,0,0,8
M75,mixed_smooth_50003,0,0,0,0,0,1,4,0,9,248,24,12,5,0,0,0,0,0
F120,mixed_smooth_50004,0,0,0,0,0,0,0,0,3,346,14,0,0,0,8,4,4,0
C15,mixed_smooth_50004,0,0,0,0,0,6,40,0,19,344,30,0,0,0,0,0,0,6
C1,mixed_smooth_50004,0,0,0,0,0,0,0,0,2,346,13,0,0,0,0,0,0,0
M50,mixed_smooth_50004,0,0,0,0,0,0,0,0,1,345,12,6,5,0,0,0,0,0
PC,mixed_smooth_50004,14,0,0,10,0,8,52,0,19,346,30,0,0,14,0,0,0,8
M75,mixed_smooth_50004,0,0,0,0,0,0,0,0,1,343,12,2,1,0,0,0,0,0
baseline,mixed_smooth_50005,0,0,0,0,0,0,0,0,2,266,15,0,0,0,0,0,0,0
LC,mixed_smooth_50004,0,0,0,0,0,7,42,0,15,329,26,0,0,0,0,0,0,7
previous_best,mixed_smooth_50005,17,8,3,15,0,0,0,0,5,302,18,0,0,0,0,0,0,0
L90,mixed_smooth_50005,0,0,0,0,0,0,0,0,1,263,14,0,0,0,0,0,0,0
S_all,mixed_smooth_50005,24,0,0,22,0,0,0,0,4,288,17,0,0,0,0,0,0,0
LPC,mixed_smooth_50004,12,0,0,11,0,4,20,0,8,305,19,0,0,12,0,0,0,4
L30,mixed_smooth_50005,0,0,0,0,0,0,0,0,2,269,15,0,0,0,0,0,0,0
P2,mixed_smooth_50005,24,0,0,22,0,0,0,0,4,288,17,0,0,24,0,0,0,0
P1,mixed_smooth_50005,22,0,0,20,0,0,0,0,4,287,17,0,0,22,0,0,0,0
F60,mixed_smooth_50005,0,0,0,0,0,0,0,0,2,266,15,0,0,0,0,0,0,0
F120,mixed_smooth_50005,0,0,0,0,0,0,0,0,0,289,13,0,0,0,10,8,2,0
C15,mixed_smooth_50005,0,0,0,0,0,9,65,0,18,263,31,0,0,0,0,0,0,9
C1,mixed_smooth_50005,0,0,0,0,0,0,0,0,2,266,15,0,0,0,0,0,0,0
LC,mixed_smooth_50005,0,0,0,0,0,5,28,0,4,267,17,0,0,0,0,0,0,5
PC,mixed_smooth_50005,19,0,0,17,0,7,54,0,16,282,29,0,0,19,0,0,0,7
M50,mixed_smooth_50005,0,0,0,0,0,0,0,0,1,267,14,7,6,0,0,0,0,0
M75,mixed_smooth_50005,0,0,0,0,0,0,0,0,0,306,13,3,3,0,0,0,0,0
S_all,mixed_smooth_50006,22,0,0,19,0,0,0,0,3,286,16,0,0,0,0,0,0,0
baseline,mixed_smooth_50006,0,0,0,0,0,0,0,0,2,280,15,0,0,0,0,0,0,0
previous_best,mixed_smooth_50006,16,11,7,12,0,0,0,0,4,248,17,0,0,0,0,0,0,0
LPC,mixed_smooth_50005,17,0,0,16,0,5,34,0,14,307,27,0,0,17,0,0,0,5
P1,mixed_smooth_50006,17,0,0,15,0,0,0,0,2,252,15,0,0,17,0,0,0,0
F120,mixed_smooth_50006,0,0,0,0,0,0,0,0,0,260,13,0,0,0,8,8,0,0
P2,mixed_smooth_50006,29,0,0,25,0,0,0,0,5,288,18,0,0,29,0,0,0,0
L30,mixed_smooth_50006,0,0,0,0,0,0,0,0,3,279,16,0,0,0,0,0,0,0
F60,mixed_smooth_50006,0,0,0,0,0,0,0,0,2,280,15,0,0,0,0,0,0,0
L90,mixed_smooth_50006,0,0,0,0,0,1,7,0,5,282,18,0,0,0,0,0,0,0
C1,mixed_smooth_50006,0,0,0,0,0,2,11,0,2,279,15,0,0,0,0,0,0,2
C15,mixed_smooth_50006,0,0,0,0,0,7,50,0,6,278,19,0,0,0,0,0,0,7
baseline,mixed_smooth_50007,0,0,0,0,0,0,0,0,2,283,15,0,0,0,0,0,0,0
PC,mixed_smooth_50006,17,0,0,14,0,6,38,0,7,258,20,0,0,17,0,0,0,6
S_all,mixed_smooth_50007,21,0,0,20,0,0,0,0,4,294,17,0,0,0,0,0,0,0
L30,mixed_smooth_50007,0,0,0,0,0,0,0,0,1,312,14,0,0,0,0,0,0,0
LC,mixed_smooth_50006,0,0,0,0,0,6,44,0,8,277,21,0,0,0,0,0,0,6
LPC,mixed_smooth_50006,19,0,0,17,0,4,26,0,7,261,20,0,0,19,0,0,0,4
previous_best,mixed_smooth_50007,15,7,4,14,0,0,0,0,3,363,16,0,0,0,0,0,0,0
M50,mixed_smooth_50006,0,0,0,0,0,1,8,0,3,285,16,8,5,0,0,0,0,0
L90,mixed_smooth_50007,0,0,0,0,0,0,0,0,1,318,14,0,0,0,0,0,0,0
M75,mixed_smooth_50006,0,0,0,0,0,0,0,0,3,290,16,9,6,0,0,0,0,0
P1,mixed_smooth_50007,15,0,0,14,0,0,0,0,4,289,17,0,0,15,0,0,0,0
F60,mixed_smooth_50007,0,0,0,0,0,0,0,0,2,283,15,0,0,0,0,0,0,0
P2,mixed_smooth_50007,21,0,0,20,0,0,0,0,4,294,17,0,0,21,0,0,0,0
F120,mixed_smooth_50007,0,0,0,0,0,0,0,0,2,284,15,0,0,0,6,4,2,0
C1,mixed_smooth_50007,0,0,0,0,0,1,6,0,5,283,18,0,0,0,0,0,0,1
C15,mixed_smooth_50007,0,0,0,0,0,9,58,0,24,281,37,0,0,0,0,0,0,9
M50,mixed_smooth_50007,0,0,0,0,0,0,0,0,1,283,14,9,8,0,0,0,0,0
M75,mixed_smooth_50007,0,0,0,0,0,0,0,0,1,283,14,10,9,0,0,0,0,0
LC,mixed_smooth_50007,0,0,0,0,0,6,37,0,13,310,26,0,0,0,0,0,0,6
PC,mixed_smooth_50007,13,0,0,13,0,8,48,0,20,283,33,0,0,13,0,0,0,8
LPC,mixed_smooth_50007,10,0,0,9,0,6,42,0,11,309,24,0,0,10,0,0,0,6
previous_best,mixed_smooth_50008,20,9,5,18,0,0,0,0,4,261,19,0,0,0,0,0,0,0
baseline,mixed_smooth_50008,0,0,0,0,0,0,0,0,4,272,19,0,0,0,0,0,0,0
L90,mixed_smooth_50008,0,0,0,0,0,0,0,0,0,244,15,0,0,0,0,0,0,0
L30,mixed_smooth_50008,0,0,0,0,0,0,0,0,2,218,17,0,0,0,0,0,0,0
S_all,mixed_smooth_50008,28,0,0,28,0,0,0,0,8,291,23,0,0,0,0,0,0,0
F120,mixed_smooth_50008,0,0,0,0,0,0,0,0,4,269,19,0,0,0,18,15,3,0
P1,mixed_smooth_50008,27,0,0,27,0,0,0,0,3,283,18,0,0,27,0,0,0,0
F60,mixed_smooth_50008,0,0,0,0,0,0,0,0,4,272,19,0,0,0,0,0,0,0
P2,mixed_smooth_50008,28,0,0,28,0,0,0,0,8,291,23,0,0,28,0,0,0,0
baseline,mixed_smooth_50009,0,0,0,0,0,0,0,0,2,333,12,0,0,0,0,0,0,0
C15,mixed_smooth_50008,0,0,0,0,0,8,70,0,12,268,27,0,0,0,0,0,0,8
C1,mixed_smooth_50008,0,0,0,0,0,3,20,0,10,271,25,0,0,0,0,0,0,3
S_all,mixed_smooth_50009,10,0,0,9,0,0,0,0,2,350,12,0,0,0,0,0,0,0
previous_best,mixed_smooth_50009,10,5,3,9,0,0,0,0,2,352,12,0,0,0,0,0,0,0
M75,mixed_smooth_50008,0,0,0,0,0,0,0,0,1,256,16,9,8,0,0,0,0,0
M50,mixed_smooth_50008,0,0,0,0,0,0,0,0,2,272,17,8,6,0,0,0,0,0
L30,mixed_smooth_50009,0,0,0,0,0,0,0,0,1,332,11,0,0,0,0,0,0,0
LC,mixed_smooth_50008,0,0,0,0,0,7,44,0,13,216,28,0,0,0,0,0,0,7
L90,mixed_smooth_50009,0,0,0,0,0,0,0,0,1,329,11,0,0,0,0,0,0,0
P1,mixed_smooth_50009,10,0,0,9,0,0,0,0,2,350,12,0,0,10,0,0,0,0
LPC,mixed_smooth_50008,17,0,0,16,0,6,42,0,13,259,28,0,0,17,0,0,0,6
P2,mixed_smooth_50009,10,0,0,9,0,0,0,0,2,350,12,0,0,10,0,0,0,0
F60,mixed_smooth_50009,0,0,0,0,0,0,0,0,2,333,12,0,0,0,1,0,1,0
PC,mixed_smooth_50008,23,0,0,23,0,9,72,0,12,276,27,0,0,23,0,0,0,9
F120,mixed_smooth_50009,0,0,0,0,0,0,0,0,1,320,11,0,0,0,7,5,2,0
C1,mixed_smooth_50009,0,0,0,0,0,1,4,0,2,333,12,0,0,0,0,0,0,1
C15,mixed_smooth_50009,0,0,0,0,0,6,38,0,6,331,16,0,0,0,0,0,0,6
PC,mixed_smooth_50009,7,0,0,6,0,4,24,0,4,346,14,0,0,7,0,0,0,4
LPC,mixed_smooth_50009,7,0,0,7,0,2,10,0,0,351,10,0,0,7,0,0,0,2
M50,mixed_smooth_50009,0,0,0,0,0,0,0,0,1,317,11,4,3,0,0,0,0,0
M75,mixed_smooth_50009,0,0,0,0,0,0,0,0,0,318,10,3,3,0,0,0,0,0
LC,mixed_smooth_50009,0,0,0,0,0,2,18,0,6,330,16,0,0,0,0,0,0,2
S_all,mixed_smooth_50010,19,0,0,16,0,0,0,0,3,274,16,0,0,0,0,0,0,0
baseline,mixed_smooth_50010,0,0,0,0,0,0,0,0,3,298,16,0,0,0,0,0,0,0
previous_best,mixed_smooth_50010,20,9,4,18,0,0,0,0,5,281,18,0,0,0,0,0,0,0
P2,mixed_smooth_50010,18,0,0,15,0,0,0,0,3,273,16,0,0,18,0,0,0,0
P1,mixed_smooth_50010,19,0,0,16,0,0,0,0,3,272,16,0,0,19,0,0,0,0
L30,mixed_smooth_50010,0,0,0,0,0,0,0,0,2,297,15,0,0,0,0,0,0,0
L90,mixed_smooth_50010,0,0,0,0,0,0,0,0,2,295,15,0,0,0,0,0,0,0
F120,mixed_smooth_50010,0,0,0,0,0,0,0,0,1,335,14,0,0,0,16,14,2,0
F60,mixed_smooth_50010,0,0,0,0,0,0,0,0,3,298,16,0,0,0,1,0,1,0
C1,mixed_smooth_50010,0,0,0,0,0,3,12,0,7,297,20,0,0,0,0,0,0,3
M50,mixed_smooth_50010,0,0,0,0,0,0,0,0,2,258,15,8,6,0,0,0,0,0
C15,mixed_smooth_50010,0,0,0,0,0,6,40,0,13,295,26,0,0,0,0,0,0,6
baseline,mixed_smooth_50011,0,0,0,0,0,0,0,0,3,257,16,0,0,0,0,0,0,0
previous_best,mixed_smooth_50011,18,12,5,17,0,0,0,0,7,256,20,0,0,0,0,0,0,0
PC,mixed_smooth_50010,15,0,0,14,0,10,77,0,18,251,31,0,0,15,0,0,0,10
S_all,mixed_smooth_50011,30,0,0,28,0,0,0,0,3,297,16,0,0,0,0,0,0,0
L30,mixed_smooth_50011,0,0,0,0,0,0,0,0,1,258,14,0,0,0,0,0,0,0
LPC,mixed_smooth_50010,17,0,0,15,0,7,40,0,10,304,23,0,0,17,0,0,0,7
LC,mixed_smooth_50010,0,0,0,0,0,6,33,0,2,296,15,0,0,0,0,0,0,6
P1,mixed_smooth_50011,25,0,0,22,0,0,0,0,3,263,16,0,0,25,0,0,0,0
L90,mixed_smooth_50011,0,0,0,0,0,0,0,0,3,275,16,0,0,0,0,0,0,0
M75,mixed_smooth_50010,0,0,0,0,0,0,0,0,2,253,15,7,5,0,0,0,0,0
F60,mixed_smooth_50011,0,0,0,0,0,0,0,0,3,257,16,0,0,0,0,0,0,0
P2,mixed_smooth_50011,30,0,0,28,0,0,0,0,4,297,17,0,0,30,0,0,0,0
F120,mixed_smooth_50011,0,0,0,0,0,0,0,0,4,283,17,0,0,0,12,8,4,0
C1,mixed_smooth_50011,0,0,0,0,0,0,0,0,3,257,16,0,0,0,0,0,0,0
C15,mixed_smooth_50011,0,0,0,0,0,3,26,0,10,254,23,0,0,0,0,0,0,3
PC,mixed_smooth_50011,22,0,0,19,0,6,42,0,13,257,26,0,0,22,0,0,0,6
S_all,mixed_smooth_50012,14,0,0,11,0,0,0,0,2,334,13,0,0,0,0,0,0,0
LC,mixed_smooth_50011,0,0,0,0,0,6,28,0,8,257,21,0,0,0,0,0,0,6
M50,mixed_smooth_50011,0,0,0,0,0,0,0,0,2,250,15,7,5,0,0,0,0,0
baseline,mixed_smooth_50012,0,0,0,0,0,0,0,0,2,336,13,0,0,0,0,0,0,0
previous_best,mixed_smooth_50012,10,6,2,10,0,0,0,0,4,339,15,0,0,0,0,0,0,0
M75,mixed_smooth_50011,0,0,0,0,0,0,0,0,2,245,15,7,5,0,0,0,0,0
L90,mixed_smooth_50012,0,0,0,0,0,0,0,0,4,332,15,0,0,0,0,0,0,0
LPC,mixed_smooth_50011,17,0,0,17,0,4,18,0,6,229,19,0,0,17,0,0,0,4
P1,mixed_smooth_50012,14,0,0,11,0,0,0,0,2,334,13,0,0,14,0,0,0,0
L30,mixed_smooth_50012,0,0,0,0,0,0,0,0,3,335,14,0,0,0,0,0,0,0
P2,mixed_smooth_50012,14,0,0,11,0,0,0,0,2,334,13,0,0,14,0,0,0,0
F120,mixed_smooth_50012,0,0,0,0,0,0,0,0,2,336,13,0,0,0,10,6,4,0
F60,mixed_smooth_50012,0,0,0,0,0,0,0,0,2,336,13,0,0,0,1,0,1,0
C15,mixed_smooth_50012,0,0,0,0,0,6,38,0,12,331,23,0,0,0,0,0,0,6
C1,mixed_smooth_50012,0,0,0,0,0,0,0,0,2,336,13,0,0,0,0,0,0,0
PC,mixed_smooth_50012,12,0,0,9,0,7,48,0,12,330,23,0,0,12,0,0,0,7
M50,mixed_smooth_50012,0,0,0,0,0,0,0,0,3,337,14,4,1,0,0,0,0,0
LC,mixed_smooth_50012,0,0,0,0,0,6,36,0,16,329,27,0,0,0,0,0,0,6
M75,mixed_smooth_50012,0,0,0,0,0,0,0,0,4,334,15,8,4,0,0,0,0,0
baseline,mixed_smooth_50013,0,0,0,0,0,0,0,0,2,219,17,0,0,0,0,0,0,0
LPC,mixed_smooth_50012,11,0,0,8,0,6,36,0,16,331,27,0,0,11,0,0,0,6
S_all,mixed_smooth_50013,30,0,0,27,0,0,0,0,6,250,21,0,0,0,0,0,0,0
L90,mixed_smooth_50013,0,0,0,0,0,0,0,0,4,245,19,0,0,0,0,0,0,0
previous_best,mixed_smooth_50013,18,10,4,17,0,0,0,0,6,229,21,0,0,0,0,0,0,0
P2,mixed_smooth_50013,22,0,0,19,0,0,0,0,4,257,19,0,0,22,0,0,0,0
F120,mixed_smooth_50013,0,0,0,0,0,0,0,0,3,249,18,0,0,0,12,7,5,0
F60,mixed_smooth_50013,0,0,0,0,0,0,0,0,2,219,17,0,0,0,0,0,0,0
P1,mixed_smooth_50013,27,0,0,27,0,0,0,0,3,276,18,0,0,27,0,0,0,0
L30,mixed_smooth_50013,0,0,0,0,0,0,0,0,2,214,17,0,0,0,0,0,0,0
C15,mixed_smooth_50013,0,0,0,0,0,7,53,0,20,217,35,0,0,0,0,0,0,7
C1,mixed_smooth_50013,0,0,0,0,0,1,4,0,4,219,19,0,0,0,0,0,0,1
baseline,mixed_smooth_50014,0,0,0,0,0,0,0,0,3,221,19,0,0,0,0,0,0,0
S_all,mixed_smooth_50014,22,0,0,21,0,0,0,0,2,187,18,0,0,0,0,0,0,0
M50,mixed_smooth_50013,0,0,0,0,0,0,0,0,4,254,19,10,6,0,0,0,0,0
previous_best,mixed_smooth_50014,21,10,8,19,0,0,0,0,2,162,18,0,0,0,0,0,0,0
M75,mixed_smooth_50013,0,0,0,0,0,0,0,0,3,257,18,8,5,0,0,0,0,0
PC,mixed_smooth_50013,22,0,0,22,0,11,77,0,18,269,33,0,0,22,0,0,0,11
P1,mixed_smooth_50014,17,0,0,16,0,0,0,0,1,186,17,0,0,17,0,0,0,0
LPC,mixed_smooth_50013,22,0,0,20,0,5,24,0,4,266,19,0,0,22,0,0,0,5
L90,mixed_smooth_50014,0,0,0,0,0,0,0,0,1,199,17,0,0,0,0,0,0,0
LC,mixed_smooth_50013,0,0,0,0,0,8,58,0,11,212,26,0,0,0,0,0,0,8
P2,mixed_smooth_50014,19,0,0,18,0,0,0,0,1,165,17,0,0,19,0,0,0,0
F120,mixed_smooth_50014,0,0,0,0,0,0,0,0,3,221,19,0,0,0,7,3,4,0
F60,mixed_smooth_50014,0,0,0,0,0,0,0,0,3,221,19,0,0,0,1,0,1,0
L30,mixed_smooth_50014,0,0,0,0,0,0,0,0,5,212,21,0,0,0,0,0,0,0
C1,mixed_smooth_50014,0,0,0,0,0,2,10,0,3,220,19,0,0,0,0,0,0,2
C15,mixed_smooth_50014,0,0,0,0,0,12,78,0,15,216,31,0,0,0,0,0,0,12
PC,mixed_smooth_50014,13,0,0,13,0,9,54,0,8,185,24,0,0,13,0,0,0,9
previous_best,mixed_smooth_50015,12,12,7,12,0,0,0,0,5,286,18,0,0,0,0,0,0,0
baseline,mixed_smooth_50015,0,0,0,0,0,0,0,0,4,266,17,0,0,0,0,0,0,0
S_all,mixed_smooth_50015,24,0,0,24,0,0,0,0,2,270,15,0,0,0,0,0,0,0
M75,mixed_smooth_50014,0,0,0,0,0,0,0,0,1,174,17,9,8,0,0,0,0,0
LC,mixed_smooth_50014,0,0,0,0,0,6,36,0,6,191,22,0,0,0,0,0,0,6
M50,mixed_smooth_50014,0,0,0,0,0,0,0,0,4,225,20,10,6,0,0,0,0,0
L90,mixed_smooth_50015,0,0,0,0,0,0,0,0,2,296,15,0,0,0,0,0,0,0
LPC,mixed_smooth_50014,16,0,0,16,0,10,66,0,18,177,34,0,0,16,0,0,0,10
L30,mixed_smooth_50015,0,0,0,0,0,0,0,0,4,315,17,0,0,0,0,0,0,0
F60,mixed_smooth_50015,0,0,0,0,0,0,0,0,4,266,17,0,0,0,1,0,1,0
P1,mixed_smooth_50015,18,0,0,18,0,0,0,0,2,272,15,0,0,18,0,0,0,0
P2,mixed_smooth_50015,25,0,0,25,0,0,0,0,1,270,14,0,0,25,0,0,0,0
F120,mixed_smooth_50015,0,0,0,0,0,0,0,0,6,261,19,0,0,0,12,6,6,0
C1,mixed_smooth_50015,0,0,0,0,0,2,8,0,6,264,19,0,0,0,0,0,0,2
C15,mixed_smooth_50015,0,0,0,0,0,8,59,0,12,262,25,0,0,0,0,0,0,8
LC,mixed_smooth_50015,0,0,0,0,0,8,50,0,23,312,36,0,0,0,0,0,0,8
M50,mixed_smooth_50015,0,0,0,0,0,0,0,0,4,266,17,9,5,0,0,0,0,0
PC,mixed_smooth_50015,19,0,0,19,0,6,39,0,10,258,23,0,0,19,0,0,0,6
M75,mixed_smooth_50015,0,0,0,0,0,0,0,0,4,269,17,9,5,0,0,0,0,0
baseline,mixed_smooth_50016,0,0,0,0,0,0,0,0,6,231,21,0,0,0,0,0,0,0
LPC,mixed_smooth_50015,9,0,0,8,0,7,43,0,7,278,20,0,0,9,0,0,0,7
S_all,mixed_smooth_50016,22,0,0,18,0,0,0,0,6,220,21,0,0,0,0,0,0,0
previous_best,mixed_smooth_50016,21,11,4,18,0,0,0,0,7,216,22,0,0,0,0,0,0,0
F60,mixed_smooth_50016,0,0,0,0,0,0,0,0,6,231,21,0,0,0,4,2,2,0
P2,mixed_smooth_50016,20,0,0,20,0,0,0,0,2,211,17,0,0,20,0,0,0,0
P1,mixed_smooth_50016,18,0,0,15,0,0,0,0,4,216,19,0,0,18,0,0,0,0
F120,mixed_smooth_50016,0,0,0,0,0,0,0,0,8,236,23,0,0,0,21,13,8,0
C1,mixed_smooth_50016,0,0,0,0,0,5,20,0,11,225,26,0,0,0,0,0,0,5
C15,mixed_smooth_50016,0,0,0,0,0,10,55,0,18,223,33,0,0,0,0,0,0,10
L30,mixed_smooth_50016,0,0,0,0,0,0,0,0,5,211,20,0,0,0,0,0,0,0
L90,mixed_smooth_50016,0,0,0,0,0,0,0,0,5,217,20,0,0,0,0,0,0,0
baseline,mixed_smooth_50017,0,0,0,0,0,0,0,0,1,273,14,0,0,0,0,0,0,0
L90,mixed_smooth_50017,0,0,0,0,0,0,0,0,0,276,13,0,0,0,0,0,0,0
M50,mixed_smooth_50016,0,0,0,0,0,0,0,0,5,211,20,8,3,0,0,0,0,0
PC,mixed_smooth_50016,19,0,0,15,0,8,62,0,11,213,26,0,0,19,0,0,0,8
S_all,mixed_smooth_50017,22,0,0,21,0,0,0,0,2,285,15,0,0,0,0,0,0,0
M75,mixed_smooth_50016,0,0,0,0,0,0,0,0,4,211,19,9,5,0,0,0,0,0
P1,mixed_smooth_50017,19,0,0,18,0,0,0,0,1,278,14,0,0,19,0,0,0,0
LC,mixed_smooth_50016,0,0,0,0,0,8,48,0,11,203,26,0,0,0,0,0,0,8
L30,mixed_smooth_50017,0,0,0,0,0,1,4,0,5,284,18,0,0,0,0,0,0,0
LPC,mixed_smooth_50016,19,0,0,15,0,6,30,0,7,197,22,0,0,19,0,0,0,6
previous_best,mixed_smooth_50017,16,12,5,16,0,0,0,0,7,246,20,0,0,0,0,0,0,0
F60,mixed_smooth_50017,0,0,0,0,0,0,0,0,1,273,14,0,0,0,0,0,0,0
F120,mixed_smooth_50017,0,0,0,0,0,0,0,0,1,274,14,0,0,0,7,6,1,0
P2,mixed_smooth_50017,22,0,0,21,0,0,0,0,2,285,15,0,0,22,0,0,0,0
C1,mixed_smooth_50017,0,0,0,0,0,1,4,0,1,273,14,0,0,0,0,0,0,1
C15,mixed_smooth_50017,0,0,0,0,0,4,28,0,8,272,21,0,0,0,0,0,0,4
M50,mixed_smooth_50017,0,0,0,0,0,0,0,0,2,274,15,4,2,0,0,0,0,0
baseline,mixed_smooth_50018,0,0,0,0,0,0,0,0,3,298,14,0,0,0,0,0,0,0
PC,mixed_smooth_50017,19,0,0,18,0,4,31,0,6,276,19,0,0,19,0,0,0,4
M75,mixed_smooth_50017,0,0,0,0,0,0,0,0,4,276,17,6,2,0,0,0,0,0
S_all,mixed_smooth_50018,21,0,0,19,0,0,0,0,1,305,12,0,0,0,0,0,0,0
previous_best,mixed_smooth_50018,14,8,3,14,0,0,0,0,5,307,16,0,0,0,0,0,0,0
LPC,mixed_smooth_50017,13,0,0,13,0,6,37,0,12,276,25,0,0,13,0,0,0,6
LC,mixed_smooth_50017,0,0,0,0,0,5,27,0,5,275,18,0,0,0,0,0,0,5
L30,mixed_smooth_50018,0,0,0,0,0,0,0,0,3,295,14,0,0,0,0,0,0,0
L90,mixed_smooth_50018,0,0,0,0,0,0,0,0,2,284,13,0,0,0,0,0,0,0
P2,mixed_smooth_50018,21,0,0,19,0,0,0,0,2,306,13,0,0,21,0,0,0,0
P1,mixed_smooth_50018,14,0,0,12,0,0,0,0,3,301,14,0,0,14,0,0,0,0
F60,mixed_smooth_50018,0,0,0,0,0,0,0,0,3,298,14,0,0,0,2,0,2,0
F120,mixed_smooth_50018,0,0,0,0,0,0,0,0,3,298,14,0,0,0,12,8,4,0
C1,mixed_smooth_50018,0,0,0,0,0,2,11,0,6,296,17,0,0,0,0,0,0,2
C15,mixed_smooth_50018,0,0,0,0,0,6,42,0,10,295,21,0,0,0,0,0,0,6
PC,mixed_smooth_50018,13,0,0,11,0,5,38,0,18,298,29,0,0,13,0,0,0,5
LC,mixed_smooth_50018,0,0,0,0,0,2,12,0,3,300,14,0,0,0,0,0,0,2
M50,mixed_smooth_50018,0,0,0,0,0,0,0,0,1,297,12,5,4,0,0,0,0,0
baseline,mixed_smooth_50019,0,0,0,0,0,0,0,0,4,188,20,0,0,0,0,0,0,0
LPC,mixed_smooth_50018,13,0,0,11,0,3,12,0,3,292,14,0,0,13,0,0,0,3
M75,mixed_smooth_50018,0,0,0,0,0,0,0,0,7,306,18,12,5,0,0,0,0,0
S_all,mixed_smooth_50019,47,0,0,44,0,0,0,0,2,239,18,0,0,0,0,0,0,0
previous_best,mixed_smooth_50019,23,13,8,23,0,0,0,0,5,224,21,0,0,0,0,0,0,0
P1,mixed_smooth_50019,21,0,0,21,0,0,0,0,3,214,19,0,0,21,0,0,0,0
L30,mixed_smooth_50019,0,0,0,0,0,0,0,0,1,181,17,0,0,0,0,0,0,0
L90,mixed_smooth_50019,0,0,0,0,0,0,0,0,2,169,18,0,0,0,0,0,0,0
P2,mixed_smooth_50019,33,0,0,32,0,0,0,0,4,217,20,0,0,33,0,0,0,0
F60,mixed_smooth_50019,0,0,0,0,0,0,0,0,4,188,20,0,0,0,0,0,0,0
F120,mixed_smooth_50019,0,0,0,0,0,0,0,0,4,207,20,0,0,0,16,12,4,0
C1,mixed_smooth_50019,0,0,0,0,0,1,8,0,6,188,22,0,0,0,0,0,0,1
C15,mixed_smooth_50019,0,0,0,0,0,7,48,0,14,186,30,0,0,0,0,0,0,7
baseline,mixed_smooth_50020,0,0,0,0,0,0,0,0,3,332,13,0,0,0,0,0,0,0
S_all,mixed_smooth_50020,20,0,0,17,0,0,0,0,1,344,11,0,0,0,0,0,0,0
PC,mixed_smooth_50019,19,0,0,19,0,6,46,0,18,210,34,0,0,19,0,0,0,6
previous_best,mixed_smooth_50020,18,7,3,18,0,0,0,0,4,309,14,0,0,0,0,0,0,0
L30,mixed_smooth_50020,0,0,0,0,0,0,0,0,1,320,11,0,0,0,0,0,0,0
LPC,mixed_smooth_50019,17,0,0,17,0,7,36,0,8,178,24,0,0,17,0,0,0,7
M50,mixed_smooth_50019,0,0,0,0,0,0,0,0,3,199,19,9,6,0,0,0,0,0
LC,mixed_smooth_50019,0,0,0,0,0,6,38,0,11,180,27,0,0,0,0,0,0,6
P1,mixed_smooth_50020,17,0,0,15,0,0,0,0,0,340,10,0,0,17,0,0,0,0
M75,mixed_smooth_50019,0,0,0,0,0,0,0,0,1,202,17,6,5,0,0,0,0,0
L90,mixed_smooth_50020,0,0,0,0,0,0,0,0,2,326,12,0,0,0,0,0,0,0
P2,mixed_smooth_50020,20,0,0,17,0,0,0,0,1,344,11,0,0,20,0,0,0,0
F60,mixed_smooth_50020,0,0,0,0,0,0,0,0,3,332,13,0,0,0,1,0,1,0
F120,mixed_smooth_50020,0,0,0,0,0,0,0,0,3,332,13,0,0,0,14,10,4,0
C1,mixed_smooth_50020,0,0,0,0,0,1,8,0,5,332,15,0,0,0,0,0,0,1
C15,mixed_smooth_50020,0,0,0,0,0,7,53,0,24,329,34,0,0,0,0,0,0,7
LC,mixed_smooth_50020,0,0,0,0,0,4,28,0,10,320,20,0,0,0,0,0,0,4
PC,mixed_smooth_50020,17,0,0,15,0,6,34,0,11,340,21,0,0,17,0,0,0,6
S_all,mixed_smooth_50021,11,0,0,10,0,0,0,0,0,353,11,0,0,0,0,0,0,0
baseline,mixed_smooth_50021,0,0,0,0,0,0,0,0,1,365,12,0,0,0,0,0,0,0
M50,mixed_smooth_50020,0,0,0,0,0,0,0,0,2,332,12,8,6,0,0,0,0,0
M75,mixed_smooth_50020,0,0,0,0,0,0,0,0,2,333,12,8,6,0,0,0,0,0
LPC,mixed_smooth_50020,9,0,0,7,0,4,16,0,6,339,16,0,0,9,0,0,0,4
previous_best,mixed_smooth_50021,14,10,6,13,0,0,0,0,4,298,15,0,0,0,0,0,0,0
P1,mixed_smooth_50021,11,0,0,10,0,0,0,0,0,353,11,0,0,11,0,0,0,0
L30,mixed_smooth_50021,0,0,0,0,0,0,0,0,4,318,15,0,0,0,0,0,0,0
P2,mixed_smooth_50021,11,0,0,10,0,0,0,0,0,353,11,0,0,11,0,0,0,0
L90,mixed_smooth_50021,0,0,0,0,0,0,0,0,2,307,13,0,0,0,0,0,0,0
F60,mixed_smooth_50021,0,0,0,0,0,0,0,0,1,365,12,0,0,0,0,0,0,0
F120,mixed_smooth_50021,0,0,0,0,0,0,0,0,1,365,12,0,0,0,8,7,1,0
C15,mixed_smooth_50021,0,0,0,0,0,6,38,0,11,362,22,0,0,0,0,0,0,6
M50,mixed_smooth_50021,0,0,0,0,0,0,0,0,0,333,11,4,4,0,0,0,0,0
C1,mixed_smooth_50021,0,0,0,0,0,2,11,0,5,365,16,0,0,0,0,0,0,2
M75,mixed_smooth_50021,0,0,0,0,0,0,0,0,0,333,11,4,4,0,0,0,0,0
baseline,mixed_smooth_50022,0,0,0,0,0,0,0,0,0,308,10,0,0,0,0,0,0,0
PC,mixed_smooth_50021,11,0,0,10,0,7,44,0,6,353,17,0,0,11,0,0,0,7
LC,mixed_smooth_50021,0,0,0,0,0,5,32,0,7,316,18,0,0,0,0,0,0,5
previous_best,mixed_smooth_50022,13,8,4,12,0,0,0,0,4,306,14,0,0,0,0,0,0,0
LPC,mixed_smooth_50021,12,0,0,11,0,3,25,0,13,347,24,0,0,12,0,0,0,3
S_all,mixed_smooth_50022,14,0,0,13,0,0,0,0,2,306,12,0,0,0,0,0,0,0
P2,mixed_smooth_50022,14,0,0,13,0,0,0,0,2,306,12,0,0,14,0,0,0,0
F60,mixed_smooth_50022,0,0,0,0,0,0,0,0,0,308,10,0,0,0,0,0,0,0
F120,mixed_smooth_50022,0,0,0,0,0,0,0,0,0,308,10,0,0,0,9,8,1,0
P1,mixed_smooth_50022,15,0,0,14,0,0,0,0,3,310,13,0,0,15,0,0,0,0
L30,mixed_smooth_50022,0,0,0,0,0,1,104,0,29,307,39,0,0,0,0,0,0,0
C1,mixed_smooth_50022,0,0,0,0,0,1,4,0,0,308,10,0,0,0,0,0,0,1
C15,mixed_smooth_50022,0,0,0,0,0,4,23,0,5,308,15,0,0,0,0,0,0,4
L90,mixed_smooth_50022,0,0,0,0,0,0,0,0,4,296,14,0,0,0,0,0,0,0
M50,mixed_smooth_50022,0,0,0,0,0,0,0,0,0,307,10,4,4,0,0,0,0,0
PC,mixed_smooth_50022,10,0,0,10,0,7,50,0,14,298,24,0,0,10,0,0,0,7
M75,mixed_smooth_50022,0,0,0,0,0,0,0,0,3,315,13,5,2,0,0,0,0,0
previous_best,mixed_smooth_50023,20,8,7,19,0,0,0,0,1,242,13,0,0,0,0,0,0,0
baseline,mixed_smooth_50023,0,0,0,0,0,0,0,0,1,271,13,0,0,0,0,0,0,0
LPC,mixed_smooth_50022,11,0,0,8,0,5,24,0,1,311,11,0,0,11,0,0,0,5
S_all,mixed_smooth_50023,26,0,0,25,0,0,0,0,3,271,15,0,0,0,0,0,0,0
LC,mixed_smooth_50022,0,0,0,0,0,7,131,0,33,306,43,0,0,0,0,0,0,6
P1,mixed_smooth_50023,20,0,0,19,0,0,0,0,3,266,15,0,0,20,0,0,0,0
L30,mixed_smooth_50023,0,0,0,0,0,0,0,0,2,250,14,0,0,0,0,0,0,0
L90,mixed_smooth_50023,0,0,0,0,0,0,0,0,2,259,14,0,0,0,0,0,0,0
P2,mixed_smooth_50023,23,0,0,22,0,0,0,0,3,269,15,0,0,23,0,0,0,0
F60,mixed_smooth_50023,0,0,0,0,0,0,0,0,1,271,13,0,0,0,0,0,0,0
F120,mixed_smooth_50023,0,0,0,0,0,1,4,0,2,301,14,0,0,0,15,14,1,0
C1,mixed_smooth_50023,0,0,0,0,0,1,8,0,3,270,15,0,0,0,0,0,0,1
C15,mixed_smooth_50023,0,0,0,0,0,3,26,0,7,269,19,0,0,0,0,0,0,3
M75,mixed_smooth_50023,0,0,0,0,0,0,0,0,1,253,13,6,5,0,0,0,0,0
baseline,mixed_smooth_50024,0,0,0,0,0,0,0,0,1,266,14,0,0,0,0,0,0,0
PC,mixed_smooth_50023,15,0,0,12,0,9,57,0,9,257,21,0,0,15,0,0,0,9
M50,mixed_smooth_50023,0,0,0,0,0,0,0,0,1,271,13,3,2,0,0,0,0,0
LPC,mixed_smooth_50023,15,0,0,13,0,6,36,0,9,240,21,0,0,15,0,0,0,6
LC,mixed_smooth_50023,0,0,0,0,0,3,23,0,11,249,23,0,0,0,0,0,0,3
S_all,mixed_smooth_50024,20,0,0,18,0,0,0,0,3,260,16,0,0,0,0,0,0,0
L30,mixed_smooth_50024,0,0,0,0,0,0,0,0,0,298,13,0,0,0,0,0,0,0
previous_best,mixed_smooth_50024,21,9,2,19,0,0,0,0,7,285,20,0,0,0,0,0,0,0
L90,mixed_smooth_50024,0,0,0,0,0,0,0,0,4,254,17,0,0,0,0,0,0,0
P1,mixed_smooth_50024,17,0,0,16,0,0,0,0,3,257,16,0,0,17,0,0,0,0
P2,mixed_smooth_50024,20,0,0,18,0,0,0,0,3,260,16,0,0,20,0,0,0,0
F120,mixed_smooth_50024,0,0,0,0,0,0,0,0,3,297,16,0,0,0,12,8,4,0
F60,mixed_smooth_50024,0,0,0,0,0,0,0,0,1,266,14,0,0,0,0,0,0,0
C1,mixed_smooth_50024,0,0,0,0,0,0,0,0,1,266,14,0,0,0,0,0,0,0
C15,mixed_smooth_50024,0,0,0,0,0,5,44,0,15,265,28,0,0,0,0,0,0,5
LC,mixed_smooth_50024,0,0,0,0,0,5,32,0,11,298,24,0,0,0,0,0,0,5
PC,mixed_smooth_50024,14,0,0,13,0,7,48,0,16,249,29,0,0,14,0,0,0,7
baseline,mixed_smooth_50025,0,0,0,0,0,0,0,0,1,250,15,0,0,0,0,0,0,0
S_all,mixed_smooth_50025,18,0,0,17,0,0,0,0,3,258,17,0,0,0,0,0,0,0
M50,mixed_smooth_50024,0,0,0,0,0,0,0,0,3,269,16,5,2,0,0,0,0,0
previous_best,mixed_smooth_50025,15,11,7,13,0,0,0,0,4,241,18,0,0,0,0,0,0,0
M75,mixed_smooth_50024,0,0,0,0,0,1,8,0,3,276,16,6,3,0,0,0,0,0
LPC,mixed_smooth_50024,15,0,0,12,0,3,18,0,1,310,14,0,0,15,0,0,0,3
P1,mixed_smooth_50025,15,0,0,15,0,0,0,0,1,253,15,0,0,15,0,0,0,0
F60,mixed_smooth_50025,0,0,0,0,0,0,0,0,1,250,15,0,0,0,0,0,0,0
L90,mixed_smooth_50025,0,0,0,0,0,0,0,0,7,251,21,0,0,0,0,0,0,0
F120,mixed_smooth_50025,0,0,0,0,0,0,0,0,3,242,17,0,0,0,11,8,3,0
L30,mixed_smooth_50025,0,0,0,0,0,0,0,0,2,263,16,0,0,0,0,0,0,0
P2,mixed_smooth_50025,18,0,0,17,0,0,0,0,3,258,17,0,0,18,0,0,0,0
C1,mixed_smooth_50025,0,0,0,0,0,1,12,0,1,250,15,0,0,0,0,0,0,1
C15,mixed_smooth_50025,0,0,0,0,0,6,46,0,12,250,26,0,0,0,0,0,0,6
baseline,mixed_smooth_50026,0,0,0,0,0,0,0,0,4,316,14,0,0,0,0,0,0,0
S_all,mixed_smooth_50026,9,0,0,7,0,0,0,0,2,350,12,0,0,0,0,0,0,0
M50,mixed_smooth_50025,0,0,0,0,0,0,0,0,2,252,16,8,6,0,0,0,0,0
M75,mixed_smooth_50025,0,0,0,0,0,0,0,0,1,246,15,7,6,0,0,0,0,0
previous_best,mixed_smooth_50026,11,7,3,9,0,0,0,0,4,336,14,0,0,0,0,0,0,0
L30,mixed_smooth_50026,0,0,0,0,0,0,0,0,3,308,13,0,0,0,0,0,0,0
L90,mixed_smooth_50026,0,0,0,0,0,0,0,0,1,329,11,0,0,0,0,0,0,0
PC,mixed_smooth_50025,15,0,0,15,0,8,48,0,9,250,23,0,0,15,0,0,0,8
P2,mixed_smooth_50026,9,0,0,7,0,0,0,0,2,350,12,0,0,9,0,0,0,0
P1,mixed_smooth_50026,9,0,0,7,0,0,0,0,2,350,12,0,0,9,0,0,0,0
LC,mixed_smooth_50025,0,0,0,0,0,6,38,0,8,261,22,0,0,0,0,0,0,6
F120,mixed_smooth_50026,0,0,0,0,0,0,0,0,3,311,13,0,0,0,9,5,4,0
F60,mixed_smooth_50026,0,0,0,0,0,0,0,0,4,316,14,0,0,0,0,0,0,0
LPC,mixed_smooth_50025,15,0,0,14,0,7,41,0,14,238,28,0,0,15,0,0,0,7
C1,mixed_smooth_50026,0,0,0,0,0,2,8,0,4,313,14,0,0,0,0,0,0,2
C15,mixed_smooth_50026,0,0,0,0,0,6,44,0,12,308,22,0,0,0,0,0,0,6
M50,mixed_smooth_50026,0,0,0,0,0,0,0,0,2,311,12,6,4,0,0,0,0,0
M75,mixed_smooth_50026,0,0,0,0,0,0,0,0,0,315,10,4,4,0,0,0,0,0
PC,mixed_smooth_50026,8,0,0,7,0,8,60,0,13,346,23,0,0,8,0,0,0,8
LPC,mixed_smooth_50026,5,0,0,5,0,3,16,0,10,308,20,0,0,5,0,0,0,3
baseline,mixed_smooth_50027,0,0,0,0,0,0,0,0,2,280,15,0,0,0,0,0,0,0
LC,mixed_smooth_50026,0,0,0,0,0,6,34,0,7,305,17,0,0,0,0,0,0,6
L30,mixed_smooth_50027,0,0,0,0,0,0,0,0,2,284,15,0,0,0,0,0,0,0
previous_best,mixed_smooth_50027,14,9,4,11,0,0,0,0,5,252,18,0,0,0,0,0,0,0
S_all,mixed_smooth_50027,29,0,0,28,0,0,0,0,6,301,19,0,0,0,0,0,0,0
L90,mixed_smooth_50027,0,0,0,0,0,0,0,0,1,236,14,0,0,0,0,0,0,0
P1,mixed_smooth_50027,20,0,0,18,0,0,0,0,2,274,15,0,0,20,0,0,0,0
F120,mixed_smooth_50027,0,0,0,0,0,0,0,0,3,269,16,0,0,0,13,10,3,0
P2,mixed_smooth_50027,23,0,0,22,0,0,0,0,2,296,15,0,0,23,0,0,0,0
F60,mixed_smooth_50027,0,0,0,0,0,0,0,0,2,280,15,0,0,0,0,0,0,0
baseline,mixed_smooth_50028,0,0,0,0,0,0,0,0,3,330,13,0,0,0,0,0,0,0
LC,mixed_smooth_50027,0,0,0,0,0,7,44,0,6,282,19,0,0,0,0,0,0,7
C1,mixed_smooth_50027,0,0,0,0,0,0,0,0,2,280,15,0,0,0,0,0,0,0
C15,mixed_smooth_50027,0,0,0,0,0,8,59,0,17,279,30,0,0,0,0,0,0,8
M50,mixed_smooth_50027,0,0,0,0,0,0,0,0,1,274,14,7,6,0,0,0,0,0
S_all,mixed_smooth_50028,18,0,0,17,0,0,0,0,3,336,13,0,0,0,0,0,0,0
M75,mixed_smooth_50027,0,0,0,0,0,0,0,0,2,276,15,8,6,0,0,0,0,0
previous_best,mixed_smooth_50028,10,5,2,7,0,0,0,0,3,336,13,0,0,0,0,0,0,0
LPC,mixed_smooth_50027,15,0,0,14,0,6,36,0,20,277,33,0,0,15,0,0,0,6
PC,mixed_smooth_50027,14,0,0,13,0,8,43,0,6,286,19,0,0,14,0,0,0,8
F60,mixed_smooth_50028,0,0,0,0,0,0,0,0,3,330,13,0,0,0,2,2,0,0
L30,mixed_smooth_50028,0,0,0,0,0,0,0,0,2,322,12,0,0,0,0,0,0,0
L90,mixed_smooth_50028,0,0,0,0,0,0,0,0,3,321,13,0,0,0,0,0,0,0
F120,mixed_smooth_50028,0,0,0,0,0,0,0,0,3,330,13,0,0,0,7,5,2,0
P1,mixed_smooth_50028,17,0,0,16,0,0,0,0,3,335,13,0,0,17,0,0,0,0
P2,mixed_smooth_50028,18,0,0,17,0,0,0,0,3,336,13,0,0,18,0,0,0,0
C1,mixed_smooth_50028,0,0,0,0,0,3,12,0,4,327,14,0,0,0,0,0,0,3
C15,mixed_smooth_50028,0,0,0,0,0,7,44,0,13,325,23,0,0,0,0,0,0,7
PC,mixed_smooth_50028,10,0,0,9,0,7,56,0,19,324,29,0,0,10,0,0,0,7
baseline,mixed_smooth_50029,0,0,0,0,0,0,0,0,3,252,18,0,0,0,0,0,0,0
M50,mixed_smooth_50028,0,0,0,0,0,0,0,0,6,335,16,10,4,0,0,0,0,0
S_all,mixed_smooth_50029,16,0,0,16,0,0,0,0,4,290,19,0,0,0,0,0,0,0
LC,mixed_smooth_50028,0,0,0,0,0,7,52,0,18,320,28,0,0,0,0,0,0,7
LPC,mixed_smooth_50028,8,0,0,8,0,6,44,0,13,335,23,0,0,8,0,0,0,6
M75,mixed_smooth_50028,0,0,0,0,0,0,0,0,4,334,14,8,4,0,0,0,0,0
L30,mixed_smooth_50029,0,0,0,0,0,0,0,0,3,260,18,0,0,0,0,0,0,0
previous_best,mixed_smooth_50029,18,10,7,16,0,0,0,0,3,272,18,0,0,0,0,0,0,0
L90,mixed_smooth_50029,0,0,0,0,0,0,0,0,2,249,17,0,0,0,0,0,0,0
P1,mixed_smooth_50029,16,0,0,16,0,0,0,0,4,290,19,0,0,16,0,0,0,0
F60,mixed_smooth_50029,0,0,0,0,0,0,0,0,3,252,18,0,0,0,2,0,2,0
F120,mixed_smooth_50029,0,0,0,0,0,0,0,0,2,252,17,0,0,0,9,6,3,0
P2,mixed_smooth_50029,16,0,0,16,0,0,0,0,4,290,19,0,0,16,0,0,0,0
C15,mixed_smooth_50029,0,0,0,0,0,8,52,0,11,249,26,0,0,0,0,0,0,8
C1,mixed_smooth_50029,0,0,0,0,0,2,12,0,7,251,22,0,0,0,0,0,0,2
M50,mixed_smooth_50029,0,0,0,0,0,0,0,0,1,250,16,8,7,0,0,0,0,0
PC,mixed_smooth_50029,15,0,0,15,0,8,60,0,24,286,39,0,0,15,0,0,0,8
S_all,mixed_smooth_50030,9,0,0,7,0,0,0,0,1,337,11,0,0,0,0,0,0,0
baseline,mixed_smooth_50030,0,0,0,0,0,1,4,0,6,342,16,0,0,0,0,0,0,0
LC,mixed_smooth_50029,0,0,0,0,0,8,46,0,10,258,25,0,0,0,0,0,0,8
previous_best,mixed_smooth_50030,10,8,3,8,0,0,0,0,5,337,15,0,0,0,0,0,0,0
L30,mixed_smooth_50030,0,0,0,0,0,0,0,0,1,347,11,0,0,0,0,0,0,0
P1,mixed_smooth_50030,9,0,0,7,0,0,0,0,1,337,11,0,0,9,0,0,0,0
L90,mixed_smooth_50030,0,0,0,0,0,0,0,0,5,317,15,0,0,0,0,0,0,0
M75,mixed_smooth_50029,0,0,0,0,0,0,0,0,4,240,19,7,3,0,0,0,0,0
P2,mixed_smooth_50030,9,0,0,7,0,0,0,0,1,337,11,0,0,9,0,0,0,0
F60,mixed_smooth_50030,0,0,0,0,0,1,4,0,6,342,16,0,0,0,1,1,0,0
LPC,mixed_smooth_50029,16,0,0,14,0,8,56,0,10,218,25,0,0,16,0,0,0,8
F120,mixed_smooth_50030,0,0,0,0,0,1,4,0,6,340,16,0,0,0,17,12,5,0
C15,mixed_smooth_50030,0,0,0,0,0,8,46,0,8,335,18,0,0,0,0,0,0,8
C1,mixed_smooth_50030,0,0,0,0,0,5,22,0,6,337,16,0,0,0,0,0,0,5
PC,mixed_smooth_50030,8,0,0,6,0,3,16,0,0,336,10,0,0,8,0,0,0,3
LPC,mixed_smooth_50030,13,0,0,10,0,2,12,0,4,351,14,0,0,13,0,0,0,2
baseline,mixed_smooth_50031,0,0,0,0,0,0,0,0,3,356,14,0,0,0,0,0,0,0
LC,mixed_smooth_50030,0,0,0,0,0,3,26,0,10,347,20,0,0,0,0,0,0,3
previous_best,mixed_smooth_50031,10,6,5,9,0,0,0,0,1,349,12,0,0,0,0,0,0,0
S_all,mixed_smooth_50031,7,0,0,7,0,0,0,0,4,355,15,0,0,0,0,0,0,0
M50,mixed_smooth_50030,0,0,0,0,0,1,4,0,6,344,16,11,5,0,0,0,0,0
L90,mixed_smooth_50031,0,0,0,0,0,0,0,0,6,337,17,0,0,0,0,0,0,0
M75,mixed_smooth_50030,0,0,0,0,0,1,4,0,6,347,16,10,4,0,0,0,0,0
P1,mixed_smooth_50031,7,0,0,7,0,0,0,0,4,355,15,0,0,7,0,0,0,0
P2,mixed_smooth_50031,7,0,0,7,0,0,0,0,4,355,15,0,0,7,0,0,0,0
L30,mixed_smooth_50031,0,0,0,0,0,0,0,0,1,363,12,0,0,0,0,0,0,0
F60,mixed_smooth_50031,0,0,0,0,0,0,0,0,3,356,14,0,0,0,0,0,0,0
F120,mixed_smooth_50031,0,0,0,0,0,0,0,0,1,347,12,0,0,0,14,12,2,0
C1,mixed_smooth_50031,0,0,0,0,0,0,0,0,3,356,14,0,0,0,0,0,0,0
C15,mixed_smooth_50031,0,0,0,0,0,5,42,0,17,352,28,0,0,0,0,0,0,5
M50,mixed_smooth_50031,0,0,0,0,0,0,0,0,2,358,13,7,5,0,0,0,0,0
PC,mixed_smooth_50031,5,0,0,5,0,7,58,0,22,350,33,0,0,5,0,0,0,7
M75,mixed_smooth_50031,0,0,0,0,0,0,0,0,1,358,12,6,5,0,0,0,0,0
LC,mixed_smooth_50031,0,0,0,0,0,5,26,0,5,362,16,0,0,0,0,0,0,5
LPC,mixed_smooth_50031,8,0,0,7,0,5,27,0,4,356,15,0,0,8,0,0,0,5
baseline,mixed_smooth_50032,0,0,0,0,0,0,0,0,1,263,15,0,0,0,0,0,0,0
S_all,mixed_smooth_50032,28,0,0,28,0,0,0,0,1,264,15,0,0,0,0,0,0,0
L30,mixed_smooth_50032,0,0,0,0,0,0,0,0,5,258,19,0,0,0,0,0,0,0
P1,mixed_smooth_50032,25,0,0,25,0,0,0,0,1,261,15,0,0,25,0,0,0,0
previous_best,mixed_smooth_50032,19,10,8,15,0,0,0,0,2,263,16,0,0,0,0,0,0,0
L90,mixed_smooth_50032,0,0,0,0,0,0,0,0,7,267,21,0,0,0,0,0,0,0
F120,mixed_smooth_50032,0,0,0,0,0,0,0,0,1,263,15,0,0,0,12,10,2,0
F60,mixed_smooth_50032,0,0,0,0,0,0,0,0,1,263,15,0,0,0,0,0,0,0
P2,mixed_smooth_50032,27,0,0,27,0,0,0,0,2,264,16,0,0,27,0,0,0,0
C1,mixed_smooth_50032,0,0,0,0,0,0,0,0,1,263,15,0,0,0,0,0,0,0
C15,mixed_smooth_50032,0,0,0,0,0,7,42,0,13,262,27,0,0,0,0,0,0,7
baseline,mixed_smooth_50033,0,0,0,0,0,0,0,0,4,252,17,0,0,0,0,0,0,0
S_all,mixed_smooth_50033,20,0,0,19,0,0,0,0,3,251,16,0,0,0,0,0,0,0
M50,mixed_smooth_50032,0,0,0,0,0,0,0,0,1,263,15,7,6,0,0,0,0,0
previous_best,mixed_smooth_50033,18,10,7,16,0,0,0,0,3,284,16,0,0,0,0,0,0,0
LC,mixed_smooth_50032,0,0,0,0,0,9,48,0,17,250,31,0,0,0,0,0,0,9
L90,mixed_smooth_50033,0,0,0,0,0,0,0,0,1,282,14,0,0,0,0,0,0,0
LPC,mixed_smooth_50032,12,0,0,11,0,7,43,0,16,253,30,0,0,12,0,0,0,7
L30,mixed_smooth_50033,0,0,0,0,0,0,0,0,1,270,14,0,0,0,0,0,0,0
M75,mixed_smooth_50032,0,0,0,0,0,0,0,0,1,265,15,6,5,0,0,0,0,0
PC,mixed_smooth_50032,25,0,0,25,0,9,43,0,9,260,23,0,0,25,0,0,0,9
P1,mixed_smooth_50033,17,0,0,16,0,0,0,0,3,271,16,0,0,17,0,0,0,0
F60,mixed_smooth_50033,0,0,0,0,0,0,0,0,4,252,17,0,0,0,1,0,1,0
F120,mixed_smooth_50033,0,0,0,0,0,0,0,0,3,266,16,0,0,0,9,7,2,0
P2,mixed_smooth_50033,20,0,0,19,0,0,0,0,4,274,17,0,0,20,0,0,0,0
C1,mixed_smooth_50033,0,0,0,0,0,1,6,0,6,249,19,0,0,0,0,0,0,1
C15,mixed_smooth_50033,0,0,0,0,0,10,69,0,25,244,38,0,0,0,0,0,0,10
PC,mixed_smooth_50033,17,0,0,16,0,10,54,0,14,280,27,0,0,17,0,0,0,10
M50,mixed_smooth_50033,0,0,0,0,0,0,0,0,5,254,18,12,7,0,0,0,0,0
baseline,mixed_smooth_50034,0,0,0,0,0,0,0,0,5,195,21,0,0,0,0,0,0,0
LPC,mixed_smooth_50033,16,0,0,16,0,9,51,0,19,249,32,0,0,16,0,0,0,9
M75,mixed_smooth_50033,0,0,0,0,0,0,0,0,2,253,15,9,7,0,0,0,0,0
S_all,mixed_smooth_50034,29,0,0,29,0,0,0,0,3,232,19,0,0,0,0,0,0,0
LC,mixed_smooth_50033,0,0,0,0,0,5,28,0,8,269,21,0,0,0,0,0,0,5
previous_best,mixed_smooth_50034,19,14,9,18,0,0,0,0,5,172,21,0,0,0,0,0,0,0
L30,mixed_smooth_50034,0,0,0,0,0,0,0,0,2,187,18,0,0,0,0,0,0,0
L90,mixed_smooth_50034,0,0,0,0,0,0,0,0,1,166,17,0,0,0,0,0,0,0
P1,mixed_smooth_50034,21,0,0,21,0,0,0,0,3,225,19,0,0,21,0,0,0,0
F60,mixed_smooth_50034,0,0,0,0,0,0,0,0,5,195,21,0,0,0,3,0,3,0
F120,mixed_smooth_50034,0,0,0,0,0,0,0,0,3,212,19,0,0,0,16,13,3,0
P2,mixed_smooth_50034,27,0,0,27,0,0,0,0,3,230,19,0,0,27,0,0,0,0
C15,mixed_smooth_50034,0,0,0,0,0,12,85,0,8,189,24,0,0,0,0,0,0,12
C1,mixed_smooth_50034,0,0,0,0,0,2,10,0,6,195,22,0,0,0,0,0,0,2
PC,mixed_smooth_50034,14,0,0,14,0,12,99,0,30,176,46,0,0,14,0,0,0,12
M50,mixed_smooth_50034,0,0,0,0,0,0,0,0,6,225,22,13,7,0,0,0,0,0
M75,mixed_smooth_50034,0,0,0,0,0,0,0,0,1,190,17,9,8,0,0,0,0,0
previous_best,mixed_smooth_50035,13,8,8,10,0,0,0,0,0,283,15,0,0,0,0,0,0,0
LC,mixed_smooth_50034,0,0,0,0,0,6,32,0,7,186,23,0,0,0,0,0,0,6
LPC,mixed_smooth_50034,17,0,0,16,0,4,22,0,10,198,26,0,0,17,0,0,0,4
S_all,mixed_smooth_50035,14,0,0,12,0,0,0,0,3,297,18,0,0,0,0,0,0,0
baseline,mixed_smooth_50035,0,0,0,0,0,0,0,0,3,295,18,0,0,0,0,0,0,0
L30,mixed_smooth_50035,0,0,0,0,0,0,0,0,0,286,15,0,0,0,0,0,0,0
L90,mixed_smooth_50035,0,0,0,0,0,0,0,0,1,284,16,0,0,0,0,0,0,0
P2,mixed_smooth_50035,14,0,0,12,0,0,0,0,3,297,18,0,0,14,0,0,0,0
P1,mixed_smooth_50035,14,0,0,12,0,0,0,0,3,297,18,0,0,14,0,0,0,0
F60,mixed_smooth_50035,0,0,0,0,0,0,0,0,3,295,18,0,0,0,2,0,2,0
F120,mixed_smooth_50035,0,0,0,0,0,0,0,0,3,295,18,0,0,0,16,10,6,0
C15,mixed_smooth_50035,0,0,0,0,0,4,23,0,2,292,17,0,0,0,0,0,0,4
LC,mixed_smooth_50035,0,0,0,0,0,6,27,0,4,286,19,0,0,0,0,0,0,6
C1,mixed_smooth_50035,0,0,0,0,0,3,16,0,3,293,18,0,0,0,0,0,0,3
M75,mixed_smooth_50035,0,0,0,0,0,0,0,0,3,298,18,8,5,0,0,0,0,0
baseline,mixed_smooth_50036,0,0,0,0,0,0,0,0,2,310,14,0,0,0,0,0,0,0
PC,mixed_smooth_50035,14,0,0,12,0,7,48,0,12,294,27,0,0,14,0,0,0,7
M50,mixed_smooth_50035,0,0,0,0,0,0,0,0,4,294,19,7,3,0,0,0,0,0
S_all,mixed_smooth_50036,14,0,0,14,0,0,0,0,1,314,13,0,0,0,0,0,0,0
LPC,mixed_smooth_50035,18,0,0,16,0,4,19,0,4,290,19,0,0,18,0,0,0,4
L90,mixed_smooth_50036,0,0,0,0,0,0,0,0,3,269,15,0,0,0,0,0,0,0
L30,mixed_smooth_50036,0,0,0,0,0,0,0,0,2,329,14,0,0,0,0,0,0,0
previous_best,mixed_smooth_50036,12,9,3,11,0,0,0,0,6,332,18,0,0,0,0,0,0,0
P1,mixed_smooth_50036,17,0,0,16,0,0,0,0,1,317,13,0,0,17,0,0,0,0
P2,mixed_smooth_50036,14,0,0,14,0,0,0,0,1,314,13,0,0,14,0,0,0,0
F60,mixed_smooth_50036,0,0,0,0,0,0,0,0,2,310,14,0,0,0,0,0,0,0
F120,mixed_smooth_50036,0,0,0,0,0,0,0,0,1,334,13,0,0,0,12,11,1,0
C1,mixed_smooth_50036,0,0,0,0,0,2,8,0,2,310,14,0,0,0,0,0,0,2
C15,mixed_smooth_50036,0,0,0,0,0,7,57,0,18,310,30,0,0,0,0,0,0,7
baseline,mixed_smooth_50037,0,0,0,0,0,0,0,0,2,317,12,0,0,0,0,0,0,0
S_all,mixed_smooth_50037,8,0,0,8,0,0,0,0,1,314,11,0,0,0,0,0,0,0
M50,mixed_smooth_50036,0,0,0,0,0,0,0,0,3,312,15,6,3,0,0,0,0,0
M75,mixed_smooth_50036,0,0,0,0,0,0,0,0,3,313,15,7,4,0,0,0,0,0
LC,mixed_smooth_50036,0,0,0,0,0,4,20,0,4,327,16,0,0,0,0,0,0,4
previous_best,mixed_smooth_50037,11,4,3,11,0,0,0,0,1,306,11,0,0,0,0,0,0,0
PC,mixed_smooth_50036,17,0,0,16,0,7,47,0,6,316,18,0,0,17,0,0,0,7
LPC,mixed_smooth_50036,13,0,0,11,0,6,35,0,4,327,16,0,0,13,0,0,0,6
L30,mixed_smooth_50037,0,0,0,0,0,0,0,0,2,336,12,0,0,0,0,0,0,0
P1,mixed_smooth_50037,8,0,0,8,0,0,0,0,1,314,11,0,0,8,0,0,0,0
L90,mixed_smooth_50037,0,0,0,0,0,0,0,0,1,324,11,0,0,0,0,0,0,0
P2,mixed_smooth_50037,8,0,0,8,0,0,0,0,1,314,11,0,0,8,0,0,0,0
F120,mixed_smooth_50037,0,0,0,0,0,0,0,0,2,317,12,0,0,0,8,4,4,0
F60,mixed_smooth_50037,0,0,0,0,0,0,0,0,2,317,12,0,0,0,0,0,0,0
C1,mixed_smooth_50037,0,0,0,0,0,2,8,0,5,316,15,0,0,0,0,0,0,2
C15,mixed_smooth_50037,0,0,0,0,0,7,38,0,10,315,20,0,0,0,0,0,0,7
PC,mixed_smooth_50037,8,0,0,8,0,3,20,0,1,313,11,0,0,8,0,0,0,3
M50,mixed_smooth_50037,0,0,0,0,0,0,0,0,2,318,12,6,4,0,0,0,0,0
M75,mixed_smooth_50037,0,0,0,0,0,0,0,0,1,319,11,5,4,0,0,0,0,0
previous_best,mixed_smooth_50038,12,10,9,11,0,0,0,0,1,346,12,0,0,0,0,0,0,0
LC,mixed_smooth_50037,0,0,0,0,0,6,33,0,4,334,14,0,0,0,0,0,0,6
baseline,mixed_smooth_50038,0,0,0,0,0,0,0,0,3,324,14,0,0,0,0,0,0,0
S_all,mixed_smooth_50038,13,0,0,12,0,0,0,0,2,324,13,0,0,0,0,0,0,0
L30,mixed_smooth_50038,0,0,0,0,0,0,0,0,1,335,12,0,0,0,0,0,0,0
L90,mixed_smooth_50038,0,0,0,0,0,0,0,0,3,346,14,0,0,0,0,0,0,0
LPC,mixed_smooth_50037,9,0,0,9,0,6,39,0,6,311,16,0,0,9,0,0,0,6
P1,mixed_smooth_50038,13,0,0,12,0,0,0,0,2,324,13,0,0,13,0,0,0,0
P2,mixed_smooth_50038,13,0,0,12,0,0,0,0,2,324,13,0,0,13,0,0,0,0
F60,mixed_smooth_50038,0,0,0,0,0,0,0,0,3,324,14,0,0,0,1,0,1,0
F120,mixed_smooth_50038,0,0,0,0,0,0,0,0,4,355,15,0,0,0,14,10,4,0
C1,mixed_smooth_50038,0,0,0,0,0,2,12,0,5,322,16,0,0,0,0,0,0,2
C15,mixed_smooth_50038,0,0,0,0,0,7,43,0,7,321,18,0,0,0,0,0,0,7
LC,mixed_smooth_50038,0,0,0,0,0,5,30,0,7,334,18,0,0,0,0,0,0,5
M75,mixed_smooth_50038,0,0,0,0,0,0,0,0,0,355,11,6,6,0,0,0,0,0
PC,mixed_smooth_50038,10,0,0,9,0,8,55,0,13,321,24,0,0,10,0,0,0,8
LPC,mixed_smooth_50038,10,0,0,9,0,5,35,0,10,354,21,0,0,10,0,0,0,5
baseline,mixed_smooth_50039,0,0,0,0,0,0,0,0,3,293,16,0,0,0,0,0,0,0
previous_best,mixed_smooth_50039,15,9,7,13,0,0,0,0,2,277,15,0,0,0,0,0,0,0
S_all,mixed_smooth_50039,20,0,0,18,0,0,0,0,6,304,19,0,0,0,0,0,0,0
M50,mixed_smooth_50038,0,0,0,0,0,1,11,0,9,329,20,7,5,0,0,0,0,0
L30,mixed_smooth_50039,0,0,0,0,0,0,0,0,2,259,15,0,0,0,0,0,0,0
P1,mixed_smooth_50039,18,0,0,15,0,0,0,0,4,270,17,0,0,18,0,0,0,0
L90,mixed_smooth_50039,0,0,0,0,0,0,0,0,5,304,18,0,0,0,0,0,0,0
F60,mixed_smooth_50039,0,0,0,0,0,0,0,0,3,293,16,0,0,0,0,0,0,0
C1,mixed_smooth_50039,0,0,0,0,0,2,11,0,7,244,20,0,0,0,0,0,0,2
F120,mixed_smooth_50039,0,0,0,0,0,0,0,0,4,293,17,0,0,0,12,8,4,0
C15,mixed_smooth_50039,0,0,0,0,0,7,44,0,16,242,29,0,0,0,0,0,0,7
P2,mixed_smooth_50039,19,0,0,17,0,0,0,0,6,303,19,0,0,19,0,0,0,0
M50,mixed_smooth_50039,0,0,0,0,0,0,0,0,2,245,15,5,3,0,0,0,0,0
PC,mixed_smooth_50039,14,0,0,12,0,10,65,0,20,252,33,0,0,14,0,0,0,10
M75,mixed_smooth_50039,0,0,0,0,0,0,0,0,2,271,15,4,2,0,0,0,0,0
baseline,mixed_smooth_50040,0,0,0,0,0,0,0,0,6,296,21,0,0,0,0,0,0,0
LC,mixed_smooth_50039,0,0,0,0,0,6,30,0,10,257,23,0,0,0,0,0,0,6
previous_best,mixed_smooth_50040,17,11,6,15,0,0,0,0,5,252,20,0,0,0,0,0,0,0
S_all,mixed_smooth_50040,18,0,0,17,0,0,0,0,4,301,19,0,0,0,0,0,0,0
L30,mixed_smooth_50040,0,0,0,0,0,0,0,0,6,219,21,0,0,0,0,0,0,0
L90,mixed_smooth_50040,0,0,0,0,0,1,8,0,7,276,22,0,0,0,0,0,0,0
LPC,mixed_smooth_50039,14,0,0,13,0,10,44,0,6,234,19,0,0,14,0,0,0,10
P1,mixed_smooth_50040,18,0,0,17,0,0,0,0,4,302,19,0,0,18,0,0,0,0
F120,mixed_smooth_50040,0,0,0,0,0,0,0,0,7,296,22,0,0,0,18,11,7,0
F60,mixed_smooth_50040,0,0,0,0,0,0,0,0,6,296,21,0,0,0,2,0,2,0
P2,mixed_smooth_50040,18,0,0,17,0,0,0,0,4,301,19,0,0,18,0,0,0,0
C1,mixed_smooth_50040,0,0,0,0,0,2,8,0,6,294,21,0,0,0,0,0,0,2
C15,mixed_smooth_50040,0,0,0,0,0,10,72,0,25,287,40,0,0,0,0,0,0,10
baseline,mixed_smooth_50041,0,0,0,0,0,0,0,0,0,267,13,0,0,0,0,0,0,0
S_all,mixed_smooth_50041,13,0,0,13,0,0,0,0,3,299,16,0,0,0,0,0,0,0
PC,mixed_smooth_50040,16,0,0,15,0,7,52,0,18,292,33,0,0,16,0,0,0,7
previous_best,mixed_smooth_50041,13,10,6,11,0,0,0,0,4,246,17,0,0,0,0,0,0,0
M50,mixed_smooth_50040,0,0,0,0,0,1,7,0,8,234,23,15,10,0,0,0,0,0
M75,mixed_smooth_50040,0,0,0,0,0,0,0,0,3,234,18,11,8,0,0,0,0,0
LC,mixed_smooth_50040,0,0,0,0,0,8,78,0,52,222,67,0,0,0,0,0,0,7
L90,mixed_smooth_50041,0,0,0,0,0,0,0,0,2,243,15,0,0,0,0,0,0,0
LPC,mixed_smooth_50040,17,0,0,15,0,8,46,0,15,214,30,0,0,17,0,0,0,8
P1,mixed_smooth_50041,13,0,0,13,0,0,0,0,3,299,16,0,0,13,0,0,0,0
L30,mixed_smooth_50041,0,0,0,0,0,0,0,0,3,249,16,0,0,0,0,0,0,0
F120,mixed_smooth_50041,0,0,0,0,0,0,0,0,1,267,14,0,0,0,16,14,2,0
P2,mixed_smooth_50041,13,0,0,13,0,0,0,0,3,299,16,0,0,13,0,0,0,0
F60,mixed_smooth_50041,0,0,0,0,0,0,0,0,0,267,13,0,0,0,0,0,0,0
C1,mixed_smooth_50041,0,0,0,0,0,1,4,0,0,267,13,0,0,0,0,0,0,1
C15,mixed_smooth_50041,0,0,0,0,0,3,24,0,5,267,18,0,0,0,0,0,0,3
PC,mixed_smooth_50041,12,0,0,12,0,6,44,0,8,296,21,0,0,12,0,0,0,6
M50,mixed_smooth_50041,0,0,0,0,0,0,0,0,0,273,13,2,2,0,0,0,0,0
S_all,mixed_smooth_50042,19,0,0,18,0,1,107,0,108,231,123,0,0,0,0,0,0,0
baseline,mixed_smooth_50042,0,0,0,0,0,0,0,0,4,215,19,0,0,0,0,0,0,0
LPC,mixed_smooth_50041,15,0,0,13,0,8,46,0,11,268,24,0,0,15,0,0,0,8
LC,mixed_smooth_50041,0,0,0,0,0,6,34,0,11,244,24,0,0,0,0,0,0,6
previous_best,mixed_smooth_50042,25,11,6,21,0,0,0,0,5,214,20,0,0,0,0,0,0,0
M75,mixed_smooth_50041,0,0,0,0,0,0,0,0,1,284,14,2,1,0,0,0,0,0
P2,mixed_smooth_50042,18,0,0,17,0,1,107,0,108,230,123,0,0,18,0,0,0,0
P1,mixed_smooth_50042,18,0,0,17,0,1,107,0,109,248,124,0,0,18,0,0,0,0
L90,mixed_smooth_50042,0,0,0,0,0,0,0,0,4,218,19,0,0,0,0,0,0,0
L30,mixed_smooth_50042,0,0,0,0,0,1,107,0,43,226,58,0,0,0,0,0,0,0
F120,mixed_smooth_50042,0,0,0,0,0,0,0,0,5,276,20,0,0,0,13,9,4,0
F60,mixed_smooth_50042,0,0,0,0,0,0,0,0,4,215,19,0,0,0,0,0,0,0
C15,mixed_smooth_50042,0,0,0,0,0,6,62,0,15,210,30,0,0,0,0,0,0,6
C1,mixed_smooth_50042,0,0,0,0,0,1,8,0,6,214,21,0,0,0,0,0,0,1
M50,mixed_smooth_50042,0,0,0,0,0,1,107,0,106,226,121,3,1,0,0,0,0,0
baseline,mixed_smooth_50043,0,0,0,0,0,0,0,0,3,262,17,0,0,0,0,0,0,0
previous_best,mixed_smooth_50043,14,6,3,10,0,0,0,0,3,254,17,0,0,0,0,0,0,0
PC,mixed_smooth_50042,16,0,0,16,0,10,159,0,125,221,140,0,0,16,0,0,0,9
S_all,mixed_smooth_50043,18,0,0,16,0,0,0,0,2,279,16,0,0,0,0,0,0,0
L30,mixed_smooth_50043,0,0,0,0,0,0,0,0,3,258,17,0,0,0,0,0,0,0
L90,mixed_smooth_50043,0,0,0,0,0,0,0,0,3,251,17,0,0,0,0,0,0,0
M75,mixed_smooth_50042,0,0,0,0,0,1,107,0,110,231,125,7,1,0,0,0,0,0
P1,mixed_smooth_50043,20,0,0,16,0,0,0,0,3,249,17,0,0,20,0,0,0,0
F120,mixed_smooth_50043,0,0,0,0,0,0,0,0,3,282,17,0,0,0,14,10,4,0
P2,mixed_smooth_50043,24,0,0,20,0,0,0,0,4,251,18,0,0,24,0,0,0,0
F60,mixed_smooth_50043,0,0,0,0,0,0,0,0,3,262,17,0,0,0,2,0,2,0
LPC,mixed_smooth_50042,20,0,0,18,0,8,141,0,47,224,62,0,0,20,0,0,0,7
LC,mixed_smooth_50042,0,0,0,0,0,7,131,0,48,225,63,0,0,0,0,0,0,6
C1,mixed_smooth_50043,0,0,0,0,0,2,8,0,4,260,18,0,0,0,0,0,0,2
C15,mixed_smooth_50043,0,0,0,0,0,6,35,0,13,259,27,0,0,0,0,0,0,6
M50,mixed_smooth_50043,0,0,0,0,0,0,0,0,1,270,15,5,4,0,0,0,0,0
PC,mixed_smooth_50043,18,0,0,12,0,10,67,0,21,297,35,0,0,18,0,0,0,10
M75,mixed_smooth_50043,0,0,0,0,0,0,0,0,2,260,16,7,5,0,0,0,0,0
LPC,mixed_smooth_50043,13,0,0,10,0,7,48,0,10,260,24,0,0,13,0,0,0,7
baseline,mixed_smooth_50044,0,0,0,0,0,0,0,0,3,293,16,0,0,0,0,0,0,0
LC,mixed_smooth_50043,0,0,0,0,0,10,68,0,11,254,25,0,0,0,0,0,0,10
S_all,mixed_smooth_50044,21,0,0,20,0,0,0,0,6,290,19,0,0,0,0,0,0,0
L30,mixed_smooth_50044,0,0,0,0,0,0,0,0,1,262,14,0,0,0,0,0,0,0
L90,mixed_smooth_50044,0,0,0,0,0,0,0,0,1,279,14,0,0,0,0,0,0,0
previous_best,mixed_smooth_50044,20,10,7,15,0,0,0,0,3,305,16,0,0,0,0,0,0,0
P1,mixed_smooth_50044,19,0,0,18,0,0,0,0,5,287,18,0,0,19,0,0,0,0
P2,mixed_smooth_50044,21,0,0,20,0,0,0,0,6,290,19,0,0,21,0,0,0,0
F60,mixed_smooth_50044,0,0,0,0,0,0,0,0,3,293,16,0,0,0,1,0,1,0
F120,mixed_smooth_50044,0,0,0,0,0,0,0,0,3,274,16,0,0,0,13,10,3,0
C1,mixed_smooth_50044,0,0,0,0,0,1,10,0,9,292,22,0,0,0,0,0,0,1
C15,mixed_smooth_50044,0,0,0,0,0,8,53,0,12,290,25,0,0,0,0,0,0,8
LC,mixed_smooth_50044,0,0,0,0,0,4,24,0,4,261,17,0,0,0,0,0,0,4
PC,mixed_smooth_50044,19,0,0,18,0,8,60,0,32,277,45,0,0,19,0,0,0,8
M75,mixed_smooth_50044,0,0,0,0,0,0,0,0,2,275,15,8,6,0,0,0,0,0
M50,mixed_smooth_50044,0,0,0,0,0,0,0,0,4,317,17,9,5,0,0,0,0,0
S_all,mixed_smooth_50045,32,0,0,31,0,0,0,0,3,167,19,0,0,0,0,0,0,0
LPC,mixed_smooth_50044,12,0,0,12,0,7,42,0,3,272,16,0,0,12,0,0,0,7
previous_best,mixed_smooth_50045,19,12,6,18,0,0,0,0,6,127,22,0,0,0,0,0,0,0
baseline,mixed_smooth_50045,0,0,0,0,0,1,105,0,22,189,38,0,0,0,0,0,0,0
L30,mixed_smooth_50045,0,0,0,0,0,0,0,0,5,100,21,0,0,0,0,0,0,0
P2,mixed_smooth_50045,26,0,0,24,0,0,0,0,3,173,19,0,0,26,0,0,0,0
P1,mixed_smooth_50045,26,0,0,23,0,0,0,0,8,152,24,0,0,26,0,0,0,0
F120,mixed_smooth_50045,0,0,0,0,0,0,0,0,7,121,23,0,0,0,23,16,7,0
L90,mixed_smooth_50045,0,0,0,0,0,0,0,0,3,128,19,0,0,0,0,0,0,0
F60,mixed_smooth_50045,0,0,0,0,0,1,105,0,112,185,128,0,0,0,7,2,5,0
C15,mixed_smooth_50045,0,0,0,0,0,11,185,0,130,171,146,0,0,0,0,0,0,10
C1,mixed_smooth_50045,0,0,0,0,0,4,129,0,119,179,135,0,0,0,0,0,0,3
previous_best,mixed_smooth_50046,13,7,6,10,0,0,0,0,1,325,13,0,0,0,0,0,0,0
baseline,mixed_smooth_50046,0,0,0,0,0,0,0,0,7,373,19,0,0,0,0,0,0,0
PC,mixed_smooth_50045,26,0,0,23,0,11,88,0,34,167,50,0,0,26,0,0,0,11
LC,mixed_smooth_50045,0,0,0,0,0,8,52,0,6,95,22,0,0,0,0,0,0,8
S_all,mixed_smooth_50046,13,0,0,12,0,0,0,0,5,378,17,0,0,0,0,0,0,0
M75,mixed_smooth_50045,0,0,0,0,0,1,105,0,15,188,31,7,4,0,0,0,0,0
LPC,mixed_smooth_50045,18,0,0,16,0,9,56,0,13,88,29,0,0,18,0,0,0,9
L90,mixed_smooth_50046,0,0,0,0,0,0,0,0,0,298,12,0,0,0,0,0,0,0
M50,mixed_smooth_50045,0,0,0,0,0,1,105,0,20,190,36,12,4,0,0,0,0,0
L30,mixed_smooth_50046,0,0,0,0,0,0,0,0,2,300,14,0,0,0,0,0,0,0
P1,mixed_smooth_50046,10,0,0,10,0,0,0,0,4,373,16,0,0,10,0,0,0,0
P2,mixed_smooth_50046,13,0,0,12,0,0,0,0,5,378,17,0,0,13,0,0,0,0
F120,mixed_smooth_50046,0,0,0,0,0,0,0,0,7,373,19,0,0,0,16,11,5,0
F60,mixed_smooth_50046,0,0,0,0,0,0,0,0,7,373,19,0,0,0,0,0,0,0
C1,mixed_smooth_50046,0,0,0,0,0,4,27,0,8,369,20,0,0,0,0,0,0,4
C15,mixed_smooth_50046,0,0,0,0,0,6,45,0,15,367,27,0,0,0,0,0,0,6
LC,mixed_smooth_50046,0,0,0,0,0,6,36,0,11,298,23,0,0,0,0,0,0,6
M75,mixed_smooth_50046,0,0,0,0,0,0,0,0,0,376,12,3,3,0,0,0,0,0
PC,mixed_smooth_50046,9,0,0,9,0,7,42,0,13,369,25,0,0,9,0,0,0,7
M50,mixed_smooth_50046,0,0,0,0,0,0,0,0,4,372,16,8,4,0,0,0,0,0
baseline,mixed_smooth_50047,0,0,0,0,0,0,0,0,5,261,17,0,0,0,0,0,0,0
LPC,mixed_smooth_50046,12,0,0,12,0,7,36,0,13,297,25,0,0,12,0,0,0,7
S_all,mixed_smooth_50047,12,0,0,10,0,0,0,0,3,266,15,0,0,0,0,0,0,0
L30,mixed_smooth_50047,0,0,0,0,0,0,0,0,3,315,15,0,0,0,0,0,0,0
previous_best,mixed_smooth_50047,15,9,2,13,0,0,0,0,7,310,19,0,0,0,0,0,0,0
L90,mixed_smooth_50047,0,0,0,0,0,0,0,0,0,331,12,0,0,0,0,0,0,0
P1,mixed_smooth_50047,12,0,0,10,0,0,0,0,3,266,15,0,0,12,0,0,0,0
P2,mixed_smooth_50047,12,0,0,10,0,0,0,0,3,266,15,0,0,12,0,0,0,0
F60,mixed_smooth_50047,0,0,0,0,0,0,0,0,5,261,17,0,0,0,0,0,0,0
F120,mixed_smooth_50047,0,0,0,0,0,0,0,0,5,261,17,0,0,0,10,4,6,0
C1,mixed_smooth_50047,0,0,0,0,0,5,31,0,15,259,27,0,0,0,0,0,0,5
C15,mixed_smooth_50047,0,0,0,0,0,10,76,0,20,256,32,0,0,0,0,0,0,10
baseline,mixed_smooth_50048,0,0,0,0,0,0,0,0,3,282,15,0,0,0,0,0,0,0
PC,mixed_smooth_50047,10,0,0,8,0,10,75,0,21,261,33,0,0,10,0,0,0,10
LC,mixed_smooth_50047,0,0,0,0,0,9,50,0,15,312,27,0,0,0,0,0,0,9
S_all,mixed_smooth_50048,15,0,0,14,0,0,0,0,5,272,17,0,0,0,0,0,0,0
previous_best,mixed_smooth_50048,11,9,4,10,0,0,0,0,5,285,17,0,0,0,0,0,0,0
LPC,mixed_smooth_50047,14,0,0,12,0,9,44,0,12,314,24,0,0,14,0,0,0,9
M50,mixed_smooth_50047,0,0,0,0,0,0,0,0,6,262,18,10,4,0,0,0,0,0
L30,mixed_smooth_50048,0,0,0,0,0,0,0,0,2,315,14,0,0,0,0,0,0,0
L90,mixed_smooth_50048,0,0,0,0,0,0,0,0,3,327,15,0,0,0,0,0,0,0
M75,mixed_smooth_50047,0,0,0,0,0,0,0,0,5,265,17,9,4,0,0,0,0,0
P1,mixed_smooth_50048,15,0,0,15,0,0,0,0,2,289,14,0,0,15,0,0,0,0
F60,mixed_smooth_50048,0,0,0,0,0,0,0,0,3,282,15,0,0,0,0,0,0,0
C15,mixed_smooth_50048,0,0,0,0,0,8,55,0,20,279,32,0,0,0,0,0,0,8
C1,mixed_smooth_50048,0,0,0,0,0,1,7,0,3,281,15,0,0,0,0,0,0,1
P2,mixed_smooth_50048,15,0,0,14,0,0,0,0,5,272,17,0,0,15,0,0,0,0
F120,mixed_smooth_50048,0,0,0,0,0,0,0,0,3,315,15,0,0,0,10,6,4,0
M50,mixed_smooth_50048,0,0,0,0,0,0,0,0,4,283,16,8,4,0,0,0,0,0
M75,mixed_smooth_50048,0,0,0,0,0,0,0,0,3,284,15,6,3,0,0,0,0,0
PC,mixed_smooth_50048,13,0,0,13,0,6,35,0,8,286,20,0,0,13,0,0,0,6
LC,mixed_smooth_50048,0,0,0,0,0,4,24,0,12,314,24,0,0,0,0,0,0,4
baseline,mixed_smooth_50049,0,0,0,0,0,0,0,0,7,249,22,0,0,0,0,0,0,0
LPC,mixed_smooth_50048,11,0,0,10,0,4,31,0,10,304,22,0,0,11,0,0,0,4
S_all,mixed_smooth_50049,27,0,0,27,0,0,0,0,7,254,22,0,0,0,0,0,0,0
L90,mixed_smooth_50049,0,0,0,0,0,0,0,0,4,246,19,0,0,0,0,0,0,0
L30,mixed_smooth_50049,0,0,0,0,0,0,0,0,1,241,16,0,0,0,0,0,0,0
previous_best,mixed_smooth_50049,19,12,4,16,0,0,0,0,8,281,23,0,0,0,0,0,0,0
F60,mixed_smooth_50049,0,0,0,0,0,0,0,0,7,249,22,0,0,0,4,0,4,0
P2,mixed_smooth_50049,22,0,0,20,0,0,0,0,4,260,19,0,0,22,0,0,0,0
P1,mixed_smooth_50049,28,0,0,28,0,0,0,0,8,261,23,0,0,28,0,0,0,0
F120,mixed_smooth_50049,0,0,0,0,0,0,0,0,9,217,24,0,0,0,20,11,9,0
C15,mixed_smooth_50049,0,0,0,0,0,11,64,0,22,242,37,0,0,0,0,0,0,11
C1,mixed_smooth_50049,0,0,0,0,0,5,24,0,16,245,31,0,0,0,0,0,0,5
M50,mixed_smooth_50049,0,0,0,0,0,0,0,0,7,249,22,11,4,0,0,0,0,0
M75,mixed_smooth_50049,0,0,0,0,0,0,0,0,4,239,19,8,4,0,0,0,0,0
PC,mixed_smooth_50049,23,0,0,23,0,9,51,0,18,247,33,0,0,23,0,0,0,9
LC,mixed_smooth_50049,0,0,0,0,0,5,24,0,4,240,19,0,0,0,0,0,0,5
LPC,mixed_smooth_50049,17,0,0,14,0,8,42,0,12,269,27,0,0,17,0,0,0,8
